﻿<?xml version="1.0" encoding="utf-8"?>
<?taxonomy-version 2.0.1?>
<!--(C) EBA-->
<link:linkbase xmlns:xsi="http://www.w3.org/2001/XMLSchema-instance" xmlns:xlink="http://www.w3.org/1999/xlink" xmlns:link="http://www.xbrl.org/2003/linkbase" xmlns:gen="http://xbrl.org/2008/generic" xmlns:label="http://xbrl.org/2008/label" xsi:schemaLocation="http://www.xbrl.org/2003/linkbase http://www.xbrl.org/2003/xbrl-linkbase-2003-12-31.xsd http://xbrl.org/2008/generic http://www.xbrl.org/2008/generic-link.xsd http://xbrl.org/2008/label http://www.xbrl.org/2008/generic-label.xsd">
  <link:arcroleRef arcroleURI="http://xbrl.org/arcrole/2008/element-label" xlink:type="simple" xlink:href="http://www.xbrl.org/2008/generic-label.xsd#element-label" />
  <link:roleRef roleURI="http://www.eba.europa.eu/xbrl/role/dpm-db-id" xlink:type="simple" xlink:href="http://www.eba.europa.eu/eu/fr/xbrl/ext/model.xsd#dpm-db-id" />
  <link:roleRef roleURI="http://www.eurofiling.info/xbrl/role/filing-indicator-code" xlink:type="simple" xlink:href="http://www.eurofiling.info/eu/fr/xbrl/ext/model.xsd#filing-indicator-code" />
  <link:roleRef roleURI="http://www.eurofiling.info/xbrl/role/rc-code" xlink:type="simple" xlink:href="http://www.eurofiling.info/eu/fr/xbrl/ext/model.xsd#rc-code" />
  <gen:link xlink:type="extended" xlink:role="http://www.xbrl.org/2003/role/link">
    <link:loc xlink:type="locator" xlink:href="c_03.00-rend.xml#eba_tC_03.00" xlink:label="loc_eba_tC_03.00" />
    <label:label xlink:type="resource" xlink:label="label_eba_tC_03.00" xml:lang="en" xlink:role="http://www.eurofiling.info/xbrl/role/rc-code">C 03.00</label:label>
    <gen:arc xlink:type="arc" xlink:arcrole="http://xbrl.org/arcrole/2008/element-label" xlink:from="loc_eba_tC_03.00" xlink:to="label_eba_tC_03.00" />
    <link:loc xlink:type="locator" xlink:href="c_03.00-rend.xml#eba_c19368" xlink:label="loc_eba_c19368" />
    <label:label xlink:type="resource" xlink:label="label_eba_c19368" xml:lang="en" xlink:role="http://www.eurofiling.info/xbrl/role/rc-code">010</label:label>
    <gen:arc xlink:type="arc" xlink:arcrole="http://xbrl.org/arcrole/2008/element-label" xlink:from="loc_eba_c19368" xlink:to="label_eba_c19368" />
    <link:loc xlink:type="locator" xlink:href="c_03.00-rend.xml#eba_c19369" xlink:label="loc_eba_c19369" />
    <label:label xlink:type="resource" xlink:label="label_eba_c19369" xml:lang="en" xlink:role="http://www.eurofiling.info/xbrl/role/rc-code">010</label:label>
    <gen:arc xlink:type="arc" xlink:arcrole="http://xbrl.org/arcrole/2008/element-label" xlink:from="loc_eba_c19369" xlink:to="label_eba_c19369" />
    <link:loc xlink:type="locator" xlink:href="c_03.00-rend.xml#eba_c19370" xlink:label="loc_eba_c19370" />
    <label:label xlink:type="resource" xlink:label="label_eba_c19370" xml:lang="en" xlink:role="http://www.eurofiling.info/xbrl/role/rc-code">020</label:label>
    <gen:arc xlink:type="arc" xlink:arcrole="http://xbrl.org/arcrole/2008/element-label" xlink:from="loc_eba_c19370" xlink:to="label_eba_c19370" />
    <link:loc xlink:type="locator" xlink:href="c_03.00-rend.xml#eba_c19371" xlink:label="loc_eba_c19371" />
    <label:label xlink:type="resource" xlink:label="label_eba_c19371" xml:lang="en" xlink:role="http://www.eurofiling.info/xbrl/role/rc-code">030</label:label>
    <gen:arc xlink:type="arc" xlink:arcrole="http://xbrl.org/arcrole/2008/element-label" xlink:from="loc_eba_c19371" xlink:to="label_eba_c19371" />
    <link:loc xlink:type="locator" xlink:href="c_03.00-rend.xml#eba_c19372" xlink:label="loc_eba_c19372" />
    <label:label xlink:type="resource" xlink:label="label_eba_c19372" xml:lang="en" xlink:role="http://www.eurofiling.info/xbrl/role/rc-code">040</label:label>
    <gen:arc xlink:type="arc" xlink:arcrole="http://xbrl.org/arcrole/2008/element-label" xlink:from="loc_eba_c19372" xlink:to="label_eba_c19372" />
    <link:loc xlink:type="locator" xlink:href="c_03.00-rend.xml#eba_c19373" xlink:label="loc_eba_c19373" />
    <label:label xlink:type="resource" xlink:label="label_eba_c19373" xml:lang="en" xlink:role="http://www.eurofiling.info/xbrl/role/rc-code">050</label:label>
    <gen:arc xlink:type="arc" xlink:arcrole="http://xbrl.org/arcrole/2008/element-label" xlink:from="loc_eba_c19373" xlink:to="label_eba_c19373" />
    <link:loc xlink:type="locator" xlink:href="c_03.00-rend.xml#eba_c19374" xlink:label="loc_eba_c19374" />
    <label:label xlink:type="resource" xlink:label="label_eba_c19374" xml:lang="en" xlink:role="http://www.eurofiling.info/xbrl/role/rc-code">060</label:label>
    <gen:arc xlink:type="arc" xlink:arcrole="http://xbrl.org/arcrole/2008/element-label" xlink:from="loc_eba_c19374" xlink:to="label_eba_c19374" />
    <link:loc xlink:type="locator" xlink:href="c_03.00-rend.xml#eba_c19375" xlink:label="loc_eba_c19375" />
    <label:label xlink:type="resource" xlink:label="label_eba_c19375" xml:lang="en" xlink:role="http://www.eurofiling.info/xbrl/role/rc-code">070</label:label>
    <gen:arc xlink:type="arc" xlink:arcrole="http://xbrl.org/arcrole/2008/element-label" xlink:from="loc_eba_c19375" xlink:to="label_eba_c19375" />
    <link:loc xlink:type="locator" xlink:href="c_03.00-rend.xml#eba_c19376" xlink:label="loc_eba_c19376" />
    <label:label xlink:type="resource" xlink:label="label_eba_c19376" xml:lang="en" xlink:role="http://www.eurofiling.info/xbrl/role/rc-code">080</label:label>
    <gen:arc xlink:type="arc" xlink:arcrole="http://xbrl.org/arcrole/2008/element-label" xlink:from="loc_eba_c19376" xlink:to="label_eba_c19376" />
    <link:loc xlink:type="locator" xlink:href="c_03.00-rend.xml#eba_c19377" xlink:label="loc_eba_c19377" />
    <label:label xlink:type="resource" xlink:label="label_eba_c19377" xml:lang="en" xlink:role="http://www.eurofiling.info/xbrl/role/rc-code">090</label:label>
    <gen:arc xlink:type="arc" xlink:arcrole="http://xbrl.org/arcrole/2008/element-label" xlink:from="loc_eba_c19377" xlink:to="label_eba_c19377" />
    <link:loc xlink:type="locator" xlink:href="c_03.00-rend.xml#eba_c19378" xlink:label="loc_eba_c19378" />
    <label:label xlink:type="resource" xlink:label="label_eba_c19378" xml:lang="en" xlink:role="http://www.eurofiling.info/xbrl/role/rc-code">100</label:label>
    <gen:arc xlink:type="arc" xlink:arcrole="http://xbrl.org/arcrole/2008/element-label" xlink:from="loc_eba_c19378" xlink:to="label_eba_c19378" />
    <link:loc xlink:type="locator" xlink:href="c_03.00-rend.xml#eba_c19379" xlink:label="loc_eba_c19379" />
    <label:label xlink:type="resource" xlink:label="label_eba_c19379" xml:lang="en" xlink:role="http://www.eurofiling.info/xbrl/role/rc-code">110</label:label>
    <gen:arc xlink:type="arc" xlink:arcrole="http://xbrl.org/arcrole/2008/element-label" xlink:from="loc_eba_c19379" xlink:to="label_eba_c19379" />
    <link:loc xlink:type="locator" xlink:href="c_03.00-rend.xml#eba_c19380" xlink:label="loc_eba_c19380" />
    <label:label xlink:type="resource" xlink:label="label_eba_c19380" xml:lang="en" xlink:role="http://www.eurofiling.info/xbrl/role/rc-code">120</label:label>
    <gen:arc xlink:type="arc" xlink:arcrole="http://xbrl.org/arcrole/2008/element-label" xlink:from="loc_eba_c19380" xlink:to="label_eba_c19380" />
    <label:label xlink:type="resource" xlink:label="label_eba_tC_03.00_1" xml:lang="en" xlink:role="http://www.eurofiling.info/xbrl/role/filing-indicator-code">C_03.00</label:label>
    <gen:arc xlink:type="arc" xlink:arcrole="http://xbrl.org/arcrole/2008/element-label" xlink:from="loc_eba_tC_03.00" xlink:to="label_eba_tC_03.00_1" />
    <label:label xlink:type="resource" xlink:label="label_eba_tC_03.00_2" xml:lang="en" xlink:role="http://www.eba.europa.eu/xbrl/role/dpm-db-id">76</label:label>
    <gen:arc xlink:type="arc" xlink:arcrole="http://xbrl.org/arcrole/2008/element-label" xlink:from="loc_eba_tC_03.00" xlink:to="label_eba_tC_03.00_2" />
    <label:label xlink:type="resource" xlink:label="label_eba_c19368_1" xml:lang="en" xlink:role="http://www.eba.europa.eu/xbrl/role/dpm-db-id">19368</label:label>
    <gen:arc xlink:type="arc" xlink:arcrole="http://xbrl.org/arcrole/2008/element-label" xlink:from="loc_eba_c19368" xlink:to="label_eba_c19368_1" />
    <label:label xlink:type="resource" xlink:label="label_eba_c19369_1" xml:lang="en" xlink:role="http://www.eba.europa.eu/xbrl/role/dpm-db-id">19369</label:label>
    <gen:arc xlink:type="arc" xlink:arcrole="http://xbrl.org/arcrole/2008/element-label" xlink:from="loc_eba_c19369" xlink:to="label_eba_c19369_1" />
    <label:label xlink:type="resource" xlink:label="label_eba_c19370_1" xml:lang="en" xlink:role="http://www.eba.europa.eu/xbrl/role/dpm-db-id">19370</label:label>
    <gen:arc xlink:type="arc" xlink:arcrole="http://xbrl.org/arcrole/2008/element-label" xlink:from="loc_eba_c19370" xlink:to="label_eba_c19370_1" />
    <label:label xlink:type="resource" xlink:label="label_eba_c19371_1" xml:lang="en" xlink:role="http://www.eba.europa.eu/xbrl/role/dpm-db-id">19371</label:label>
    <gen:arc xlink:type="arc" xlink:arcrole="http://xbrl.org/arcrole/2008/element-label" xlink:from="loc_eba_c19371" xlink:to="label_eba_c19371_1" />
    <label:label xlink:type="resource" xlink:label="label_eba_c19372_1" xml:lang="en" xlink:role="http://www.eba.europa.eu/xbrl/role/dpm-db-id">19372</label:label>
    <gen:arc xlink:type="arc" xlink:arcrole="http://xbrl.org/arcrole/2008/element-label" xlink:from="loc_eba_c19372" xlink:to="label_eba_c19372_1" />
    <label:label xlink:type="resource" xlink:label="label_eba_c19373_1" xml:lang="en" xlink:role="http://www.eba.europa.eu/xbrl/role/dpm-db-id">19373</label:label>
    <gen:arc xlink:type="arc" xlink:arcrole="http://xbrl.org/arcrole/2008/element-label" xlink:from="loc_eba_c19373" xlink:to="label_eba_c19373_1" />
    <label:label xlink:type="resource" xlink:label="label_eba_c19374_1" xml:lang="en" xlink:role="http://www.eba.europa.eu/xbrl/role/dpm-db-id">19374</label:label>
    <gen:arc xlink:type="arc" xlink:arcrole="http://xbrl.org/arcrole/2008/element-label" xlink:from="loc_eba_c19374" xlink:to="label_eba_c19374_1" />
    <label:label xlink:type="resource" xlink:label="label_eba_c19375_1" xml:lang="en" xlink:role="http://www.eba.europa.eu/xbrl/role/dpm-db-id">19375</label:label>
    <gen:arc xlink:type="arc" xlink:arcrole="http://xbrl.org/arcrole/2008/element-label" xlink:from="loc_eba_c19375" xlink:to="label_eba_c19375_1" />
    <label:label xlink:type="resource" xlink:label="label_eba_c19376_1" xml:lang="en" xlink:role="http://www.eba.europa.eu/xbrl/role/dpm-db-id">19376</label:label>
    <gen:arc xlink:type="arc" xlink:arcrole="http://xbrl.org/arcrole/2008/element-label" xlink:from="loc_eba_c19376" xlink:to="label_eba_c19376_1" />
    <label:label xlink:type="resource" xlink:label="label_eba_c19377_1" xml:lang="en" xlink:role="http://www.eba.europa.eu/xbrl/role/dpm-db-id">19377</label:label>
    <gen:arc xlink:type="arc" xlink:arcrole="http://xbrl.org/arcrole/2008/element-label" xlink:from="loc_eba_c19377" xlink:to="label_eba_c19377_1" />
    <label:label xlink:type="resource" xlink:label="label_eba_c19378_1" xml:lang="en" xlink:role="http://www.eba.europa.eu/xbrl/role/dpm-db-id">19378</label:label>
    <gen:arc xlink:type="arc" xlink:arcrole="http://xbrl.org/arcrole/2008/element-label" xlink:from="loc_eba_c19378" xlink:to="label_eba_c19378_1" />
    <label:label xlink:type="resource" xlink:label="label_eba_c19379_1" xml:lang="en" xlink:role="http://www.eba.europa.eu/xbrl/role/dpm-db-id">19379</label:label>
    <gen:arc xlink:type="arc" xlink:arcrole="http://xbrl.org/arcrole/2008/element-label" xlink:from="loc_eba_c19379" xlink:to="label_eba_c19379_1" />
    <label:label xlink:type="resource" xlink:label="label_eba_c19380_1" xml:lang="en" xlink:role="http://www.eba.europa.eu/xbrl/role/dpm-db-id">19380</label:label>
    <gen:arc xlink:type="arc" xlink:arcrole="http://xbrl.org/arcrole/2008/element-label" xlink:from="loc_eba_c19380" xlink:to="label_eba_c19380_1" />
  </gen:link>
</link:linkbase>