﻿<?xml version="1.0" encoding="utf-8"?>
<?taxonomy-version 2.0.0?>
<!--(C) EBA-->
<link:linkbase xmlns:xsi="http://www.w3.org/2001/XMLSchema-instance" xmlns:xlink="http://www.w3.org/1999/xlink" xmlns:link="http://www.xbrl.org/2003/linkbase" xmlns:gen="http://xbrl.org/2008/generic" xmlns:label="http://xbrl.org/2008/label" xmlns:formula="http://xbrl.org/2008/formula" xmlns:df="http://xbrl.org/2008/filter/dimension" xmlns:table="http://xbrl.org/PWD/2013-05-17/table" xmlns:model="http://www.eurofiling.info/xbrl/ext/model" xmlns:eba_dim="http://www.eba.europa.eu/xbrl/crr/dict/dim" xmlns:eba_BA="http://www.eba.europa.eu/xbrl/crr/dict/dom/BA" xmlns:eba_met="http://www.eba.europa.eu/xbrl/crr/dict/met" xmlns:eba_MC="http://www.eba.europa.eu/xbrl/crr/dict/dom/MC" xmlns:eba_OF="http://www.eba.europa.eu/xbrl/crr/dict/dom/OF" xsi:schemaLocation="http://www.xbrl.org/2003/linkbase http://www.xbrl.org/2003/xbrl-linkbase-2003-12-31.xsd http://xbrl.org/2008/generic http://www.xbrl.org/2008/generic-link.xsd http://xbrl.org/2008/label http://www.xbrl.org/2008/generic-label.xsd http://xbrl.org/2008/formula http://www.xbrl.org/2008/formula.xsd http://xbrl.org/2008/filter/dimension http://www.xbrl.org/2008/dimension-filter.xsd http://xbrl.org/PWD/2013-05-17/table http://www.xbrl.org/PWD/2013-05-17/table.xsd http://www.eurofiling.info/xbrl/ext/model http://www.eurofiling.info/eu/fr/xbrl/ext/model.xsd">
  <link:arcroleRef arcroleURI="http://xbrl.org/arcrole/PWD/2013-05-17/breakdown-tree" xlink:type="simple" xlink:href="http://www.xbrl.org/PWD/2013-05-17/table.xsd#breakdown-tree" />
  <link:arcroleRef arcroleURI="http://xbrl.org/arcrole/PWD/2013-05-17/definition-node-subtree" xlink:type="simple" xlink:href="http://www.xbrl.org/PWD/2013-05-17/table.xsd#definition-node-subtree" />
  <link:arcroleRef arcroleURI="http://xbrl.org/arcrole/PWD/2013-05-17/table-breakdown" xlink:type="simple" xlink:href="http://www.xbrl.org/PWD/2013-05-17/table.xsd#table-breakdown" />
  <link:roleRef roleURI="http://www.eba.europa.eu/xbrl/crr/role/fws/COREP/ITS-2013-02/2013-12-01/tab/C_03.00" xlink:type="simple" xlink:href="c_03.00.xsd#role" />
  <gen:link xlink:type="extended" xlink:role="http://www.eba.europa.eu/xbrl/crr/role/fws/COREP/ITS-2013-02/2013-12-01/tab/C_03.00">
    <table:table xlink:type="resource" xlink:label="eba_tC_03.00" aspectModel="dimensional" id="eba_tC_03.00" />
    <table:breakdown xlink:type="resource" xlink:label="eba_a1" parentChildOrder="parent-first" id="eba_a1" />
    <table:ruleNode xlink:type="resource" xlink:label="eba_a1.root" abstract="true" id="eba_a1.root" />
    <table:breakdownTreeArc xlink:type="arc" xlink:arcrole="http://xbrl.org/arcrole/PWD/2013-05-17/breakdown-tree" xlink:from="eba_a1" xlink:to="eba_a1.root" order="0" />
    <table:ruleNode xlink:type="resource" xlink:label="eba_c19368" id="eba_c19368" />
    <table:definitionNodeSubtreeArc xlink:type="arc" xlink:arcrole="http://xbrl.org/arcrole/PWD/2013-05-17/definition-node-subtree" xlink:from="eba_a1.root" xlink:to="eba_c19368" order="1" />
    <table:tableBreakdownArc xlink:type="arc" xlink:arcrole="http://xbrl.org/arcrole/PWD/2013-05-17/table-breakdown" xlink:from="eba_tC_03.00" xlink:to="eba_a1" axis="x" order="1" />
    <table:breakdown xlink:type="resource" xlink:label="eba_a2" parentChildOrder="parent-first" id="eba_a2" />
    <table:ruleNode xlink:type="resource" xlink:label="eba_a2.root" abstract="true" id="eba_a2.root">
      <formula:explicitDimension dimension="eba_dim:BAS">
        <formula:member>
          <formula:qname>eba_BA:x17</formula:qname>
        </formula:member>
      </formula:explicitDimension>
    </table:ruleNode>
    <table:breakdownTreeArc xlink:type="arc" xlink:arcrole="http://xbrl.org/arcrole/PWD/2013-05-17/breakdown-tree" xlink:from="eba_a2" xlink:to="eba_a2.root" order="0" />
    <table:ruleNode xlink:type="resource" xlink:label="eba_c19369" id="eba_c19369">
      <formula:concept>
        <formula:qname>eba_met:pi317</formula:qname>
      </formula:concept>
      <formula:explicitDimension dimension="eba_dim:MCY">
        <formula:member>
          <formula:qname>eba_MC:x1</formula:qname>
        </formula:member>
      </formula:explicitDimension>
      <formula:explicitDimension dimension="eba_dim:OFS">
        <formula:member>
          <formula:qname>eba_OF:x2</formula:qname>
        </formula:member>
      </formula:explicitDimension>
    </table:ruleNode>
    <table:definitionNodeSubtreeArc xlink:type="arc" xlink:arcrole="http://xbrl.org/arcrole/PWD/2013-05-17/definition-node-subtree" xlink:from="eba_a2.root" xlink:to="eba_c19369" order="1" />
    <table:ruleNode xlink:type="resource" xlink:label="eba_c19370" id="eba_c19370">
      <formula:concept>
        <formula:qname>eba_met:mi76</formula:qname>
      </formula:concept>
      <formula:explicitDimension dimension="eba_dim:MCY">
        <formula:member>
          <formula:qname>eba_MC:x3</formula:qname>
        </formula:member>
      </formula:explicitDimension>
      <formula:explicitDimension dimension="eba_dim:OFS">
        <formula:member>
          <formula:qname>eba_OF:x2</formula:qname>
        </formula:member>
      </formula:explicitDimension>
    </table:ruleNode>
    <table:definitionNodeSubtreeArc xlink:type="arc" xlink:arcrole="http://xbrl.org/arcrole/PWD/2013-05-17/definition-node-subtree" xlink:from="eba_a2.root" xlink:to="eba_c19370" order="2" />
    <table:ruleNode xlink:type="resource" xlink:label="eba_c19371" id="eba_c19371">
      <formula:concept>
        <formula:qname>eba_met:pi317</formula:qname>
      </formula:concept>
      <formula:explicitDimension dimension="eba_dim:MCY">
        <formula:member>
          <formula:qname>eba_MC:x1</formula:qname>
        </formula:member>
      </formula:explicitDimension>
      <formula:explicitDimension dimension="eba_dim:OFS">
        <formula:member>
          <formula:qname>eba_OF:x8</formula:qname>
        </formula:member>
      </formula:explicitDimension>
    </table:ruleNode>
    <table:definitionNodeSubtreeArc xlink:type="arc" xlink:arcrole="http://xbrl.org/arcrole/PWD/2013-05-17/definition-node-subtree" xlink:from="eba_a2.root" xlink:to="eba_c19371" order="3" />
    <table:ruleNode xlink:type="resource" xlink:label="eba_c19372" id="eba_c19372">
      <formula:concept>
        <formula:qname>eba_met:mi76</formula:qname>
      </formula:concept>
      <formula:explicitDimension dimension="eba_dim:MCY">
        <formula:member>
          <formula:qname>eba_MC:x3</formula:qname>
        </formula:member>
      </formula:explicitDimension>
      <formula:explicitDimension dimension="eba_dim:OFS">
        <formula:member>
          <formula:qname>eba_OF:x8</formula:qname>
        </formula:member>
      </formula:explicitDimension>
    </table:ruleNode>
    <table:definitionNodeSubtreeArc xlink:type="arc" xlink:arcrole="http://xbrl.org/arcrole/PWD/2013-05-17/definition-node-subtree" xlink:from="eba_a2.root" xlink:to="eba_c19372" order="4" />
    <table:ruleNode xlink:type="resource" xlink:label="eba_c19373" id="eba_c19373">
      <formula:concept>
        <formula:qname>eba_met:pi317</formula:qname>
      </formula:concept>
      <formula:explicitDimension dimension="eba_dim:MCY">
        <formula:member>
          <formula:qname>eba_MC:x1</formula:qname>
        </formula:member>
      </formula:explicitDimension>
      <formula:explicitDimension dimension="eba_dim:OFS">
        <formula:member>
          <formula:qname>eba_OF:x10</formula:qname>
        </formula:member>
      </formula:explicitDimension>
    </table:ruleNode>
    <table:definitionNodeSubtreeArc xlink:type="arc" xlink:arcrole="http://xbrl.org/arcrole/PWD/2013-05-17/definition-node-subtree" xlink:from="eba_a2.root" xlink:to="eba_c19373" order="5" />
    <table:ruleNode xlink:type="resource" xlink:label="eba_c19374" id="eba_c19374">
      <formula:concept>
        <formula:qname>eba_met:mi76</formula:qname>
      </formula:concept>
      <formula:explicitDimension dimension="eba_dim:MCY">
        <formula:member>
          <formula:qname>eba_MC:x3</formula:qname>
        </formula:member>
      </formula:explicitDimension>
      <formula:explicitDimension dimension="eba_dim:OFS">
        <formula:member>
          <formula:qname>eba_OF:x10</formula:qname>
        </formula:member>
      </formula:explicitDimension>
    </table:ruleNode>
    <table:definitionNodeSubtreeArc xlink:type="arc" xlink:arcrole="http://xbrl.org/arcrole/PWD/2013-05-17/definition-node-subtree" xlink:from="eba_a2.root" xlink:to="eba_c19374" order="6" />
    <table:ruleNode xlink:type="resource" xlink:label="eba_c19375" id="eba_c19375">
      <formula:concept>
        <formula:qname>eba_met:pi317</formula:qname>
      </formula:concept>
      <formula:explicitDimension dimension="eba_dim:MCY">
        <formula:member>
          <formula:qname>eba_MC:x444</formula:qname>
        </formula:member>
      </formula:explicitDimension>
      <formula:explicitDimension dimension="eba_dim:OFS">
        <formula:member>
          <formula:qname>eba_OF:x2</formula:qname>
        </formula:member>
      </formula:explicitDimension>
    </table:ruleNode>
    <table:definitionNodeSubtreeArc xlink:type="arc" xlink:arcrole="http://xbrl.org/arcrole/PWD/2013-05-17/definition-node-subtree" xlink:from="eba_a2.root" xlink:to="eba_c19375" order="7" />
    <table:ruleNode xlink:type="resource" xlink:label="eba_c19376" id="eba_c19376">
      <formula:concept>
        <formula:qname>eba_met:pi317</formula:qname>
      </formula:concept>
      <formula:explicitDimension dimension="eba_dim:MCY">
        <formula:member>
          <formula:qname>eba_MC:x403</formula:qname>
        </formula:member>
      </formula:explicitDimension>
      <formula:explicitDimension dimension="eba_dim:OFS">
        <formula:member>
          <formula:qname>eba_OF:x2</formula:qname>
        </formula:member>
      </formula:explicitDimension>
    </table:ruleNode>
    <table:definitionNodeSubtreeArc xlink:type="arc" xlink:arcrole="http://xbrl.org/arcrole/PWD/2013-05-17/definition-node-subtree" xlink:from="eba_a2.root" xlink:to="eba_c19376" order="8" />
    <table:ruleNode xlink:type="resource" xlink:label="eba_c19377" id="eba_c19377">
      <formula:concept>
        <formula:qname>eba_met:pi317</formula:qname>
      </formula:concept>
      <formula:explicitDimension dimension="eba_dim:MCY">
        <formula:member>
          <formula:qname>eba_MC:x444</formula:qname>
        </formula:member>
      </formula:explicitDimension>
      <formula:explicitDimension dimension="eba_dim:OFS">
        <formula:member>
          <formula:qname>eba_OF:x8</formula:qname>
        </formula:member>
      </formula:explicitDimension>
    </table:ruleNode>
    <table:definitionNodeSubtreeArc xlink:type="arc" xlink:arcrole="http://xbrl.org/arcrole/PWD/2013-05-17/definition-node-subtree" xlink:from="eba_a2.root" xlink:to="eba_c19377" order="9" />
    <table:ruleNode xlink:type="resource" xlink:label="eba_c19378" id="eba_c19378">
      <formula:concept>
        <formula:qname>eba_met:pi317</formula:qname>
      </formula:concept>
      <formula:explicitDimension dimension="eba_dim:MCY">
        <formula:member>
          <formula:qname>eba_MC:x403</formula:qname>
        </formula:member>
      </formula:explicitDimension>
      <formula:explicitDimension dimension="eba_dim:OFS">
        <formula:member>
          <formula:qname>eba_OF:x8</formula:qname>
        </formula:member>
      </formula:explicitDimension>
    </table:ruleNode>
    <table:definitionNodeSubtreeArc xlink:type="arc" xlink:arcrole="http://xbrl.org/arcrole/PWD/2013-05-17/definition-node-subtree" xlink:from="eba_a2.root" xlink:to="eba_c19378" order="10" />
    <table:ruleNode xlink:type="resource" xlink:label="eba_c19379" id="eba_c19379">
      <formula:concept>
        <formula:qname>eba_met:pi317</formula:qname>
      </formula:concept>
      <formula:explicitDimension dimension="eba_dim:MCY">
        <formula:member>
          <formula:qname>eba_MC:x444</formula:qname>
        </formula:member>
      </formula:explicitDimension>
      <formula:explicitDimension dimension="eba_dim:OFS">
        <formula:member>
          <formula:qname>eba_OF:x10</formula:qname>
        </formula:member>
      </formula:explicitDimension>
    </table:ruleNode>
    <table:definitionNodeSubtreeArc xlink:type="arc" xlink:arcrole="http://xbrl.org/arcrole/PWD/2013-05-17/definition-node-subtree" xlink:from="eba_a2.root" xlink:to="eba_c19379" order="11" />
    <table:ruleNode xlink:type="resource" xlink:label="eba_c19380" id="eba_c19380">
      <formula:concept>
        <formula:qname>eba_met:pi317</formula:qname>
      </formula:concept>
      <formula:explicitDimension dimension="eba_dim:MCY">
        <formula:member>
          <formula:qname>eba_MC:x403</formula:qname>
        </formula:member>
      </formula:explicitDimension>
      <formula:explicitDimension dimension="eba_dim:OFS">
        <formula:member>
          <formula:qname>eba_OF:x10</formula:qname>
        </formula:member>
      </formula:explicitDimension>
    </table:ruleNode>
    <table:definitionNodeSubtreeArc xlink:type="arc" xlink:arcrole="http://xbrl.org/arcrole/PWD/2013-05-17/definition-node-subtree" xlink:from="eba_a2.root" xlink:to="eba_c19380" order="12" />
    <table:tableBreakdownArc xlink:type="arc" xlink:arcrole="http://xbrl.org/arcrole/PWD/2013-05-17/table-breakdown" xlink:from="eba_tC_03.00" xlink:to="eba_a2" axis="y" order="2" />
  </gen:link>
</link:linkbase>