﻿<?xml version="1.0" encoding="utf-8"?>
<?taxonomy-version 2.0.0?>
<!--(C) EBA-->
<link:linkbase xmlns:xsi="http://www.w3.org/2001/XMLSchema-instance" xmlns:xlink="http://www.w3.org/1999/xlink" xmlns:link="http://www.xbrl.org/2003/linkbase" xmlns:gen="http://xbrl.org/2008/generic" xmlns:label="http://xbrl.org/2008/label" xsi:schemaLocation="http://www.xbrl.org/2003/linkbase http://www.xbrl.org/2003/xbrl-linkbase-2003-12-31.xsd http://xbrl.org/2008/generic http://www.xbrl.org/2008/generic-link.xsd http://xbrl.org/2008/label http://www.xbrl.org/2008/generic-label.xsd">
  <link:arcroleRef arcroleURI="http://xbrl.org/arcrole/2008/element-label" xlink:type="simple" xlink:href="http://www.xbrl.org/2008/generic-label.xsd#element-label" />
  <link:roleRef roleURI="http://www.xbrl.org/2008/role/label" xlink:type="simple" xlink:href="http://www.xbrl.org/2008/generic-label.xsd#standard-label" />
  <link:roleRef roleURI="http://www.xbrl.org/2008/role/verboseLabel" xlink:type="simple" xlink:href="http://www.xbrl.org/2008/generic-label.xsd#verbose-label" />
  <gen:link xlink:type="extended" xlink:role="http://www.xbrl.org/2003/role/link">
    <link:loc xlink:type="locator" xlink:href="c_03.00-rend.xml#eba_tC_03.00" xlink:label="loc_eba_tC_03.00" />
    <label:label xlink:type="resource" xlink:label="label_eba_tC_03.00" xml:lang="en" xlink:role="http://www.xbrl.org/2008/role/label">C 03.00 (CA 3)</label:label>
    <gen:arc xlink:type="arc" xlink:arcrole="http://xbrl.org/arcrole/2008/element-label" xlink:from="loc_eba_tC_03.00" xlink:to="label_eba_tC_03.00" />
    <label:label xlink:type="resource" xlink:label="label_eba_tC_03.00_1" xml:lang="en" xlink:role="http://www.xbrl.org/2008/role/verboseLabel">C 03.00 (CA 3) Capital Adequacy - Ratios</label:label>
    <gen:arc xlink:type="arc" xlink:arcrole="http://xbrl.org/arcrole/2008/element-label" xlink:from="loc_eba_tC_03.00" xlink:to="label_eba_tC_03.00_1" />
    <link:loc xlink:type="locator" xlink:href="c_03.00-rend.xml#eba_a1" xlink:label="loc_eba_a1" />
    <label:label xlink:type="resource" xlink:label="label_eba_a1" xml:lang="en" xlink:role="http://www.xbrl.org/2008/role/label">Columns</label:label>
    <gen:arc xlink:type="arc" xlink:arcrole="http://xbrl.org/arcrole/2008/element-label" xlink:from="loc_eba_a1" xlink:to="label_eba_a1" />
    <link:loc xlink:type="locator" xlink:href="c_03.00-rend.xml#eba_c19368" xlink:label="loc_eba_c19368" />
    <label:label xlink:type="resource" xlink:label="label_eba_c19368" xml:lang="en" xlink:role="http://www.xbrl.org/2008/role/label">Amount</label:label>
    <gen:arc xlink:type="arc" xlink:arcrole="http://xbrl.org/arcrole/2008/element-label" xlink:from="loc_eba_c19368" xlink:to="label_eba_c19368" />
    <link:loc xlink:type="locator" xlink:href="c_03.00-rend.xml#eba_a2" xlink:label="loc_eba_a2" />
    <label:label xlink:type="resource" xlink:label="label_eba_a2" xml:lang="en" xlink:role="http://www.xbrl.org/2008/role/label">Rows</label:label>
    <gen:arc xlink:type="arc" xlink:arcrole="http://xbrl.org/arcrole/2008/element-label" xlink:from="loc_eba_a2" xlink:to="label_eba_a2" />
    <link:loc xlink:type="locator" xlink:href="c_03.00-rend.xml#eba_c19369" xlink:label="loc_eba_c19369" />
    <label:label xlink:type="resource" xlink:label="label_eba_c19369" xml:lang="en" xlink:role="http://www.xbrl.org/2008/role/label">CET1 Capital ratio</label:label>
    <gen:arc xlink:type="arc" xlink:arcrole="http://xbrl.org/arcrole/2008/element-label" xlink:from="loc_eba_c19369" xlink:to="label_eba_c19369" />
    <link:loc xlink:type="locator" xlink:href="c_03.00-rend.xml#eba_c19370" xlink:label="loc_eba_c19370" />
    <label:label xlink:type="resource" xlink:label="label_eba_c19370" xml:lang="en" xlink:role="http://www.xbrl.org/2008/role/label">Surplus(+)/Deficit(-) of CET1 capital</label:label>
    <gen:arc xlink:type="arc" xlink:arcrole="http://xbrl.org/arcrole/2008/element-label" xlink:from="loc_eba_c19370" xlink:to="label_eba_c19370" />
    <link:loc xlink:type="locator" xlink:href="c_03.00-rend.xml#eba_c19371" xlink:label="loc_eba_c19371" />
    <label:label xlink:type="resource" xlink:label="label_eba_c19371" xml:lang="en" xlink:role="http://www.xbrl.org/2008/role/label">T1 Capital ratio</label:label>
    <gen:arc xlink:type="arc" xlink:arcrole="http://xbrl.org/arcrole/2008/element-label" xlink:from="loc_eba_c19371" xlink:to="label_eba_c19371" />
    <link:loc xlink:type="locator" xlink:href="c_03.00-rend.xml#eba_c19372" xlink:label="loc_eba_c19372" />
    <label:label xlink:type="resource" xlink:label="label_eba_c19372" xml:lang="en" xlink:role="http://www.xbrl.org/2008/role/label">Surplus(+)/Deficit(-) of T1 capital</label:label>
    <gen:arc xlink:type="arc" xlink:arcrole="http://xbrl.org/arcrole/2008/element-label" xlink:from="loc_eba_c19372" xlink:to="label_eba_c19372" />
    <link:loc xlink:type="locator" xlink:href="c_03.00-rend.xml#eba_c19373" xlink:label="loc_eba_c19373" />
    <label:label xlink:type="resource" xlink:label="label_eba_c19373" xml:lang="en" xlink:role="http://www.xbrl.org/2008/role/label">Total capital ratio</label:label>
    <gen:arc xlink:type="arc" xlink:arcrole="http://xbrl.org/arcrole/2008/element-label" xlink:from="loc_eba_c19373" xlink:to="label_eba_c19373" />
    <link:loc xlink:type="locator" xlink:href="c_03.00-rend.xml#eba_c19374" xlink:label="loc_eba_c19374" />
    <label:label xlink:type="resource" xlink:label="label_eba_c19374" xml:lang="en" xlink:role="http://www.xbrl.org/2008/role/label">Surplus(+)/Deficit(-) of total capital</label:label>
    <gen:arc xlink:type="arc" xlink:arcrole="http://xbrl.org/arcrole/2008/element-label" xlink:from="loc_eba_c19374" xlink:to="label_eba_c19374" />
    <link:loc xlink:type="locator" xlink:href="c_03.00-rend.xml#eba_c19375" xlink:label="loc_eba_c19375" />
    <label:label xlink:type="resource" xlink:label="label_eba_c19375" xml:lang="en" xlink:role="http://www.xbrl.org/2008/role/label">CET1 capital ratio including Pillar II adjustments</label:label>
    <gen:arc xlink:type="arc" xlink:arcrole="http://xbrl.org/arcrole/2008/element-label" xlink:from="loc_eba_c19375" xlink:to="label_eba_c19375" />
    <link:loc xlink:type="locator" xlink:href="c_03.00-rend.xml#eba_c19376" xlink:label="loc_eba_c19376" />
    <label:label xlink:type="resource" xlink:label="label_eba_c19376" xml:lang="en" xlink:role="http://www.xbrl.org/2008/role/label">Target CET1 capital ratio due to Pillar II adjustments</label:label>
    <gen:arc xlink:type="arc" xlink:arcrole="http://xbrl.org/arcrole/2008/element-label" xlink:from="loc_eba_c19376" xlink:to="label_eba_c19376" />
    <link:loc xlink:type="locator" xlink:href="c_03.00-rend.xml#eba_c19377" xlink:label="loc_eba_c19377" />
    <label:label xlink:type="resource" xlink:label="label_eba_c19377" xml:lang="en" xlink:role="http://www.xbrl.org/2008/role/label">T1 capital ratio including Pillar II adjustments</label:label>
    <gen:arc xlink:type="arc" xlink:arcrole="http://xbrl.org/arcrole/2008/element-label" xlink:from="loc_eba_c19377" xlink:to="label_eba_c19377" />
    <link:loc xlink:type="locator" xlink:href="c_03.00-rend.xml#eba_c19378" xlink:label="loc_eba_c19378" />
    <label:label xlink:type="resource" xlink:label="label_eba_c19378" xml:lang="en" xlink:role="http://www.xbrl.org/2008/role/label">Target T1 capital ratio due to Pillar II adjustments</label:label>
    <gen:arc xlink:type="arc" xlink:arcrole="http://xbrl.org/arcrole/2008/element-label" xlink:from="loc_eba_c19378" xlink:to="label_eba_c19378" />
    <link:loc xlink:type="locator" xlink:href="c_03.00-rend.xml#eba_c19379" xlink:label="loc_eba_c19379" />
    <label:label xlink:type="resource" xlink:label="label_eba_c19379" xml:lang="en" xlink:role="http://www.xbrl.org/2008/role/label">Total capital ratio including Pillar II adjustments</label:label>
    <gen:arc xlink:type="arc" xlink:arcrole="http://xbrl.org/arcrole/2008/element-label" xlink:from="loc_eba_c19379" xlink:to="label_eba_c19379" />
    <link:loc xlink:type="locator" xlink:href="c_03.00-rend.xml#eba_c19380" xlink:label="loc_eba_c19380" />
    <label:label xlink:type="resource" xlink:label="label_eba_c19380" xml:lang="en" xlink:role="http://www.xbrl.org/2008/role/label">Target Total capital ratio due to Pillar II adjustments</label:label>
    <gen:arc xlink:type="arc" xlink:arcrole="http://xbrl.org/arcrole/2008/element-label" xlink:from="loc_eba_c19380" xlink:to="label_eba_c19380" />
  </gen:link>
</link:linkbase>