﻿<?xml version="1.0" encoding="utf-8"?>
<?taxonomy-version 2.0.0?>
<!--(C) EBA-->
<link:linkbase xmlns:xsi="http://www.w3.org/2001/XMLSchema-instance" xmlns:xlink="http://www.w3.org/1999/xlink" xmlns:link="http://www.xbrl.org/2003/linkbase" xmlns:xbrldt="http://xbrl.org/2005/xbrldt" xsi:schemaLocation="http://www.xbrl.org/2003/linkbase http://www.xbrl.org/2003/xbrl-linkbase-2003-12-31.xsd http://xbrl.org/2005/xbrldt http://www.xbrl.org/2005/xbrldt-2005.xsd">
  <link:arcroleRef arcroleURI="http://xbrl.org/int/dim/arcrole/domain-member" xlink:type="simple" xlink:href="http://www.xbrl.org/2005/xbrldt-2005.xsd#domain-member" />
  <link:roleRef roleURI="http://www.eba.europa.eu/xbrl/crr/role/dict/dom/CU/CU1" xlink:type="simple" xlink:href="hier.xsd#eba_CU1" />
  <link:roleRef roleURI="http://www.eba.europa.eu/xbrl/crr/role/dict/dom/CU/CU2" xlink:type="simple" xlink:href="hier.xsd#eba_CU2" />
  <link:roleRef roleURI="http://www.eba.europa.eu/xbrl/crr/role/dict/dom/CU/CU3" xlink:type="simple" xlink:href="hier.xsd#eba_CU3" />
  <link:definitionLink xlink:type="extended" xlink:role="http://www.eba.europa.eu/xbrl/crr/role/dict/dom/CU/CU1">
    <link:loc xlink:type="locator" xlink:href="../exp.xsd#eba_CU" xlink:label="loc_eba_CU" />
    <link:loc xlink:type="locator" xlink:href="mem.xsd#eba_x0" xlink:label="loc_eba_x0" />
    <link:definitionArc xlink:type="arc" xlink:arcrole="http://xbrl.org/int/dim/arcrole/domain-member" xlink:from="loc_eba_CU" xlink:to="loc_eba_x0" order="1" />
    <link:loc xlink:type="locator" xlink:href="mem.xsd#eba_EUR" xlink:label="loc_eba_EUR" />
    <link:definitionArc xlink:type="arc" xlink:arcrole="http://xbrl.org/int/dim/arcrole/domain-member" xlink:from="loc_eba_x0" xlink:to="loc_eba_EUR" order="1" />
    <link:loc xlink:type="locator" xlink:href="mem.xsd#eba_ALL" xlink:label="loc_eba_ALL" />
    <link:definitionArc xlink:type="arc" xlink:arcrole="http://xbrl.org/int/dim/arcrole/domain-member" xlink:from="loc_eba_x0" xlink:to="loc_eba_ALL" order="2" />
    <link:loc xlink:type="locator" xlink:href="mem.xsd#eba_ARS" xlink:label="loc_eba_ARS" />
    <link:definitionArc xlink:type="arc" xlink:arcrole="http://xbrl.org/int/dim/arcrole/domain-member" xlink:from="loc_eba_x0" xlink:to="loc_eba_ARS" order="3" />
    <link:loc xlink:type="locator" xlink:href="mem.xsd#eba_AUD" xlink:label="loc_eba_AUD" />
    <link:definitionArc xlink:type="arc" xlink:arcrole="http://xbrl.org/int/dim/arcrole/domain-member" xlink:from="loc_eba_x0" xlink:to="loc_eba_AUD" order="4" />
    <link:loc xlink:type="locator" xlink:href="mem.xsd#eba_BRL" xlink:label="loc_eba_BRL" />
    <link:definitionArc xlink:type="arc" xlink:arcrole="http://xbrl.org/int/dim/arcrole/domain-member" xlink:from="loc_eba_x0" xlink:to="loc_eba_BRL" order="5" />
    <link:loc xlink:type="locator" xlink:href="mem.xsd#eba_BGN" xlink:label="loc_eba_BGN" />
    <link:definitionArc xlink:type="arc" xlink:arcrole="http://xbrl.org/int/dim/arcrole/domain-member" xlink:from="loc_eba_x0" xlink:to="loc_eba_BGN" order="6" />
    <link:loc xlink:type="locator" xlink:href="mem.xsd#eba_CAD" xlink:label="loc_eba_CAD" />
    <link:definitionArc xlink:type="arc" xlink:arcrole="http://xbrl.org/int/dim/arcrole/domain-member" xlink:from="loc_eba_x0" xlink:to="loc_eba_CAD" order="7" />
    <link:loc xlink:type="locator" xlink:href="mem.xsd#eba_CZK" xlink:label="loc_eba_CZK" />
    <link:definitionArc xlink:type="arc" xlink:arcrole="http://xbrl.org/int/dim/arcrole/domain-member" xlink:from="loc_eba_x0" xlink:to="loc_eba_CZK" order="8" />
    <link:loc xlink:type="locator" xlink:href="mem.xsd#eba_DKK" xlink:label="loc_eba_DKK" />
    <link:definitionArc xlink:type="arc" xlink:arcrole="http://xbrl.org/int/dim/arcrole/domain-member" xlink:from="loc_eba_x0" xlink:to="loc_eba_DKK" order="9" />
    <link:loc xlink:type="locator" xlink:href="mem.xsd#eba_EGP" xlink:label="loc_eba_EGP" />
    <link:definitionArc xlink:type="arc" xlink:arcrole="http://xbrl.org/int/dim/arcrole/domain-member" xlink:from="loc_eba_x0" xlink:to="loc_eba_EGP" order="10" />
    <link:loc xlink:type="locator" xlink:href="mem.xsd#eba_GBP" xlink:label="loc_eba_GBP" />
    <link:definitionArc xlink:type="arc" xlink:arcrole="http://xbrl.org/int/dim/arcrole/domain-member" xlink:from="loc_eba_x0" xlink:to="loc_eba_GBP" order="11" />
    <link:loc xlink:type="locator" xlink:href="mem.xsd#eba_HUF" xlink:label="loc_eba_HUF" />
    <link:definitionArc xlink:type="arc" xlink:arcrole="http://xbrl.org/int/dim/arcrole/domain-member" xlink:from="loc_eba_x0" xlink:to="loc_eba_HUF" order="12" />
    <link:loc xlink:type="locator" xlink:href="mem.xsd#eba_JPY" xlink:label="loc_eba_JPY" />
    <link:definitionArc xlink:type="arc" xlink:arcrole="http://xbrl.org/int/dim/arcrole/domain-member" xlink:from="loc_eba_x0" xlink:to="loc_eba_JPY" order="13" />
    <link:loc xlink:type="locator" xlink:href="mem.xsd#eba_LVL" xlink:label="loc_eba_LVL" />
    <link:definitionArc xlink:type="arc" xlink:arcrole="http://xbrl.org/int/dim/arcrole/domain-member" xlink:from="loc_eba_x0" xlink:to="loc_eba_LVL" order="14" />
    <link:loc xlink:type="locator" xlink:href="mem.xsd#eba_LTL" xlink:label="loc_eba_LTL" />
    <link:definitionArc xlink:type="arc" xlink:arcrole="http://xbrl.org/int/dim/arcrole/domain-member" xlink:from="loc_eba_x0" xlink:to="loc_eba_LTL" order="15" />
    <link:loc xlink:type="locator" xlink:href="mem.xsd#eba_MKD" xlink:label="loc_eba_MKD" />
    <link:definitionArc xlink:type="arc" xlink:arcrole="http://xbrl.org/int/dim/arcrole/domain-member" xlink:from="loc_eba_x0" xlink:to="loc_eba_MKD" order="16" />
    <link:loc xlink:type="locator" xlink:href="mem.xsd#eba_MXN" xlink:label="loc_eba_MXN" />
    <link:definitionArc xlink:type="arc" xlink:arcrole="http://xbrl.org/int/dim/arcrole/domain-member" xlink:from="loc_eba_x0" xlink:to="loc_eba_MXN" order="17" />
    <link:loc xlink:type="locator" xlink:href="mem.xsd#eba_PLN" xlink:label="loc_eba_PLN" />
    <link:definitionArc xlink:type="arc" xlink:arcrole="http://xbrl.org/int/dim/arcrole/domain-member" xlink:from="loc_eba_x0" xlink:to="loc_eba_PLN" order="18" />
    <link:loc xlink:type="locator" xlink:href="mem.xsd#eba_RON" xlink:label="loc_eba_RON" />
    <link:definitionArc xlink:type="arc" xlink:arcrole="http://xbrl.org/int/dim/arcrole/domain-member" xlink:from="loc_eba_x0" xlink:to="loc_eba_RON" order="19" />
    <link:loc xlink:type="locator" xlink:href="mem.xsd#eba_RUB" xlink:label="loc_eba_RUB" />
    <link:definitionArc xlink:type="arc" xlink:arcrole="http://xbrl.org/int/dim/arcrole/domain-member" xlink:from="loc_eba_x0" xlink:to="loc_eba_RUB" order="20" />
    <link:loc xlink:type="locator" xlink:href="mem.xsd#eba_RSD" xlink:label="loc_eba_RSD" />
    <link:definitionArc xlink:type="arc" xlink:arcrole="http://xbrl.org/int/dim/arcrole/domain-member" xlink:from="loc_eba_x0" xlink:to="loc_eba_RSD" order="21" />
    <link:loc xlink:type="locator" xlink:href="mem.xsd#eba_SEK" xlink:label="loc_eba_SEK" />
    <link:definitionArc xlink:type="arc" xlink:arcrole="http://xbrl.org/int/dim/arcrole/domain-member" xlink:from="loc_eba_x0" xlink:to="loc_eba_SEK" order="22" />
    <link:loc xlink:type="locator" xlink:href="mem.xsd#eba_CHF" xlink:label="loc_eba_CHF" />
    <link:definitionArc xlink:type="arc" xlink:arcrole="http://xbrl.org/int/dim/arcrole/domain-member" xlink:from="loc_eba_x0" xlink:to="loc_eba_CHF" order="23" />
    <link:loc xlink:type="locator" xlink:href="mem.xsd#eba_TRY" xlink:label="loc_eba_TRY" />
    <link:definitionArc xlink:type="arc" xlink:arcrole="http://xbrl.org/int/dim/arcrole/domain-member" xlink:from="loc_eba_x0" xlink:to="loc_eba_TRY" order="24" />
    <link:loc xlink:type="locator" xlink:href="mem.xsd#eba_UAH" xlink:label="loc_eba_UAH" />
    <link:definitionArc xlink:type="arc" xlink:arcrole="http://xbrl.org/int/dim/arcrole/domain-member" xlink:from="loc_eba_x0" xlink:to="loc_eba_UAH" order="25" />
    <link:loc xlink:type="locator" xlink:href="mem.xsd#eba_USD" xlink:label="loc_eba_USD" />
    <link:definitionArc xlink:type="arc" xlink:arcrole="http://xbrl.org/int/dim/arcrole/domain-member" xlink:from="loc_eba_x0" xlink:to="loc_eba_USD" order="26" />
    <link:loc xlink:type="locator" xlink:href="mem.xsd#eba_ISK" xlink:label="loc_eba_ISK" />
    <link:definitionArc xlink:type="arc" xlink:arcrole="http://xbrl.org/int/dim/arcrole/domain-member" xlink:from="loc_eba_x0" xlink:to="loc_eba_ISK" order="27" />
    <link:loc xlink:type="locator" xlink:href="mem.xsd#eba_NOK" xlink:label="loc_eba_NOK" />
    <link:definitionArc xlink:type="arc" xlink:arcrole="http://xbrl.org/int/dim/arcrole/domain-member" xlink:from="loc_eba_x0" xlink:to="loc_eba_NOK" order="28" />
    <link:loc xlink:type="locator" xlink:href="mem.xsd#eba_HKD" xlink:label="loc_eba_HKD" />
    <link:definitionArc xlink:type="arc" xlink:arcrole="http://xbrl.org/int/dim/arcrole/domain-member" xlink:from="loc_eba_x0" xlink:to="loc_eba_HKD" order="29" />
    <link:loc xlink:type="locator" xlink:href="mem.xsd#eba_TWD" xlink:label="loc_eba_TWD" />
    <link:definitionArc xlink:type="arc" xlink:arcrole="http://xbrl.org/int/dim/arcrole/domain-member" xlink:from="loc_eba_x0" xlink:to="loc_eba_TWD" order="30" />
    <link:loc xlink:type="locator" xlink:href="mem.xsd#eba_NZD" xlink:label="loc_eba_NZD" />
    <link:definitionArc xlink:type="arc" xlink:arcrole="http://xbrl.org/int/dim/arcrole/domain-member" xlink:from="loc_eba_x0" xlink:to="loc_eba_NZD" order="31" />
    <link:loc xlink:type="locator" xlink:href="mem.xsd#eba_SGD" xlink:label="loc_eba_SGD" />
    <link:definitionArc xlink:type="arc" xlink:arcrole="http://xbrl.org/int/dim/arcrole/domain-member" xlink:from="loc_eba_x0" xlink:to="loc_eba_SGD" order="32" />
    <link:loc xlink:type="locator" xlink:href="mem.xsd#eba_KRW" xlink:label="loc_eba_KRW" />
    <link:definitionArc xlink:type="arc" xlink:arcrole="http://xbrl.org/int/dim/arcrole/domain-member" xlink:from="loc_eba_x0" xlink:to="loc_eba_KRW" order="33" />
    <link:loc xlink:type="locator" xlink:href="mem.xsd#eba_CNY" xlink:label="loc_eba_CNY" />
    <link:definitionArc xlink:type="arc" xlink:arcrole="http://xbrl.org/int/dim/arcrole/domain-member" xlink:from="loc_eba_x0" xlink:to="loc_eba_CNY" order="34" />
    <link:loc xlink:type="locator" xlink:href="mem.xsd#eba_x22" xlink:label="loc_eba_x22" />
    <link:definitionArc xlink:type="arc" xlink:arcrole="http://xbrl.org/int/dim/arcrole/domain-member" xlink:from="loc_eba_x0" xlink:to="loc_eba_x22" order="35" />
  </link:definitionLink>
  <link:definitionLink xlink:type="extended" xlink:role="http://www.eba.europa.eu/xbrl/crr/role/dict/dom/CU/CU2">
    <link:loc xlink:type="locator" xlink:href="../exp.xsd#eba_CU" xlink:label="loc_eba_CU" />
    <link:loc xlink:type="locator" xlink:href="mem.xsd#eba_x0" xlink:label="loc_eba_x0" />
    <link:definitionArc xlink:type="arc" xlink:arcrole="http://xbrl.org/int/dim/arcrole/domain-member" xlink:from="loc_eba_CU" xlink:to="loc_eba_x0" order="1" />
    <link:loc xlink:type="locator" xlink:href="mem.xsd#eba_EUR" xlink:label="loc_eba_EUR" />
    <link:definitionArc xlink:type="arc" xlink:arcrole="http://xbrl.org/int/dim/arcrole/domain-member" xlink:from="loc_eba_x0" xlink:to="loc_eba_EUR" order="1" />
    <link:loc xlink:type="locator" xlink:href="mem.xsd#eba_ALL" xlink:label="loc_eba_ALL" />
    <link:definitionArc xlink:type="arc" xlink:arcrole="http://xbrl.org/int/dim/arcrole/domain-member" xlink:from="loc_eba_x0" xlink:to="loc_eba_ALL" order="2" />
    <link:loc xlink:type="locator" xlink:href="mem.xsd#eba_BGN" xlink:label="loc_eba_BGN" />
    <link:definitionArc xlink:type="arc" xlink:arcrole="http://xbrl.org/int/dim/arcrole/domain-member" xlink:from="loc_eba_x0" xlink:to="loc_eba_BGN" order="3" />
    <link:loc xlink:type="locator" xlink:href="mem.xsd#eba_CZK" xlink:label="loc_eba_CZK" />
    <link:definitionArc xlink:type="arc" xlink:arcrole="http://xbrl.org/int/dim/arcrole/domain-member" xlink:from="loc_eba_x0" xlink:to="loc_eba_CZK" order="4" />
    <link:loc xlink:type="locator" xlink:href="mem.xsd#eba_DKK" xlink:label="loc_eba_DKK" />
    <link:definitionArc xlink:type="arc" xlink:arcrole="http://xbrl.org/int/dim/arcrole/domain-member" xlink:from="loc_eba_x0" xlink:to="loc_eba_DKK" order="5" />
    <link:loc xlink:type="locator" xlink:href="mem.xsd#eba_GBP" xlink:label="loc_eba_GBP" />
    <link:definitionArc xlink:type="arc" xlink:arcrole="http://xbrl.org/int/dim/arcrole/domain-member" xlink:from="loc_eba_x0" xlink:to="loc_eba_GBP" order="6" />
    <link:loc xlink:type="locator" xlink:href="mem.xsd#eba_HUF" xlink:label="loc_eba_HUF" />
    <link:definitionArc xlink:type="arc" xlink:arcrole="http://xbrl.org/int/dim/arcrole/domain-member" xlink:from="loc_eba_x0" xlink:to="loc_eba_HUF" order="7" />
    <link:loc xlink:type="locator" xlink:href="mem.xsd#eba_JPY" xlink:label="loc_eba_JPY" />
    <link:definitionArc xlink:type="arc" xlink:arcrole="http://xbrl.org/int/dim/arcrole/domain-member" xlink:from="loc_eba_x0" xlink:to="loc_eba_JPY" order="8" />
    <link:loc xlink:type="locator" xlink:href="mem.xsd#eba_LVL" xlink:label="loc_eba_LVL" />
    <link:definitionArc xlink:type="arc" xlink:arcrole="http://xbrl.org/int/dim/arcrole/domain-member" xlink:from="loc_eba_x0" xlink:to="loc_eba_LVL" order="9" />
    <link:loc xlink:type="locator" xlink:href="mem.xsd#eba_LTL" xlink:label="loc_eba_LTL" />
    <link:definitionArc xlink:type="arc" xlink:arcrole="http://xbrl.org/int/dim/arcrole/domain-member" xlink:from="loc_eba_x0" xlink:to="loc_eba_LTL" order="10" />
    <link:loc xlink:type="locator" xlink:href="mem.xsd#eba_MKD" xlink:label="loc_eba_MKD" />
    <link:definitionArc xlink:type="arc" xlink:arcrole="http://xbrl.org/int/dim/arcrole/domain-member" xlink:from="loc_eba_x0" xlink:to="loc_eba_MKD" order="11" />
    <link:loc xlink:type="locator" xlink:href="mem.xsd#eba_PLN" xlink:label="loc_eba_PLN" />
    <link:definitionArc xlink:type="arc" xlink:arcrole="http://xbrl.org/int/dim/arcrole/domain-member" xlink:from="loc_eba_x0" xlink:to="loc_eba_PLN" order="12" />
    <link:loc xlink:type="locator" xlink:href="mem.xsd#eba_RON" xlink:label="loc_eba_RON" />
    <link:definitionArc xlink:type="arc" xlink:arcrole="http://xbrl.org/int/dim/arcrole/domain-member" xlink:from="loc_eba_x0" xlink:to="loc_eba_RON" order="13" />
    <link:loc xlink:type="locator" xlink:href="mem.xsd#eba_RUB" xlink:label="loc_eba_RUB" />
    <link:definitionArc xlink:type="arc" xlink:arcrole="http://xbrl.org/int/dim/arcrole/domain-member" xlink:from="loc_eba_x0" xlink:to="loc_eba_RUB" order="14" />
    <link:loc xlink:type="locator" xlink:href="mem.xsd#eba_RSD" xlink:label="loc_eba_RSD" />
    <link:definitionArc xlink:type="arc" xlink:arcrole="http://xbrl.org/int/dim/arcrole/domain-member" xlink:from="loc_eba_x0" xlink:to="loc_eba_RSD" order="15" />
    <link:loc xlink:type="locator" xlink:href="mem.xsd#eba_SEK" xlink:label="loc_eba_SEK" />
    <link:definitionArc xlink:type="arc" xlink:arcrole="http://xbrl.org/int/dim/arcrole/domain-member" xlink:from="loc_eba_x0" xlink:to="loc_eba_SEK" order="16" />
    <link:loc xlink:type="locator" xlink:href="mem.xsd#eba_CHF" xlink:label="loc_eba_CHF" />
    <link:definitionArc xlink:type="arc" xlink:arcrole="http://xbrl.org/int/dim/arcrole/domain-member" xlink:from="loc_eba_x0" xlink:to="loc_eba_CHF" order="17" />
    <link:loc xlink:type="locator" xlink:href="mem.xsd#eba_TRY" xlink:label="loc_eba_TRY" />
    <link:definitionArc xlink:type="arc" xlink:arcrole="http://xbrl.org/int/dim/arcrole/domain-member" xlink:from="loc_eba_x0" xlink:to="loc_eba_TRY" order="18" />
    <link:loc xlink:type="locator" xlink:href="mem.xsd#eba_UAH" xlink:label="loc_eba_UAH" />
    <link:definitionArc xlink:type="arc" xlink:arcrole="http://xbrl.org/int/dim/arcrole/domain-member" xlink:from="loc_eba_x0" xlink:to="loc_eba_UAH" order="19" />
    <link:loc xlink:type="locator" xlink:href="mem.xsd#eba_USD" xlink:label="loc_eba_USD" />
    <link:definitionArc xlink:type="arc" xlink:arcrole="http://xbrl.org/int/dim/arcrole/domain-member" xlink:from="loc_eba_x0" xlink:to="loc_eba_USD" order="20" />
    <link:loc xlink:type="locator" xlink:href="mem.xsd#eba_ISK" xlink:label="loc_eba_ISK" />
    <link:definitionArc xlink:type="arc" xlink:arcrole="http://xbrl.org/int/dim/arcrole/domain-member" xlink:from="loc_eba_x0" xlink:to="loc_eba_ISK" order="21" />
    <link:loc xlink:type="locator" xlink:href="mem.xsd#eba_NOK" xlink:label="loc_eba_NOK" />
    <link:definitionArc xlink:type="arc" xlink:arcrole="http://xbrl.org/int/dim/arcrole/domain-member" xlink:from="loc_eba_x0" xlink:to="loc_eba_NOK" order="22" />
    <link:loc xlink:type="locator" xlink:href="mem.xsd#eba_EGP" xlink:label="loc_eba_EGP" />
    <link:definitionArc xlink:type="arc" xlink:arcrole="http://xbrl.org/int/dim/arcrole/domain-member" xlink:from="loc_eba_x0" xlink:to="loc_eba_EGP" order="23" />
    <link:loc xlink:type="locator" xlink:href="mem.xsd#eba_x21" xlink:label="loc_eba_x21" />
    <link:definitionArc xlink:type="arc" xlink:arcrole="http://xbrl.org/int/dim/arcrole/domain-member" xlink:from="loc_eba_x0" xlink:to="loc_eba_x21" order="24" />
  </link:definitionLink>
  <link:definitionLink xlink:type="extended" xlink:role="http://www.eba.europa.eu/xbrl/crr/role/dict/dom/CU/CU3">
    <link:loc xlink:type="locator" xlink:href="../exp.xsd#eba_CU" xlink:label="loc_eba_CU" />
    <link:loc xlink:type="locator" xlink:href="mem.xsd#eba_x0" xlink:label="loc_eba_x0" />
    <link:definitionArc xlink:type="arc" xlink:arcrole="http://xbrl.org/int/dim/arcrole/domain-member" xlink:from="loc_eba_CU" xlink:to="loc_eba_x0" order="1" />
    <link:loc xlink:type="locator" xlink:href="mem.xsd#eba_AED" xlink:label="loc_eba_AED" />
    <link:definitionArc xlink:type="arc" xlink:arcrole="http://xbrl.org/int/dim/arcrole/domain-member" xlink:from="loc_eba_x0" xlink:to="loc_eba_AED" order="1" />
    <link:loc xlink:type="locator" xlink:href="mem.xsd#eba_AFN" xlink:label="loc_eba_AFN" />
    <link:definitionArc xlink:type="arc" xlink:arcrole="http://xbrl.org/int/dim/arcrole/domain-member" xlink:from="loc_eba_x0" xlink:to="loc_eba_AFN" order="2" />
    <link:loc xlink:type="locator" xlink:href="mem.xsd#eba_ALL" xlink:label="loc_eba_ALL" />
    <link:definitionArc xlink:type="arc" xlink:arcrole="http://xbrl.org/int/dim/arcrole/domain-member" xlink:from="loc_eba_x0" xlink:to="loc_eba_ALL" order="3" />
    <link:loc xlink:type="locator" xlink:href="mem.xsd#eba_AMD" xlink:label="loc_eba_AMD" />
    <link:definitionArc xlink:type="arc" xlink:arcrole="http://xbrl.org/int/dim/arcrole/domain-member" xlink:from="loc_eba_x0" xlink:to="loc_eba_AMD" order="4" />
    <link:loc xlink:type="locator" xlink:href="mem.xsd#eba_ANG" xlink:label="loc_eba_ANG" />
    <link:definitionArc xlink:type="arc" xlink:arcrole="http://xbrl.org/int/dim/arcrole/domain-member" xlink:from="loc_eba_x0" xlink:to="loc_eba_ANG" order="5" />
    <link:loc xlink:type="locator" xlink:href="mem.xsd#eba_AOA" xlink:label="loc_eba_AOA" />
    <link:definitionArc xlink:type="arc" xlink:arcrole="http://xbrl.org/int/dim/arcrole/domain-member" xlink:from="loc_eba_x0" xlink:to="loc_eba_AOA" order="6" />
    <link:loc xlink:type="locator" xlink:href="mem.xsd#eba_ARS" xlink:label="loc_eba_ARS" />
    <link:definitionArc xlink:type="arc" xlink:arcrole="http://xbrl.org/int/dim/arcrole/domain-member" xlink:from="loc_eba_x0" xlink:to="loc_eba_ARS" order="7" />
    <link:loc xlink:type="locator" xlink:href="mem.xsd#eba_AUD" xlink:label="loc_eba_AUD" />
    <link:definitionArc xlink:type="arc" xlink:arcrole="http://xbrl.org/int/dim/arcrole/domain-member" xlink:from="loc_eba_x0" xlink:to="loc_eba_AUD" order="8" />
    <link:loc xlink:type="locator" xlink:href="mem.xsd#eba_AWG" xlink:label="loc_eba_AWG" />
    <link:definitionArc xlink:type="arc" xlink:arcrole="http://xbrl.org/int/dim/arcrole/domain-member" xlink:from="loc_eba_x0" xlink:to="loc_eba_AWG" order="9" />
    <link:loc xlink:type="locator" xlink:href="mem.xsd#eba_AZN" xlink:label="loc_eba_AZN" />
    <link:definitionArc xlink:type="arc" xlink:arcrole="http://xbrl.org/int/dim/arcrole/domain-member" xlink:from="loc_eba_x0" xlink:to="loc_eba_AZN" order="10" />
    <link:loc xlink:type="locator" xlink:href="mem.xsd#eba_BAM" xlink:label="loc_eba_BAM" />
    <link:definitionArc xlink:type="arc" xlink:arcrole="http://xbrl.org/int/dim/arcrole/domain-member" xlink:from="loc_eba_x0" xlink:to="loc_eba_BAM" order="11" />
    <link:loc xlink:type="locator" xlink:href="mem.xsd#eba_BBD" xlink:label="loc_eba_BBD" />
    <link:definitionArc xlink:type="arc" xlink:arcrole="http://xbrl.org/int/dim/arcrole/domain-member" xlink:from="loc_eba_x0" xlink:to="loc_eba_BBD" order="12" />
    <link:loc xlink:type="locator" xlink:href="mem.xsd#eba_BDT" xlink:label="loc_eba_BDT" />
    <link:definitionArc xlink:type="arc" xlink:arcrole="http://xbrl.org/int/dim/arcrole/domain-member" xlink:from="loc_eba_x0" xlink:to="loc_eba_BDT" order="13" />
    <link:loc xlink:type="locator" xlink:href="mem.xsd#eba_BGN" xlink:label="loc_eba_BGN" />
    <link:definitionArc xlink:type="arc" xlink:arcrole="http://xbrl.org/int/dim/arcrole/domain-member" xlink:from="loc_eba_x0" xlink:to="loc_eba_BGN" order="14" />
    <link:loc xlink:type="locator" xlink:href="mem.xsd#eba_BHD" xlink:label="loc_eba_BHD" />
    <link:definitionArc xlink:type="arc" xlink:arcrole="http://xbrl.org/int/dim/arcrole/domain-member" xlink:from="loc_eba_x0" xlink:to="loc_eba_BHD" order="15" />
    <link:loc xlink:type="locator" xlink:href="mem.xsd#eba_BIF" xlink:label="loc_eba_BIF" />
    <link:definitionArc xlink:type="arc" xlink:arcrole="http://xbrl.org/int/dim/arcrole/domain-member" xlink:from="loc_eba_x0" xlink:to="loc_eba_BIF" order="16" />
    <link:loc xlink:type="locator" xlink:href="mem.xsd#eba_BMD" xlink:label="loc_eba_BMD" />
    <link:definitionArc xlink:type="arc" xlink:arcrole="http://xbrl.org/int/dim/arcrole/domain-member" xlink:from="loc_eba_x0" xlink:to="loc_eba_BMD" order="17" />
    <link:loc xlink:type="locator" xlink:href="mem.xsd#eba_BND" xlink:label="loc_eba_BND" />
    <link:definitionArc xlink:type="arc" xlink:arcrole="http://xbrl.org/int/dim/arcrole/domain-member" xlink:from="loc_eba_x0" xlink:to="loc_eba_BND" order="18" />
    <link:loc xlink:type="locator" xlink:href="mem.xsd#eba_BOB" xlink:label="loc_eba_BOB" />
    <link:definitionArc xlink:type="arc" xlink:arcrole="http://xbrl.org/int/dim/arcrole/domain-member" xlink:from="loc_eba_x0" xlink:to="loc_eba_BOB" order="19" />
    <link:loc xlink:type="locator" xlink:href="mem.xsd#eba_BOV" xlink:label="loc_eba_BOV" />
    <link:definitionArc xlink:type="arc" xlink:arcrole="http://xbrl.org/int/dim/arcrole/domain-member" xlink:from="loc_eba_x0" xlink:to="loc_eba_BOV" order="20" />
    <link:loc xlink:type="locator" xlink:href="mem.xsd#eba_BRL" xlink:label="loc_eba_BRL" />
    <link:definitionArc xlink:type="arc" xlink:arcrole="http://xbrl.org/int/dim/arcrole/domain-member" xlink:from="loc_eba_x0" xlink:to="loc_eba_BRL" order="21" />
    <link:loc xlink:type="locator" xlink:href="mem.xsd#eba_BSD" xlink:label="loc_eba_BSD" />
    <link:definitionArc xlink:type="arc" xlink:arcrole="http://xbrl.org/int/dim/arcrole/domain-member" xlink:from="loc_eba_x0" xlink:to="loc_eba_BSD" order="22" />
    <link:loc xlink:type="locator" xlink:href="mem.xsd#eba_BTN" xlink:label="loc_eba_BTN" />
    <link:definitionArc xlink:type="arc" xlink:arcrole="http://xbrl.org/int/dim/arcrole/domain-member" xlink:from="loc_eba_x0" xlink:to="loc_eba_BTN" order="23" />
    <link:loc xlink:type="locator" xlink:href="mem.xsd#eba_BWP" xlink:label="loc_eba_BWP" />
    <link:definitionArc xlink:type="arc" xlink:arcrole="http://xbrl.org/int/dim/arcrole/domain-member" xlink:from="loc_eba_x0" xlink:to="loc_eba_BWP" order="24" />
    <link:loc xlink:type="locator" xlink:href="mem.xsd#eba_BYR" xlink:label="loc_eba_BYR" />
    <link:definitionArc xlink:type="arc" xlink:arcrole="http://xbrl.org/int/dim/arcrole/domain-member" xlink:from="loc_eba_x0" xlink:to="loc_eba_BYR" order="25" />
    <link:loc xlink:type="locator" xlink:href="mem.xsd#eba_BZD" xlink:label="loc_eba_BZD" />
    <link:definitionArc xlink:type="arc" xlink:arcrole="http://xbrl.org/int/dim/arcrole/domain-member" xlink:from="loc_eba_x0" xlink:to="loc_eba_BZD" order="26" />
    <link:loc xlink:type="locator" xlink:href="mem.xsd#eba_CAD" xlink:label="loc_eba_CAD" />
    <link:definitionArc xlink:type="arc" xlink:arcrole="http://xbrl.org/int/dim/arcrole/domain-member" xlink:from="loc_eba_x0" xlink:to="loc_eba_CAD" order="27" />
    <link:loc xlink:type="locator" xlink:href="mem.xsd#eba_CDF" xlink:label="loc_eba_CDF" />
    <link:definitionArc xlink:type="arc" xlink:arcrole="http://xbrl.org/int/dim/arcrole/domain-member" xlink:from="loc_eba_x0" xlink:to="loc_eba_CDF" order="28" />
    <link:loc xlink:type="locator" xlink:href="mem.xsd#eba_CHE" xlink:label="loc_eba_CHE" />
    <link:definitionArc xlink:type="arc" xlink:arcrole="http://xbrl.org/int/dim/arcrole/domain-member" xlink:from="loc_eba_x0" xlink:to="loc_eba_CHE" order="29" />
    <link:loc xlink:type="locator" xlink:href="mem.xsd#eba_CHF" xlink:label="loc_eba_CHF" />
    <link:definitionArc xlink:type="arc" xlink:arcrole="http://xbrl.org/int/dim/arcrole/domain-member" xlink:from="loc_eba_x0" xlink:to="loc_eba_CHF" order="30" />
    <link:loc xlink:type="locator" xlink:href="mem.xsd#eba_CHW" xlink:label="loc_eba_CHW" />
    <link:definitionArc xlink:type="arc" xlink:arcrole="http://xbrl.org/int/dim/arcrole/domain-member" xlink:from="loc_eba_x0" xlink:to="loc_eba_CHW" order="31" />
    <link:loc xlink:type="locator" xlink:href="mem.xsd#eba_CLF" xlink:label="loc_eba_CLF" />
    <link:definitionArc xlink:type="arc" xlink:arcrole="http://xbrl.org/int/dim/arcrole/domain-member" xlink:from="loc_eba_x0" xlink:to="loc_eba_CLF" order="32" />
    <link:loc xlink:type="locator" xlink:href="mem.xsd#eba_CLP" xlink:label="loc_eba_CLP" />
    <link:definitionArc xlink:type="arc" xlink:arcrole="http://xbrl.org/int/dim/arcrole/domain-member" xlink:from="loc_eba_x0" xlink:to="loc_eba_CLP" order="33" />
    <link:loc xlink:type="locator" xlink:href="mem.xsd#eba_CNY" xlink:label="loc_eba_CNY" />
    <link:definitionArc xlink:type="arc" xlink:arcrole="http://xbrl.org/int/dim/arcrole/domain-member" xlink:from="loc_eba_x0" xlink:to="loc_eba_CNY" order="34" />
    <link:loc xlink:type="locator" xlink:href="mem.xsd#eba_COP" xlink:label="loc_eba_COP" />
    <link:definitionArc xlink:type="arc" xlink:arcrole="http://xbrl.org/int/dim/arcrole/domain-member" xlink:from="loc_eba_x0" xlink:to="loc_eba_COP" order="35" />
    <link:loc xlink:type="locator" xlink:href="mem.xsd#eba_COU" xlink:label="loc_eba_COU" />
    <link:definitionArc xlink:type="arc" xlink:arcrole="http://xbrl.org/int/dim/arcrole/domain-member" xlink:from="loc_eba_x0" xlink:to="loc_eba_COU" order="36" />
    <link:loc xlink:type="locator" xlink:href="mem.xsd#eba_CRC" xlink:label="loc_eba_CRC" />
    <link:definitionArc xlink:type="arc" xlink:arcrole="http://xbrl.org/int/dim/arcrole/domain-member" xlink:from="loc_eba_x0" xlink:to="loc_eba_CRC" order="37" />
    <link:loc xlink:type="locator" xlink:href="mem.xsd#eba_CUC" xlink:label="loc_eba_CUC" />
    <link:definitionArc xlink:type="arc" xlink:arcrole="http://xbrl.org/int/dim/arcrole/domain-member" xlink:from="loc_eba_x0" xlink:to="loc_eba_CUC" order="38" />
    <link:loc xlink:type="locator" xlink:href="mem.xsd#eba_CUP" xlink:label="loc_eba_CUP" />
    <link:definitionArc xlink:type="arc" xlink:arcrole="http://xbrl.org/int/dim/arcrole/domain-member" xlink:from="loc_eba_x0" xlink:to="loc_eba_CUP" order="39" />
    <link:loc xlink:type="locator" xlink:href="mem.xsd#eba_CVE" xlink:label="loc_eba_CVE" />
    <link:definitionArc xlink:type="arc" xlink:arcrole="http://xbrl.org/int/dim/arcrole/domain-member" xlink:from="loc_eba_x0" xlink:to="loc_eba_CVE" order="40" />
    <link:loc xlink:type="locator" xlink:href="mem.xsd#eba_CZK" xlink:label="loc_eba_CZK" />
    <link:definitionArc xlink:type="arc" xlink:arcrole="http://xbrl.org/int/dim/arcrole/domain-member" xlink:from="loc_eba_x0" xlink:to="loc_eba_CZK" order="41" />
    <link:loc xlink:type="locator" xlink:href="mem.xsd#eba_DJF" xlink:label="loc_eba_DJF" />
    <link:definitionArc xlink:type="arc" xlink:arcrole="http://xbrl.org/int/dim/arcrole/domain-member" xlink:from="loc_eba_x0" xlink:to="loc_eba_DJF" order="42" />
    <link:loc xlink:type="locator" xlink:href="mem.xsd#eba_DKK" xlink:label="loc_eba_DKK" />
    <link:definitionArc xlink:type="arc" xlink:arcrole="http://xbrl.org/int/dim/arcrole/domain-member" xlink:from="loc_eba_x0" xlink:to="loc_eba_DKK" order="43" />
    <link:loc xlink:type="locator" xlink:href="mem.xsd#eba_DOP" xlink:label="loc_eba_DOP" />
    <link:definitionArc xlink:type="arc" xlink:arcrole="http://xbrl.org/int/dim/arcrole/domain-member" xlink:from="loc_eba_x0" xlink:to="loc_eba_DOP" order="44" />
    <link:loc xlink:type="locator" xlink:href="mem.xsd#eba_DZD" xlink:label="loc_eba_DZD" />
    <link:definitionArc xlink:type="arc" xlink:arcrole="http://xbrl.org/int/dim/arcrole/domain-member" xlink:from="loc_eba_x0" xlink:to="loc_eba_DZD" order="45" />
    <link:loc xlink:type="locator" xlink:href="mem.xsd#eba_EGP" xlink:label="loc_eba_EGP" />
    <link:definitionArc xlink:type="arc" xlink:arcrole="http://xbrl.org/int/dim/arcrole/domain-member" xlink:from="loc_eba_x0" xlink:to="loc_eba_EGP" order="46" />
    <link:loc xlink:type="locator" xlink:href="mem.xsd#eba_ERN" xlink:label="loc_eba_ERN" />
    <link:definitionArc xlink:type="arc" xlink:arcrole="http://xbrl.org/int/dim/arcrole/domain-member" xlink:from="loc_eba_x0" xlink:to="loc_eba_ERN" order="47" />
    <link:loc xlink:type="locator" xlink:href="mem.xsd#eba_ETB" xlink:label="loc_eba_ETB" />
    <link:definitionArc xlink:type="arc" xlink:arcrole="http://xbrl.org/int/dim/arcrole/domain-member" xlink:from="loc_eba_x0" xlink:to="loc_eba_ETB" order="48" />
    <link:loc xlink:type="locator" xlink:href="mem.xsd#eba_EUR" xlink:label="loc_eba_EUR" />
    <link:definitionArc xlink:type="arc" xlink:arcrole="http://xbrl.org/int/dim/arcrole/domain-member" xlink:from="loc_eba_x0" xlink:to="loc_eba_EUR" order="49" />
    <link:loc xlink:type="locator" xlink:href="mem.xsd#eba_FJD" xlink:label="loc_eba_FJD" />
    <link:definitionArc xlink:type="arc" xlink:arcrole="http://xbrl.org/int/dim/arcrole/domain-member" xlink:from="loc_eba_x0" xlink:to="loc_eba_FJD" order="50" />
    <link:loc xlink:type="locator" xlink:href="mem.xsd#eba_FKP" xlink:label="loc_eba_FKP" />
    <link:definitionArc xlink:type="arc" xlink:arcrole="http://xbrl.org/int/dim/arcrole/domain-member" xlink:from="loc_eba_x0" xlink:to="loc_eba_FKP" order="51" />
    <link:loc xlink:type="locator" xlink:href="mem.xsd#eba_GBP" xlink:label="loc_eba_GBP" />
    <link:definitionArc xlink:type="arc" xlink:arcrole="http://xbrl.org/int/dim/arcrole/domain-member" xlink:from="loc_eba_x0" xlink:to="loc_eba_GBP" order="52" />
    <link:loc xlink:type="locator" xlink:href="mem.xsd#eba_GEL" xlink:label="loc_eba_GEL" />
    <link:definitionArc xlink:type="arc" xlink:arcrole="http://xbrl.org/int/dim/arcrole/domain-member" xlink:from="loc_eba_x0" xlink:to="loc_eba_GEL" order="53" />
    <link:loc xlink:type="locator" xlink:href="mem.xsd#eba_GHS" xlink:label="loc_eba_GHS" />
    <link:definitionArc xlink:type="arc" xlink:arcrole="http://xbrl.org/int/dim/arcrole/domain-member" xlink:from="loc_eba_x0" xlink:to="loc_eba_GHS" order="54" />
    <link:loc xlink:type="locator" xlink:href="mem.xsd#eba_GIP" xlink:label="loc_eba_GIP" />
    <link:definitionArc xlink:type="arc" xlink:arcrole="http://xbrl.org/int/dim/arcrole/domain-member" xlink:from="loc_eba_x0" xlink:to="loc_eba_GIP" order="55" />
    <link:loc xlink:type="locator" xlink:href="mem.xsd#eba_GMD" xlink:label="loc_eba_GMD" />
    <link:definitionArc xlink:type="arc" xlink:arcrole="http://xbrl.org/int/dim/arcrole/domain-member" xlink:from="loc_eba_x0" xlink:to="loc_eba_GMD" order="56" />
    <link:loc xlink:type="locator" xlink:href="mem.xsd#eba_GNF" xlink:label="loc_eba_GNF" />
    <link:definitionArc xlink:type="arc" xlink:arcrole="http://xbrl.org/int/dim/arcrole/domain-member" xlink:from="loc_eba_x0" xlink:to="loc_eba_GNF" order="57" />
    <link:loc xlink:type="locator" xlink:href="mem.xsd#eba_GTQ" xlink:label="loc_eba_GTQ" />
    <link:definitionArc xlink:type="arc" xlink:arcrole="http://xbrl.org/int/dim/arcrole/domain-member" xlink:from="loc_eba_x0" xlink:to="loc_eba_GTQ" order="58" />
    <link:loc xlink:type="locator" xlink:href="mem.xsd#eba_GYD" xlink:label="loc_eba_GYD" />
    <link:definitionArc xlink:type="arc" xlink:arcrole="http://xbrl.org/int/dim/arcrole/domain-member" xlink:from="loc_eba_x0" xlink:to="loc_eba_GYD" order="59" />
    <link:loc xlink:type="locator" xlink:href="mem.xsd#eba_HKD" xlink:label="loc_eba_HKD" />
    <link:definitionArc xlink:type="arc" xlink:arcrole="http://xbrl.org/int/dim/arcrole/domain-member" xlink:from="loc_eba_x0" xlink:to="loc_eba_HKD" order="60" />
    <link:loc xlink:type="locator" xlink:href="mem.xsd#eba_HNL" xlink:label="loc_eba_HNL" />
    <link:definitionArc xlink:type="arc" xlink:arcrole="http://xbrl.org/int/dim/arcrole/domain-member" xlink:from="loc_eba_x0" xlink:to="loc_eba_HNL" order="61" />
    <link:loc xlink:type="locator" xlink:href="mem.xsd#eba_HRK" xlink:label="loc_eba_HRK" />
    <link:definitionArc xlink:type="arc" xlink:arcrole="http://xbrl.org/int/dim/arcrole/domain-member" xlink:from="loc_eba_x0" xlink:to="loc_eba_HRK" order="62" />
    <link:loc xlink:type="locator" xlink:href="mem.xsd#eba_HTG" xlink:label="loc_eba_HTG" />
    <link:definitionArc xlink:type="arc" xlink:arcrole="http://xbrl.org/int/dim/arcrole/domain-member" xlink:from="loc_eba_x0" xlink:to="loc_eba_HTG" order="63" />
    <link:loc xlink:type="locator" xlink:href="mem.xsd#eba_HUF" xlink:label="loc_eba_HUF" />
    <link:definitionArc xlink:type="arc" xlink:arcrole="http://xbrl.org/int/dim/arcrole/domain-member" xlink:from="loc_eba_x0" xlink:to="loc_eba_HUF" order="64" />
    <link:loc xlink:type="locator" xlink:href="mem.xsd#eba_IDR" xlink:label="loc_eba_IDR" />
    <link:definitionArc xlink:type="arc" xlink:arcrole="http://xbrl.org/int/dim/arcrole/domain-member" xlink:from="loc_eba_x0" xlink:to="loc_eba_IDR" order="65" />
    <link:loc xlink:type="locator" xlink:href="mem.xsd#eba_ILS" xlink:label="loc_eba_ILS" />
    <link:definitionArc xlink:type="arc" xlink:arcrole="http://xbrl.org/int/dim/arcrole/domain-member" xlink:from="loc_eba_x0" xlink:to="loc_eba_ILS" order="66" />
    <link:loc xlink:type="locator" xlink:href="mem.xsd#eba_INR" xlink:label="loc_eba_INR" />
    <link:definitionArc xlink:type="arc" xlink:arcrole="http://xbrl.org/int/dim/arcrole/domain-member" xlink:from="loc_eba_x0" xlink:to="loc_eba_INR" order="67" />
    <link:loc xlink:type="locator" xlink:href="mem.xsd#eba_IQD" xlink:label="loc_eba_IQD" />
    <link:definitionArc xlink:type="arc" xlink:arcrole="http://xbrl.org/int/dim/arcrole/domain-member" xlink:from="loc_eba_x0" xlink:to="loc_eba_IQD" order="68" />
    <link:loc xlink:type="locator" xlink:href="mem.xsd#eba_IRR" xlink:label="loc_eba_IRR" />
    <link:definitionArc xlink:type="arc" xlink:arcrole="http://xbrl.org/int/dim/arcrole/domain-member" xlink:from="loc_eba_x0" xlink:to="loc_eba_IRR" order="69" />
    <link:loc xlink:type="locator" xlink:href="mem.xsd#eba_ISK" xlink:label="loc_eba_ISK" />
    <link:definitionArc xlink:type="arc" xlink:arcrole="http://xbrl.org/int/dim/arcrole/domain-member" xlink:from="loc_eba_x0" xlink:to="loc_eba_ISK" order="70" />
    <link:loc xlink:type="locator" xlink:href="mem.xsd#eba_JMD" xlink:label="loc_eba_JMD" />
    <link:definitionArc xlink:type="arc" xlink:arcrole="http://xbrl.org/int/dim/arcrole/domain-member" xlink:from="loc_eba_x0" xlink:to="loc_eba_JMD" order="71" />
    <link:loc xlink:type="locator" xlink:href="mem.xsd#eba_JOD" xlink:label="loc_eba_JOD" />
    <link:definitionArc xlink:type="arc" xlink:arcrole="http://xbrl.org/int/dim/arcrole/domain-member" xlink:from="loc_eba_x0" xlink:to="loc_eba_JOD" order="72" />
    <link:loc xlink:type="locator" xlink:href="mem.xsd#eba_JPY" xlink:label="loc_eba_JPY" />
    <link:definitionArc xlink:type="arc" xlink:arcrole="http://xbrl.org/int/dim/arcrole/domain-member" xlink:from="loc_eba_x0" xlink:to="loc_eba_JPY" order="73" />
    <link:loc xlink:type="locator" xlink:href="mem.xsd#eba_KES" xlink:label="loc_eba_KES" />
    <link:definitionArc xlink:type="arc" xlink:arcrole="http://xbrl.org/int/dim/arcrole/domain-member" xlink:from="loc_eba_x0" xlink:to="loc_eba_KES" order="74" />
    <link:loc xlink:type="locator" xlink:href="mem.xsd#eba_KGS" xlink:label="loc_eba_KGS" />
    <link:definitionArc xlink:type="arc" xlink:arcrole="http://xbrl.org/int/dim/arcrole/domain-member" xlink:from="loc_eba_x0" xlink:to="loc_eba_KGS" order="75" />
    <link:loc xlink:type="locator" xlink:href="mem.xsd#eba_KHR" xlink:label="loc_eba_KHR" />
    <link:definitionArc xlink:type="arc" xlink:arcrole="http://xbrl.org/int/dim/arcrole/domain-member" xlink:from="loc_eba_x0" xlink:to="loc_eba_KHR" order="76" />
    <link:loc xlink:type="locator" xlink:href="mem.xsd#eba_KMF" xlink:label="loc_eba_KMF" />
    <link:definitionArc xlink:type="arc" xlink:arcrole="http://xbrl.org/int/dim/arcrole/domain-member" xlink:from="loc_eba_x0" xlink:to="loc_eba_KMF" order="77" />
    <link:loc xlink:type="locator" xlink:href="mem.xsd#eba_KPW" xlink:label="loc_eba_KPW" />
    <link:definitionArc xlink:type="arc" xlink:arcrole="http://xbrl.org/int/dim/arcrole/domain-member" xlink:from="loc_eba_x0" xlink:to="loc_eba_KPW" order="78" />
    <link:loc xlink:type="locator" xlink:href="mem.xsd#eba_KRW" xlink:label="loc_eba_KRW" />
    <link:definitionArc xlink:type="arc" xlink:arcrole="http://xbrl.org/int/dim/arcrole/domain-member" xlink:from="loc_eba_x0" xlink:to="loc_eba_KRW" order="79" />
    <link:loc xlink:type="locator" xlink:href="mem.xsd#eba_KWD" xlink:label="loc_eba_KWD" />
    <link:definitionArc xlink:type="arc" xlink:arcrole="http://xbrl.org/int/dim/arcrole/domain-member" xlink:from="loc_eba_x0" xlink:to="loc_eba_KWD" order="80" />
    <link:loc xlink:type="locator" xlink:href="mem.xsd#eba_KYD" xlink:label="loc_eba_KYD" />
    <link:definitionArc xlink:type="arc" xlink:arcrole="http://xbrl.org/int/dim/arcrole/domain-member" xlink:from="loc_eba_x0" xlink:to="loc_eba_KYD" order="81" />
    <link:loc xlink:type="locator" xlink:href="mem.xsd#eba_KZT" xlink:label="loc_eba_KZT" />
    <link:definitionArc xlink:type="arc" xlink:arcrole="http://xbrl.org/int/dim/arcrole/domain-member" xlink:from="loc_eba_x0" xlink:to="loc_eba_KZT" order="82" />
    <link:loc xlink:type="locator" xlink:href="mem.xsd#eba_LAK" xlink:label="loc_eba_LAK" />
    <link:definitionArc xlink:type="arc" xlink:arcrole="http://xbrl.org/int/dim/arcrole/domain-member" xlink:from="loc_eba_x0" xlink:to="loc_eba_LAK" order="83" />
    <link:loc xlink:type="locator" xlink:href="mem.xsd#eba_LBP" xlink:label="loc_eba_LBP" />
    <link:definitionArc xlink:type="arc" xlink:arcrole="http://xbrl.org/int/dim/arcrole/domain-member" xlink:from="loc_eba_x0" xlink:to="loc_eba_LBP" order="84" />
    <link:loc xlink:type="locator" xlink:href="mem.xsd#eba_LKR" xlink:label="loc_eba_LKR" />
    <link:definitionArc xlink:type="arc" xlink:arcrole="http://xbrl.org/int/dim/arcrole/domain-member" xlink:from="loc_eba_x0" xlink:to="loc_eba_LKR" order="85" />
    <link:loc xlink:type="locator" xlink:href="mem.xsd#eba_LRD" xlink:label="loc_eba_LRD" />
    <link:definitionArc xlink:type="arc" xlink:arcrole="http://xbrl.org/int/dim/arcrole/domain-member" xlink:from="loc_eba_x0" xlink:to="loc_eba_LRD" order="86" />
    <link:loc xlink:type="locator" xlink:href="mem.xsd#eba_LSL" xlink:label="loc_eba_LSL" />
    <link:definitionArc xlink:type="arc" xlink:arcrole="http://xbrl.org/int/dim/arcrole/domain-member" xlink:from="loc_eba_x0" xlink:to="loc_eba_LSL" order="87" />
    <link:loc xlink:type="locator" xlink:href="mem.xsd#eba_LTL" xlink:label="loc_eba_LTL" />
    <link:definitionArc xlink:type="arc" xlink:arcrole="http://xbrl.org/int/dim/arcrole/domain-member" xlink:from="loc_eba_x0" xlink:to="loc_eba_LTL" order="88" />
    <link:loc xlink:type="locator" xlink:href="mem.xsd#eba_LVL" xlink:label="loc_eba_LVL" />
    <link:definitionArc xlink:type="arc" xlink:arcrole="http://xbrl.org/int/dim/arcrole/domain-member" xlink:from="loc_eba_x0" xlink:to="loc_eba_LVL" order="89" />
    <link:loc xlink:type="locator" xlink:href="mem.xsd#eba_LYD" xlink:label="loc_eba_LYD" />
    <link:definitionArc xlink:type="arc" xlink:arcrole="http://xbrl.org/int/dim/arcrole/domain-member" xlink:from="loc_eba_x0" xlink:to="loc_eba_LYD" order="90" />
    <link:loc xlink:type="locator" xlink:href="mem.xsd#eba_MAD" xlink:label="loc_eba_MAD" />
    <link:definitionArc xlink:type="arc" xlink:arcrole="http://xbrl.org/int/dim/arcrole/domain-member" xlink:from="loc_eba_x0" xlink:to="loc_eba_MAD" order="91" />
    <link:loc xlink:type="locator" xlink:href="mem.xsd#eba_MDL" xlink:label="loc_eba_MDL" />
    <link:definitionArc xlink:type="arc" xlink:arcrole="http://xbrl.org/int/dim/arcrole/domain-member" xlink:from="loc_eba_x0" xlink:to="loc_eba_MDL" order="92" />
    <link:loc xlink:type="locator" xlink:href="mem.xsd#eba_MGA" xlink:label="loc_eba_MGA" />
    <link:definitionArc xlink:type="arc" xlink:arcrole="http://xbrl.org/int/dim/arcrole/domain-member" xlink:from="loc_eba_x0" xlink:to="loc_eba_MGA" order="93" />
    <link:loc xlink:type="locator" xlink:href="mem.xsd#eba_MKD" xlink:label="loc_eba_MKD" />
    <link:definitionArc xlink:type="arc" xlink:arcrole="http://xbrl.org/int/dim/arcrole/domain-member" xlink:from="loc_eba_x0" xlink:to="loc_eba_MKD" order="94" />
    <link:loc xlink:type="locator" xlink:href="mem.xsd#eba_MMK" xlink:label="loc_eba_MMK" />
    <link:definitionArc xlink:type="arc" xlink:arcrole="http://xbrl.org/int/dim/arcrole/domain-member" xlink:from="loc_eba_x0" xlink:to="loc_eba_MMK" order="95" />
    <link:loc xlink:type="locator" xlink:href="mem.xsd#eba_MNT" xlink:label="loc_eba_MNT" />
    <link:definitionArc xlink:type="arc" xlink:arcrole="http://xbrl.org/int/dim/arcrole/domain-member" xlink:from="loc_eba_x0" xlink:to="loc_eba_MNT" order="96" />
    <link:loc xlink:type="locator" xlink:href="mem.xsd#eba_MOP" xlink:label="loc_eba_MOP" />
    <link:definitionArc xlink:type="arc" xlink:arcrole="http://xbrl.org/int/dim/arcrole/domain-member" xlink:from="loc_eba_x0" xlink:to="loc_eba_MOP" order="97" />
    <link:loc xlink:type="locator" xlink:href="mem.xsd#eba_MRO" xlink:label="loc_eba_MRO" />
    <link:definitionArc xlink:type="arc" xlink:arcrole="http://xbrl.org/int/dim/arcrole/domain-member" xlink:from="loc_eba_x0" xlink:to="loc_eba_MRO" order="98" />
    <link:loc xlink:type="locator" xlink:href="mem.xsd#eba_MUR" xlink:label="loc_eba_MUR" />
    <link:definitionArc xlink:type="arc" xlink:arcrole="http://xbrl.org/int/dim/arcrole/domain-member" xlink:from="loc_eba_x0" xlink:to="loc_eba_MUR" order="99" />
    <link:loc xlink:type="locator" xlink:href="mem.xsd#eba_MVR" xlink:label="loc_eba_MVR" />
    <link:definitionArc xlink:type="arc" xlink:arcrole="http://xbrl.org/int/dim/arcrole/domain-member" xlink:from="loc_eba_x0" xlink:to="loc_eba_MVR" order="100" />
    <link:loc xlink:type="locator" xlink:href="mem.xsd#eba_MWK" xlink:label="loc_eba_MWK" />
    <link:definitionArc xlink:type="arc" xlink:arcrole="http://xbrl.org/int/dim/arcrole/domain-member" xlink:from="loc_eba_x0" xlink:to="loc_eba_MWK" order="101" />
    <link:loc xlink:type="locator" xlink:href="mem.xsd#eba_MXN" xlink:label="loc_eba_MXN" />
    <link:definitionArc xlink:type="arc" xlink:arcrole="http://xbrl.org/int/dim/arcrole/domain-member" xlink:from="loc_eba_x0" xlink:to="loc_eba_MXN" order="102" />
    <link:loc xlink:type="locator" xlink:href="mem.xsd#eba_MYR" xlink:label="loc_eba_MYR" />
    <link:definitionArc xlink:type="arc" xlink:arcrole="http://xbrl.org/int/dim/arcrole/domain-member" xlink:from="loc_eba_x0" xlink:to="loc_eba_MYR" order="103" />
    <link:loc xlink:type="locator" xlink:href="mem.xsd#eba_MZN" xlink:label="loc_eba_MZN" />
    <link:definitionArc xlink:type="arc" xlink:arcrole="http://xbrl.org/int/dim/arcrole/domain-member" xlink:from="loc_eba_x0" xlink:to="loc_eba_MZN" order="104" />
    <link:loc xlink:type="locator" xlink:href="mem.xsd#eba_NAD" xlink:label="loc_eba_NAD" />
    <link:definitionArc xlink:type="arc" xlink:arcrole="http://xbrl.org/int/dim/arcrole/domain-member" xlink:from="loc_eba_x0" xlink:to="loc_eba_NAD" order="105" />
    <link:loc xlink:type="locator" xlink:href="mem.xsd#eba_NGN" xlink:label="loc_eba_NGN" />
    <link:definitionArc xlink:type="arc" xlink:arcrole="http://xbrl.org/int/dim/arcrole/domain-member" xlink:from="loc_eba_x0" xlink:to="loc_eba_NGN" order="106" />
    <link:loc xlink:type="locator" xlink:href="mem.xsd#eba_NIO" xlink:label="loc_eba_NIO" />
    <link:definitionArc xlink:type="arc" xlink:arcrole="http://xbrl.org/int/dim/arcrole/domain-member" xlink:from="loc_eba_x0" xlink:to="loc_eba_NIO" order="107" />
    <link:loc xlink:type="locator" xlink:href="mem.xsd#eba_NOK" xlink:label="loc_eba_NOK" />
    <link:definitionArc xlink:type="arc" xlink:arcrole="http://xbrl.org/int/dim/arcrole/domain-member" xlink:from="loc_eba_x0" xlink:to="loc_eba_NOK" order="108" />
    <link:loc xlink:type="locator" xlink:href="mem.xsd#eba_NPR" xlink:label="loc_eba_NPR" />
    <link:definitionArc xlink:type="arc" xlink:arcrole="http://xbrl.org/int/dim/arcrole/domain-member" xlink:from="loc_eba_x0" xlink:to="loc_eba_NPR" order="109" />
    <link:loc xlink:type="locator" xlink:href="mem.xsd#eba_NZD" xlink:label="loc_eba_NZD" />
    <link:definitionArc xlink:type="arc" xlink:arcrole="http://xbrl.org/int/dim/arcrole/domain-member" xlink:from="loc_eba_x0" xlink:to="loc_eba_NZD" order="110" />
    <link:loc xlink:type="locator" xlink:href="mem.xsd#eba_OMR" xlink:label="loc_eba_OMR" />
    <link:definitionArc xlink:type="arc" xlink:arcrole="http://xbrl.org/int/dim/arcrole/domain-member" xlink:from="loc_eba_x0" xlink:to="loc_eba_OMR" order="111" />
    <link:loc xlink:type="locator" xlink:href="mem.xsd#eba_PAB" xlink:label="loc_eba_PAB" />
    <link:definitionArc xlink:type="arc" xlink:arcrole="http://xbrl.org/int/dim/arcrole/domain-member" xlink:from="loc_eba_x0" xlink:to="loc_eba_PAB" order="112" />
    <link:loc xlink:type="locator" xlink:href="mem.xsd#eba_PEN" xlink:label="loc_eba_PEN" />
    <link:definitionArc xlink:type="arc" xlink:arcrole="http://xbrl.org/int/dim/arcrole/domain-member" xlink:from="loc_eba_x0" xlink:to="loc_eba_PEN" order="113" />
    <link:loc xlink:type="locator" xlink:href="mem.xsd#eba_PGK" xlink:label="loc_eba_PGK" />
    <link:definitionArc xlink:type="arc" xlink:arcrole="http://xbrl.org/int/dim/arcrole/domain-member" xlink:from="loc_eba_x0" xlink:to="loc_eba_PGK" order="114" />
    <link:loc xlink:type="locator" xlink:href="mem.xsd#eba_PHP" xlink:label="loc_eba_PHP" />
    <link:definitionArc xlink:type="arc" xlink:arcrole="http://xbrl.org/int/dim/arcrole/domain-member" xlink:from="loc_eba_x0" xlink:to="loc_eba_PHP" order="115" />
    <link:loc xlink:type="locator" xlink:href="mem.xsd#eba_PKR" xlink:label="loc_eba_PKR" />
    <link:definitionArc xlink:type="arc" xlink:arcrole="http://xbrl.org/int/dim/arcrole/domain-member" xlink:from="loc_eba_x0" xlink:to="loc_eba_PKR" order="116" />
    <link:loc xlink:type="locator" xlink:href="mem.xsd#eba_PLN" xlink:label="loc_eba_PLN" />
    <link:definitionArc xlink:type="arc" xlink:arcrole="http://xbrl.org/int/dim/arcrole/domain-member" xlink:from="loc_eba_x0" xlink:to="loc_eba_PLN" order="117" />
    <link:loc xlink:type="locator" xlink:href="mem.xsd#eba_PYG" xlink:label="loc_eba_PYG" />
    <link:definitionArc xlink:type="arc" xlink:arcrole="http://xbrl.org/int/dim/arcrole/domain-member" xlink:from="loc_eba_x0" xlink:to="loc_eba_PYG" order="118" />
    <link:loc xlink:type="locator" xlink:href="mem.xsd#eba_QAR" xlink:label="loc_eba_QAR" />
    <link:definitionArc xlink:type="arc" xlink:arcrole="http://xbrl.org/int/dim/arcrole/domain-member" xlink:from="loc_eba_x0" xlink:to="loc_eba_QAR" order="119" />
    <link:loc xlink:type="locator" xlink:href="mem.xsd#eba_RON" xlink:label="loc_eba_RON" />
    <link:definitionArc xlink:type="arc" xlink:arcrole="http://xbrl.org/int/dim/arcrole/domain-member" xlink:from="loc_eba_x0" xlink:to="loc_eba_RON" order="120" />
    <link:loc xlink:type="locator" xlink:href="mem.xsd#eba_RSD" xlink:label="loc_eba_RSD" />
    <link:definitionArc xlink:type="arc" xlink:arcrole="http://xbrl.org/int/dim/arcrole/domain-member" xlink:from="loc_eba_x0" xlink:to="loc_eba_RSD" order="121" />
    <link:loc xlink:type="locator" xlink:href="mem.xsd#eba_RUB" xlink:label="loc_eba_RUB" />
    <link:definitionArc xlink:type="arc" xlink:arcrole="http://xbrl.org/int/dim/arcrole/domain-member" xlink:from="loc_eba_x0" xlink:to="loc_eba_RUB" order="122" />
    <link:loc xlink:type="locator" xlink:href="mem.xsd#eba_RWF" xlink:label="loc_eba_RWF" />
    <link:definitionArc xlink:type="arc" xlink:arcrole="http://xbrl.org/int/dim/arcrole/domain-member" xlink:from="loc_eba_x0" xlink:to="loc_eba_RWF" order="123" />
    <link:loc xlink:type="locator" xlink:href="mem.xsd#eba_SAR" xlink:label="loc_eba_SAR" />
    <link:definitionArc xlink:type="arc" xlink:arcrole="http://xbrl.org/int/dim/arcrole/domain-member" xlink:from="loc_eba_x0" xlink:to="loc_eba_SAR" order="124" />
    <link:loc xlink:type="locator" xlink:href="mem.xsd#eba_SBD" xlink:label="loc_eba_SBD" />
    <link:definitionArc xlink:type="arc" xlink:arcrole="http://xbrl.org/int/dim/arcrole/domain-member" xlink:from="loc_eba_x0" xlink:to="loc_eba_SBD" order="125" />
    <link:loc xlink:type="locator" xlink:href="mem.xsd#eba_SCR" xlink:label="loc_eba_SCR" />
    <link:definitionArc xlink:type="arc" xlink:arcrole="http://xbrl.org/int/dim/arcrole/domain-member" xlink:from="loc_eba_x0" xlink:to="loc_eba_SCR" order="126" />
    <link:loc xlink:type="locator" xlink:href="mem.xsd#eba_SDG" xlink:label="loc_eba_SDG" />
    <link:definitionArc xlink:type="arc" xlink:arcrole="http://xbrl.org/int/dim/arcrole/domain-member" xlink:from="loc_eba_x0" xlink:to="loc_eba_SDG" order="127" />
    <link:loc xlink:type="locator" xlink:href="mem.xsd#eba_SEK" xlink:label="loc_eba_SEK" />
    <link:definitionArc xlink:type="arc" xlink:arcrole="http://xbrl.org/int/dim/arcrole/domain-member" xlink:from="loc_eba_x0" xlink:to="loc_eba_SEK" order="128" />
    <link:loc xlink:type="locator" xlink:href="mem.xsd#eba_SGD" xlink:label="loc_eba_SGD" />
    <link:definitionArc xlink:type="arc" xlink:arcrole="http://xbrl.org/int/dim/arcrole/domain-member" xlink:from="loc_eba_x0" xlink:to="loc_eba_SGD" order="129" />
    <link:loc xlink:type="locator" xlink:href="mem.xsd#eba_SHP" xlink:label="loc_eba_SHP" />
    <link:definitionArc xlink:type="arc" xlink:arcrole="http://xbrl.org/int/dim/arcrole/domain-member" xlink:from="loc_eba_x0" xlink:to="loc_eba_SHP" order="130" />
    <link:loc xlink:type="locator" xlink:href="mem.xsd#eba_SLL" xlink:label="loc_eba_SLL" />
    <link:definitionArc xlink:type="arc" xlink:arcrole="http://xbrl.org/int/dim/arcrole/domain-member" xlink:from="loc_eba_x0" xlink:to="loc_eba_SLL" order="131" />
    <link:loc xlink:type="locator" xlink:href="mem.xsd#eba_SOS" xlink:label="loc_eba_SOS" />
    <link:definitionArc xlink:type="arc" xlink:arcrole="http://xbrl.org/int/dim/arcrole/domain-member" xlink:from="loc_eba_x0" xlink:to="loc_eba_SOS" order="132" />
    <link:loc xlink:type="locator" xlink:href="mem.xsd#eba_SRD" xlink:label="loc_eba_SRD" />
    <link:definitionArc xlink:type="arc" xlink:arcrole="http://xbrl.org/int/dim/arcrole/domain-member" xlink:from="loc_eba_x0" xlink:to="loc_eba_SRD" order="133" />
    <link:loc xlink:type="locator" xlink:href="mem.xsd#eba_SSP" xlink:label="loc_eba_SSP" />
    <link:definitionArc xlink:type="arc" xlink:arcrole="http://xbrl.org/int/dim/arcrole/domain-member" xlink:from="loc_eba_x0" xlink:to="loc_eba_SSP" order="134" />
    <link:loc xlink:type="locator" xlink:href="mem.xsd#eba_STD" xlink:label="loc_eba_STD" />
    <link:definitionArc xlink:type="arc" xlink:arcrole="http://xbrl.org/int/dim/arcrole/domain-member" xlink:from="loc_eba_x0" xlink:to="loc_eba_STD" order="135" />
    <link:loc xlink:type="locator" xlink:href="mem.xsd#eba_SVC" xlink:label="loc_eba_SVC" />
    <link:definitionArc xlink:type="arc" xlink:arcrole="http://xbrl.org/int/dim/arcrole/domain-member" xlink:from="loc_eba_x0" xlink:to="loc_eba_SVC" order="136" />
    <link:loc xlink:type="locator" xlink:href="mem.xsd#eba_SYP" xlink:label="loc_eba_SYP" />
    <link:definitionArc xlink:type="arc" xlink:arcrole="http://xbrl.org/int/dim/arcrole/domain-member" xlink:from="loc_eba_x0" xlink:to="loc_eba_SYP" order="137" />
    <link:loc xlink:type="locator" xlink:href="mem.xsd#eba_SZL" xlink:label="loc_eba_SZL" />
    <link:definitionArc xlink:type="arc" xlink:arcrole="http://xbrl.org/int/dim/arcrole/domain-member" xlink:from="loc_eba_x0" xlink:to="loc_eba_SZL" order="138" />
    <link:loc xlink:type="locator" xlink:href="mem.xsd#eba_THB" xlink:label="loc_eba_THB" />
    <link:definitionArc xlink:type="arc" xlink:arcrole="http://xbrl.org/int/dim/arcrole/domain-member" xlink:from="loc_eba_x0" xlink:to="loc_eba_THB" order="139" />
    <link:loc xlink:type="locator" xlink:href="mem.xsd#eba_TJS" xlink:label="loc_eba_TJS" />
    <link:definitionArc xlink:type="arc" xlink:arcrole="http://xbrl.org/int/dim/arcrole/domain-member" xlink:from="loc_eba_x0" xlink:to="loc_eba_TJS" order="140" />
    <link:loc xlink:type="locator" xlink:href="mem.xsd#eba_TMT" xlink:label="loc_eba_TMT" />
    <link:definitionArc xlink:type="arc" xlink:arcrole="http://xbrl.org/int/dim/arcrole/domain-member" xlink:from="loc_eba_x0" xlink:to="loc_eba_TMT" order="141" />
    <link:loc xlink:type="locator" xlink:href="mem.xsd#eba_TND" xlink:label="loc_eba_TND" />
    <link:definitionArc xlink:type="arc" xlink:arcrole="http://xbrl.org/int/dim/arcrole/domain-member" xlink:from="loc_eba_x0" xlink:to="loc_eba_TND" order="142" />
    <link:loc xlink:type="locator" xlink:href="mem.xsd#eba_TOP" xlink:label="loc_eba_TOP" />
    <link:definitionArc xlink:type="arc" xlink:arcrole="http://xbrl.org/int/dim/arcrole/domain-member" xlink:from="loc_eba_x0" xlink:to="loc_eba_TOP" order="143" />
    <link:loc xlink:type="locator" xlink:href="mem.xsd#eba_TRY" xlink:label="loc_eba_TRY" />
    <link:definitionArc xlink:type="arc" xlink:arcrole="http://xbrl.org/int/dim/arcrole/domain-member" xlink:from="loc_eba_x0" xlink:to="loc_eba_TRY" order="144" />
    <link:loc xlink:type="locator" xlink:href="mem.xsd#eba_TTD" xlink:label="loc_eba_TTD" />
    <link:definitionArc xlink:type="arc" xlink:arcrole="http://xbrl.org/int/dim/arcrole/domain-member" xlink:from="loc_eba_x0" xlink:to="loc_eba_TTD" order="145" />
    <link:loc xlink:type="locator" xlink:href="mem.xsd#eba_TWD" xlink:label="loc_eba_TWD" />
    <link:definitionArc xlink:type="arc" xlink:arcrole="http://xbrl.org/int/dim/arcrole/domain-member" xlink:from="loc_eba_x0" xlink:to="loc_eba_TWD" order="146" />
    <link:loc xlink:type="locator" xlink:href="mem.xsd#eba_TZS" xlink:label="loc_eba_TZS" />
    <link:definitionArc xlink:type="arc" xlink:arcrole="http://xbrl.org/int/dim/arcrole/domain-member" xlink:from="loc_eba_x0" xlink:to="loc_eba_TZS" order="147" />
    <link:loc xlink:type="locator" xlink:href="mem.xsd#eba_UAH" xlink:label="loc_eba_UAH" />
    <link:definitionArc xlink:type="arc" xlink:arcrole="http://xbrl.org/int/dim/arcrole/domain-member" xlink:from="loc_eba_x0" xlink:to="loc_eba_UAH" order="148" />
    <link:loc xlink:type="locator" xlink:href="mem.xsd#eba_UGX" xlink:label="loc_eba_UGX" />
    <link:definitionArc xlink:type="arc" xlink:arcrole="http://xbrl.org/int/dim/arcrole/domain-member" xlink:from="loc_eba_x0" xlink:to="loc_eba_UGX" order="149" />
    <link:loc xlink:type="locator" xlink:href="mem.xsd#eba_USD" xlink:label="loc_eba_USD" />
    <link:definitionArc xlink:type="arc" xlink:arcrole="http://xbrl.org/int/dim/arcrole/domain-member" xlink:from="loc_eba_x0" xlink:to="loc_eba_USD" order="150" />
    <link:loc xlink:type="locator" xlink:href="mem.xsd#eba_UYI" xlink:label="loc_eba_UYI" />
    <link:definitionArc xlink:type="arc" xlink:arcrole="http://xbrl.org/int/dim/arcrole/domain-member" xlink:from="loc_eba_x0" xlink:to="loc_eba_UYI" order="151" />
    <link:loc xlink:type="locator" xlink:href="mem.xsd#eba_UYU" xlink:label="loc_eba_UYU" />
    <link:definitionArc xlink:type="arc" xlink:arcrole="http://xbrl.org/int/dim/arcrole/domain-member" xlink:from="loc_eba_x0" xlink:to="loc_eba_UYU" order="152" />
    <link:loc xlink:type="locator" xlink:href="mem.xsd#eba_UZS" xlink:label="loc_eba_UZS" />
    <link:definitionArc xlink:type="arc" xlink:arcrole="http://xbrl.org/int/dim/arcrole/domain-member" xlink:from="loc_eba_x0" xlink:to="loc_eba_UZS" order="153" />
    <link:loc xlink:type="locator" xlink:href="mem.xsd#eba_VEF" xlink:label="loc_eba_VEF" />
    <link:definitionArc xlink:type="arc" xlink:arcrole="http://xbrl.org/int/dim/arcrole/domain-member" xlink:from="loc_eba_x0" xlink:to="loc_eba_VEF" order="154" />
    <link:loc xlink:type="locator" xlink:href="mem.xsd#eba_VND" xlink:label="loc_eba_VND" />
    <link:definitionArc xlink:type="arc" xlink:arcrole="http://xbrl.org/int/dim/arcrole/domain-member" xlink:from="loc_eba_x0" xlink:to="loc_eba_VND" order="155" />
    <link:loc xlink:type="locator" xlink:href="mem.xsd#eba_VUV" xlink:label="loc_eba_VUV" />
    <link:definitionArc xlink:type="arc" xlink:arcrole="http://xbrl.org/int/dim/arcrole/domain-member" xlink:from="loc_eba_x0" xlink:to="loc_eba_VUV" order="156" />
    <link:loc xlink:type="locator" xlink:href="mem.xsd#eba_WST" xlink:label="loc_eba_WST" />
    <link:definitionArc xlink:type="arc" xlink:arcrole="http://xbrl.org/int/dim/arcrole/domain-member" xlink:from="loc_eba_x0" xlink:to="loc_eba_WST" order="157" />
    <link:loc xlink:type="locator" xlink:href="mem.xsd#eba_XCD" xlink:label="loc_eba_XCD" />
    <link:definitionArc xlink:type="arc" xlink:arcrole="http://xbrl.org/int/dim/arcrole/domain-member" xlink:from="loc_eba_x0" xlink:to="loc_eba_XCD" order="158" />
    <link:loc xlink:type="locator" xlink:href="mem.xsd#eba_YER" xlink:label="loc_eba_YER" />
    <link:definitionArc xlink:type="arc" xlink:arcrole="http://xbrl.org/int/dim/arcrole/domain-member" xlink:from="loc_eba_x0" xlink:to="loc_eba_YER" order="159" />
    <link:loc xlink:type="locator" xlink:href="mem.xsd#eba_ZAR" xlink:label="loc_eba_ZAR" />
    <link:definitionArc xlink:type="arc" xlink:arcrole="http://xbrl.org/int/dim/arcrole/domain-member" xlink:from="loc_eba_x0" xlink:to="loc_eba_ZAR" order="160" />
    <link:loc xlink:type="locator" xlink:href="mem.xsd#eba_ZMK" xlink:label="loc_eba_ZMK" />
    <link:definitionArc xlink:type="arc" xlink:arcrole="http://xbrl.org/int/dim/arcrole/domain-member" xlink:from="loc_eba_x0" xlink:to="loc_eba_ZMK" order="161" />
    <link:loc xlink:type="locator" xlink:href="mem.xsd#eba_ZWL" xlink:label="loc_eba_ZWL" />
    <link:definitionArc xlink:type="arc" xlink:arcrole="http://xbrl.org/int/dim/arcrole/domain-member" xlink:from="loc_eba_x0" xlink:to="loc_eba_ZWL" order="162" />
  </link:definitionLink>
</link:linkbase>