﻿<?xml version="1.0" encoding="utf-8"?>
<?taxonomy-version 2.0.0?>
<!--(C) EBA-->
<link:linkbase xmlns:xsi="http://www.w3.org/2001/XMLSchema-instance" xmlns:xlink="http://www.w3.org/1999/xlink" xmlns:link="http://www.xbrl.org/2003/linkbase" xsi:schemaLocation="http://www.xbrl.org/2003/linkbase http://www.xbrl.org/2003/xbrl-linkbase-2003-12-31.xsd">
  <link:roleRef roleURI="http://www.eba.europa.eu/xbrl/role/dpm-db-id" xlink:type="simple" xlink:href="http://www.eba.europa.eu/eu/fr/xbrl/ext/model.xsd#dpm-db-id" />
  <link:labelLink xlink:type="extended" xlink:role="http://www.xbrl.org/2003/role/link">
    <link:loc xlink:type="locator" xlink:href="mem.xsd#eba_ALL" xlink:label="loc_eba_ALL" />
    <link:label xlink:type="resource" xlink:label="label_eba_ALL" xml:lang="en" xlink:role="http://www.eba.europa.eu/xbrl/role/dpm-db-id">1669</link:label>
    <link:labelArc xlink:type="arc" xlink:arcrole="http://www.xbrl.org/2003/arcrole/concept-label" xlink:from="loc_eba_ALL" xlink:to="label_eba_ALL" />
    <link:loc xlink:type="locator" xlink:href="mem.xsd#eba_ARS" xlink:label="loc_eba_ARS" />
    <link:label xlink:type="resource" xlink:label="label_eba_ARS" xml:lang="en" xlink:role="http://www.eba.europa.eu/xbrl/role/dpm-db-id">1670</link:label>
    <link:labelArc xlink:type="arc" xlink:arcrole="http://www.xbrl.org/2003/arcrole/concept-label" xlink:from="loc_eba_ARS" xlink:to="label_eba_ARS" />
    <link:loc xlink:type="locator" xlink:href="mem.xsd#eba_AUD" xlink:label="loc_eba_AUD" />
    <link:label xlink:type="resource" xlink:label="label_eba_AUD" xml:lang="en" xlink:role="http://www.eba.europa.eu/xbrl/role/dpm-db-id">1671</link:label>
    <link:labelArc xlink:type="arc" xlink:arcrole="http://www.xbrl.org/2003/arcrole/concept-label" xlink:from="loc_eba_AUD" xlink:to="label_eba_AUD" />
    <link:loc xlink:type="locator" xlink:href="mem.xsd#eba_BRL" xlink:label="loc_eba_BRL" />
    <link:label xlink:type="resource" xlink:label="label_eba_BRL" xml:lang="en" xlink:role="http://www.eba.europa.eu/xbrl/role/dpm-db-id">1672</link:label>
    <link:labelArc xlink:type="arc" xlink:arcrole="http://www.xbrl.org/2003/arcrole/concept-label" xlink:from="loc_eba_BRL" xlink:to="label_eba_BRL" />
    <link:loc xlink:type="locator" xlink:href="mem.xsd#eba_BGN" xlink:label="loc_eba_BGN" />
    <link:label xlink:type="resource" xlink:label="label_eba_BGN" xml:lang="en" xlink:role="http://www.eba.europa.eu/xbrl/role/dpm-db-id">1673</link:label>
    <link:labelArc xlink:type="arc" xlink:arcrole="http://www.xbrl.org/2003/arcrole/concept-label" xlink:from="loc_eba_BGN" xlink:to="label_eba_BGN" />
    <link:loc xlink:type="locator" xlink:href="mem.xsd#eba_CAD" xlink:label="loc_eba_CAD" />
    <link:label xlink:type="resource" xlink:label="label_eba_CAD" xml:lang="en" xlink:role="http://www.eba.europa.eu/xbrl/role/dpm-db-id">1674</link:label>
    <link:labelArc xlink:type="arc" xlink:arcrole="http://www.xbrl.org/2003/arcrole/concept-label" xlink:from="loc_eba_CAD" xlink:to="label_eba_CAD" />
    <link:loc xlink:type="locator" xlink:href="mem.xsd#eba_x7" xlink:label="loc_eba_x7" />
    <link:label xlink:type="resource" xlink:label="label_eba_x7" xml:lang="en" xlink:role="http://www.eba.europa.eu/xbrl/role/dpm-db-id">1675</link:label>
    <link:labelArc xlink:type="arc" xlink:arcrole="http://www.xbrl.org/2003/arcrole/concept-label" xlink:from="loc_eba_x7" xlink:to="label_eba_x7" />
    <link:loc xlink:type="locator" xlink:href="mem.xsd#eba_x8" xlink:label="loc_eba_x8" />
    <link:label xlink:type="resource" xlink:label="label_eba_x8" xml:lang="en" xlink:role="http://www.eba.europa.eu/xbrl/role/dpm-db-id">1676</link:label>
    <link:labelArc xlink:type="arc" xlink:arcrole="http://www.xbrl.org/2003/arcrole/concept-label" xlink:from="loc_eba_x8" xlink:to="label_eba_x8" />
    <link:loc xlink:type="locator" xlink:href="mem.xsd#eba_CZK" xlink:label="loc_eba_CZK" />
    <link:label xlink:type="resource" xlink:label="label_eba_CZK" xml:lang="en" xlink:role="http://www.eba.europa.eu/xbrl/role/dpm-db-id">1677</link:label>
    <link:labelArc xlink:type="arc" xlink:arcrole="http://www.xbrl.org/2003/arcrole/concept-label" xlink:from="loc_eba_CZK" xlink:to="label_eba_CZK" />
    <link:loc xlink:type="locator" xlink:href="mem.xsd#eba_DKK" xlink:label="loc_eba_DKK" />
    <link:label xlink:type="resource" xlink:label="label_eba_DKK" xml:lang="en" xlink:role="http://www.eba.europa.eu/xbrl/role/dpm-db-id">1678</link:label>
    <link:labelArc xlink:type="arc" xlink:arcrole="http://www.xbrl.org/2003/arcrole/concept-label" xlink:from="loc_eba_DKK" xlink:to="label_eba_DKK" />
    <link:loc xlink:type="locator" xlink:href="mem.xsd#eba_EGP" xlink:label="loc_eba_EGP" />
    <link:label xlink:type="resource" xlink:label="label_eba_EGP" xml:lang="en" xlink:role="http://www.eba.europa.eu/xbrl/role/dpm-db-id">1679</link:label>
    <link:labelArc xlink:type="arc" xlink:arcrole="http://www.xbrl.org/2003/arcrole/concept-label" xlink:from="loc_eba_EGP" xlink:to="label_eba_EGP" />
    <link:loc xlink:type="locator" xlink:href="mem.xsd#eba_EUR" xlink:label="loc_eba_EUR" />
    <link:label xlink:type="resource" xlink:label="label_eba_EUR" xml:lang="en" xlink:role="http://www.eba.europa.eu/xbrl/role/dpm-db-id">1680</link:label>
    <link:labelArc xlink:type="arc" xlink:arcrole="http://www.xbrl.org/2003/arcrole/concept-label" xlink:from="loc_eba_EUR" xlink:to="label_eba_EUR" />
    <link:loc xlink:type="locator" xlink:href="mem.xsd#eba_GBP" xlink:label="loc_eba_GBP" />
    <link:label xlink:type="resource" xlink:label="label_eba_GBP" xml:lang="en" xlink:role="http://www.eba.europa.eu/xbrl/role/dpm-db-id">1681</link:label>
    <link:labelArc xlink:type="arc" xlink:arcrole="http://www.xbrl.org/2003/arcrole/concept-label" xlink:from="loc_eba_GBP" xlink:to="label_eba_GBP" />
    <link:loc xlink:type="locator" xlink:href="mem.xsd#eba_HUF" xlink:label="loc_eba_HUF" />
    <link:label xlink:type="resource" xlink:label="label_eba_HUF" xml:lang="en" xlink:role="http://www.eba.europa.eu/xbrl/role/dpm-db-id">1682</link:label>
    <link:labelArc xlink:type="arc" xlink:arcrole="http://www.xbrl.org/2003/arcrole/concept-label" xlink:from="loc_eba_HUF" xlink:to="label_eba_HUF" />
    <link:loc xlink:type="locator" xlink:href="mem.xsd#eba_JPY" xlink:label="loc_eba_JPY" />
    <link:label xlink:type="resource" xlink:label="label_eba_JPY" xml:lang="en" xlink:role="http://www.eba.europa.eu/xbrl/role/dpm-db-id">1683</link:label>
    <link:labelArc xlink:type="arc" xlink:arcrole="http://www.xbrl.org/2003/arcrole/concept-label" xlink:from="loc_eba_JPY" xlink:to="label_eba_JPY" />
    <link:loc xlink:type="locator" xlink:href="mem.xsd#eba_LVL" xlink:label="loc_eba_LVL" />
    <link:label xlink:type="resource" xlink:label="label_eba_LVL" xml:lang="en" xlink:role="http://www.eba.europa.eu/xbrl/role/dpm-db-id">1684</link:label>
    <link:labelArc xlink:type="arc" xlink:arcrole="http://www.xbrl.org/2003/arcrole/concept-label" xlink:from="loc_eba_LVL" xlink:to="label_eba_LVL" />
    <link:loc xlink:type="locator" xlink:href="mem.xsd#eba_LTL" xlink:label="loc_eba_LTL" />
    <link:label xlink:type="resource" xlink:label="label_eba_LTL" xml:lang="en" xlink:role="http://www.eba.europa.eu/xbrl/role/dpm-db-id">1685</link:label>
    <link:labelArc xlink:type="arc" xlink:arcrole="http://www.xbrl.org/2003/arcrole/concept-label" xlink:from="loc_eba_LTL" xlink:to="label_eba_LTL" />
    <link:loc xlink:type="locator" xlink:href="mem.xsd#eba_MKD" xlink:label="loc_eba_MKD" />
    <link:label xlink:type="resource" xlink:label="label_eba_MKD" xml:lang="en" xlink:role="http://www.eba.europa.eu/xbrl/role/dpm-db-id">1686</link:label>
    <link:labelArc xlink:type="arc" xlink:arcrole="http://www.xbrl.org/2003/arcrole/concept-label" xlink:from="loc_eba_MKD" xlink:to="label_eba_MKD" />
    <link:loc xlink:type="locator" xlink:href="mem.xsd#eba_MXN" xlink:label="loc_eba_MXN" />
    <link:label xlink:type="resource" xlink:label="label_eba_MXN" xml:lang="en" xlink:role="http://www.eba.europa.eu/xbrl/role/dpm-db-id">1687</link:label>
    <link:labelArc xlink:type="arc" xlink:arcrole="http://www.xbrl.org/2003/arcrole/concept-label" xlink:from="loc_eba_MXN" xlink:to="label_eba_MXN" />
    <link:loc xlink:type="locator" xlink:href="mem.xsd#eba_x0" xlink:label="loc_eba_x0" />
    <link:label xlink:type="resource" xlink:label="label_eba_x0" xml:lang="en" xlink:role="http://www.eba.europa.eu/xbrl/role/dpm-db-id">1688</link:label>
    <link:labelArc xlink:type="arc" xlink:arcrole="http://www.xbrl.org/2003/arcrole/concept-label" xlink:from="loc_eba_x0" xlink:to="label_eba_x0" />
    <link:loc xlink:type="locator" xlink:href="mem.xsd#eba_x21" xlink:label="loc_eba_x21" />
    <link:label xlink:type="resource" xlink:label="label_eba_x21" xml:lang="en" xlink:role="http://www.eba.europa.eu/xbrl/role/dpm-db-id">1689</link:label>
    <link:labelArc xlink:type="arc" xlink:arcrole="http://www.xbrl.org/2003/arcrole/concept-label" xlink:from="loc_eba_x21" xlink:to="label_eba_x21" />
    <link:loc xlink:type="locator" xlink:href="mem.xsd#eba_x22" xlink:label="loc_eba_x22" />
    <link:label xlink:type="resource" xlink:label="label_eba_x22" xml:lang="en" xlink:role="http://www.eba.europa.eu/xbrl/role/dpm-db-id">1690</link:label>
    <link:labelArc xlink:type="arc" xlink:arcrole="http://www.xbrl.org/2003/arcrole/concept-label" xlink:from="loc_eba_x22" xlink:to="label_eba_x22" />
    <link:loc xlink:type="locator" xlink:href="mem.xsd#eba_PLN" xlink:label="loc_eba_PLN" />
    <link:label xlink:type="resource" xlink:label="label_eba_PLN" xml:lang="en" xlink:role="http://www.eba.europa.eu/xbrl/role/dpm-db-id">1691</link:label>
    <link:labelArc xlink:type="arc" xlink:arcrole="http://www.xbrl.org/2003/arcrole/concept-label" xlink:from="loc_eba_PLN" xlink:to="label_eba_PLN" />
    <link:loc xlink:type="locator" xlink:href="mem.xsd#eba_RON" xlink:label="loc_eba_RON" />
    <link:label xlink:type="resource" xlink:label="label_eba_RON" xml:lang="en" xlink:role="http://www.eba.europa.eu/xbrl/role/dpm-db-id">1692</link:label>
    <link:labelArc xlink:type="arc" xlink:arcrole="http://www.xbrl.org/2003/arcrole/concept-label" xlink:from="loc_eba_RON" xlink:to="label_eba_RON" />
    <link:loc xlink:type="locator" xlink:href="mem.xsd#eba_RUB" xlink:label="loc_eba_RUB" />
    <link:label xlink:type="resource" xlink:label="label_eba_RUB" xml:lang="en" xlink:role="http://www.eba.europa.eu/xbrl/role/dpm-db-id">1693</link:label>
    <link:labelArc xlink:type="arc" xlink:arcrole="http://www.xbrl.org/2003/arcrole/concept-label" xlink:from="loc_eba_RUB" xlink:to="label_eba_RUB" />
    <link:loc xlink:type="locator" xlink:href="mem.xsd#eba_RSD" xlink:label="loc_eba_RSD" />
    <link:label xlink:type="resource" xlink:label="label_eba_RSD" xml:lang="en" xlink:role="http://www.eba.europa.eu/xbrl/role/dpm-db-id">1694</link:label>
    <link:labelArc xlink:type="arc" xlink:arcrole="http://www.xbrl.org/2003/arcrole/concept-label" xlink:from="loc_eba_RSD" xlink:to="label_eba_RSD" />
    <link:loc xlink:type="locator" xlink:href="mem.xsd#eba_SEK" xlink:label="loc_eba_SEK" />
    <link:label xlink:type="resource" xlink:label="label_eba_SEK" xml:lang="en" xlink:role="http://www.eba.europa.eu/xbrl/role/dpm-db-id">1695</link:label>
    <link:labelArc xlink:type="arc" xlink:arcrole="http://www.xbrl.org/2003/arcrole/concept-label" xlink:from="loc_eba_SEK" xlink:to="label_eba_SEK" />
    <link:loc xlink:type="locator" xlink:href="mem.xsd#eba_CHF" xlink:label="loc_eba_CHF" />
    <link:label xlink:type="resource" xlink:label="label_eba_CHF" xml:lang="en" xlink:role="http://www.eba.europa.eu/xbrl/role/dpm-db-id">1696</link:label>
    <link:labelArc xlink:type="arc" xlink:arcrole="http://www.xbrl.org/2003/arcrole/concept-label" xlink:from="loc_eba_CHF" xlink:to="label_eba_CHF" />
    <link:loc xlink:type="locator" xlink:href="mem.xsd#eba_TRY" xlink:label="loc_eba_TRY" />
    <link:label xlink:type="resource" xlink:label="label_eba_TRY" xml:lang="en" xlink:role="http://www.eba.europa.eu/xbrl/role/dpm-db-id">1697</link:label>
    <link:labelArc xlink:type="arc" xlink:arcrole="http://www.xbrl.org/2003/arcrole/concept-label" xlink:from="loc_eba_TRY" xlink:to="label_eba_TRY" />
    <link:loc xlink:type="locator" xlink:href="mem.xsd#eba_UAH" xlink:label="loc_eba_UAH" />
    <link:label xlink:type="resource" xlink:label="label_eba_UAH" xml:lang="en" xlink:role="http://www.eba.europa.eu/xbrl/role/dpm-db-id">1698</link:label>
    <link:labelArc xlink:type="arc" xlink:arcrole="http://www.xbrl.org/2003/arcrole/concept-label" xlink:from="loc_eba_UAH" xlink:to="label_eba_UAH" />
    <link:loc xlink:type="locator" xlink:href="mem.xsd#eba_USD" xlink:label="loc_eba_USD" />
    <link:label xlink:type="resource" xlink:label="label_eba_USD" xml:lang="en" xlink:role="http://www.eba.europa.eu/xbrl/role/dpm-db-id">1699</link:label>
    <link:labelArc xlink:type="arc" xlink:arcrole="http://www.xbrl.org/2003/arcrole/concept-label" xlink:from="loc_eba_USD" xlink:to="label_eba_USD" />
    <link:loc xlink:type="locator" xlink:href="mem.xsd#eba_x42" xlink:label="loc_eba_x42" />
    <link:label xlink:type="resource" xlink:label="label_eba_x42" xml:lang="en" xlink:role="http://www.eba.europa.eu/xbrl/role/dpm-db-id">3681</link:label>
    <link:labelArc xlink:type="arc" xlink:arcrole="http://www.xbrl.org/2003/arcrole/concept-label" xlink:from="loc_eba_x42" xlink:to="label_eba_x42" />
    <link:loc xlink:type="locator" xlink:href="mem.xsd#eba_ISK" xlink:label="loc_eba_ISK" />
    <link:label xlink:type="resource" xlink:label="label_eba_ISK" xml:lang="en" xlink:role="http://www.eba.europa.eu/xbrl/role/dpm-db-id">3307</link:label>
    <link:labelArc xlink:type="arc" xlink:arcrole="http://www.xbrl.org/2003/arcrole/concept-label" xlink:from="loc_eba_ISK" xlink:to="label_eba_ISK" />
    <link:loc xlink:type="locator" xlink:href="mem.xsd#eba_NOK" xlink:label="loc_eba_NOK" />
    <link:label xlink:type="resource" xlink:label="label_eba_NOK" xml:lang="en" xlink:role="http://www.eba.europa.eu/xbrl/role/dpm-db-id">3308</link:label>
    <link:labelArc xlink:type="arc" xlink:arcrole="http://www.xbrl.org/2003/arcrole/concept-label" xlink:from="loc_eba_NOK" xlink:to="label_eba_NOK" />
    <link:loc xlink:type="locator" xlink:href="mem.xsd#eba_HKD" xlink:label="loc_eba_HKD" />
    <link:label xlink:type="resource" xlink:label="label_eba_HKD" xml:lang="en" xlink:role="http://www.eba.europa.eu/xbrl/role/dpm-db-id">3310</link:label>
    <link:labelArc xlink:type="arc" xlink:arcrole="http://www.xbrl.org/2003/arcrole/concept-label" xlink:from="loc_eba_HKD" xlink:to="label_eba_HKD" />
    <link:loc xlink:type="locator" xlink:href="mem.xsd#eba_TWD" xlink:label="loc_eba_TWD" />
    <link:label xlink:type="resource" xlink:label="label_eba_TWD" xml:lang="en" xlink:role="http://www.eba.europa.eu/xbrl/role/dpm-db-id">3312</link:label>
    <link:labelArc xlink:type="arc" xlink:arcrole="http://www.xbrl.org/2003/arcrole/concept-label" xlink:from="loc_eba_TWD" xlink:to="label_eba_TWD" />
    <link:loc xlink:type="locator" xlink:href="mem.xsd#eba_NZD" xlink:label="loc_eba_NZD" />
    <link:label xlink:type="resource" xlink:label="label_eba_NZD" xml:lang="en" xlink:role="http://www.eba.europa.eu/xbrl/role/dpm-db-id">3313</link:label>
    <link:labelArc xlink:type="arc" xlink:arcrole="http://www.xbrl.org/2003/arcrole/concept-label" xlink:from="loc_eba_NZD" xlink:to="label_eba_NZD" />
    <link:loc xlink:type="locator" xlink:href="mem.xsd#eba_SGD" xlink:label="loc_eba_SGD" />
    <link:label xlink:type="resource" xlink:label="label_eba_SGD" xml:lang="en" xlink:role="http://www.eba.europa.eu/xbrl/role/dpm-db-id">3314</link:label>
    <link:labelArc xlink:type="arc" xlink:arcrole="http://www.xbrl.org/2003/arcrole/concept-label" xlink:from="loc_eba_SGD" xlink:to="label_eba_SGD" />
    <link:loc xlink:type="locator" xlink:href="mem.xsd#eba_KRW" xlink:label="loc_eba_KRW" />
    <link:label xlink:type="resource" xlink:label="label_eba_KRW" xml:lang="en" xlink:role="http://www.eba.europa.eu/xbrl/role/dpm-db-id">3315</link:label>
    <link:labelArc xlink:type="arc" xlink:arcrole="http://www.xbrl.org/2003/arcrole/concept-label" xlink:from="loc_eba_KRW" xlink:to="label_eba_KRW" />
    <link:loc xlink:type="locator" xlink:href="mem.xsd#eba_CNY" xlink:label="loc_eba_CNY" />
    <link:label xlink:type="resource" xlink:label="label_eba_CNY" xml:lang="en" xlink:role="http://www.eba.europa.eu/xbrl/role/dpm-db-id">3316</link:label>
    <link:labelArc xlink:type="arc" xlink:arcrole="http://www.xbrl.org/2003/arcrole/concept-label" xlink:from="loc_eba_CNY" xlink:to="label_eba_CNY" />
    <link:loc xlink:type="locator" xlink:href="mem.xsd#eba_x43" xlink:label="loc_eba_x43" />
    <link:label xlink:type="resource" xlink:label="label_eba_x43" xml:lang="en" xlink:role="http://www.eba.europa.eu/xbrl/role/dpm-db-id">3718</link:label>
    <link:labelArc xlink:type="arc" xlink:arcrole="http://www.xbrl.org/2003/arcrole/concept-label" xlink:from="loc_eba_x43" xlink:to="label_eba_x43" />
    <link:loc xlink:type="locator" xlink:href="mem.xsd#eba_x44" xlink:label="loc_eba_x44" />
    <link:label xlink:type="resource" xlink:label="label_eba_x44" xml:lang="en" xlink:role="http://www.eba.europa.eu/xbrl/role/dpm-db-id">3730</link:label>
    <link:labelArc xlink:type="arc" xlink:arcrole="http://www.xbrl.org/2003/arcrole/concept-label" xlink:from="loc_eba_x44" xlink:to="label_eba_x44" />
    <link:loc xlink:type="locator" xlink:href="mem.xsd#eba_x45" xlink:label="loc_eba_x45" />
    <link:label xlink:type="resource" xlink:label="label_eba_x45" xml:lang="en" xlink:role="http://www.eba.europa.eu/xbrl/role/dpm-db-id">3819</link:label>
    <link:labelArc xlink:type="arc" xlink:arcrole="http://www.xbrl.org/2003/arcrole/concept-label" xlink:from="loc_eba_x45" xlink:to="label_eba_x45" />
    <link:loc xlink:type="locator" xlink:href="mem.xsd#eba_AFN" xlink:label="loc_eba_AFN" />
    <link:label xlink:type="resource" xlink:label="label_eba_AFN" xml:lang="en" xlink:role="http://www.eba.europa.eu/xbrl/role/dpm-db-id">3826</link:label>
    <link:labelArc xlink:type="arc" xlink:arcrole="http://www.xbrl.org/2003/arcrole/concept-label" xlink:from="loc_eba_AFN" xlink:to="label_eba_AFN" />
    <link:loc xlink:type="locator" xlink:href="mem.xsd#eba_DZD" xlink:label="loc_eba_DZD" />
    <link:label xlink:type="resource" xlink:label="label_eba_DZD" xml:lang="en" xlink:role="http://www.eba.europa.eu/xbrl/role/dpm-db-id">3827</link:label>
    <link:labelArc xlink:type="arc" xlink:arcrole="http://www.xbrl.org/2003/arcrole/concept-label" xlink:from="loc_eba_DZD" xlink:to="label_eba_DZD" />
    <link:loc xlink:type="locator" xlink:href="mem.xsd#eba_AMD" xlink:label="loc_eba_AMD" />
    <link:label xlink:type="resource" xlink:label="label_eba_AMD" xml:lang="en" xlink:role="http://www.eba.europa.eu/xbrl/role/dpm-db-id">3828</link:label>
    <link:labelArc xlink:type="arc" xlink:arcrole="http://www.xbrl.org/2003/arcrole/concept-label" xlink:from="loc_eba_AMD" xlink:to="label_eba_AMD" />
    <link:loc xlink:type="locator" xlink:href="mem.xsd#eba_AWG" xlink:label="loc_eba_AWG" />
    <link:label xlink:type="resource" xlink:label="label_eba_AWG" xml:lang="en" xlink:role="http://www.eba.europa.eu/xbrl/role/dpm-db-id">3829</link:label>
    <link:labelArc xlink:type="arc" xlink:arcrole="http://www.xbrl.org/2003/arcrole/concept-label" xlink:from="loc_eba_AWG" xlink:to="label_eba_AWG" />
    <link:loc xlink:type="locator" xlink:href="mem.xsd#eba_AZN" xlink:label="loc_eba_AZN" />
    <link:label xlink:type="resource" xlink:label="label_eba_AZN" xml:lang="en" xlink:role="http://www.eba.europa.eu/xbrl/role/dpm-db-id">3830</link:label>
    <link:labelArc xlink:type="arc" xlink:arcrole="http://www.xbrl.org/2003/arcrole/concept-label" xlink:from="loc_eba_AZN" xlink:to="label_eba_AZN" />
    <link:loc xlink:type="locator" xlink:href="mem.xsd#eba_BSD" xlink:label="loc_eba_BSD" />
    <link:label xlink:type="resource" xlink:label="label_eba_BSD" xml:lang="en" xlink:role="http://www.eba.europa.eu/xbrl/role/dpm-db-id">3831</link:label>
    <link:labelArc xlink:type="arc" xlink:arcrole="http://www.xbrl.org/2003/arcrole/concept-label" xlink:from="loc_eba_BSD" xlink:to="label_eba_BSD" />
    <link:loc xlink:type="locator" xlink:href="mem.xsd#eba_BHD" xlink:label="loc_eba_BHD" />
    <link:label xlink:type="resource" xlink:label="label_eba_BHD" xml:lang="en" xlink:role="http://www.eba.europa.eu/xbrl/role/dpm-db-id">3832</link:label>
    <link:labelArc xlink:type="arc" xlink:arcrole="http://www.xbrl.org/2003/arcrole/concept-label" xlink:from="loc_eba_BHD" xlink:to="label_eba_BHD" />
    <link:loc xlink:type="locator" xlink:href="mem.xsd#eba_THB" xlink:label="loc_eba_THB" />
    <link:label xlink:type="resource" xlink:label="label_eba_THB" xml:lang="en" xlink:role="http://www.eba.europa.eu/xbrl/role/dpm-db-id">3833</link:label>
    <link:labelArc xlink:type="arc" xlink:arcrole="http://www.xbrl.org/2003/arcrole/concept-label" xlink:from="loc_eba_THB" xlink:to="label_eba_THB" />
    <link:loc xlink:type="locator" xlink:href="mem.xsd#eba_PAB" xlink:label="loc_eba_PAB" />
    <link:label xlink:type="resource" xlink:label="label_eba_PAB" xml:lang="en" xlink:role="http://www.eba.europa.eu/xbrl/role/dpm-db-id">3834</link:label>
    <link:labelArc xlink:type="arc" xlink:arcrole="http://www.xbrl.org/2003/arcrole/concept-label" xlink:from="loc_eba_PAB" xlink:to="label_eba_PAB" />
    <link:loc xlink:type="locator" xlink:href="mem.xsd#eba_BBD" xlink:label="loc_eba_BBD" />
    <link:label xlink:type="resource" xlink:label="label_eba_BBD" xml:lang="en" xlink:role="http://www.eba.europa.eu/xbrl/role/dpm-db-id">3835</link:label>
    <link:labelArc xlink:type="arc" xlink:arcrole="http://www.xbrl.org/2003/arcrole/concept-label" xlink:from="loc_eba_BBD" xlink:to="label_eba_BBD" />
    <link:loc xlink:type="locator" xlink:href="mem.xsd#eba_BYR" xlink:label="loc_eba_BYR" />
    <link:label xlink:type="resource" xlink:label="label_eba_BYR" xml:lang="en" xlink:role="http://www.eba.europa.eu/xbrl/role/dpm-db-id">3836</link:label>
    <link:labelArc xlink:type="arc" xlink:arcrole="http://www.xbrl.org/2003/arcrole/concept-label" xlink:from="loc_eba_BYR" xlink:to="label_eba_BYR" />
    <link:loc xlink:type="locator" xlink:href="mem.xsd#eba_BZD" xlink:label="loc_eba_BZD" />
    <link:label xlink:type="resource" xlink:label="label_eba_BZD" xml:lang="en" xlink:role="http://www.eba.europa.eu/xbrl/role/dpm-db-id">3837</link:label>
    <link:labelArc xlink:type="arc" xlink:arcrole="http://www.xbrl.org/2003/arcrole/concept-label" xlink:from="loc_eba_BZD" xlink:to="label_eba_BZD" />
    <link:loc xlink:type="locator" xlink:href="mem.xsd#eba_BMD" xlink:label="loc_eba_BMD" />
    <link:label xlink:type="resource" xlink:label="label_eba_BMD" xml:lang="en" xlink:role="http://www.eba.europa.eu/xbrl/role/dpm-db-id">3838</link:label>
    <link:labelArc xlink:type="arc" xlink:arcrole="http://www.xbrl.org/2003/arcrole/concept-label" xlink:from="loc_eba_BMD" xlink:to="label_eba_BMD" />
    <link:loc xlink:type="locator" xlink:href="mem.xsd#eba_VEF" xlink:label="loc_eba_VEF" />
    <link:label xlink:type="resource" xlink:label="label_eba_VEF" xml:lang="en" xlink:role="http://www.eba.europa.eu/xbrl/role/dpm-db-id">3839</link:label>
    <link:labelArc xlink:type="arc" xlink:arcrole="http://www.xbrl.org/2003/arcrole/concept-label" xlink:from="loc_eba_VEF" xlink:to="label_eba_VEF" />
    <link:loc xlink:type="locator" xlink:href="mem.xsd#eba_BOB" xlink:label="loc_eba_BOB" />
    <link:label xlink:type="resource" xlink:label="label_eba_BOB" xml:lang="en" xlink:role="http://www.eba.europa.eu/xbrl/role/dpm-db-id">3840</link:label>
    <link:labelArc xlink:type="arc" xlink:arcrole="http://www.xbrl.org/2003/arcrole/concept-label" xlink:from="loc_eba_BOB" xlink:to="label_eba_BOB" />
    <link:loc xlink:type="locator" xlink:href="mem.xsd#eba_BND" xlink:label="loc_eba_BND" />
    <link:label xlink:type="resource" xlink:label="label_eba_BND" xml:lang="en" xlink:role="http://www.eba.europa.eu/xbrl/role/dpm-db-id">3845</link:label>
    <link:labelArc xlink:type="arc" xlink:arcrole="http://www.xbrl.org/2003/arcrole/concept-label" xlink:from="loc_eba_BND" xlink:to="label_eba_BND" />
    <link:loc xlink:type="locator" xlink:href="mem.xsd#eba_BIF" xlink:label="loc_eba_BIF" />
    <link:label xlink:type="resource" xlink:label="label_eba_BIF" xml:lang="en" xlink:role="http://www.eba.europa.eu/xbrl/role/dpm-db-id">3846</link:label>
    <link:labelArc xlink:type="arc" xlink:arcrole="http://www.xbrl.org/2003/arcrole/concept-label" xlink:from="loc_eba_BIF" xlink:to="label_eba_BIF" />
    <link:loc xlink:type="locator" xlink:href="mem.xsd#eba_CVE" xlink:label="loc_eba_CVE" />
    <link:label xlink:type="resource" xlink:label="label_eba_CVE" xml:lang="en" xlink:role="http://www.eba.europa.eu/xbrl/role/dpm-db-id">3847</link:label>
    <link:labelArc xlink:type="arc" xlink:arcrole="http://www.xbrl.org/2003/arcrole/concept-label" xlink:from="loc_eba_CVE" xlink:to="label_eba_CVE" />
    <link:loc xlink:type="locator" xlink:href="mem.xsd#eba_KYD" xlink:label="loc_eba_KYD" />
    <link:label xlink:type="resource" xlink:label="label_eba_KYD" xml:lang="en" xlink:role="http://www.eba.europa.eu/xbrl/role/dpm-db-id">3848</link:label>
    <link:labelArc xlink:type="arc" xlink:arcrole="http://www.xbrl.org/2003/arcrole/concept-label" xlink:from="loc_eba_KYD" xlink:to="label_eba_KYD" />
    <link:loc xlink:type="locator" xlink:href="mem.xsd#eba_CLP" xlink:label="loc_eba_CLP" />
    <link:label xlink:type="resource" xlink:label="label_eba_CLP" xml:lang="en" xlink:role="http://www.eba.europa.eu/xbrl/role/dpm-db-id">3852</link:label>
    <link:labelArc xlink:type="arc" xlink:arcrole="http://www.xbrl.org/2003/arcrole/concept-label" xlink:from="loc_eba_CLP" xlink:to="label_eba_CLP" />
    <link:loc xlink:type="locator" xlink:href="mem.xsd#eba_COP" xlink:label="loc_eba_COP" />
    <link:label xlink:type="resource" xlink:label="label_eba_COP" xml:lang="en" xlink:role="http://www.eba.europa.eu/xbrl/role/dpm-db-id">3854</link:label>
    <link:labelArc xlink:type="arc" xlink:arcrole="http://www.xbrl.org/2003/arcrole/concept-label" xlink:from="loc_eba_COP" xlink:to="label_eba_COP" />
    <link:loc xlink:type="locator" xlink:href="mem.xsd#eba_KMF" xlink:label="loc_eba_KMF" />
    <link:label xlink:type="resource" xlink:label="label_eba_KMF" xml:lang="en" xlink:role="http://www.eba.europa.eu/xbrl/role/dpm-db-id">3855</link:label>
    <link:labelArc xlink:type="arc" xlink:arcrole="http://www.xbrl.org/2003/arcrole/concept-label" xlink:from="loc_eba_KMF" xlink:to="label_eba_KMF" />
    <link:loc xlink:type="locator" xlink:href="mem.xsd#eba_CDF" xlink:label="loc_eba_CDF" />
    <link:label xlink:type="resource" xlink:label="label_eba_CDF" xml:lang="en" xlink:role="http://www.eba.europa.eu/xbrl/role/dpm-db-id">3856</link:label>
    <link:labelArc xlink:type="arc" xlink:arcrole="http://www.xbrl.org/2003/arcrole/concept-label" xlink:from="loc_eba_CDF" xlink:to="label_eba_CDF" />
    <link:loc xlink:type="locator" xlink:href="mem.xsd#eba_BAM" xlink:label="loc_eba_BAM" />
    <link:label xlink:type="resource" xlink:label="label_eba_BAM" xml:lang="en" xlink:role="http://www.eba.europa.eu/xbrl/role/dpm-db-id">3857</link:label>
    <link:labelArc xlink:type="arc" xlink:arcrole="http://www.xbrl.org/2003/arcrole/concept-label" xlink:from="loc_eba_BAM" xlink:to="label_eba_BAM" />
    <link:loc xlink:type="locator" xlink:href="mem.xsd#eba_NIO" xlink:label="loc_eba_NIO" />
    <link:label xlink:type="resource" xlink:label="label_eba_NIO" xml:lang="en" xlink:role="http://www.eba.europa.eu/xbrl/role/dpm-db-id">3858</link:label>
    <link:labelArc xlink:type="arc" xlink:arcrole="http://www.xbrl.org/2003/arcrole/concept-label" xlink:from="loc_eba_NIO" xlink:to="label_eba_NIO" />
    <link:loc xlink:type="locator" xlink:href="mem.xsd#eba_CRC" xlink:label="loc_eba_CRC" />
    <link:label xlink:type="resource" xlink:label="label_eba_CRC" xml:lang="en" xlink:role="http://www.eba.europa.eu/xbrl/role/dpm-db-id">3859</link:label>
    <link:labelArc xlink:type="arc" xlink:arcrole="http://www.xbrl.org/2003/arcrole/concept-label" xlink:from="loc_eba_CRC" xlink:to="label_eba_CRC" />
    <link:loc xlink:type="locator" xlink:href="mem.xsd#eba_HRK" xlink:label="loc_eba_HRK" />
    <link:label xlink:type="resource" xlink:label="label_eba_HRK" xml:lang="en" xlink:role="http://www.eba.europa.eu/xbrl/role/dpm-db-id">3860</link:label>
    <link:labelArc xlink:type="arc" xlink:arcrole="http://www.xbrl.org/2003/arcrole/concept-label" xlink:from="loc_eba_HRK" xlink:to="label_eba_HRK" />
    <link:loc xlink:type="locator" xlink:href="mem.xsd#eba_CUP" xlink:label="loc_eba_CUP" />
    <link:label xlink:type="resource" xlink:label="label_eba_CUP" xml:lang="en" xlink:role="http://www.eba.europa.eu/xbrl/role/dpm-db-id">3861</link:label>
    <link:labelArc xlink:type="arc" xlink:arcrole="http://www.xbrl.org/2003/arcrole/concept-label" xlink:from="loc_eba_CUP" xlink:to="label_eba_CUP" />
    <link:loc xlink:type="locator" xlink:href="mem.xsd#eba_GMD" xlink:label="loc_eba_GMD" />
    <link:label xlink:type="resource" xlink:label="label_eba_GMD" xml:lang="en" xlink:role="http://www.eba.europa.eu/xbrl/role/dpm-db-id">3862</link:label>
    <link:labelArc xlink:type="arc" xlink:arcrole="http://www.xbrl.org/2003/arcrole/concept-label" xlink:from="loc_eba_GMD" xlink:to="label_eba_GMD" />
    <link:loc xlink:type="locator" xlink:href="mem.xsd#eba_DJF" xlink:label="loc_eba_DJF" />
    <link:label xlink:type="resource" xlink:label="label_eba_DJF" xml:lang="en" xlink:role="http://www.eba.europa.eu/xbrl/role/dpm-db-id">3863</link:label>
    <link:labelArc xlink:type="arc" xlink:arcrole="http://www.xbrl.org/2003/arcrole/concept-label" xlink:from="loc_eba_DJF" xlink:to="label_eba_DJF" />
    <link:loc xlink:type="locator" xlink:href="mem.xsd#eba_STD" xlink:label="loc_eba_STD" />
    <link:label xlink:type="resource" xlink:label="label_eba_STD" xml:lang="en" xlink:role="http://www.eba.europa.eu/xbrl/role/dpm-db-id">3864</link:label>
    <link:labelArc xlink:type="arc" xlink:arcrole="http://www.xbrl.org/2003/arcrole/concept-label" xlink:from="loc_eba_STD" xlink:to="label_eba_STD" />
    <link:loc xlink:type="locator" xlink:href="mem.xsd#eba_DOP" xlink:label="loc_eba_DOP" />
    <link:label xlink:type="resource" xlink:label="label_eba_DOP" xml:lang="en" xlink:role="http://www.eba.europa.eu/xbrl/role/dpm-db-id">3865</link:label>
    <link:labelArc xlink:type="arc" xlink:arcrole="http://www.xbrl.org/2003/arcrole/concept-label" xlink:from="loc_eba_DOP" xlink:to="label_eba_DOP" />
    <link:loc xlink:type="locator" xlink:href="mem.xsd#eba_VND" xlink:label="loc_eba_VND" />
    <link:label xlink:type="resource" xlink:label="label_eba_VND" xml:lang="en" xlink:role="http://www.eba.europa.eu/xbrl/role/dpm-db-id">3866</link:label>
    <link:labelArc xlink:type="arc" xlink:arcrole="http://www.xbrl.org/2003/arcrole/concept-label" xlink:from="loc_eba_VND" xlink:to="label_eba_VND" />
    <link:loc xlink:type="locator" xlink:href="mem.xsd#eba_XCD" xlink:label="loc_eba_XCD" />
    <link:label xlink:type="resource" xlink:label="label_eba_XCD" xml:lang="en" xlink:role="http://www.eba.europa.eu/xbrl/role/dpm-db-id">3867</link:label>
    <link:labelArc xlink:type="arc" xlink:arcrole="http://www.xbrl.org/2003/arcrole/concept-label" xlink:from="loc_eba_XCD" xlink:to="label_eba_XCD" />
    <link:loc xlink:type="locator" xlink:href="mem.xsd#eba_SVC" xlink:label="loc_eba_SVC" />
    <link:label xlink:type="resource" xlink:label="label_eba_SVC" xml:lang="en" xlink:role="http://www.eba.europa.eu/xbrl/role/dpm-db-id">3868</link:label>
    <link:labelArc xlink:type="arc" xlink:arcrole="http://www.xbrl.org/2003/arcrole/concept-label" xlink:from="loc_eba_SVC" xlink:to="label_eba_SVC" />
    <link:loc xlink:type="locator" xlink:href="mem.xsd#eba_ETB" xlink:label="loc_eba_ETB" />
    <link:label xlink:type="resource" xlink:label="label_eba_ETB" xml:lang="en" xlink:role="http://www.eba.europa.eu/xbrl/role/dpm-db-id">3869</link:label>
    <link:labelArc xlink:type="arc" xlink:arcrole="http://www.xbrl.org/2003/arcrole/concept-label" xlink:from="loc_eba_ETB" xlink:to="label_eba_ETB" />
    <link:loc xlink:type="locator" xlink:href="mem.xsd#eba_FKP" xlink:label="loc_eba_FKP" />
    <link:label xlink:type="resource" xlink:label="label_eba_FKP" xml:lang="en" xlink:role="http://www.eba.europa.eu/xbrl/role/dpm-db-id">3870</link:label>
    <link:labelArc xlink:type="arc" xlink:arcrole="http://www.xbrl.org/2003/arcrole/concept-label" xlink:from="loc_eba_FKP" xlink:to="label_eba_FKP" />
    <link:loc xlink:type="locator" xlink:href="mem.xsd#eba_FJD" xlink:label="loc_eba_FJD" />
    <link:label xlink:type="resource" xlink:label="label_eba_FJD" xml:lang="en" xlink:role="http://www.eba.europa.eu/xbrl/role/dpm-db-id">3871</link:label>
    <link:labelArc xlink:type="arc" xlink:arcrole="http://www.xbrl.org/2003/arcrole/concept-label" xlink:from="loc_eba_FJD" xlink:to="label_eba_FJD" />
    <link:loc xlink:type="locator" xlink:href="mem.xsd#eba_GHS" xlink:label="loc_eba_GHS" />
    <link:label xlink:type="resource" xlink:label="label_eba_GHS" xml:lang="en" xlink:role="http://www.eba.europa.eu/xbrl/role/dpm-db-id">3872</link:label>
    <link:labelArc xlink:type="arc" xlink:arcrole="http://www.xbrl.org/2003/arcrole/concept-label" xlink:from="loc_eba_GHS" xlink:to="label_eba_GHS" />
    <link:loc xlink:type="locator" xlink:href="mem.xsd#eba_GIP" xlink:label="loc_eba_GIP" />
    <link:label xlink:type="resource" xlink:label="label_eba_GIP" xml:lang="en" xlink:role="http://www.eba.europa.eu/xbrl/role/dpm-db-id">3873</link:label>
    <link:labelArc xlink:type="arc" xlink:arcrole="http://www.xbrl.org/2003/arcrole/concept-label" xlink:from="loc_eba_GIP" xlink:to="label_eba_GIP" />
    <link:loc xlink:type="locator" xlink:href="mem.xsd#eba_HTG" xlink:label="loc_eba_HTG" />
    <link:label xlink:type="resource" xlink:label="label_eba_HTG" xml:lang="en" xlink:role="http://www.eba.europa.eu/xbrl/role/dpm-db-id">3875</link:label>
    <link:labelArc xlink:type="arc" xlink:arcrole="http://www.xbrl.org/2003/arcrole/concept-label" xlink:from="loc_eba_HTG" xlink:to="label_eba_HTG" />
    <link:loc xlink:type="locator" xlink:href="mem.xsd#eba_PYG" xlink:label="loc_eba_PYG" />
    <link:label xlink:type="resource" xlink:label="label_eba_PYG" xml:lang="en" xlink:role="http://www.eba.europa.eu/xbrl/role/dpm-db-id">3876</link:label>
    <link:labelArc xlink:type="arc" xlink:arcrole="http://www.xbrl.org/2003/arcrole/concept-label" xlink:from="loc_eba_PYG" xlink:to="label_eba_PYG" />
    <link:loc xlink:type="locator" xlink:href="mem.xsd#eba_GNF" xlink:label="loc_eba_GNF" />
    <link:label xlink:type="resource" xlink:label="label_eba_GNF" xml:lang="en" xlink:role="http://www.eba.europa.eu/xbrl/role/dpm-db-id">3877</link:label>
    <link:labelArc xlink:type="arc" xlink:arcrole="http://www.xbrl.org/2003/arcrole/concept-label" xlink:from="loc_eba_GNF" xlink:to="label_eba_GNF" />
    <link:loc xlink:type="locator" xlink:href="mem.xsd#eba_GYD" xlink:label="loc_eba_GYD" />
    <link:label xlink:type="resource" xlink:label="label_eba_GYD" xml:lang="en" xlink:role="http://www.eba.europa.eu/xbrl/role/dpm-db-id">3878</link:label>
    <link:labelArc xlink:type="arc" xlink:arcrole="http://www.xbrl.org/2003/arcrole/concept-label" xlink:from="loc_eba_GYD" xlink:to="label_eba_GYD" />
    <link:loc xlink:type="locator" xlink:href="mem.xsd#eba_INR" xlink:label="loc_eba_INR" />
    <link:label xlink:type="resource" xlink:label="label_eba_INR" xml:lang="en" xlink:role="http://www.eba.europa.eu/xbrl/role/dpm-db-id">3879</link:label>
    <link:labelArc xlink:type="arc" xlink:arcrole="http://www.xbrl.org/2003/arcrole/concept-label" xlink:from="loc_eba_INR" xlink:to="label_eba_INR" />
    <link:loc xlink:type="locator" xlink:href="mem.xsd#eba_IRR" xlink:label="loc_eba_IRR" />
    <link:label xlink:type="resource" xlink:label="label_eba_IRR" xml:lang="en" xlink:role="http://www.eba.europa.eu/xbrl/role/dpm-db-id">3880</link:label>
    <link:labelArc xlink:type="arc" xlink:arcrole="http://www.xbrl.org/2003/arcrole/concept-label" xlink:from="loc_eba_IRR" xlink:to="label_eba_IRR" />
    <link:loc xlink:type="locator" xlink:href="mem.xsd#eba_IQD" xlink:label="loc_eba_IQD" />
    <link:label xlink:type="resource" xlink:label="label_eba_IQD" xml:lang="en" xlink:role="http://www.eba.europa.eu/xbrl/role/dpm-db-id">3881</link:label>
    <link:labelArc xlink:type="arc" xlink:arcrole="http://www.xbrl.org/2003/arcrole/concept-label" xlink:from="loc_eba_IQD" xlink:to="label_eba_IQD" />
    <link:loc xlink:type="locator" xlink:href="mem.xsd#eba_JMD" xlink:label="loc_eba_JMD" />
    <link:label xlink:type="resource" xlink:label="label_eba_JMD" xml:lang="en" xlink:role="http://www.eba.europa.eu/xbrl/role/dpm-db-id">3882</link:label>
    <link:labelArc xlink:type="arc" xlink:arcrole="http://www.xbrl.org/2003/arcrole/concept-label" xlink:from="loc_eba_JMD" xlink:to="label_eba_JMD" />
    <link:loc xlink:type="locator" xlink:href="mem.xsd#eba_JOD" xlink:label="loc_eba_JOD" />
    <link:label xlink:type="resource" xlink:label="label_eba_JOD" xml:lang="en" xlink:role="http://www.eba.europa.eu/xbrl/role/dpm-db-id">3883</link:label>
    <link:labelArc xlink:type="arc" xlink:arcrole="http://www.xbrl.org/2003/arcrole/concept-label" xlink:from="loc_eba_JOD" xlink:to="label_eba_JOD" />
    <link:loc xlink:type="locator" xlink:href="mem.xsd#eba_KES" xlink:label="loc_eba_KES" />
    <link:label xlink:type="resource" xlink:label="label_eba_KES" xml:lang="en" xlink:role="http://www.eba.europa.eu/xbrl/role/dpm-db-id">3884</link:label>
    <link:labelArc xlink:type="arc" xlink:arcrole="http://www.xbrl.org/2003/arcrole/concept-label" xlink:from="loc_eba_KES" xlink:to="label_eba_KES" />
    <link:loc xlink:type="locator" xlink:href="mem.xsd#eba_PGK" xlink:label="loc_eba_PGK" />
    <link:label xlink:type="resource" xlink:label="label_eba_PGK" xml:lang="en" xlink:role="http://www.eba.europa.eu/xbrl/role/dpm-db-id">3885</link:label>
    <link:labelArc xlink:type="arc" xlink:arcrole="http://www.xbrl.org/2003/arcrole/concept-label" xlink:from="loc_eba_PGK" xlink:to="label_eba_PGK" />
    <link:loc xlink:type="locator" xlink:href="mem.xsd#eba_LAK" xlink:label="loc_eba_LAK" />
    <link:label xlink:type="resource" xlink:label="label_eba_LAK" xml:lang="en" xlink:role="http://www.eba.europa.eu/xbrl/role/dpm-db-id">3886</link:label>
    <link:labelArc xlink:type="arc" xlink:arcrole="http://www.xbrl.org/2003/arcrole/concept-label" xlink:from="loc_eba_LAK" xlink:to="label_eba_LAK" />
    <link:loc xlink:type="locator" xlink:href="mem.xsd#eba_KWD" xlink:label="loc_eba_KWD" />
    <link:label xlink:type="resource" xlink:label="label_eba_KWD" xml:lang="en" xlink:role="http://www.eba.europa.eu/xbrl/role/dpm-db-id">3887</link:label>
    <link:labelArc xlink:type="arc" xlink:arcrole="http://www.xbrl.org/2003/arcrole/concept-label" xlink:from="loc_eba_KWD" xlink:to="label_eba_KWD" />
    <link:loc xlink:type="locator" xlink:href="mem.xsd#eba_MWK" xlink:label="loc_eba_MWK" />
    <link:label xlink:type="resource" xlink:label="label_eba_MWK" xml:lang="en" xlink:role="http://www.eba.europa.eu/xbrl/role/dpm-db-id">3888</link:label>
    <link:labelArc xlink:type="arc" xlink:arcrole="http://www.xbrl.org/2003/arcrole/concept-label" xlink:from="loc_eba_MWK" xlink:to="label_eba_MWK" />
    <link:loc xlink:type="locator" xlink:href="mem.xsd#eba_AOA" xlink:label="loc_eba_AOA" />
    <link:label xlink:type="resource" xlink:label="label_eba_AOA" xml:lang="en" xlink:role="http://www.eba.europa.eu/xbrl/role/dpm-db-id">3889</link:label>
    <link:labelArc xlink:type="arc" xlink:arcrole="http://www.xbrl.org/2003/arcrole/concept-label" xlink:from="loc_eba_AOA" xlink:to="label_eba_AOA" />
    <link:loc xlink:type="locator" xlink:href="mem.xsd#eba_MMK" xlink:label="loc_eba_MMK" />
    <link:label xlink:type="resource" xlink:label="label_eba_MMK" xml:lang="en" xlink:role="http://www.eba.europa.eu/xbrl/role/dpm-db-id">3890</link:label>
    <link:labelArc xlink:type="arc" xlink:arcrole="http://www.xbrl.org/2003/arcrole/concept-label" xlink:from="loc_eba_MMK" xlink:to="label_eba_MMK" />
    <link:loc xlink:type="locator" xlink:href="mem.xsd#eba_GEL" xlink:label="loc_eba_GEL" />
    <link:label xlink:type="resource" xlink:label="label_eba_GEL" xml:lang="en" xlink:role="http://www.eba.europa.eu/xbrl/role/dpm-db-id">3891</link:label>
    <link:labelArc xlink:type="arc" xlink:arcrole="http://www.xbrl.org/2003/arcrole/concept-label" xlink:from="loc_eba_GEL" xlink:to="label_eba_GEL" />
    <link:loc xlink:type="locator" xlink:href="mem.xsd#eba_LBP" xlink:label="loc_eba_LBP" />
    <link:label xlink:type="resource" xlink:label="label_eba_LBP" xml:lang="en" xlink:role="http://www.eba.europa.eu/xbrl/role/dpm-db-id">3892</link:label>
    <link:labelArc xlink:type="arc" xlink:arcrole="http://www.xbrl.org/2003/arcrole/concept-label" xlink:from="loc_eba_LBP" xlink:to="label_eba_LBP" />
    <link:loc xlink:type="locator" xlink:href="mem.xsd#eba_HNL" xlink:label="loc_eba_HNL" />
    <link:label xlink:type="resource" xlink:label="label_eba_HNL" xml:lang="en" xlink:role="http://www.eba.europa.eu/xbrl/role/dpm-db-id">3893</link:label>
    <link:labelArc xlink:type="arc" xlink:arcrole="http://www.xbrl.org/2003/arcrole/concept-label" xlink:from="loc_eba_HNL" xlink:to="label_eba_HNL" />
    <link:loc xlink:type="locator" xlink:href="mem.xsd#eba_SLL" xlink:label="loc_eba_SLL" />
    <link:label xlink:type="resource" xlink:label="label_eba_SLL" xml:lang="en" xlink:role="http://www.eba.europa.eu/xbrl/role/dpm-db-id">3894</link:label>
    <link:labelArc xlink:type="arc" xlink:arcrole="http://www.xbrl.org/2003/arcrole/concept-label" xlink:from="loc_eba_SLL" xlink:to="label_eba_SLL" />
    <link:loc xlink:type="locator" xlink:href="mem.xsd#eba_LRD" xlink:label="loc_eba_LRD" />
    <link:label xlink:type="resource" xlink:label="label_eba_LRD" xml:lang="en" xlink:role="http://www.eba.europa.eu/xbrl/role/dpm-db-id">3895</link:label>
    <link:labelArc xlink:type="arc" xlink:arcrole="http://www.xbrl.org/2003/arcrole/concept-label" xlink:from="loc_eba_LRD" xlink:to="label_eba_LRD" />
    <link:loc xlink:type="locator" xlink:href="mem.xsd#eba_LYD" xlink:label="loc_eba_LYD" />
    <link:label xlink:type="resource" xlink:label="label_eba_LYD" xml:lang="en" xlink:role="http://www.eba.europa.eu/xbrl/role/dpm-db-id">3896</link:label>
    <link:labelArc xlink:type="arc" xlink:arcrole="http://www.xbrl.org/2003/arcrole/concept-label" xlink:from="loc_eba_LYD" xlink:to="label_eba_LYD" />
    <link:loc xlink:type="locator" xlink:href="mem.xsd#eba_SZL" xlink:label="loc_eba_SZL" />
    <link:label xlink:type="resource" xlink:label="label_eba_SZL" xml:lang="en" xlink:role="http://www.eba.europa.eu/xbrl/role/dpm-db-id">3897</link:label>
    <link:labelArc xlink:type="arc" xlink:arcrole="http://www.xbrl.org/2003/arcrole/concept-label" xlink:from="loc_eba_SZL" xlink:to="label_eba_SZL" />
    <link:loc xlink:type="locator" xlink:href="mem.xsd#eba_LSL" xlink:label="loc_eba_LSL" />
    <link:label xlink:type="resource" xlink:label="label_eba_LSL" xml:lang="en" xlink:role="http://www.eba.europa.eu/xbrl/role/dpm-db-id">3898</link:label>
    <link:labelArc xlink:type="arc" xlink:arcrole="http://www.xbrl.org/2003/arcrole/concept-label" xlink:from="loc_eba_LSL" xlink:to="label_eba_LSL" />
    <link:loc xlink:type="locator" xlink:href="mem.xsd#eba_MGA" xlink:label="loc_eba_MGA" />
    <link:label xlink:type="resource" xlink:label="label_eba_MGA" xml:lang="en" xlink:role="http://www.eba.europa.eu/xbrl/role/dpm-db-id">3899</link:label>
    <link:labelArc xlink:type="arc" xlink:arcrole="http://www.xbrl.org/2003/arcrole/concept-label" xlink:from="loc_eba_MGA" xlink:to="label_eba_MGA" />
    <link:loc xlink:type="locator" xlink:href="mem.xsd#eba_MYR" xlink:label="loc_eba_MYR" />
    <link:label xlink:type="resource" xlink:label="label_eba_MYR" xml:lang="en" xlink:role="http://www.eba.europa.eu/xbrl/role/dpm-db-id">3900</link:label>
    <link:labelArc xlink:type="arc" xlink:arcrole="http://www.xbrl.org/2003/arcrole/concept-label" xlink:from="loc_eba_MYR" xlink:to="label_eba_MYR" />
    <link:loc xlink:type="locator" xlink:href="mem.xsd#eba_MUR" xlink:label="loc_eba_MUR" />
    <link:label xlink:type="resource" xlink:label="label_eba_MUR" xml:lang="en" xlink:role="http://www.eba.europa.eu/xbrl/role/dpm-db-id">3901</link:label>
    <link:labelArc xlink:type="arc" xlink:arcrole="http://www.xbrl.org/2003/arcrole/concept-label" xlink:from="loc_eba_MUR" xlink:to="label_eba_MUR" />
    <link:loc xlink:type="locator" xlink:href="mem.xsd#eba_MDL" xlink:label="loc_eba_MDL" />
    <link:label xlink:type="resource" xlink:label="label_eba_MDL" xml:lang="en" xlink:role="http://www.eba.europa.eu/xbrl/role/dpm-db-id">3903</link:label>
    <link:labelArc xlink:type="arc" xlink:arcrole="http://www.xbrl.org/2003/arcrole/concept-label" xlink:from="loc_eba_MDL" xlink:to="label_eba_MDL" />
    <link:loc xlink:type="locator" xlink:href="mem.xsd#eba_MAD" xlink:label="loc_eba_MAD" />
    <link:label xlink:type="resource" xlink:label="label_eba_MAD" xml:lang="en" xlink:role="http://www.eba.europa.eu/xbrl/role/dpm-db-id">3904</link:label>
    <link:labelArc xlink:type="arc" xlink:arcrole="http://www.xbrl.org/2003/arcrole/concept-label" xlink:from="loc_eba_MAD" xlink:to="label_eba_MAD" />
    <link:loc xlink:type="locator" xlink:href="mem.xsd#eba_MZN" xlink:label="loc_eba_MZN" />
    <link:label xlink:type="resource" xlink:label="label_eba_MZN" xml:lang="en" xlink:role="http://www.eba.europa.eu/xbrl/role/dpm-db-id">3905</link:label>
    <link:labelArc xlink:type="arc" xlink:arcrole="http://www.xbrl.org/2003/arcrole/concept-label" xlink:from="loc_eba_MZN" xlink:to="label_eba_MZN" />
    <link:loc xlink:type="locator" xlink:href="mem.xsd#eba_BOV" xlink:label="loc_eba_BOV" />
    <link:label xlink:type="resource" xlink:label="label_eba_BOV" xml:lang="en" xlink:role="http://www.eba.europa.eu/xbrl/role/dpm-db-id">3906</link:label>
    <link:labelArc xlink:type="arc" xlink:arcrole="http://www.xbrl.org/2003/arcrole/concept-label" xlink:from="loc_eba_BOV" xlink:to="label_eba_BOV" />
    <link:loc xlink:type="locator" xlink:href="mem.xsd#eba_NGN" xlink:label="loc_eba_NGN" />
    <link:label xlink:type="resource" xlink:label="label_eba_NGN" xml:lang="en" xlink:role="http://www.eba.europa.eu/xbrl/role/dpm-db-id">3907</link:label>
    <link:labelArc xlink:type="arc" xlink:arcrole="http://www.xbrl.org/2003/arcrole/concept-label" xlink:from="loc_eba_NGN" xlink:to="label_eba_NGN" />
    <link:loc xlink:type="locator" xlink:href="mem.xsd#eba_ERN" xlink:label="loc_eba_ERN" />
    <link:label xlink:type="resource" xlink:label="label_eba_ERN" xml:lang="en" xlink:role="http://www.eba.europa.eu/xbrl/role/dpm-db-id">3908</link:label>
    <link:labelArc xlink:type="arc" xlink:arcrole="http://www.xbrl.org/2003/arcrole/concept-label" xlink:from="loc_eba_ERN" xlink:to="label_eba_ERN" />
    <link:loc xlink:type="locator" xlink:href="mem.xsd#eba_NAD" xlink:label="loc_eba_NAD" />
    <link:label xlink:type="resource" xlink:label="label_eba_NAD" xml:lang="en" xlink:role="http://www.eba.europa.eu/xbrl/role/dpm-db-id">3909</link:label>
    <link:labelArc xlink:type="arc" xlink:arcrole="http://www.xbrl.org/2003/arcrole/concept-label" xlink:from="loc_eba_NAD" xlink:to="label_eba_NAD" />
    <link:loc xlink:type="locator" xlink:href="mem.xsd#eba_NPR" xlink:label="loc_eba_NPR" />
    <link:label xlink:type="resource" xlink:label="label_eba_NPR" xml:lang="en" xlink:role="http://www.eba.europa.eu/xbrl/role/dpm-db-id">3910</link:label>
    <link:labelArc xlink:type="arc" xlink:arcrole="http://www.xbrl.org/2003/arcrole/concept-label" xlink:from="loc_eba_NPR" xlink:to="label_eba_NPR" />
    <link:loc xlink:type="locator" xlink:href="mem.xsd#eba_ANG" xlink:label="loc_eba_ANG" />
    <link:label xlink:type="resource" xlink:label="label_eba_ANG" xml:lang="en" xlink:role="http://www.eba.europa.eu/xbrl/role/dpm-db-id">3911</link:label>
    <link:labelArc xlink:type="arc" xlink:arcrole="http://www.xbrl.org/2003/arcrole/concept-label" xlink:from="loc_eba_ANG" xlink:to="label_eba_ANG" />
    <link:loc xlink:type="locator" xlink:href="mem.xsd#eba_ILS" xlink:label="loc_eba_ILS" />
    <link:label xlink:type="resource" xlink:label="label_eba_ILS" xml:lang="en" xlink:role="http://www.eba.europa.eu/xbrl/role/dpm-db-id">3912</link:label>
    <link:labelArc xlink:type="arc" xlink:arcrole="http://www.xbrl.org/2003/arcrole/concept-label" xlink:from="loc_eba_ILS" xlink:to="label_eba_ILS" />
    <link:loc xlink:type="locator" xlink:href="mem.xsd#eba_BTN" xlink:label="loc_eba_BTN" />
    <link:label xlink:type="resource" xlink:label="label_eba_BTN" xml:lang="en" xlink:role="http://www.eba.europa.eu/xbrl/role/dpm-db-id">3913</link:label>
    <link:labelArc xlink:type="arc" xlink:arcrole="http://www.xbrl.org/2003/arcrole/concept-label" xlink:from="loc_eba_BTN" xlink:to="label_eba_BTN" />
    <link:loc xlink:type="locator" xlink:href="mem.xsd#eba_KPW" xlink:label="loc_eba_KPW" />
    <link:label xlink:type="resource" xlink:label="label_eba_KPW" xml:lang="en" xlink:role="http://www.eba.europa.eu/xbrl/role/dpm-db-id">3914</link:label>
    <link:labelArc xlink:type="arc" xlink:arcrole="http://www.xbrl.org/2003/arcrole/concept-label" xlink:from="loc_eba_KPW" xlink:to="label_eba_KPW" />
    <link:loc xlink:type="locator" xlink:href="mem.xsd#eba_PEN" xlink:label="loc_eba_PEN" />
    <link:label xlink:type="resource" xlink:label="label_eba_PEN" xml:lang="en" xlink:role="http://www.eba.europa.eu/xbrl/role/dpm-db-id">3915</link:label>
    <link:labelArc xlink:type="arc" xlink:arcrole="http://www.xbrl.org/2003/arcrole/concept-label" xlink:from="loc_eba_PEN" xlink:to="label_eba_PEN" />
    <link:loc xlink:type="locator" xlink:href="mem.xsd#eba_MRO" xlink:label="loc_eba_MRO" />
    <link:label xlink:type="resource" xlink:label="label_eba_MRO" xml:lang="en" xlink:role="http://www.eba.europa.eu/xbrl/role/dpm-db-id">3916</link:label>
    <link:labelArc xlink:type="arc" xlink:arcrole="http://www.xbrl.org/2003/arcrole/concept-label" xlink:from="loc_eba_MRO" xlink:to="label_eba_MRO" />
    <link:loc xlink:type="locator" xlink:href="mem.xsd#eba_TOP" xlink:label="loc_eba_TOP" />
    <link:label xlink:type="resource" xlink:label="label_eba_TOP" xml:lang="en" xlink:role="http://www.eba.europa.eu/xbrl/role/dpm-db-id">3917</link:label>
    <link:labelArc xlink:type="arc" xlink:arcrole="http://www.xbrl.org/2003/arcrole/concept-label" xlink:from="loc_eba_TOP" xlink:to="label_eba_TOP" />
    <link:loc xlink:type="locator" xlink:href="mem.xsd#eba_PKR" xlink:label="loc_eba_PKR" />
    <link:label xlink:type="resource" xlink:label="label_eba_PKR" xml:lang="en" xlink:role="http://www.eba.europa.eu/xbrl/role/dpm-db-id">3918</link:label>
    <link:labelArc xlink:type="arc" xlink:arcrole="http://www.xbrl.org/2003/arcrole/concept-label" xlink:from="loc_eba_PKR" xlink:to="label_eba_PKR" />
    <link:loc xlink:type="locator" xlink:href="mem.xsd#eba_MOP" xlink:label="loc_eba_MOP" />
    <link:label xlink:type="resource" xlink:label="label_eba_MOP" xml:lang="en" xlink:role="http://www.eba.europa.eu/xbrl/role/dpm-db-id">3920</link:label>
    <link:labelArc xlink:type="arc" xlink:arcrole="http://www.xbrl.org/2003/arcrole/concept-label" xlink:from="loc_eba_MOP" xlink:to="label_eba_MOP" />
    <link:loc xlink:type="locator" xlink:href="mem.xsd#eba_CUC" xlink:label="loc_eba_CUC" />
    <link:label xlink:type="resource" xlink:label="label_eba_CUC" xml:lang="en" xlink:role="http://www.eba.europa.eu/xbrl/role/dpm-db-id">3921</link:label>
    <link:labelArc xlink:type="arc" xlink:arcrole="http://www.xbrl.org/2003/arcrole/concept-label" xlink:from="loc_eba_CUC" xlink:to="label_eba_CUC" />
    <link:loc xlink:type="locator" xlink:href="mem.xsd#eba_UYU" xlink:label="loc_eba_UYU" />
    <link:label xlink:type="resource" xlink:label="label_eba_UYU" xml:lang="en" xlink:role="http://www.eba.europa.eu/xbrl/role/dpm-db-id">3922</link:label>
    <link:labelArc xlink:type="arc" xlink:arcrole="http://www.xbrl.org/2003/arcrole/concept-label" xlink:from="loc_eba_UYU" xlink:to="label_eba_UYU" />
    <link:loc xlink:type="locator" xlink:href="mem.xsd#eba_PHP" xlink:label="loc_eba_PHP" />
    <link:label xlink:type="resource" xlink:label="label_eba_PHP" xml:lang="en" xlink:role="http://www.eba.europa.eu/xbrl/role/dpm-db-id">3923</link:label>
    <link:labelArc xlink:type="arc" xlink:arcrole="http://www.xbrl.org/2003/arcrole/concept-label" xlink:from="loc_eba_PHP" xlink:to="label_eba_PHP" />
    <link:loc xlink:type="locator" xlink:href="mem.xsd#eba_BWP" xlink:label="loc_eba_BWP" />
    <link:label xlink:type="resource" xlink:label="label_eba_BWP" xml:lang="en" xlink:role="http://www.eba.europa.eu/xbrl/role/dpm-db-id">3925</link:label>
    <link:labelArc xlink:type="arc" xlink:arcrole="http://www.xbrl.org/2003/arcrole/concept-label" xlink:from="loc_eba_BWP" xlink:to="label_eba_BWP" />
    <link:loc xlink:type="locator" xlink:href="mem.xsd#eba_QAR" xlink:label="loc_eba_QAR" />
    <link:label xlink:type="resource" xlink:label="label_eba_QAR" xml:lang="en" xlink:role="http://www.eba.europa.eu/xbrl/role/dpm-db-id">3926</link:label>
    <link:labelArc xlink:type="arc" xlink:arcrole="http://www.xbrl.org/2003/arcrole/concept-label" xlink:from="loc_eba_QAR" xlink:to="label_eba_QAR" />
    <link:loc xlink:type="locator" xlink:href="mem.xsd#eba_GTQ" xlink:label="loc_eba_GTQ" />
    <link:label xlink:type="resource" xlink:label="label_eba_GTQ" xml:lang="en" xlink:role="http://www.eba.europa.eu/xbrl/role/dpm-db-id">3927</link:label>
    <link:labelArc xlink:type="arc" xlink:arcrole="http://www.xbrl.org/2003/arcrole/concept-label" xlink:from="loc_eba_GTQ" xlink:to="label_eba_GTQ" />
    <link:loc xlink:type="locator" xlink:href="mem.xsd#eba_ZAR" xlink:label="loc_eba_ZAR" />
    <link:label xlink:type="resource" xlink:label="label_eba_ZAR" xml:lang="en" xlink:role="http://www.eba.europa.eu/xbrl/role/dpm-db-id">3928</link:label>
    <link:labelArc xlink:type="arc" xlink:arcrole="http://www.xbrl.org/2003/arcrole/concept-label" xlink:from="loc_eba_ZAR" xlink:to="label_eba_ZAR" />
    <link:loc xlink:type="locator" xlink:href="mem.xsd#eba_OMR" xlink:label="loc_eba_OMR" />
    <link:label xlink:type="resource" xlink:label="label_eba_OMR" xml:lang="en" xlink:role="http://www.eba.europa.eu/xbrl/role/dpm-db-id">3929</link:label>
    <link:labelArc xlink:type="arc" xlink:arcrole="http://www.xbrl.org/2003/arcrole/concept-label" xlink:from="loc_eba_OMR" xlink:to="label_eba_OMR" />
    <link:loc xlink:type="locator" xlink:href="mem.xsd#eba_KHR" xlink:label="loc_eba_KHR" />
    <link:label xlink:type="resource" xlink:label="label_eba_KHR" xml:lang="en" xlink:role="http://www.eba.europa.eu/xbrl/role/dpm-db-id">3930</link:label>
    <link:labelArc xlink:type="arc" xlink:arcrole="http://www.xbrl.org/2003/arcrole/concept-label" xlink:from="loc_eba_KHR" xlink:to="label_eba_KHR" />
    <link:loc xlink:type="locator" xlink:href="mem.xsd#eba_MVR" xlink:label="loc_eba_MVR" />
    <link:label xlink:type="resource" xlink:label="label_eba_MVR" xml:lang="en" xlink:role="http://www.eba.europa.eu/xbrl/role/dpm-db-id">3931</link:label>
    <link:labelArc xlink:type="arc" xlink:arcrole="http://www.xbrl.org/2003/arcrole/concept-label" xlink:from="loc_eba_MVR" xlink:to="label_eba_MVR" />
    <link:loc xlink:type="locator" xlink:href="mem.xsd#eba_IDR" xlink:label="loc_eba_IDR" />
    <link:label xlink:type="resource" xlink:label="label_eba_IDR" xml:lang="en" xlink:role="http://www.eba.europa.eu/xbrl/role/dpm-db-id">3932</link:label>
    <link:labelArc xlink:type="arc" xlink:arcrole="http://www.xbrl.org/2003/arcrole/concept-label" xlink:from="loc_eba_IDR" xlink:to="label_eba_IDR" />
    <link:loc xlink:type="locator" xlink:href="mem.xsd#eba_RWF" xlink:label="loc_eba_RWF" />
    <link:label xlink:type="resource" xlink:label="label_eba_RWF" xml:lang="en" xlink:role="http://www.eba.europa.eu/xbrl/role/dpm-db-id">3933</link:label>
    <link:labelArc xlink:type="arc" xlink:arcrole="http://www.xbrl.org/2003/arcrole/concept-label" xlink:from="loc_eba_RWF" xlink:to="label_eba_RWF" />
    <link:loc xlink:type="locator" xlink:href="mem.xsd#eba_SHP" xlink:label="loc_eba_SHP" />
    <link:label xlink:type="resource" xlink:label="label_eba_SHP" xml:lang="en" xlink:role="http://www.eba.europa.eu/xbrl/role/dpm-db-id">3934</link:label>
    <link:labelArc xlink:type="arc" xlink:arcrole="http://www.xbrl.org/2003/arcrole/concept-label" xlink:from="loc_eba_SHP" xlink:to="label_eba_SHP" />
    <link:loc xlink:type="locator" xlink:href="mem.xsd#eba_SAR" xlink:label="loc_eba_SAR" />
    <link:label xlink:type="resource" xlink:label="label_eba_SAR" xml:lang="en" xlink:role="http://www.eba.europa.eu/xbrl/role/dpm-db-id">3935</link:label>
    <link:labelArc xlink:type="arc" xlink:arcrole="http://www.xbrl.org/2003/arcrole/concept-label" xlink:from="loc_eba_SAR" xlink:to="label_eba_SAR" />
    <link:loc xlink:type="locator" xlink:href="mem.xsd#eba_SCR" xlink:label="loc_eba_SCR" />
    <link:label xlink:type="resource" xlink:label="label_eba_SCR" xml:lang="en" xlink:role="http://www.eba.europa.eu/xbrl/role/dpm-db-id">3937</link:label>
    <link:labelArc xlink:type="arc" xlink:arcrole="http://www.xbrl.org/2003/arcrole/concept-label" xlink:from="loc_eba_SCR" xlink:to="label_eba_SCR" />
    <link:loc xlink:type="locator" xlink:href="mem.xsd#eba_SBD" xlink:label="loc_eba_SBD" />
    <link:label xlink:type="resource" xlink:label="label_eba_SBD" xml:lang="en" xlink:role="http://www.eba.europa.eu/xbrl/role/dpm-db-id">3939</link:label>
    <link:labelArc xlink:type="arc" xlink:arcrole="http://www.xbrl.org/2003/arcrole/concept-label" xlink:from="loc_eba_SBD" xlink:to="label_eba_SBD" />
    <link:loc xlink:type="locator" xlink:href="mem.xsd#eba_KGS" xlink:label="loc_eba_KGS" />
    <link:label xlink:type="resource" xlink:label="label_eba_KGS" xml:lang="en" xlink:role="http://www.eba.europa.eu/xbrl/role/dpm-db-id">3940</link:label>
    <link:labelArc xlink:type="arc" xlink:arcrole="http://www.xbrl.org/2003/arcrole/concept-label" xlink:from="loc_eba_KGS" xlink:to="label_eba_KGS" />
    <link:loc xlink:type="locator" xlink:href="mem.xsd#eba_SOS" xlink:label="loc_eba_SOS" />
    <link:label xlink:type="resource" xlink:label="label_eba_SOS" xml:lang="en" xlink:role="http://www.eba.europa.eu/xbrl/role/dpm-db-id">3941</link:label>
    <link:labelArc xlink:type="arc" xlink:arcrole="http://www.xbrl.org/2003/arcrole/concept-label" xlink:from="loc_eba_SOS" xlink:to="label_eba_SOS" />
    <link:loc xlink:type="locator" xlink:href="mem.xsd#eba_TJS" xlink:label="loc_eba_TJS" />
    <link:label xlink:type="resource" xlink:label="label_eba_TJS" xml:lang="en" xlink:role="http://www.eba.europa.eu/xbrl/role/dpm-db-id">3942</link:label>
    <link:labelArc xlink:type="arc" xlink:arcrole="http://www.xbrl.org/2003/arcrole/concept-label" xlink:from="loc_eba_TJS" xlink:to="label_eba_TJS" />
    <link:loc xlink:type="locator" xlink:href="mem.xsd#eba_SSP" xlink:label="loc_eba_SSP" />
    <link:label xlink:type="resource" xlink:label="label_eba_SSP" xml:lang="en" xlink:role="http://www.eba.europa.eu/xbrl/role/dpm-db-id">3943</link:label>
    <link:labelArc xlink:type="arc" xlink:arcrole="http://www.xbrl.org/2003/arcrole/concept-label" xlink:from="loc_eba_SSP" xlink:to="label_eba_SSP" />
    <link:loc xlink:type="locator" xlink:href="mem.xsd#eba_LKR" xlink:label="loc_eba_LKR" />
    <link:label xlink:type="resource" xlink:label="label_eba_LKR" xml:lang="en" xlink:role="http://www.eba.europa.eu/xbrl/role/dpm-db-id">3944</link:label>
    <link:labelArc xlink:type="arc" xlink:arcrole="http://www.xbrl.org/2003/arcrole/concept-label" xlink:from="loc_eba_LKR" xlink:to="label_eba_LKR" />
    <link:loc xlink:type="locator" xlink:href="mem.xsd#eba_SDG" xlink:label="loc_eba_SDG" />
    <link:label xlink:type="resource" xlink:label="label_eba_SDG" xml:lang="en" xlink:role="http://www.eba.europa.eu/xbrl/role/dpm-db-id">3946</link:label>
    <link:labelArc xlink:type="arc" xlink:arcrole="http://www.xbrl.org/2003/arcrole/concept-label" xlink:from="loc_eba_SDG" xlink:to="label_eba_SDG" />
    <link:loc xlink:type="locator" xlink:href="mem.xsd#eba_SRD" xlink:label="loc_eba_SRD" />
    <link:label xlink:type="resource" xlink:label="label_eba_SRD" xml:lang="en" xlink:role="http://www.eba.europa.eu/xbrl/role/dpm-db-id">3947</link:label>
    <link:labelArc xlink:type="arc" xlink:arcrole="http://www.xbrl.org/2003/arcrole/concept-label" xlink:from="loc_eba_SRD" xlink:to="label_eba_SRD" />
    <link:loc xlink:type="locator" xlink:href="mem.xsd#eba_SYP" xlink:label="loc_eba_SYP" />
    <link:label xlink:type="resource" xlink:label="label_eba_SYP" xml:lang="en" xlink:role="http://www.eba.europa.eu/xbrl/role/dpm-db-id">3948</link:label>
    <link:labelArc xlink:type="arc" xlink:arcrole="http://www.xbrl.org/2003/arcrole/concept-label" xlink:from="loc_eba_SYP" xlink:to="label_eba_SYP" />
    <link:loc xlink:type="locator" xlink:href="mem.xsd#eba_BDT" xlink:label="loc_eba_BDT" />
    <link:label xlink:type="resource" xlink:label="label_eba_BDT" xml:lang="en" xlink:role="http://www.eba.europa.eu/xbrl/role/dpm-db-id">3949</link:label>
    <link:labelArc xlink:type="arc" xlink:arcrole="http://www.xbrl.org/2003/arcrole/concept-label" xlink:from="loc_eba_BDT" xlink:to="label_eba_BDT" />
    <link:loc xlink:type="locator" xlink:href="mem.xsd#eba_WST" xlink:label="loc_eba_WST" />
    <link:label xlink:type="resource" xlink:label="label_eba_WST" xml:lang="en" xlink:role="http://www.eba.europa.eu/xbrl/role/dpm-db-id">3950</link:label>
    <link:labelArc xlink:type="arc" xlink:arcrole="http://www.xbrl.org/2003/arcrole/concept-label" xlink:from="loc_eba_WST" xlink:to="label_eba_WST" />
    <link:loc xlink:type="locator" xlink:href="mem.xsd#eba_TZS" xlink:label="loc_eba_TZS" />
    <link:label xlink:type="resource" xlink:label="label_eba_TZS" xml:lang="en" xlink:role="http://www.eba.europa.eu/xbrl/role/dpm-db-id">3951</link:label>
    <link:labelArc xlink:type="arc" xlink:arcrole="http://www.xbrl.org/2003/arcrole/concept-label" xlink:from="loc_eba_TZS" xlink:to="label_eba_TZS" />
    <link:loc xlink:type="locator" xlink:href="mem.xsd#eba_KZT" xlink:label="loc_eba_KZT" />
    <link:label xlink:type="resource" xlink:label="label_eba_KZT" xml:lang="en" xlink:role="http://www.eba.europa.eu/xbrl/role/dpm-db-id">3952</link:label>
    <link:labelArc xlink:type="arc" xlink:arcrole="http://www.xbrl.org/2003/arcrole/concept-label" xlink:from="loc_eba_KZT" xlink:to="label_eba_KZT" />
    <link:loc xlink:type="locator" xlink:href="mem.xsd#eba_TTD" xlink:label="loc_eba_TTD" />
    <link:label xlink:type="resource" xlink:label="label_eba_TTD" xml:lang="en" xlink:role="http://www.eba.europa.eu/xbrl/role/dpm-db-id">3954</link:label>
    <link:labelArc xlink:type="arc" xlink:arcrole="http://www.xbrl.org/2003/arcrole/concept-label" xlink:from="loc_eba_TTD" xlink:to="label_eba_TTD" />
    <link:loc xlink:type="locator" xlink:href="mem.xsd#eba_MNT" xlink:label="loc_eba_MNT" />
    <link:label xlink:type="resource" xlink:label="label_eba_MNT" xml:lang="en" xlink:role="http://www.eba.europa.eu/xbrl/role/dpm-db-id">3955</link:label>
    <link:labelArc xlink:type="arc" xlink:arcrole="http://www.xbrl.org/2003/arcrole/concept-label" xlink:from="loc_eba_MNT" xlink:to="label_eba_MNT" />
    <link:loc xlink:type="locator" xlink:href="mem.xsd#eba_TND" xlink:label="loc_eba_TND" />
    <link:label xlink:type="resource" xlink:label="label_eba_TND" xml:lang="en" xlink:role="http://www.eba.europa.eu/xbrl/role/dpm-db-id">3956</link:label>
    <link:labelArc xlink:type="arc" xlink:arcrole="http://www.xbrl.org/2003/arcrole/concept-label" xlink:from="loc_eba_TND" xlink:to="label_eba_TND" />
    <link:loc xlink:type="locator" xlink:href="mem.xsd#eba_TMT" xlink:label="loc_eba_TMT" />
    <link:label xlink:type="resource" xlink:label="label_eba_TMT" xml:lang="en" xlink:role="http://www.eba.europa.eu/xbrl/role/dpm-db-id">3957</link:label>
    <link:labelArc xlink:type="arc" xlink:arcrole="http://www.xbrl.org/2003/arcrole/concept-label" xlink:from="loc_eba_TMT" xlink:to="label_eba_TMT" />
    <link:loc xlink:type="locator" xlink:href="mem.xsd#eba_AED" xlink:label="loc_eba_AED" />
    <link:label xlink:type="resource" xlink:label="label_eba_AED" xml:lang="en" xlink:role="http://www.eba.europa.eu/xbrl/role/dpm-db-id">3958</link:label>
    <link:labelArc xlink:type="arc" xlink:arcrole="http://www.xbrl.org/2003/arcrole/concept-label" xlink:from="loc_eba_AED" xlink:to="label_eba_AED" />
    <link:loc xlink:type="locator" xlink:href="mem.xsd#eba_UGX" xlink:label="loc_eba_UGX" />
    <link:label xlink:type="resource" xlink:label="label_eba_UGX" xml:lang="en" xlink:role="http://www.eba.europa.eu/xbrl/role/dpm-db-id">3959</link:label>
    <link:labelArc xlink:type="arc" xlink:arcrole="http://www.xbrl.org/2003/arcrole/concept-label" xlink:from="loc_eba_UGX" xlink:to="label_eba_UGX" />
    <link:loc xlink:type="locator" xlink:href="mem.xsd#eba_COU" xlink:label="loc_eba_COU" />
    <link:label xlink:type="resource" xlink:label="label_eba_COU" xml:lang="en" xlink:role="http://www.eba.europa.eu/xbrl/role/dpm-db-id">3961</link:label>
    <link:labelArc xlink:type="arc" xlink:arcrole="http://www.xbrl.org/2003/arcrole/concept-label" xlink:from="loc_eba_COU" xlink:to="label_eba_COU" />
    <link:loc xlink:type="locator" xlink:href="mem.xsd#eba_CLF" xlink:label="loc_eba_CLF" />
    <link:label xlink:type="resource" xlink:label="label_eba_CLF" xml:lang="en" xlink:role="http://www.eba.europa.eu/xbrl/role/dpm-db-id">3962</link:label>
    <link:labelArc xlink:type="arc" xlink:arcrole="http://www.xbrl.org/2003/arcrole/concept-label" xlink:from="loc_eba_CLF" xlink:to="label_eba_CLF" />
    <link:loc xlink:type="locator" xlink:href="mem.xsd#eba_UYI" xlink:label="loc_eba_UYI" />
    <link:label xlink:type="resource" xlink:label="label_eba_UYI" xml:lang="en" xlink:role="http://www.eba.europa.eu/xbrl/role/dpm-db-id">3963</link:label>
    <link:labelArc xlink:type="arc" xlink:arcrole="http://www.xbrl.org/2003/arcrole/concept-label" xlink:from="loc_eba_UYI" xlink:to="label_eba_UYI" />
    <link:loc xlink:type="locator" xlink:href="mem.xsd#eba_UZS" xlink:label="loc_eba_UZS" />
    <link:label xlink:type="resource" xlink:label="label_eba_UZS" xml:lang="en" xlink:role="http://www.eba.europa.eu/xbrl/role/dpm-db-id">3966</link:label>
    <link:labelArc xlink:type="arc" xlink:arcrole="http://www.xbrl.org/2003/arcrole/concept-label" xlink:from="loc_eba_UZS" xlink:to="label_eba_UZS" />
    <link:loc xlink:type="locator" xlink:href="mem.xsd#eba_VUV" xlink:label="loc_eba_VUV" />
    <link:label xlink:type="resource" xlink:label="label_eba_VUV" xml:lang="en" xlink:role="http://www.eba.europa.eu/xbrl/role/dpm-db-id">3967</link:label>
    <link:labelArc xlink:type="arc" xlink:arcrole="http://www.xbrl.org/2003/arcrole/concept-label" xlink:from="loc_eba_VUV" xlink:to="label_eba_VUV" />
    <link:loc xlink:type="locator" xlink:href="mem.xsd#eba_CHE" xlink:label="loc_eba_CHE" />
    <link:label xlink:type="resource" xlink:label="label_eba_CHE" xml:lang="en" xlink:role="http://www.eba.europa.eu/xbrl/role/dpm-db-id">3968</link:label>
    <link:labelArc xlink:type="arc" xlink:arcrole="http://www.xbrl.org/2003/arcrole/concept-label" xlink:from="loc_eba_CHE" xlink:to="label_eba_CHE" />
    <link:loc xlink:type="locator" xlink:href="mem.xsd#eba_CHW" xlink:label="loc_eba_CHW" />
    <link:label xlink:type="resource" xlink:label="label_eba_CHW" xml:lang="en" xlink:role="http://www.eba.europa.eu/xbrl/role/dpm-db-id">3969</link:label>
    <link:labelArc xlink:type="arc" xlink:arcrole="http://www.xbrl.org/2003/arcrole/concept-label" xlink:from="loc_eba_CHW" xlink:to="label_eba_CHW" />
    <link:loc xlink:type="locator" xlink:href="mem.xsd#eba_YER" xlink:label="loc_eba_YER" />
    <link:label xlink:type="resource" xlink:label="label_eba_YER" xml:lang="en" xlink:role="http://www.eba.europa.eu/xbrl/role/dpm-db-id">3970</link:label>
    <link:labelArc xlink:type="arc" xlink:arcrole="http://www.xbrl.org/2003/arcrole/concept-label" xlink:from="loc_eba_YER" xlink:to="label_eba_YER" />
    <link:loc xlink:type="locator" xlink:href="mem.xsd#eba_ZMK" xlink:label="loc_eba_ZMK" />
    <link:label xlink:type="resource" xlink:label="label_eba_ZMK" xml:lang="en" xlink:role="http://www.eba.europa.eu/xbrl/role/dpm-db-id">3971</link:label>
    <link:labelArc xlink:type="arc" xlink:arcrole="http://www.xbrl.org/2003/arcrole/concept-label" xlink:from="loc_eba_ZMK" xlink:to="label_eba_ZMK" />
    <link:loc xlink:type="locator" xlink:href="mem.xsd#eba_ZWL" xlink:label="loc_eba_ZWL" />
    <link:label xlink:type="resource" xlink:label="label_eba_ZWL" xml:lang="en" xlink:role="http://www.eba.europa.eu/xbrl/role/dpm-db-id">3972</link:label>
    <link:labelArc xlink:type="arc" xlink:arcrole="http://www.xbrl.org/2003/arcrole/concept-label" xlink:from="loc_eba_ZWL" xlink:to="label_eba_ZWL" />
  </link:labelLink>
</link:linkbase>