﻿<?xml version="1.0" encoding="utf-8"?>
<?taxonomy-version 2.0.0?>
<!--(C) EBA-->
<link:linkbase xmlns:xsi="http://www.w3.org/2001/XMLSchema-instance" xmlns:xlink="http://www.w3.org/1999/xlink" xmlns:link="http://www.xbrl.org/2003/linkbase" xmlns:xbrldt="http://xbrl.org/2005/xbrldt" xsi:schemaLocation="http://www.xbrl.org/2003/linkbase http://www.xbrl.org/2003/xbrl-linkbase-2003-12-31.xsd http://xbrl.org/2005/xbrldt http://www.xbrl.org/2005/xbrldt-2005.xsd">
  <link:arcroleRef arcroleURI="http://xbrl.org/int/dim/arcrole/domain-member" xlink:type="simple" xlink:href="http://www.xbrl.org/2005/xbrldt-2005.xsd#domain-member" />
  <link:definitionLink xlink:type="extended" xlink:role="http://www.xbrl.org/2003/role/link">
    <link:loc xlink:type="locator" xlink:href="../exp.xsd#eba_LQ" xlink:label="loc_eba_LQ" />
    <link:loc xlink:type="locator" xlink:href="mem.xsd#eba_x0" xlink:label="loc_eba_x0" />
    <link:definitionArc xlink:type="arc" xlink:arcrole="http://xbrl.org/int/dim/arcrole/domain-member" xlink:from="loc_eba_LQ" xlink:to="loc_eba_x0" order="1" />
    <link:loc xlink:type="locator" xlink:href="mem.xsd#eba_x5" xlink:label="loc_eba_x5" />
    <link:definitionArc xlink:type="arc" xlink:arcrole="http://xbrl.org/int/dim/arcrole/domain-member" xlink:from="loc_eba_LQ" xlink:to="loc_eba_x5" order="2" />
    <link:loc xlink:type="locator" xlink:href="mem.xsd#eba_x6" xlink:label="loc_eba_x6" />
    <link:definitionArc xlink:type="arc" xlink:arcrole="http://xbrl.org/int/dim/arcrole/domain-member" xlink:from="loc_eba_LQ" xlink:to="loc_eba_x6" order="3" />
    <link:loc xlink:type="locator" xlink:href="mem.xsd#eba_x7" xlink:label="loc_eba_x7" />
    <link:definitionArc xlink:type="arc" xlink:arcrole="http://xbrl.org/int/dim/arcrole/domain-member" xlink:from="loc_eba_LQ" xlink:to="loc_eba_x7" order="4" />
    <link:loc xlink:type="locator" xlink:href="mem.xsd#eba_x9" xlink:label="loc_eba_x9" />
    <link:definitionArc xlink:type="arc" xlink:arcrole="http://xbrl.org/int/dim/arcrole/domain-member" xlink:from="loc_eba_LQ" xlink:to="loc_eba_x9" order="5" />
    <link:loc xlink:type="locator" xlink:href="mem.xsd#eba_x10" xlink:label="loc_eba_x10" />
    <link:definitionArc xlink:type="arc" xlink:arcrole="http://xbrl.org/int/dim/arcrole/domain-member" xlink:from="loc_eba_LQ" xlink:to="loc_eba_x10" order="6" />
    <link:loc xlink:type="locator" xlink:href="mem.xsd#eba_x18" xlink:label="loc_eba_x18" />
    <link:definitionArc xlink:type="arc" xlink:arcrole="http://xbrl.org/int/dim/arcrole/domain-member" xlink:from="loc_eba_LQ" xlink:to="loc_eba_x18" order="7" />
    <link:loc xlink:type="locator" xlink:href="mem.xsd#eba_x23" xlink:label="loc_eba_x23" />
    <link:definitionArc xlink:type="arc" xlink:arcrole="http://xbrl.org/int/dim/arcrole/domain-member" xlink:from="loc_eba_LQ" xlink:to="loc_eba_x23" order="8" />
    <link:loc xlink:type="locator" xlink:href="mem.xsd#eba_x24" xlink:label="loc_eba_x24" />
    <link:definitionArc xlink:type="arc" xlink:arcrole="http://xbrl.org/int/dim/arcrole/domain-member" xlink:from="loc_eba_LQ" xlink:to="loc_eba_x24" order="9" />
    <link:loc xlink:type="locator" xlink:href="mem.xsd#eba_x29" xlink:label="loc_eba_x29" />
    <link:definitionArc xlink:type="arc" xlink:arcrole="http://xbrl.org/int/dim/arcrole/domain-member" xlink:from="loc_eba_LQ" xlink:to="loc_eba_x29" order="10" />
    <link:loc xlink:type="locator" xlink:href="mem.xsd#eba_x38" xlink:label="loc_eba_x38" />
    <link:definitionArc xlink:type="arc" xlink:arcrole="http://xbrl.org/int/dim/arcrole/domain-member" xlink:from="loc_eba_LQ" xlink:to="loc_eba_x38" order="11" />
    <link:loc xlink:type="locator" xlink:href="mem.xsd#eba_x46" xlink:label="loc_eba_x46" />
    <link:definitionArc xlink:type="arc" xlink:arcrole="http://xbrl.org/int/dim/arcrole/domain-member" xlink:from="loc_eba_LQ" xlink:to="loc_eba_x46" order="12" />
    <link:loc xlink:type="locator" xlink:href="mem.xsd#eba_x49" xlink:label="loc_eba_x49" />
    <link:definitionArc xlink:type="arc" xlink:arcrole="http://xbrl.org/int/dim/arcrole/domain-member" xlink:from="loc_eba_LQ" xlink:to="loc_eba_x49" order="13" />
    <link:loc xlink:type="locator" xlink:href="mem.xsd#eba_x50" xlink:label="loc_eba_x50" />
    <link:definitionArc xlink:type="arc" xlink:arcrole="http://xbrl.org/int/dim/arcrole/domain-member" xlink:from="loc_eba_LQ" xlink:to="loc_eba_x50" order="14" />
    <link:loc xlink:type="locator" xlink:href="mem.xsd#eba_x51" xlink:label="loc_eba_x51" />
    <link:definitionArc xlink:type="arc" xlink:arcrole="http://xbrl.org/int/dim/arcrole/domain-member" xlink:from="loc_eba_LQ" xlink:to="loc_eba_x51" order="15" />
    <link:loc xlink:type="locator" xlink:href="mem.xsd#eba_x52" xlink:label="loc_eba_x52" />
    <link:definitionArc xlink:type="arc" xlink:arcrole="http://xbrl.org/int/dim/arcrole/domain-member" xlink:from="loc_eba_LQ" xlink:to="loc_eba_x52" order="16" />
    <link:loc xlink:type="locator" xlink:href="mem.xsd#eba_x53" xlink:label="loc_eba_x53" />
    <link:definitionArc xlink:type="arc" xlink:arcrole="http://xbrl.org/int/dim/arcrole/domain-member" xlink:from="loc_eba_LQ" xlink:to="loc_eba_x53" order="17" />
    <link:loc xlink:type="locator" xlink:href="mem.xsd#eba_x54" xlink:label="loc_eba_x54" />
    <link:definitionArc xlink:type="arc" xlink:arcrole="http://xbrl.org/int/dim/arcrole/domain-member" xlink:from="loc_eba_LQ" xlink:to="loc_eba_x54" order="18" />
    <link:loc xlink:type="locator" xlink:href="mem.xsd#eba_x55" xlink:label="loc_eba_x55" />
    <link:definitionArc xlink:type="arc" xlink:arcrole="http://xbrl.org/int/dim/arcrole/domain-member" xlink:from="loc_eba_LQ" xlink:to="loc_eba_x55" order="19" />
    <link:loc xlink:type="locator" xlink:href="mem.xsd#eba_x56" xlink:label="loc_eba_x56" />
    <link:definitionArc xlink:type="arc" xlink:arcrole="http://xbrl.org/int/dim/arcrole/domain-member" xlink:from="loc_eba_LQ" xlink:to="loc_eba_x56" order="20" />
    <link:loc xlink:type="locator" xlink:href="mem.xsd#eba_x57" xlink:label="loc_eba_x57" />
    <link:definitionArc xlink:type="arc" xlink:arcrole="http://xbrl.org/int/dim/arcrole/domain-member" xlink:from="loc_eba_LQ" xlink:to="loc_eba_x57" order="21" />
    <link:loc xlink:type="locator" xlink:href="mem.xsd#eba_x58" xlink:label="loc_eba_x58" />
    <link:definitionArc xlink:type="arc" xlink:arcrole="http://xbrl.org/int/dim/arcrole/domain-member" xlink:from="loc_eba_LQ" xlink:to="loc_eba_x58" order="22" />
    <link:loc xlink:type="locator" xlink:href="mem.xsd#eba_x59" xlink:label="loc_eba_x59" />
    <link:definitionArc xlink:type="arc" xlink:arcrole="http://xbrl.org/int/dim/arcrole/domain-member" xlink:from="loc_eba_LQ" xlink:to="loc_eba_x59" order="23" />
    <link:loc xlink:type="locator" xlink:href="mem.xsd#eba_x60" xlink:label="loc_eba_x60" />
    <link:definitionArc xlink:type="arc" xlink:arcrole="http://xbrl.org/int/dim/arcrole/domain-member" xlink:from="loc_eba_LQ" xlink:to="loc_eba_x60" order="24" />
    <link:loc xlink:type="locator" xlink:href="mem.xsd#eba_x61" xlink:label="loc_eba_x61" />
    <link:definitionArc xlink:type="arc" xlink:arcrole="http://xbrl.org/int/dim/arcrole/domain-member" xlink:from="loc_eba_LQ" xlink:to="loc_eba_x61" order="25" />
    <link:loc xlink:type="locator" xlink:href="mem.xsd#eba_x62" xlink:label="loc_eba_x62" />
    <link:definitionArc xlink:type="arc" xlink:arcrole="http://xbrl.org/int/dim/arcrole/domain-member" xlink:from="loc_eba_LQ" xlink:to="loc_eba_x62" order="26" />
    <link:loc xlink:type="locator" xlink:href="mem.xsd#eba_x63" xlink:label="loc_eba_x63" />
    <link:definitionArc xlink:type="arc" xlink:arcrole="http://xbrl.org/int/dim/arcrole/domain-member" xlink:from="loc_eba_LQ" xlink:to="loc_eba_x63" order="27" />
    <link:loc xlink:type="locator" xlink:href="mem.xsd#eba_x64" xlink:label="loc_eba_x64" />
    <link:definitionArc xlink:type="arc" xlink:arcrole="http://xbrl.org/int/dim/arcrole/domain-member" xlink:from="loc_eba_LQ" xlink:to="loc_eba_x64" order="28" />
    <link:loc xlink:type="locator" xlink:href="mem.xsd#eba_x65" xlink:label="loc_eba_x65" />
    <link:definitionArc xlink:type="arc" xlink:arcrole="http://xbrl.org/int/dim/arcrole/domain-member" xlink:from="loc_eba_LQ" xlink:to="loc_eba_x65" order="29" />
    <link:loc xlink:type="locator" xlink:href="mem.xsd#eba_x66" xlink:label="loc_eba_x66" />
    <link:definitionArc xlink:type="arc" xlink:arcrole="http://xbrl.org/int/dim/arcrole/domain-member" xlink:from="loc_eba_LQ" xlink:to="loc_eba_x66" order="30" />
    <link:loc xlink:type="locator" xlink:href="mem.xsd#eba_x67" xlink:label="loc_eba_x67" />
    <link:definitionArc xlink:type="arc" xlink:arcrole="http://xbrl.org/int/dim/arcrole/domain-member" xlink:from="loc_eba_LQ" xlink:to="loc_eba_x67" order="31" />
    <link:loc xlink:type="locator" xlink:href="mem.xsd#eba_x69" xlink:label="loc_eba_x69" />
    <link:definitionArc xlink:type="arc" xlink:arcrole="http://xbrl.org/int/dim/arcrole/domain-member" xlink:from="loc_eba_LQ" xlink:to="loc_eba_x69" order="32" />
    <link:loc xlink:type="locator" xlink:href="mem.xsd#eba_x70" xlink:label="loc_eba_x70" />
    <link:definitionArc xlink:type="arc" xlink:arcrole="http://xbrl.org/int/dim/arcrole/domain-member" xlink:from="loc_eba_LQ" xlink:to="loc_eba_x70" order="33" />
    <link:loc xlink:type="locator" xlink:href="mem.xsd#eba_x71" xlink:label="loc_eba_x71" />
    <link:definitionArc xlink:type="arc" xlink:arcrole="http://xbrl.org/int/dim/arcrole/domain-member" xlink:from="loc_eba_LQ" xlink:to="loc_eba_x71" order="34" />
    <link:loc xlink:type="locator" xlink:href="mem.xsd#eba_x72" xlink:label="loc_eba_x72" />
    <link:definitionArc xlink:type="arc" xlink:arcrole="http://xbrl.org/int/dim/arcrole/domain-member" xlink:from="loc_eba_LQ" xlink:to="loc_eba_x72" order="35" />
    <link:loc xlink:type="locator" xlink:href="mem.xsd#eba_x73" xlink:label="loc_eba_x73" />
    <link:definitionArc xlink:type="arc" xlink:arcrole="http://xbrl.org/int/dim/arcrole/domain-member" xlink:from="loc_eba_LQ" xlink:to="loc_eba_x73" order="36" />
    <link:loc xlink:type="locator" xlink:href="mem.xsd#eba_x74" xlink:label="loc_eba_x74" />
    <link:definitionArc xlink:type="arc" xlink:arcrole="http://xbrl.org/int/dim/arcrole/domain-member" xlink:from="loc_eba_LQ" xlink:to="loc_eba_x74" order="37" />
    <link:loc xlink:type="locator" xlink:href="mem.xsd#eba_x75" xlink:label="loc_eba_x75" />
    <link:definitionArc xlink:type="arc" xlink:arcrole="http://xbrl.org/int/dim/arcrole/domain-member" xlink:from="loc_eba_LQ" xlink:to="loc_eba_x75" order="38" />
    <link:loc xlink:type="locator" xlink:href="mem.xsd#eba_x76" xlink:label="loc_eba_x76" />
    <link:definitionArc xlink:type="arc" xlink:arcrole="http://xbrl.org/int/dim/arcrole/domain-member" xlink:from="loc_eba_LQ" xlink:to="loc_eba_x76" order="39" />
    <link:loc xlink:type="locator" xlink:href="mem.xsd#eba_x77" xlink:label="loc_eba_x77" />
    <link:definitionArc xlink:type="arc" xlink:arcrole="http://xbrl.org/int/dim/arcrole/domain-member" xlink:from="loc_eba_LQ" xlink:to="loc_eba_x77" order="40" />
    <link:loc xlink:type="locator" xlink:href="mem.xsd#eba_x78" xlink:label="loc_eba_x78" />
    <link:definitionArc xlink:type="arc" xlink:arcrole="http://xbrl.org/int/dim/arcrole/domain-member" xlink:from="loc_eba_LQ" xlink:to="loc_eba_x78" order="41" />
    <link:loc xlink:type="locator" xlink:href="mem.xsd#eba_x79" xlink:label="loc_eba_x79" />
    <link:definitionArc xlink:type="arc" xlink:arcrole="http://xbrl.org/int/dim/arcrole/domain-member" xlink:from="loc_eba_LQ" xlink:to="loc_eba_x79" order="42" />
    <link:loc xlink:type="locator" xlink:href="mem.xsd#eba_x80" xlink:label="loc_eba_x80" />
    <link:definitionArc xlink:type="arc" xlink:arcrole="http://xbrl.org/int/dim/arcrole/domain-member" xlink:from="loc_eba_LQ" xlink:to="loc_eba_x80" order="43" />
    <link:loc xlink:type="locator" xlink:href="mem.xsd#eba_x81" xlink:label="loc_eba_x81" />
    <link:definitionArc xlink:type="arc" xlink:arcrole="http://xbrl.org/int/dim/arcrole/domain-member" xlink:from="loc_eba_LQ" xlink:to="loc_eba_x81" order="44" />
    <link:loc xlink:type="locator" xlink:href="mem.xsd#eba_x82" xlink:label="loc_eba_x82" />
    <link:definitionArc xlink:type="arc" xlink:arcrole="http://xbrl.org/int/dim/arcrole/domain-member" xlink:from="loc_eba_LQ" xlink:to="loc_eba_x82" order="45" />
    <link:loc xlink:type="locator" xlink:href="mem.xsd#eba_x83" xlink:label="loc_eba_x83" />
    <link:definitionArc xlink:type="arc" xlink:arcrole="http://xbrl.org/int/dim/arcrole/domain-member" xlink:from="loc_eba_LQ" xlink:to="loc_eba_x83" order="46" />
    <link:loc xlink:type="locator" xlink:href="mem.xsd#eba_x84" xlink:label="loc_eba_x84" />
    <link:definitionArc xlink:type="arc" xlink:arcrole="http://xbrl.org/int/dim/arcrole/domain-member" xlink:from="loc_eba_LQ" xlink:to="loc_eba_x84" order="47" />
    <link:loc xlink:type="locator" xlink:href="mem.xsd#eba_x85" xlink:label="loc_eba_x85" />
    <link:definitionArc xlink:type="arc" xlink:arcrole="http://xbrl.org/int/dim/arcrole/domain-member" xlink:from="loc_eba_LQ" xlink:to="loc_eba_x85" order="48" />
    <link:loc xlink:type="locator" xlink:href="mem.xsd#eba_x86" xlink:label="loc_eba_x86" />
    <link:definitionArc xlink:type="arc" xlink:arcrole="http://xbrl.org/int/dim/arcrole/domain-member" xlink:from="loc_eba_LQ" xlink:to="loc_eba_x86" order="49" />
    <link:loc xlink:type="locator" xlink:href="mem.xsd#eba_x87" xlink:label="loc_eba_x87" />
    <link:definitionArc xlink:type="arc" xlink:arcrole="http://xbrl.org/int/dim/arcrole/domain-member" xlink:from="loc_eba_LQ" xlink:to="loc_eba_x87" order="50" />
    <link:loc xlink:type="locator" xlink:href="mem.xsd#eba_x88" xlink:label="loc_eba_x88" />
    <link:definitionArc xlink:type="arc" xlink:arcrole="http://xbrl.org/int/dim/arcrole/domain-member" xlink:from="loc_eba_LQ" xlink:to="loc_eba_x88" order="51" />
    <link:loc xlink:type="locator" xlink:href="mem.xsd#eba_x89" xlink:label="loc_eba_x89" />
    <link:definitionArc xlink:type="arc" xlink:arcrole="http://xbrl.org/int/dim/arcrole/domain-member" xlink:from="loc_eba_LQ" xlink:to="loc_eba_x89" order="52" />
    <link:loc xlink:type="locator" xlink:href="mem.xsd#eba_x90" xlink:label="loc_eba_x90" />
    <link:definitionArc xlink:type="arc" xlink:arcrole="http://xbrl.org/int/dim/arcrole/domain-member" xlink:from="loc_eba_LQ" xlink:to="loc_eba_x90" order="53" />
    <link:loc xlink:type="locator" xlink:href="mem.xsd#eba_x91" xlink:label="loc_eba_x91" />
    <link:definitionArc xlink:type="arc" xlink:arcrole="http://xbrl.org/int/dim/arcrole/domain-member" xlink:from="loc_eba_LQ" xlink:to="loc_eba_x91" order="54" />
    <link:loc xlink:type="locator" xlink:href="mem.xsd#eba_x92" xlink:label="loc_eba_x92" />
    <link:definitionArc xlink:type="arc" xlink:arcrole="http://xbrl.org/int/dim/arcrole/domain-member" xlink:from="loc_eba_LQ" xlink:to="loc_eba_x92" order="55" />
    <link:loc xlink:type="locator" xlink:href="mem.xsd#eba_x93" xlink:label="loc_eba_x93" />
    <link:definitionArc xlink:type="arc" xlink:arcrole="http://xbrl.org/int/dim/arcrole/domain-member" xlink:from="loc_eba_LQ" xlink:to="loc_eba_x93" order="56" />
    <link:loc xlink:type="locator" xlink:href="mem.xsd#eba_x94" xlink:label="loc_eba_x94" />
    <link:definitionArc xlink:type="arc" xlink:arcrole="http://xbrl.org/int/dim/arcrole/domain-member" xlink:from="loc_eba_LQ" xlink:to="loc_eba_x94" order="57" />
    <link:loc xlink:type="locator" xlink:href="mem.xsd#eba_x95" xlink:label="loc_eba_x95" />
    <link:definitionArc xlink:type="arc" xlink:arcrole="http://xbrl.org/int/dim/arcrole/domain-member" xlink:from="loc_eba_LQ" xlink:to="loc_eba_x95" order="58" />
    <link:loc xlink:type="locator" xlink:href="mem.xsd#eba_x96" xlink:label="loc_eba_x96" />
    <link:definitionArc xlink:type="arc" xlink:arcrole="http://xbrl.org/int/dim/arcrole/domain-member" xlink:from="loc_eba_LQ" xlink:to="loc_eba_x96" order="59" />
    <link:loc xlink:type="locator" xlink:href="mem.xsd#eba_x97" xlink:label="loc_eba_x97" />
    <link:definitionArc xlink:type="arc" xlink:arcrole="http://xbrl.org/int/dim/arcrole/domain-member" xlink:from="loc_eba_LQ" xlink:to="loc_eba_x97" order="60" />
    <link:loc xlink:type="locator" xlink:href="mem.xsd#eba_x98" xlink:label="loc_eba_x98" />
    <link:definitionArc xlink:type="arc" xlink:arcrole="http://xbrl.org/int/dim/arcrole/domain-member" xlink:from="loc_eba_LQ" xlink:to="loc_eba_x98" order="61" />
    <link:loc xlink:type="locator" xlink:href="mem.xsd#eba_x99" xlink:label="loc_eba_x99" />
    <link:definitionArc xlink:type="arc" xlink:arcrole="http://xbrl.org/int/dim/arcrole/domain-member" xlink:from="loc_eba_LQ" xlink:to="loc_eba_x99" order="62" />
    <link:loc xlink:type="locator" xlink:href="mem.xsd#eba_x100" xlink:label="loc_eba_x100" />
    <link:definitionArc xlink:type="arc" xlink:arcrole="http://xbrl.org/int/dim/arcrole/domain-member" xlink:from="loc_eba_LQ" xlink:to="loc_eba_x100" order="63" />
    <link:loc xlink:type="locator" xlink:href="mem.xsd#eba_x101" xlink:label="loc_eba_x101" />
    <link:definitionArc xlink:type="arc" xlink:arcrole="http://xbrl.org/int/dim/arcrole/domain-member" xlink:from="loc_eba_LQ" xlink:to="loc_eba_x101" order="64" />
    <link:loc xlink:type="locator" xlink:href="mem.xsd#eba_x102" xlink:label="loc_eba_x102" />
    <link:definitionArc xlink:type="arc" xlink:arcrole="http://xbrl.org/int/dim/arcrole/domain-member" xlink:from="loc_eba_LQ" xlink:to="loc_eba_x102" order="65" />
  </link:definitionLink>
</link:linkbase>