﻿<?xml version="1.0" encoding="utf-8"?>
<?taxonomy-version 2.0.0?>
<!--(C) EBA-->
<link:linkbase xmlns:xsi="http://www.w3.org/2001/XMLSchema-instance" xmlns:xlink="http://www.w3.org/1999/xlink" xmlns:link="http://www.xbrl.org/2003/linkbase" xmlns:gen="http://xbrl.org/2008/generic" xmlns:label="http://xbrl.org/2008/label" xsi:schemaLocation="http://www.xbrl.org/2003/linkbase http://www.xbrl.org/2003/xbrl-linkbase-2003-12-31.xsd http://xbrl.org/2008/generic http://www.xbrl.org/2008/generic-link.xsd http://xbrl.org/2008/label http://www.xbrl.org/2008/generic-label.xsd">
  <link:arcroleRef arcroleURI="http://xbrl.org/arcrole/2008/element-label" xlink:type="simple" xlink:href="http://www.xbrl.org/2008/generic-label.xsd#element-label" />
  <link:roleRef roleURI="http://www.xbrl.org/2008/role/label" xlink:type="simple" xlink:href="http://www.xbrl.org/2008/generic-label.xsd#standard-label" />
  <link:roleRef roleURI="http://www.xbrl.org/2008/role/verboseLabel" xlink:type="simple" xlink:href="http://www.xbrl.org/2008/generic-label.xsd#verbose-label" />
  <gen:link xlink:type="extended" xlink:role="http://www.xbrl.org/2003/role/link">
    <link:loc xlink:type="locator" xlink:href="c_30.00-rend.xml#eba_tC_30.00" xlink:label="loc_eba_tC_30.00" />
    <label:label xlink:type="resource" xlink:label="label_eba_tC_30.00" xml:lang="en" xlink:role="http://www.xbrl.org/2008/role/label">C 30.00 (LE 4)</label:label>
    <gen:arc xlink:type="arc" xlink:arcrole="http://xbrl.org/arcrole/2008/element-label" xlink:from="loc_eba_tC_30.00" xlink:to="label_eba_tC_30.00" />
    <label:label xlink:type="resource" xlink:label="label_eba_tC_30.00_1" xml:lang="en" xlink:role="http://www.xbrl.org/2008/role/verboseLabel">C 30.00 (LE 4) Maturity buckets of the 10 largest exposures to institutions and the 10 largest exposures to unregulated financial entities</label:label>
    <gen:arc xlink:type="arc" xlink:arcrole="http://xbrl.org/arcrole/2008/element-label" xlink:from="loc_eba_tC_30.00" xlink:to="label_eba_tC_30.00_1" />
    <link:loc xlink:type="locator" xlink:href="c_30.00-rend.xml#eba_a1" xlink:label="loc_eba_a1" />
    <label:label xlink:type="resource" xlink:label="label_eba_a1" xml:lang="en" xlink:role="http://www.xbrl.org/2008/role/label">Columns</label:label>
    <gen:arc xlink:type="arc" xlink:arcrole="http://xbrl.org/arcrole/2008/element-label" xlink:from="loc_eba_a1" xlink:to="label_eba_a1" />
    <link:loc xlink:type="locator" xlink:href="c_30.00-rend.xml#eba_c21538" xlink:label="loc_eba_c21538" />
    <label:label xlink:type="resource" xlink:label="label_eba_c21538" xml:lang="en" xlink:role="http://www.xbrl.org/2008/role/label">MATURITY BUCKETS OF THE EXPOSURE</label:label>
    <gen:arc xlink:type="arc" xlink:arcrole="http://xbrl.org/arcrole/2008/element-label" xlink:from="loc_eba_c21538" xlink:to="label_eba_c21538" />
    <link:loc xlink:type="locator" xlink:href="c_30.00-rend.xml#eba_c21539" xlink:label="loc_eba_c21539" />
    <label:label xlink:type="resource" xlink:label="label_eba_c21539" xml:lang="en" xlink:role="http://www.xbrl.org/2008/role/label">Up to 1 Month</label:label>
    <gen:arc xlink:type="arc" xlink:arcrole="http://xbrl.org/arcrole/2008/element-label" xlink:from="loc_eba_c21539" xlink:to="label_eba_c21539" />
    <link:loc xlink:type="locator" xlink:href="c_30.00-rend.xml#eba_c21540" xlink:label="loc_eba_c21540" />
    <label:label xlink:type="resource" xlink:label="label_eba_c21540" xml:lang="en" xlink:role="http://www.xbrl.org/2008/role/label">Greater than 1 month up to 2 Months</label:label>
    <gen:arc xlink:type="arc" xlink:arcrole="http://xbrl.org/arcrole/2008/element-label" xlink:from="loc_eba_c21540" xlink:to="label_eba_c21540" />
    <link:loc xlink:type="locator" xlink:href="c_30.00-rend.xml#eba_c21541" xlink:label="loc_eba_c21541" />
    <label:label xlink:type="resource" xlink:label="label_eba_c21541" xml:lang="en" xlink:role="http://www.xbrl.org/2008/role/label">Greater than 2 months up to 3 Months</label:label>
    <gen:arc xlink:type="arc" xlink:arcrole="http://xbrl.org/arcrole/2008/element-label" xlink:from="loc_eba_c21541" xlink:to="label_eba_c21541" />
    <link:loc xlink:type="locator" xlink:href="c_30.00-rend.xml#eba_c21542" xlink:label="loc_eba_c21542" />
    <label:label xlink:type="resource" xlink:label="label_eba_c21542" xml:lang="en" xlink:role="http://www.xbrl.org/2008/role/label">Greater than 3 months up to 4 Months</label:label>
    <gen:arc xlink:type="arc" xlink:arcrole="http://xbrl.org/arcrole/2008/element-label" xlink:from="loc_eba_c21542" xlink:to="label_eba_c21542" />
    <link:loc xlink:type="locator" xlink:href="c_30.00-rend.xml#eba_c21543" xlink:label="loc_eba_c21543" />
    <label:label xlink:type="resource" xlink:label="label_eba_c21543" xml:lang="en" xlink:role="http://www.xbrl.org/2008/role/label">Greater than 4 months up to 5 Months</label:label>
    <gen:arc xlink:type="arc" xlink:arcrole="http://xbrl.org/arcrole/2008/element-label" xlink:from="loc_eba_c21543" xlink:to="label_eba_c21543" />
    <link:loc xlink:type="locator" xlink:href="c_30.00-rend.xml#eba_c21544" xlink:label="loc_eba_c21544" />
    <label:label xlink:type="resource" xlink:label="label_eba_c21544" xml:lang="en" xlink:role="http://www.xbrl.org/2008/role/label">Greater than 5 months up to 6 Months</label:label>
    <gen:arc xlink:type="arc" xlink:arcrole="http://xbrl.org/arcrole/2008/element-label" xlink:from="loc_eba_c21544" xlink:to="label_eba_c21544" />
    <link:loc xlink:type="locator" xlink:href="c_30.00-rend.xml#eba_c21545" xlink:label="loc_eba_c21545" />
    <label:label xlink:type="resource" xlink:label="label_eba_c21545" xml:lang="en" xlink:role="http://www.xbrl.org/2008/role/label">Greater than 6 months up to 7 Months</label:label>
    <gen:arc xlink:type="arc" xlink:arcrole="http://xbrl.org/arcrole/2008/element-label" xlink:from="loc_eba_c21545" xlink:to="label_eba_c21545" />
    <link:loc xlink:type="locator" xlink:href="c_30.00-rend.xml#eba_c21546" xlink:label="loc_eba_c21546" />
    <label:label xlink:type="resource" xlink:label="label_eba_c21546" xml:lang="en" xlink:role="http://www.xbrl.org/2008/role/label">Greater than 7 months up to 8 Months</label:label>
    <gen:arc xlink:type="arc" xlink:arcrole="http://xbrl.org/arcrole/2008/element-label" xlink:from="loc_eba_c21546" xlink:to="label_eba_c21546" />
    <link:loc xlink:type="locator" xlink:href="c_30.00-rend.xml#eba_c21547" xlink:label="loc_eba_c21547" />
    <label:label xlink:type="resource" xlink:label="label_eba_c21547" xml:lang="en" xlink:role="http://www.xbrl.org/2008/role/label">Greater than 8 months up to 9 Months</label:label>
    <gen:arc xlink:type="arc" xlink:arcrole="http://xbrl.org/arcrole/2008/element-label" xlink:from="loc_eba_c21547" xlink:to="label_eba_c21547" />
    <link:loc xlink:type="locator" xlink:href="c_30.00-rend.xml#eba_c21548" xlink:label="loc_eba_c21548" />
    <label:label xlink:type="resource" xlink:label="label_eba_c21548" xml:lang="en" xlink:role="http://www.xbrl.org/2008/role/label">Greater than 9 months up to 10 Months</label:label>
    <gen:arc xlink:type="arc" xlink:arcrole="http://xbrl.org/arcrole/2008/element-label" xlink:from="loc_eba_c21548" xlink:to="label_eba_c21548" />
    <link:loc xlink:type="locator" xlink:href="c_30.00-rend.xml#eba_c21549" xlink:label="loc_eba_c21549" />
    <label:label xlink:type="resource" xlink:label="label_eba_c21549" xml:lang="en" xlink:role="http://www.xbrl.org/2008/role/label">Greater than 10 months up to 11 Months</label:label>
    <gen:arc xlink:type="arc" xlink:arcrole="http://xbrl.org/arcrole/2008/element-label" xlink:from="loc_eba_c21549" xlink:to="label_eba_c21549" />
    <link:loc xlink:type="locator" xlink:href="c_30.00-rend.xml#eba_c21550" xlink:label="loc_eba_c21550" />
    <label:label xlink:type="resource" xlink:label="label_eba_c21550" xml:lang="en" xlink:role="http://www.xbrl.org/2008/role/label">Greater than 11 months up to 12 Months</label:label>
    <gen:arc xlink:type="arc" xlink:arcrole="http://xbrl.org/arcrole/2008/element-label" xlink:from="loc_eba_c21550" xlink:to="label_eba_c21550" />
    <link:loc xlink:type="locator" xlink:href="c_30.00-rend.xml#eba_c21551" xlink:label="loc_eba_c21551" />
    <label:label xlink:type="resource" xlink:label="label_eba_c21551" xml:lang="en" xlink:role="http://www.xbrl.org/2008/role/label">Greater than 12 months up to 15 Months</label:label>
    <gen:arc xlink:type="arc" xlink:arcrole="http://xbrl.org/arcrole/2008/element-label" xlink:from="loc_eba_c21551" xlink:to="label_eba_c21551" />
    <link:loc xlink:type="locator" xlink:href="c_30.00-rend.xml#eba_c21552" xlink:label="loc_eba_c21552" />
    <label:label xlink:type="resource" xlink:label="label_eba_c21552" xml:lang="en" xlink:role="http://www.xbrl.org/2008/role/label">Greater than 15 months up to 18 Months</label:label>
    <gen:arc xlink:type="arc" xlink:arcrole="http://xbrl.org/arcrole/2008/element-label" xlink:from="loc_eba_c21552" xlink:to="label_eba_c21552" />
    <link:loc xlink:type="locator" xlink:href="c_30.00-rend.xml#eba_c21553" xlink:label="loc_eba_c21553" />
    <label:label xlink:type="resource" xlink:label="label_eba_c21553" xml:lang="en" xlink:role="http://www.xbrl.org/2008/role/label">Greater than 18 months up to 21 Months</label:label>
    <gen:arc xlink:type="arc" xlink:arcrole="http://xbrl.org/arcrole/2008/element-label" xlink:from="loc_eba_c21553" xlink:to="label_eba_c21553" />
    <link:loc xlink:type="locator" xlink:href="c_30.00-rend.xml#eba_c21554" xlink:label="loc_eba_c21554" />
    <label:label xlink:type="resource" xlink:label="label_eba_c21554" xml:lang="en" xlink:role="http://www.xbrl.org/2008/role/label">Greater than 21 months up to 24 Months</label:label>
    <gen:arc xlink:type="arc" xlink:arcrole="http://xbrl.org/arcrole/2008/element-label" xlink:from="loc_eba_c21554" xlink:to="label_eba_c21554" />
    <link:loc xlink:type="locator" xlink:href="c_30.00-rend.xml#eba_c21555" xlink:label="loc_eba_c21555" />
    <label:label xlink:type="resource" xlink:label="label_eba_c21555" xml:lang="en" xlink:role="http://www.xbrl.org/2008/role/label">Greater than 24 months up to 27 Months</label:label>
    <gen:arc xlink:type="arc" xlink:arcrole="http://xbrl.org/arcrole/2008/element-label" xlink:from="loc_eba_c21555" xlink:to="label_eba_c21555" />
    <link:loc xlink:type="locator" xlink:href="c_30.00-rend.xml#eba_c21556" xlink:label="loc_eba_c21556" />
    <label:label xlink:type="resource" xlink:label="label_eba_c21556" xml:lang="en" xlink:role="http://www.xbrl.org/2008/role/label">Greater than 27 months up to 30 Months</label:label>
    <gen:arc xlink:type="arc" xlink:arcrole="http://xbrl.org/arcrole/2008/element-label" xlink:from="loc_eba_c21556" xlink:to="label_eba_c21556" />
    <link:loc xlink:type="locator" xlink:href="c_30.00-rend.xml#eba_c21557" xlink:label="loc_eba_c21557" />
    <label:label xlink:type="resource" xlink:label="label_eba_c21557" xml:lang="en" xlink:role="http://www.xbrl.org/2008/role/label">Greater than 30 months up to 33 Months</label:label>
    <gen:arc xlink:type="arc" xlink:arcrole="http://xbrl.org/arcrole/2008/element-label" xlink:from="loc_eba_c21557" xlink:to="label_eba_c21557" />
    <link:loc xlink:type="locator" xlink:href="c_30.00-rend.xml#eba_c21558" xlink:label="loc_eba_c21558" />
    <label:label xlink:type="resource" xlink:label="label_eba_c21558" xml:lang="en" xlink:role="http://www.xbrl.org/2008/role/label">Greater than 33 months up to 36 Months</label:label>
    <gen:arc xlink:type="arc" xlink:arcrole="http://xbrl.org/arcrole/2008/element-label" xlink:from="loc_eba_c21558" xlink:to="label_eba_c21558" />
    <link:loc xlink:type="locator" xlink:href="c_30.00-rend.xml#eba_c21559" xlink:label="loc_eba_c21559" />
    <label:label xlink:type="resource" xlink:label="label_eba_c21559" xml:lang="en" xlink:role="http://www.xbrl.org/2008/role/label">Greater than 3 years up to 5 years</label:label>
    <gen:arc xlink:type="arc" xlink:arcrole="http://xbrl.org/arcrole/2008/element-label" xlink:from="loc_eba_c21559" xlink:to="label_eba_c21559" />
    <link:loc xlink:type="locator" xlink:href="c_30.00-rend.xml#eba_c21560" xlink:label="loc_eba_c21560" />
    <label:label xlink:type="resource" xlink:label="label_eba_c21560" xml:lang="en" xlink:role="http://www.xbrl.org/2008/role/label">Greater than 5 years up to 10 years</label:label>
    <gen:arc xlink:type="arc" xlink:arcrole="http://xbrl.org/arcrole/2008/element-label" xlink:from="loc_eba_c21560" xlink:to="label_eba_c21560" />
    <link:loc xlink:type="locator" xlink:href="c_30.00-rend.xml#eba_c21561" xlink:label="loc_eba_c21561" />
    <label:label xlink:type="resource" xlink:label="label_eba_c21561" xml:lang="en" xlink:role="http://www.xbrl.org/2008/role/label">Greater than 10 years</label:label>
    <gen:arc xlink:type="arc" xlink:arcrole="http://xbrl.org/arcrole/2008/element-label" xlink:from="loc_eba_c21561" xlink:to="label_eba_c21561" />
    <link:loc xlink:type="locator" xlink:href="c_30.00-rend.xml#eba_c21562" xlink:label="loc_eba_c21562" />
    <label:label xlink:type="resource" xlink:label="label_eba_c21562" xml:lang="en" xlink:role="http://www.xbrl.org/2008/role/label">Undefined maturity</label:label>
    <gen:arc xlink:type="arc" xlink:arcrole="http://xbrl.org/arcrole/2008/element-label" xlink:from="loc_eba_c21562" xlink:to="label_eba_c21562" />
    <link:loc xlink:type="locator" xlink:href="c_30.00-rend.xml#eba_a2" xlink:label="loc_eba_a2" />
    <label:label xlink:type="resource" xlink:label="label_eba_a2" xml:lang="en" xlink:role="http://www.xbrl.org/2008/role/label">COUNTERPARTY: Code</label:label>
    <gen:arc xlink:type="arc" xlink:arcrole="http://xbrl.org/arcrole/2008/element-label" xlink:from="loc_eba_a2" xlink:to="label_eba_a2" />
  </gen:link>
</link:linkbase>