﻿<?xml version="1.0" encoding="utf-8"?>
<?taxonomy-version 2.0.0?>
<!--(C) EBA-->
<link:linkbase xmlns:xsi="http://www.w3.org/2001/XMLSchema-instance" xmlns:xlink="http://www.w3.org/1999/xlink" xmlns:link="http://www.xbrl.org/2003/linkbase" xmlns:gen="http://xbrl.org/2008/generic" xmlns:label="http://xbrl.org/2008/label" xmlns:formula="http://xbrl.org/2008/formula" xmlns:df="http://xbrl.org/2008/filter/dimension" xmlns:table="http://xbrl.org/PWD/2013-05-17/table" xmlns:model="http://www.eurofiling.info/xbrl/ext/model" xmlns:eba_dim="http://www.eba.europa.eu/xbrl/crr/dict/dim" xmlns:eba_BA="http://www.eba.europa.eu/xbrl/crr/dict/dom/BA" xmlns:eba_MC="http://www.eba.europa.eu/xbrl/crr/dict/dom/MC" xmlns:eba_met="http://www.eba.europa.eu/xbrl/crr/dict/met" xmlns:eba_TI="http://www.eba.europa.eu/xbrl/crr/dict/dom/TI" xsi:schemaLocation="http://www.xbrl.org/2003/linkbase http://www.xbrl.org/2003/xbrl-linkbase-2003-12-31.xsd http://xbrl.org/2008/generic http://www.xbrl.org/2008/generic-link.xsd http://xbrl.org/2008/label http://www.xbrl.org/2008/generic-label.xsd http://xbrl.org/2008/formula http://www.xbrl.org/2008/formula.xsd http://xbrl.org/2008/filter/dimension http://www.xbrl.org/2008/dimension-filter.xsd http://xbrl.org/PWD/2013-05-17/table http://www.xbrl.org/PWD/2013-05-17/table.xsd http://www.eurofiling.info/xbrl/ext/model http://www.eurofiling.info/eu/fr/xbrl/ext/model.xsd">
  <link:arcroleRef arcroleURI="http://xbrl.org/arcrole/PWD/2013-05-17/breakdown-tree" xlink:type="simple" xlink:href="http://www.xbrl.org/PWD/2013-05-17/table.xsd#breakdown-tree" />
  <link:arcroleRef arcroleURI="http://xbrl.org/arcrole/PWD/2013-05-17/definition-node-subtree" xlink:type="simple" xlink:href="http://www.xbrl.org/PWD/2013-05-17/table.xsd#definition-node-subtree" />
  <link:arcroleRef arcroleURI="http://xbrl.org/arcrole/PWD/2013-05-17/table-breakdown" xlink:type="simple" xlink:href="http://www.xbrl.org/PWD/2013-05-17/table.xsd#table-breakdown" />
  <link:roleRef roleURI="http://www.eba.europa.eu/xbrl/crr/role/fws/COREP/ITS-2013-02/2013-12-01/tab/C_30.00" xlink:type="simple" xlink:href="c_30.00.xsd#role" />
  <gen:link xlink:type="extended" xlink:role="http://www.eba.europa.eu/xbrl/crr/role/fws/COREP/ITS-2013-02/2013-12-01/tab/C_30.00">
    <table:table xlink:type="resource" xlink:label="eba_tC_30.00" aspectModel="dimensional" id="eba_tC_30.00" />
    <table:breakdown xlink:type="resource" xlink:label="eba_a1" parentChildOrder="parent-first" id="eba_a1" />
    <table:ruleNode xlink:type="resource" xlink:label="eba_a1.root" abstract="true" id="eba_a1.root" />
    <table:breakdownTreeArc xlink:type="arc" xlink:arcrole="http://xbrl.org/arcrole/PWD/2013-05-17/breakdown-tree" xlink:from="eba_a1" xlink:to="eba_a1.root" order="0" />
    <table:ruleNode xlink:type="resource" xlink:label="eba_c21538" abstract="true" id="eba_c21538">
      <formula:explicitDimension dimension="eba_dim:BAS">
        <formula:member>
          <formula:qname>eba_BA:x9</formula:qname>
        </formula:member>
      </formula:explicitDimension>
      <formula:explicitDimension dimension="eba_dim:MCY">
        <formula:member>
          <formula:qname>eba_MC:x59</formula:qname>
        </formula:member>
      </formula:explicitDimension>
    </table:ruleNode>
    <table:ruleNode xlink:type="resource" xlink:label="eba_c21539" id="eba_c21539">
      <formula:concept>
        <formula:qname>eba_met:mi154</formula:qname>
      </formula:concept>
      <formula:explicitDimension dimension="eba_dim:RES">
        <formula:member>
          <formula:qname>eba_TI:x34</formula:qname>
        </formula:member>
      </formula:explicitDimension>
    </table:ruleNode>
    <table:definitionNodeSubtreeArc xlink:type="arc" xlink:arcrole="http://xbrl.org/arcrole/PWD/2013-05-17/definition-node-subtree" xlink:from="eba_c21538" xlink:to="eba_c21539" order="1" />
    <table:ruleNode xlink:type="resource" xlink:label="eba_c21540" id="eba_c21540">
      <formula:concept>
        <formula:qname>eba_met:mi154</formula:qname>
      </formula:concept>
      <formula:explicitDimension dimension="eba_dim:RES">
        <formula:member>
          <formula:qname>eba_TI:x35</formula:qname>
        </formula:member>
      </formula:explicitDimension>
    </table:ruleNode>
    <table:definitionNodeSubtreeArc xlink:type="arc" xlink:arcrole="http://xbrl.org/arcrole/PWD/2013-05-17/definition-node-subtree" xlink:from="eba_c21538" xlink:to="eba_c21540" order="2" />
    <table:ruleNode xlink:type="resource" xlink:label="eba_c21541" id="eba_c21541">
      <formula:concept>
        <formula:qname>eba_met:mi154</formula:qname>
      </formula:concept>
      <formula:explicitDimension dimension="eba_dim:RES">
        <formula:member>
          <formula:qname>eba_TI:x36</formula:qname>
        </formula:member>
      </formula:explicitDimension>
    </table:ruleNode>
    <table:definitionNodeSubtreeArc xlink:type="arc" xlink:arcrole="http://xbrl.org/arcrole/PWD/2013-05-17/definition-node-subtree" xlink:from="eba_c21538" xlink:to="eba_c21541" order="3" />
    <table:ruleNode xlink:type="resource" xlink:label="eba_c21542" id="eba_c21542">
      <formula:concept>
        <formula:qname>eba_met:mi154</formula:qname>
      </formula:concept>
      <formula:explicitDimension dimension="eba_dim:RES">
        <formula:member>
          <formula:qname>eba_TI:x37</formula:qname>
        </formula:member>
      </formula:explicitDimension>
    </table:ruleNode>
    <table:definitionNodeSubtreeArc xlink:type="arc" xlink:arcrole="http://xbrl.org/arcrole/PWD/2013-05-17/definition-node-subtree" xlink:from="eba_c21538" xlink:to="eba_c21542" order="4" />
    <table:ruleNode xlink:type="resource" xlink:label="eba_c21543" id="eba_c21543">
      <formula:concept>
        <formula:qname>eba_met:mi154</formula:qname>
      </formula:concept>
      <formula:explicitDimension dimension="eba_dim:RES">
        <formula:member>
          <formula:qname>eba_TI:x38</formula:qname>
        </formula:member>
      </formula:explicitDimension>
    </table:ruleNode>
    <table:definitionNodeSubtreeArc xlink:type="arc" xlink:arcrole="http://xbrl.org/arcrole/PWD/2013-05-17/definition-node-subtree" xlink:from="eba_c21538" xlink:to="eba_c21543" order="5" />
    <table:ruleNode xlink:type="resource" xlink:label="eba_c21544" id="eba_c21544">
      <formula:concept>
        <formula:qname>eba_met:mi154</formula:qname>
      </formula:concept>
      <formula:explicitDimension dimension="eba_dim:RES">
        <formula:member>
          <formula:qname>eba_TI:x39</formula:qname>
        </formula:member>
      </formula:explicitDimension>
    </table:ruleNode>
    <table:definitionNodeSubtreeArc xlink:type="arc" xlink:arcrole="http://xbrl.org/arcrole/PWD/2013-05-17/definition-node-subtree" xlink:from="eba_c21538" xlink:to="eba_c21544" order="6" />
    <table:ruleNode xlink:type="resource" xlink:label="eba_c21545" id="eba_c21545">
      <formula:concept>
        <formula:qname>eba_met:mi154</formula:qname>
      </formula:concept>
      <formula:explicitDimension dimension="eba_dim:RES">
        <formula:member>
          <formula:qname>eba_TI:x40</formula:qname>
        </formula:member>
      </formula:explicitDimension>
    </table:ruleNode>
    <table:definitionNodeSubtreeArc xlink:type="arc" xlink:arcrole="http://xbrl.org/arcrole/PWD/2013-05-17/definition-node-subtree" xlink:from="eba_c21538" xlink:to="eba_c21545" order="7" />
    <table:ruleNode xlink:type="resource" xlink:label="eba_c21546" id="eba_c21546">
      <formula:concept>
        <formula:qname>eba_met:mi154</formula:qname>
      </formula:concept>
      <formula:explicitDimension dimension="eba_dim:RES">
        <formula:member>
          <formula:qname>eba_TI:x41</formula:qname>
        </formula:member>
      </formula:explicitDimension>
    </table:ruleNode>
    <table:definitionNodeSubtreeArc xlink:type="arc" xlink:arcrole="http://xbrl.org/arcrole/PWD/2013-05-17/definition-node-subtree" xlink:from="eba_c21538" xlink:to="eba_c21546" order="8" />
    <table:ruleNode xlink:type="resource" xlink:label="eba_c21547" id="eba_c21547">
      <formula:concept>
        <formula:qname>eba_met:mi154</formula:qname>
      </formula:concept>
      <formula:explicitDimension dimension="eba_dim:RES">
        <formula:member>
          <formula:qname>eba_TI:x42</formula:qname>
        </formula:member>
      </formula:explicitDimension>
    </table:ruleNode>
    <table:definitionNodeSubtreeArc xlink:type="arc" xlink:arcrole="http://xbrl.org/arcrole/PWD/2013-05-17/definition-node-subtree" xlink:from="eba_c21538" xlink:to="eba_c21547" order="9" />
    <table:ruleNode xlink:type="resource" xlink:label="eba_c21548" id="eba_c21548">
      <formula:concept>
        <formula:qname>eba_met:mi154</formula:qname>
      </formula:concept>
      <formula:explicitDimension dimension="eba_dim:RES">
        <formula:member>
          <formula:qname>eba_TI:x43</formula:qname>
        </formula:member>
      </formula:explicitDimension>
    </table:ruleNode>
    <table:definitionNodeSubtreeArc xlink:type="arc" xlink:arcrole="http://xbrl.org/arcrole/PWD/2013-05-17/definition-node-subtree" xlink:from="eba_c21538" xlink:to="eba_c21548" order="10" />
    <table:ruleNode xlink:type="resource" xlink:label="eba_c21549" id="eba_c21549">
      <formula:concept>
        <formula:qname>eba_met:mi154</formula:qname>
      </formula:concept>
      <formula:explicitDimension dimension="eba_dim:RES">
        <formula:member>
          <formula:qname>eba_TI:x44</formula:qname>
        </formula:member>
      </formula:explicitDimension>
    </table:ruleNode>
    <table:definitionNodeSubtreeArc xlink:type="arc" xlink:arcrole="http://xbrl.org/arcrole/PWD/2013-05-17/definition-node-subtree" xlink:from="eba_c21538" xlink:to="eba_c21549" order="11" />
    <table:ruleNode xlink:type="resource" xlink:label="eba_c21550" id="eba_c21550">
      <formula:concept>
        <formula:qname>eba_met:mi154</formula:qname>
      </formula:concept>
      <formula:explicitDimension dimension="eba_dim:RES">
        <formula:member>
          <formula:qname>eba_TI:x45</formula:qname>
        </formula:member>
      </formula:explicitDimension>
    </table:ruleNode>
    <table:definitionNodeSubtreeArc xlink:type="arc" xlink:arcrole="http://xbrl.org/arcrole/PWD/2013-05-17/definition-node-subtree" xlink:from="eba_c21538" xlink:to="eba_c21550" order="12" />
    <table:ruleNode xlink:type="resource" xlink:label="eba_c21551" id="eba_c21551">
      <formula:concept>
        <formula:qname>eba_met:mi154</formula:qname>
      </formula:concept>
      <formula:explicitDimension dimension="eba_dim:RES">
        <formula:member>
          <formula:qname>eba_TI:x46</formula:qname>
        </formula:member>
      </formula:explicitDimension>
    </table:ruleNode>
    <table:definitionNodeSubtreeArc xlink:type="arc" xlink:arcrole="http://xbrl.org/arcrole/PWD/2013-05-17/definition-node-subtree" xlink:from="eba_c21538" xlink:to="eba_c21551" order="13" />
    <table:ruleNode xlink:type="resource" xlink:label="eba_c21552" id="eba_c21552">
      <formula:concept>
        <formula:qname>eba_met:mi154</formula:qname>
      </formula:concept>
      <formula:explicitDimension dimension="eba_dim:RES">
        <formula:member>
          <formula:qname>eba_TI:x47</formula:qname>
        </formula:member>
      </formula:explicitDimension>
    </table:ruleNode>
    <table:definitionNodeSubtreeArc xlink:type="arc" xlink:arcrole="http://xbrl.org/arcrole/PWD/2013-05-17/definition-node-subtree" xlink:from="eba_c21538" xlink:to="eba_c21552" order="14" />
    <table:ruleNode xlink:type="resource" xlink:label="eba_c21553" id="eba_c21553">
      <formula:concept>
        <formula:qname>eba_met:mi154</formula:qname>
      </formula:concept>
      <formula:explicitDimension dimension="eba_dim:RES">
        <formula:member>
          <formula:qname>eba_TI:x48</formula:qname>
        </formula:member>
      </formula:explicitDimension>
    </table:ruleNode>
    <table:definitionNodeSubtreeArc xlink:type="arc" xlink:arcrole="http://xbrl.org/arcrole/PWD/2013-05-17/definition-node-subtree" xlink:from="eba_c21538" xlink:to="eba_c21553" order="15" />
    <table:ruleNode xlink:type="resource" xlink:label="eba_c21554" id="eba_c21554">
      <formula:concept>
        <formula:qname>eba_met:mi154</formula:qname>
      </formula:concept>
      <formula:explicitDimension dimension="eba_dim:RES">
        <formula:member>
          <formula:qname>eba_TI:x49</formula:qname>
        </formula:member>
      </formula:explicitDimension>
    </table:ruleNode>
    <table:definitionNodeSubtreeArc xlink:type="arc" xlink:arcrole="http://xbrl.org/arcrole/PWD/2013-05-17/definition-node-subtree" xlink:from="eba_c21538" xlink:to="eba_c21554" order="16" />
    <table:ruleNode xlink:type="resource" xlink:label="eba_c21555" id="eba_c21555">
      <formula:concept>
        <formula:qname>eba_met:mi154</formula:qname>
      </formula:concept>
      <formula:explicitDimension dimension="eba_dim:RES">
        <formula:member>
          <formula:qname>eba_TI:x50</formula:qname>
        </formula:member>
      </formula:explicitDimension>
    </table:ruleNode>
    <table:definitionNodeSubtreeArc xlink:type="arc" xlink:arcrole="http://xbrl.org/arcrole/PWD/2013-05-17/definition-node-subtree" xlink:from="eba_c21538" xlink:to="eba_c21555" order="17" />
    <table:ruleNode xlink:type="resource" xlink:label="eba_c21556" id="eba_c21556">
      <formula:concept>
        <formula:qname>eba_met:mi154</formula:qname>
      </formula:concept>
      <formula:explicitDimension dimension="eba_dim:RES">
        <formula:member>
          <formula:qname>eba_TI:x51</formula:qname>
        </formula:member>
      </formula:explicitDimension>
    </table:ruleNode>
    <table:definitionNodeSubtreeArc xlink:type="arc" xlink:arcrole="http://xbrl.org/arcrole/PWD/2013-05-17/definition-node-subtree" xlink:from="eba_c21538" xlink:to="eba_c21556" order="18" />
    <table:ruleNode xlink:type="resource" xlink:label="eba_c21557" id="eba_c21557">
      <formula:concept>
        <formula:qname>eba_met:mi154</formula:qname>
      </formula:concept>
      <formula:explicitDimension dimension="eba_dim:RES">
        <formula:member>
          <formula:qname>eba_TI:x52</formula:qname>
        </formula:member>
      </formula:explicitDimension>
    </table:ruleNode>
    <table:definitionNodeSubtreeArc xlink:type="arc" xlink:arcrole="http://xbrl.org/arcrole/PWD/2013-05-17/definition-node-subtree" xlink:from="eba_c21538" xlink:to="eba_c21557" order="19" />
    <table:ruleNode xlink:type="resource" xlink:label="eba_c21558" id="eba_c21558">
      <formula:concept>
        <formula:qname>eba_met:mi154</formula:qname>
      </formula:concept>
      <formula:explicitDimension dimension="eba_dim:RES">
        <formula:member>
          <formula:qname>eba_TI:x53</formula:qname>
        </formula:member>
      </formula:explicitDimension>
    </table:ruleNode>
    <table:definitionNodeSubtreeArc xlink:type="arc" xlink:arcrole="http://xbrl.org/arcrole/PWD/2013-05-17/definition-node-subtree" xlink:from="eba_c21538" xlink:to="eba_c21558" order="20" />
    <table:ruleNode xlink:type="resource" xlink:label="eba_c21559" id="eba_c21559">
      <formula:concept>
        <formula:qname>eba_met:mi154</formula:qname>
      </formula:concept>
      <formula:explicitDimension dimension="eba_dim:RES">
        <formula:member>
          <formula:qname>eba_TI:x54</formula:qname>
        </formula:member>
      </formula:explicitDimension>
    </table:ruleNode>
    <table:definitionNodeSubtreeArc xlink:type="arc" xlink:arcrole="http://xbrl.org/arcrole/PWD/2013-05-17/definition-node-subtree" xlink:from="eba_c21538" xlink:to="eba_c21559" order="21" />
    <table:ruleNode xlink:type="resource" xlink:label="eba_c21560" id="eba_c21560">
      <formula:concept>
        <formula:qname>eba_met:mi154</formula:qname>
      </formula:concept>
      <formula:explicitDimension dimension="eba_dim:RES">
        <formula:member>
          <formula:qname>eba_TI:x55</formula:qname>
        </formula:member>
      </formula:explicitDimension>
    </table:ruleNode>
    <table:definitionNodeSubtreeArc xlink:type="arc" xlink:arcrole="http://xbrl.org/arcrole/PWD/2013-05-17/definition-node-subtree" xlink:from="eba_c21538" xlink:to="eba_c21560" order="22" />
    <table:ruleNode xlink:type="resource" xlink:label="eba_c21561" id="eba_c21561">
      <formula:concept>
        <formula:qname>eba_met:mi154</formula:qname>
      </formula:concept>
      <formula:explicitDimension dimension="eba_dim:RES">
        <formula:member>
          <formula:qname>eba_TI:x21</formula:qname>
        </formula:member>
      </formula:explicitDimension>
    </table:ruleNode>
    <table:definitionNodeSubtreeArc xlink:type="arc" xlink:arcrole="http://xbrl.org/arcrole/PWD/2013-05-17/definition-node-subtree" xlink:from="eba_c21538" xlink:to="eba_c21561" order="23" />
    <table:ruleNode xlink:type="resource" xlink:label="eba_c21562" id="eba_c21562">
      <formula:concept>
        <formula:qname>eba_met:mi154</formula:qname>
      </formula:concept>
      <formula:explicitDimension dimension="eba_dim:RES">
        <formula:member>
          <formula:qname>eba_TI:x31</formula:qname>
        </formula:member>
      </formula:explicitDimension>
    </table:ruleNode>
    <table:definitionNodeSubtreeArc xlink:type="arc" xlink:arcrole="http://xbrl.org/arcrole/PWD/2013-05-17/definition-node-subtree" xlink:from="eba_c21538" xlink:to="eba_c21562" order="24" />
    <table:definitionNodeSubtreeArc xlink:type="arc" xlink:arcrole="http://xbrl.org/arcrole/PWD/2013-05-17/definition-node-subtree" xlink:from="eba_a1.root" xlink:to="eba_c21538" order="1" />
    <table:tableBreakdownArc xlink:type="arc" xlink:arcrole="http://xbrl.org/arcrole/PWD/2013-05-17/table-breakdown" xlink:from="eba_tC_30.00" xlink:to="eba_a1" axis="x" order="1" />
    <table:breakdown xlink:type="resource" xlink:label="eba_a2" parentChildOrder="parent-first" id="eba_a2" />
    <table:aspectNode xlink:type="resource" xlink:label="eba_a2.root" id="eba_a2.root">
      <table:dimensionAspect>eba_dim:INC</table:dimensionAspect>
    </table:aspectNode>
    <table:breakdownTreeArc xlink:type="arc" xlink:arcrole="http://xbrl.org/arcrole/PWD/2013-05-17/breakdown-tree" xlink:from="eba_a2" xlink:to="eba_a2.root" order="0" />
    <table:tableBreakdownArc xlink:type="arc" xlink:arcrole="http://xbrl.org/arcrole/PWD/2013-05-17/table-breakdown" xlink:from="eba_tC_30.00" xlink:to="eba_a2" axis="y" order="2" />
  </gen:link>
</link:linkbase>