﻿<?xml version="1.0" encoding="utf-8"?>
<?taxonomy-version 2.0.0?>
<!--(C) EBA-->
<link:linkbase xmlns:xsi="http://www.w3.org/2001/XMLSchema-instance" xmlns:xlink="http://www.w3.org/1999/xlink" xmlns:link="http://www.xbrl.org/2003/linkbase" xmlns:gen="http://xbrl.org/2008/generic" xmlns:label="http://xbrl.org/2008/label" xsi:schemaLocation="http://www.xbrl.org/2003/linkbase http://www.xbrl.org/2003/xbrl-linkbase-2003-12-31.xsd http://xbrl.org/2008/generic http://www.xbrl.org/2008/generic-link.xsd http://xbrl.org/2008/label http://www.xbrl.org/2008/generic-label.xsd">
  <link:arcroleRef arcroleURI="http://xbrl.org/arcrole/2008/element-label" xlink:type="simple" xlink:href="http://www.xbrl.org/2008/generic-label.xsd#element-label" />
  <link:roleRef roleURI="http://www.xbrl.org/2008/role/label" xlink:type="simple" xlink:href="http://www.xbrl.org/2008/generic-label.xsd#standard-label" />
  <link:roleRef roleURI="http://www.xbrl.org/2008/role/verboseLabel" xlink:type="simple" xlink:href="http://www.xbrl.org/2008/generic-label.xsd#verbose-label" />
  <gen:link xlink:type="extended" xlink:role="http://www.xbrl.org/2003/role/link">
    <link:loc xlink:type="locator" xlink:href="c_01.00-rend.xml#eba_tC_01.00" xlink:label="loc_eba_tC_01.00" />
    <label:label xlink:type="resource" xlink:label="label_eba_tC_01.00" xml:lang="en" xlink:role="http://www.xbrl.org/2008/role/label">C 01.00 (CA 1)</label:label>
    <gen:arc xlink:type="arc" xlink:arcrole="http://xbrl.org/arcrole/2008/element-label" xlink:from="loc_eba_tC_01.00" xlink:to="label_eba_tC_01.00" />
    <label:label xlink:type="resource" xlink:label="label_eba_tC_01.00_1" xml:lang="en" xlink:role="http://www.xbrl.org/2008/role/verboseLabel">C 01.00 (CA 1) Capital Adequacy - Own funds definition</label:label>
    <gen:arc xlink:type="arc" xlink:arcrole="http://xbrl.org/arcrole/2008/element-label" xlink:from="loc_eba_tC_01.00" xlink:to="label_eba_tC_01.00_1" />
    <link:loc xlink:type="locator" xlink:href="c_01.00-rend.xml#eba_a1" xlink:label="loc_eba_a1" />
    <label:label xlink:type="resource" xlink:label="label_eba_a1" xml:lang="en" xlink:role="http://www.xbrl.org/2008/role/label">Columns</label:label>
    <gen:arc xlink:type="arc" xlink:arcrole="http://xbrl.org/arcrole/2008/element-label" xlink:from="loc_eba_a1" xlink:to="label_eba_a1" />
    <link:loc xlink:type="locator" xlink:href="c_01.00-rend.xml#eba_c19193" xlink:label="loc_eba_c19193" />
    <label:label xlink:type="resource" xlink:label="label_eba_c19193" xml:lang="en" xlink:role="http://www.xbrl.org/2008/role/label">Amount</label:label>
    <gen:arc xlink:type="arc" xlink:arcrole="http://xbrl.org/arcrole/2008/element-label" xlink:from="loc_eba_c19193" xlink:to="label_eba_c19193" />
    <link:loc xlink:type="locator" xlink:href="c_01.00-rend.xml#eba_a2" xlink:label="loc_eba_a2" />
    <label:label xlink:type="resource" xlink:label="label_eba_a2" xml:lang="en" xlink:role="http://www.xbrl.org/2008/role/label">Rows</label:label>
    <gen:arc xlink:type="arc" xlink:arcrole="http://xbrl.org/arcrole/2008/element-label" xlink:from="loc_eba_a2" xlink:to="label_eba_a2" />
    <link:loc xlink:type="locator" xlink:href="c_01.00-rend.xml#eba_c19194" xlink:label="loc_eba_c19194" />
    <label:label xlink:type="resource" xlink:label="label_eba_c19194" xml:lang="en" xlink:role="http://www.xbrl.org/2008/role/label">OWN FUNDS</label:label>
    <gen:arc xlink:type="arc" xlink:arcrole="http://xbrl.org/arcrole/2008/element-label" xlink:from="loc_eba_c19194" xlink:to="label_eba_c19194" />
    <link:loc xlink:type="locator" xlink:href="c_01.00-rend.xml#eba_c19195" xlink:label="loc_eba_c19195" />
    <label:label xlink:type="resource" xlink:label="label_eba_c19195" xml:lang="en" xlink:role="http://www.xbrl.org/2008/role/label">TIER 1 CAPITAL</label:label>
    <gen:arc xlink:type="arc" xlink:arcrole="http://xbrl.org/arcrole/2008/element-label" xlink:from="loc_eba_c19195" xlink:to="label_eba_c19195" />
    <link:loc xlink:type="locator" xlink:href="c_01.00-rend.xml#eba_c19196" xlink:label="loc_eba_c19196" />
    <label:label xlink:type="resource" xlink:label="label_eba_c19196" xml:lang="en" xlink:role="http://www.xbrl.org/2008/role/label">COMMON EQUITY TIER 1 CAPITAL</label:label>
    <gen:arc xlink:type="arc" xlink:arcrole="http://xbrl.org/arcrole/2008/element-label" xlink:from="loc_eba_c19196" xlink:to="label_eba_c19196" />
    <link:loc xlink:type="locator" xlink:href="c_01.00-rend.xml#eba_c19197" xlink:label="loc_eba_c19197" />
    <label:label xlink:type="resource" xlink:label="label_eba_c19197" xml:lang="en" xlink:role="http://www.xbrl.org/2008/role/label">Capital instruments eligible as CET1 Capital</label:label>
    <gen:arc xlink:type="arc" xlink:arcrole="http://xbrl.org/arcrole/2008/element-label" xlink:from="loc_eba_c19197" xlink:to="label_eba_c19197" />
    <link:loc xlink:type="locator" xlink:href="c_01.00-rend.xml#eba_c19198" xlink:label="loc_eba_c19198" />
    <label:label xlink:type="resource" xlink:label="label_eba_c19198" xml:lang="en" xlink:role="http://www.xbrl.org/2008/role/label">Paid up capital instruments</label:label>
    <gen:arc xlink:type="arc" xlink:arcrole="http://xbrl.org/arcrole/2008/element-label" xlink:from="loc_eba_c19198" xlink:to="label_eba_c19198" />
    <link:loc xlink:type="locator" xlink:href="c_01.00-rend.xml#eba_c19199" xlink:label="loc_eba_c19199" />
    <label:label xlink:type="resource" xlink:label="label_eba_c19199" xml:lang="en" xlink:role="http://www.xbrl.org/2008/role/label">Memorandum item: Capital instruments not eligible</label:label>
    <gen:arc xlink:type="arc" xlink:arcrole="http://xbrl.org/arcrole/2008/element-label" xlink:from="loc_eba_c19199" xlink:to="label_eba_c19199" />
    <link:loc xlink:type="locator" xlink:href="c_01.00-rend.xml#eba_c19200" xlink:label="loc_eba_c19200" />
    <label:label xlink:type="resource" xlink:label="label_eba_c19200" xml:lang="en" xlink:role="http://www.xbrl.org/2008/role/label">Share premium</label:label>
    <gen:arc xlink:type="arc" xlink:arcrole="http://xbrl.org/arcrole/2008/element-label" xlink:from="loc_eba_c19200" xlink:to="label_eba_c19200" />
    <link:loc xlink:type="locator" xlink:href="c_01.00-rend.xml#eba_c19201" xlink:label="loc_eba_c19201" />
    <label:label xlink:type="resource" xlink:label="label_eba_c19201" xml:lang="en" xlink:role="http://www.xbrl.org/2008/role/label">(-) Own CET1 instruments</label:label>
    <gen:arc xlink:type="arc" xlink:arcrole="http://xbrl.org/arcrole/2008/element-label" xlink:from="loc_eba_c19201" xlink:to="label_eba_c19201" />
    <link:loc xlink:type="locator" xlink:href="c_01.00-rend.xml#eba_c19202" xlink:label="loc_eba_c19202" />
    <label:label xlink:type="resource" xlink:label="label_eba_c19202" xml:lang="en" xlink:role="http://www.xbrl.org/2008/role/label">(-) Direct holdings of CET1 instruments</label:label>
    <gen:arc xlink:type="arc" xlink:arcrole="http://xbrl.org/arcrole/2008/element-label" xlink:from="loc_eba_c19202" xlink:to="label_eba_c19202" />
    <link:loc xlink:type="locator" xlink:href="c_01.00-rend.xml#eba_c19203" xlink:label="loc_eba_c19203" />
    <label:label xlink:type="resource" xlink:label="label_eba_c19203" xml:lang="en" xlink:role="http://www.xbrl.org/2008/role/label">(-) Indirect holdings of CET1 instruments</label:label>
    <gen:arc xlink:type="arc" xlink:arcrole="http://xbrl.org/arcrole/2008/element-label" xlink:from="loc_eba_c19203" xlink:to="label_eba_c19203" />
    <link:loc xlink:type="locator" xlink:href="c_01.00-rend.xml#eba_c19204" xlink:label="loc_eba_c19204" />
    <label:label xlink:type="resource" xlink:label="label_eba_c19204" xml:lang="en" xlink:role="http://www.xbrl.org/2008/role/label">(-) Synthetic holdings of CET1 instruments</label:label>
    <gen:arc xlink:type="arc" xlink:arcrole="http://xbrl.org/arcrole/2008/element-label" xlink:from="loc_eba_c19204" xlink:to="label_eba_c19204" />
    <link:loc xlink:type="locator" xlink:href="c_01.00-rend.xml#eba_c19205" xlink:label="loc_eba_c19205" />
    <label:label xlink:type="resource" xlink:label="label_eba_c19205" xml:lang="en" xlink:role="http://www.xbrl.org/2008/role/label">(-) Actual or contingent obligations to purchase own CET1 instruments</label:label>
    <gen:arc xlink:type="arc" xlink:arcrole="http://xbrl.org/arcrole/2008/element-label" xlink:from="loc_eba_c19205" xlink:to="label_eba_c19205" />
    <link:loc xlink:type="locator" xlink:href="c_01.00-rend.xml#eba_c19206" xlink:label="loc_eba_c19206" />
    <label:label xlink:type="resource" xlink:label="label_eba_c19206" xml:lang="en" xlink:role="http://www.xbrl.org/2008/role/label">Retained earnings</label:label>
    <gen:arc xlink:type="arc" xlink:arcrole="http://xbrl.org/arcrole/2008/element-label" xlink:from="loc_eba_c19206" xlink:to="label_eba_c19206" />
    <link:loc xlink:type="locator" xlink:href="c_01.00-rend.xml#eba_c19207" xlink:label="loc_eba_c19207" />
    <label:label xlink:type="resource" xlink:label="label_eba_c19207" xml:lang="en" xlink:role="http://www.xbrl.org/2008/role/label">Previous years retained earnings</label:label>
    <gen:arc xlink:type="arc" xlink:arcrole="http://xbrl.org/arcrole/2008/element-label" xlink:from="loc_eba_c19207" xlink:to="label_eba_c19207" />
    <link:loc xlink:type="locator" xlink:href="c_01.00-rend.xml#eba_c19208" xlink:label="loc_eba_c19208" />
    <label:label xlink:type="resource" xlink:label="label_eba_c19208" xml:lang="en" xlink:role="http://www.xbrl.org/2008/role/label">Profit or loss eligible</label:label>
    <gen:arc xlink:type="arc" xlink:arcrole="http://xbrl.org/arcrole/2008/element-label" xlink:from="loc_eba_c19208" xlink:to="label_eba_c19208" />
    <link:loc xlink:type="locator" xlink:href="c_01.00-rend.xml#eba_c19209" xlink:label="loc_eba_c19209" />
    <label:label xlink:type="resource" xlink:label="label_eba_c19209" xml:lang="en" xlink:role="http://www.xbrl.org/2008/role/label">Profit or loss attributable to owners of the parent</label:label>
    <gen:arc xlink:type="arc" xlink:arcrole="http://xbrl.org/arcrole/2008/element-label" xlink:from="loc_eba_c19209" xlink:to="label_eba_c19209" />
    <link:loc xlink:type="locator" xlink:href="c_01.00-rend.xml#eba_c19210" xlink:label="loc_eba_c19210" />
    <label:label xlink:type="resource" xlink:label="label_eba_c19210" xml:lang="en" xlink:role="http://www.xbrl.org/2008/role/label">(-) Part of interim or year-end profit not eligible</label:label>
    <gen:arc xlink:type="arc" xlink:arcrole="http://xbrl.org/arcrole/2008/element-label" xlink:from="loc_eba_c19210" xlink:to="label_eba_c19210" />
    <link:loc xlink:type="locator" xlink:href="c_01.00-rend.xml#eba_c19211" xlink:label="loc_eba_c19211" />
    <label:label xlink:type="resource" xlink:label="label_eba_c19211" xml:lang="en" xlink:role="http://www.xbrl.org/2008/role/label">Accumulated other comprehensive income</label:label>
    <gen:arc xlink:type="arc" xlink:arcrole="http://xbrl.org/arcrole/2008/element-label" xlink:from="loc_eba_c19211" xlink:to="label_eba_c19211" />
    <link:loc xlink:type="locator" xlink:href="c_01.00-rend.xml#eba_c19212" xlink:label="loc_eba_c19212" />
    <label:label xlink:type="resource" xlink:label="label_eba_c19212" xml:lang="en" xlink:role="http://www.xbrl.org/2008/role/label">Other reserves</label:label>
    <gen:arc xlink:type="arc" xlink:arcrole="http://xbrl.org/arcrole/2008/element-label" xlink:from="loc_eba_c19212" xlink:to="label_eba_c19212" />
    <link:loc xlink:type="locator" xlink:href="c_01.00-rend.xml#eba_c19213" xlink:label="loc_eba_c19213" />
    <label:label xlink:type="resource" xlink:label="label_eba_c19213" xml:lang="en" xlink:role="http://www.xbrl.org/2008/role/label">Funds for general banking risk</label:label>
    <gen:arc xlink:type="arc" xlink:arcrole="http://xbrl.org/arcrole/2008/element-label" xlink:from="loc_eba_c19213" xlink:to="label_eba_c19213" />
    <link:loc xlink:type="locator" xlink:href="c_01.00-rend.xml#eba_c19214" xlink:label="loc_eba_c19214" />
    <label:label xlink:type="resource" xlink:label="label_eba_c19214" xml:lang="en" xlink:role="http://www.xbrl.org/2008/role/label">Transitional adjustments due to grandfathered CET1 Capital instruments</label:label>
    <gen:arc xlink:type="arc" xlink:arcrole="http://xbrl.org/arcrole/2008/element-label" xlink:from="loc_eba_c19214" xlink:to="label_eba_c19214" />
    <link:loc xlink:type="locator" xlink:href="c_01.00-rend.xml#eba_c19215" xlink:label="loc_eba_c19215" />
    <label:label xlink:type="resource" xlink:label="label_eba_c19215" xml:lang="en" xlink:role="http://www.xbrl.org/2008/role/label">Minority interest given recognition in CET1 capital</label:label>
    <gen:arc xlink:type="arc" xlink:arcrole="http://xbrl.org/arcrole/2008/element-label" xlink:from="loc_eba_c19215" xlink:to="label_eba_c19215" />
    <link:loc xlink:type="locator" xlink:href="c_01.00-rend.xml#eba_c19216" xlink:label="loc_eba_c19216" />
    <label:label xlink:type="resource" xlink:label="label_eba_c19216" xml:lang="en" xlink:role="http://www.xbrl.org/2008/role/label">Transitional adjustments due to additional minority interests</label:label>
    <gen:arc xlink:type="arc" xlink:arcrole="http://xbrl.org/arcrole/2008/element-label" xlink:from="loc_eba_c19216" xlink:to="label_eba_c19216" />
    <link:loc xlink:type="locator" xlink:href="c_01.00-rend.xml#eba_c19217" xlink:label="loc_eba_c19217" />
    <label:label xlink:type="resource" xlink:label="label_eba_c19217" xml:lang="en" xlink:role="http://www.xbrl.org/2008/role/label">Adjustments to CET1 due to prudential filters</label:label>
    <gen:arc xlink:type="arc" xlink:arcrole="http://xbrl.org/arcrole/2008/element-label" xlink:from="loc_eba_c19217" xlink:to="label_eba_c19217" />
    <link:loc xlink:type="locator" xlink:href="c_01.00-rend.xml#eba_c19218" xlink:label="loc_eba_c19218" />
    <label:label xlink:type="resource" xlink:label="label_eba_c19218" xml:lang="en" xlink:role="http://www.xbrl.org/2008/role/label">(-) Increases in equity resulting from securitised assets</label:label>
    <gen:arc xlink:type="arc" xlink:arcrole="http://xbrl.org/arcrole/2008/element-label" xlink:from="loc_eba_c19218" xlink:to="label_eba_c19218" />
    <link:loc xlink:type="locator" xlink:href="c_01.00-rend.xml#eba_c19219" xlink:label="loc_eba_c19219" />
    <label:label xlink:type="resource" xlink:label="label_eba_c19219" xml:lang="en" xlink:role="http://www.xbrl.org/2008/role/label">Cash flow hedge reserve</label:label>
    <gen:arc xlink:type="arc" xlink:arcrole="http://xbrl.org/arcrole/2008/element-label" xlink:from="loc_eba_c19219" xlink:to="label_eba_c19219" />
    <link:loc xlink:type="locator" xlink:href="c_01.00-rend.xml#eba_c19220" xlink:label="loc_eba_c19220" />
    <label:label xlink:type="resource" xlink:label="label_eba_c19220" xml:lang="en" xlink:role="http://www.xbrl.org/2008/role/label">Cumulative gains and losses due to changes in own credit risk on fair valued liabilities</label:label>
    <gen:arc xlink:type="arc" xlink:arcrole="http://xbrl.org/arcrole/2008/element-label" xlink:from="loc_eba_c19220" xlink:to="label_eba_c19220" />
    <link:loc xlink:type="locator" xlink:href="c_01.00-rend.xml#eba_c19221" xlink:label="loc_eba_c19221" />
    <label:label xlink:type="resource" xlink:label="label_eba_c19221" xml:lang="en" xlink:role="http://www.xbrl.org/2008/role/label">Fair value gains and losses arising from the institution's own credit risk related to derivative liabilities</label:label>
    <gen:arc xlink:type="arc" xlink:arcrole="http://xbrl.org/arcrole/2008/element-label" xlink:from="loc_eba_c19221" xlink:to="label_eba_c19221" />
    <link:loc xlink:type="locator" xlink:href="c_01.00-rend.xml#eba_c19222" xlink:label="loc_eba_c19222" />
    <label:label xlink:type="resource" xlink:label="label_eba_c19222" xml:lang="en" xlink:role="http://www.xbrl.org/2008/role/label">(-) Value adjustments due to the requirements for prudent valuation</label:label>
    <gen:arc xlink:type="arc" xlink:arcrole="http://xbrl.org/arcrole/2008/element-label" xlink:from="loc_eba_c19222" xlink:to="label_eba_c19222" />
    <link:loc xlink:type="locator" xlink:href="c_01.00-rend.xml#eba_c19223" xlink:label="loc_eba_c19223" />
    <label:label xlink:type="resource" xlink:label="label_eba_c19223" xml:lang="en" xlink:role="http://www.xbrl.org/2008/role/label">(-) Goodwill</label:label>
    <gen:arc xlink:type="arc" xlink:arcrole="http://xbrl.org/arcrole/2008/element-label" xlink:from="loc_eba_c19223" xlink:to="label_eba_c19223" />
    <link:loc xlink:type="locator" xlink:href="c_01.00-rend.xml#eba_c19224" xlink:label="loc_eba_c19224" />
    <label:label xlink:type="resource" xlink:label="label_eba_c19224" xml:lang="en" xlink:role="http://www.xbrl.org/2008/role/label">(-) Goodwill accounted for as intangible asset</label:label>
    <gen:arc xlink:type="arc" xlink:arcrole="http://xbrl.org/arcrole/2008/element-label" xlink:from="loc_eba_c19224" xlink:to="label_eba_c19224" />
    <link:loc xlink:type="locator" xlink:href="c_01.00-rend.xml#eba_c19225" xlink:label="loc_eba_c19225" />
    <label:label xlink:type="resource" xlink:label="label_eba_c19225" xml:lang="en" xlink:role="http://www.xbrl.org/2008/role/label">(-) Goodwill included in the valuation of significant investments</label:label>
    <gen:arc xlink:type="arc" xlink:arcrole="http://xbrl.org/arcrole/2008/element-label" xlink:from="loc_eba_c19225" xlink:to="label_eba_c19225" />
    <link:loc xlink:type="locator" xlink:href="c_01.00-rend.xml#eba_c19226" xlink:label="loc_eba_c19226" />
    <label:label xlink:type="resource" xlink:label="label_eba_c19226" xml:lang="en" xlink:role="http://www.xbrl.org/2008/role/label">Deferred tax liabilities associated to goodwill</label:label>
    <gen:arc xlink:type="arc" xlink:arcrole="http://xbrl.org/arcrole/2008/element-label" xlink:from="loc_eba_c19226" xlink:to="label_eba_c19226" />
    <link:loc xlink:type="locator" xlink:href="c_01.00-rend.xml#eba_c19227" xlink:label="loc_eba_c19227" />
    <label:label xlink:type="resource" xlink:label="label_eba_c19227" xml:lang="en" xlink:role="http://www.xbrl.org/2008/role/label">(-) Other intangible assets</label:label>
    <gen:arc xlink:type="arc" xlink:arcrole="http://xbrl.org/arcrole/2008/element-label" xlink:from="loc_eba_c19227" xlink:to="label_eba_c19227" />
    <link:loc xlink:type="locator" xlink:href="c_01.00-rend.xml#eba_c19228" xlink:label="loc_eba_c19228" />
    <label:label xlink:type="resource" xlink:label="label_eba_c19228" xml:lang="en" xlink:role="http://www.xbrl.org/2008/role/label">(-) Other intangible assets gross amount</label:label>
    <gen:arc xlink:type="arc" xlink:arcrole="http://xbrl.org/arcrole/2008/element-label" xlink:from="loc_eba_c19228" xlink:to="label_eba_c19228" />
    <link:loc xlink:type="locator" xlink:href="c_01.00-rend.xml#eba_c19229" xlink:label="loc_eba_c19229" />
    <label:label xlink:type="resource" xlink:label="label_eba_c19229" xml:lang="en" xlink:role="http://www.xbrl.org/2008/role/label">Deferred tax liabilities associated to other intangible assets</label:label>
    <gen:arc xlink:type="arc" xlink:arcrole="http://xbrl.org/arcrole/2008/element-label" xlink:from="loc_eba_c19229" xlink:to="label_eba_c19229" />
    <link:loc xlink:type="locator" xlink:href="c_01.00-rend.xml#eba_c19230" xlink:label="loc_eba_c19230" />
    <label:label xlink:type="resource" xlink:label="label_eba_c19230" xml:lang="en" xlink:role="http://www.xbrl.org/2008/role/label">(-) Deferred tax assets that rely on future profitability and do not arise from temporary differences net of associated tax liabilities</label:label>
    <gen:arc xlink:type="arc" xlink:arcrole="http://xbrl.org/arcrole/2008/element-label" xlink:from="loc_eba_c19230" xlink:to="label_eba_c19230" />
    <link:loc xlink:type="locator" xlink:href="c_01.00-rend.xml#eba_c19231" xlink:label="loc_eba_c19231" />
    <label:label xlink:type="resource" xlink:label="label_eba_c19231" xml:lang="en" xlink:role="http://www.xbrl.org/2008/role/label">(-) IRB shortfall of credit risk adjustments to expected losses</label:label>
    <gen:arc xlink:type="arc" xlink:arcrole="http://xbrl.org/arcrole/2008/element-label" xlink:from="loc_eba_c19231" xlink:to="label_eba_c19231" />
    <link:loc xlink:type="locator" xlink:href="c_01.00-rend.xml#eba_c19232" xlink:label="loc_eba_c19232" />
    <label:label xlink:type="resource" xlink:label="label_eba_c19232" xml:lang="en" xlink:role="http://www.xbrl.org/2008/role/label">(-)Defined benefit pension fund assets</label:label>
    <gen:arc xlink:type="arc" xlink:arcrole="http://xbrl.org/arcrole/2008/element-label" xlink:from="loc_eba_c19232" xlink:to="label_eba_c19232" />
    <link:loc xlink:type="locator" xlink:href="c_01.00-rend.xml#eba_c19233" xlink:label="loc_eba_c19233" />
    <label:label xlink:type="resource" xlink:label="label_eba_c19233" xml:lang="en" xlink:role="http://www.xbrl.org/2008/role/label">(-)Defined benefit pension fund assets gross amount</label:label>
    <gen:arc xlink:type="arc" xlink:arcrole="http://xbrl.org/arcrole/2008/element-label" xlink:from="loc_eba_c19233" xlink:to="label_eba_c19233" />
    <link:loc xlink:type="locator" xlink:href="c_01.00-rend.xml#eba_c19234" xlink:label="loc_eba_c19234" />
    <label:label xlink:type="resource" xlink:label="label_eba_c19234" xml:lang="en" xlink:role="http://www.xbrl.org/2008/role/label">Deferred tax liabilities associated to defined benefit pension fund assets</label:label>
    <gen:arc xlink:type="arc" xlink:arcrole="http://xbrl.org/arcrole/2008/element-label" xlink:from="loc_eba_c19234" xlink:to="label_eba_c19234" />
    <link:loc xlink:type="locator" xlink:href="c_01.00-rend.xml#eba_c19235" xlink:label="loc_eba_c19235" />
    <label:label xlink:type="resource" xlink:label="label_eba_c19235" xml:lang="en" xlink:role="http://www.xbrl.org/2008/role/label">Defined benefit pension fund assets which the institution has an unrestricted ability to use</label:label>
    <gen:arc xlink:type="arc" xlink:arcrole="http://xbrl.org/arcrole/2008/element-label" xlink:from="loc_eba_c19235" xlink:to="label_eba_c19235" />
    <link:loc xlink:type="locator" xlink:href="c_01.00-rend.xml#eba_c19236" xlink:label="loc_eba_c19236" />
    <label:label xlink:type="resource" xlink:label="label_eba_c19236" xml:lang="en" xlink:role="http://www.xbrl.org/2008/role/label">(-) Reciprocal cross holdings in CET1 Capital</label:label>
    <gen:arc xlink:type="arc" xlink:arcrole="http://xbrl.org/arcrole/2008/element-label" xlink:from="loc_eba_c19236" xlink:to="label_eba_c19236" />
    <link:loc xlink:type="locator" xlink:href="c_01.00-rend.xml#eba_c19237" xlink:label="loc_eba_c19237" />
    <label:label xlink:type="resource" xlink:label="label_eba_c19237" xml:lang="en" xlink:role="http://www.xbrl.org/2008/role/label">(-) Excess of deduction from AT1 items over AT1 Capital (see 1.2.10)</label:label>
    <gen:arc xlink:type="arc" xlink:arcrole="http://xbrl.org/arcrole/2008/element-label" xlink:from="loc_eba_c19237" xlink:to="label_eba_c19237" />
    <link:loc xlink:type="locator" xlink:href="c_01.00-rend.xml#eba_c19238" xlink:label="loc_eba_c19238" />
    <label:label xlink:type="resource" xlink:label="label_eba_c19238" xml:lang="en" xlink:role="http://www.xbrl.org/2008/role/label">(-) Qualifying holdings outside the financial sector which can alternatively be subject to a 1.250% risk weight</label:label>
    <gen:arc xlink:type="arc" xlink:arcrole="http://xbrl.org/arcrole/2008/element-label" xlink:from="loc_eba_c19238" xlink:to="label_eba_c19238" />
    <link:loc xlink:type="locator" xlink:href="c_01.00-rend.xml#eba_c19239" xlink:label="loc_eba_c19239" />
    <label:label xlink:type="resource" xlink:label="label_eba_c19239" xml:lang="en" xlink:role="http://www.xbrl.org/2008/role/label">(-) Securitisation positions which can alternatively be subject to a 1.250% risk weight</label:label>
    <gen:arc xlink:type="arc" xlink:arcrole="http://xbrl.org/arcrole/2008/element-label" xlink:from="loc_eba_c19239" xlink:to="label_eba_c19239" />
    <link:loc xlink:type="locator" xlink:href="c_01.00-rend.xml#eba_c19240" xlink:label="loc_eba_c19240" />
    <label:label xlink:type="resource" xlink:label="label_eba_c19240" xml:lang="en" xlink:role="http://www.xbrl.org/2008/role/label">(-) Free deliveries which can alternatively be subject to a 1.250% risk weight</label:label>
    <gen:arc xlink:type="arc" xlink:arcrole="http://xbrl.org/arcrole/2008/element-label" xlink:from="loc_eba_c19240" xlink:to="label_eba_c19240" />
    <link:loc xlink:type="locator" xlink:href="c_01.00-rend.xml#eba_c19241" xlink:label="loc_eba_c19241" />
    <label:label xlink:type="resource" xlink:label="label_eba_c19241" xml:lang="en" xlink:role="http://www.xbrl.org/2008/role/label">(-) Positions in a basket for which an institution cannot determine the risk weight under the IRB approach, and can alternatively be subject to a 1.250% risk weight</label:label>
    <gen:arc xlink:type="arc" xlink:arcrole="http://xbrl.org/arcrole/2008/element-label" xlink:from="loc_eba_c19241" xlink:to="label_eba_c19241" />
    <link:loc xlink:type="locator" xlink:href="c_01.00-rend.xml#eba_c19242" xlink:label="loc_eba_c19242" />
    <label:label xlink:type="resource" xlink:label="label_eba_c19242" xml:lang="en" xlink:role="http://www.xbrl.org/2008/role/label">(-) Equity exposures under an internal models approach which can alternatively be subject to a 1.250% risk weight</label:label>
    <gen:arc xlink:type="arc" xlink:arcrole="http://xbrl.org/arcrole/2008/element-label" xlink:from="loc_eba_c19242" xlink:to="label_eba_c19242" />
    <link:loc xlink:type="locator" xlink:href="c_01.00-rend.xml#eba_c19243" xlink:label="loc_eba_c19243" />
    <label:label xlink:type="resource" xlink:label="label_eba_c19243" xml:lang="en" xlink:role="http://www.xbrl.org/2008/role/label">(-) CET1 instruments of financial sector entities where the institution does not have a significant investment</label:label>
    <gen:arc xlink:type="arc" xlink:arcrole="http://xbrl.org/arcrole/2008/element-label" xlink:from="loc_eba_c19243" xlink:to="label_eba_c19243" />
    <link:loc xlink:type="locator" xlink:href="c_01.00-rend.xml#eba_c19244" xlink:label="loc_eba_c19244" />
    <label:label xlink:type="resource" xlink:label="label_eba_c19244" xml:lang="en" xlink:role="http://www.xbrl.org/2008/role/label">(-) Deductible deferred tax assets that rely on future profitability and arise from temporary differences</label:label>
    <gen:arc xlink:type="arc" xlink:arcrole="http://xbrl.org/arcrole/2008/element-label" xlink:from="loc_eba_c19244" xlink:to="label_eba_c19244" />
    <link:loc xlink:type="locator" xlink:href="c_01.00-rend.xml#eba_c19245" xlink:label="loc_eba_c19245" />
    <label:label xlink:type="resource" xlink:label="label_eba_c19245" xml:lang="en" xlink:role="http://www.xbrl.org/2008/role/label">(-) CET1 instruments of financial sector entities where the institution has a significant investment</label:label>
    <gen:arc xlink:type="arc" xlink:arcrole="http://xbrl.org/arcrole/2008/element-label" xlink:from="loc_eba_c19245" xlink:to="label_eba_c19245" />
    <link:loc xlink:type="locator" xlink:href="c_01.00-rend.xml#eba_c19246" xlink:label="loc_eba_c19246" />
    <label:label xlink:type="resource" xlink:label="label_eba_c19246" xml:lang="en" xlink:role="http://www.xbrl.org/2008/role/label">(-) Amount exceeding the 17.65% threshold</label:label>
    <gen:arc xlink:type="arc" xlink:arcrole="http://xbrl.org/arcrole/2008/element-label" xlink:from="loc_eba_c19246" xlink:to="label_eba_c19246" />
    <link:loc xlink:type="locator" xlink:href="c_01.00-rend.xml#eba_c19247" xlink:label="loc_eba_c19247" />
    <label:label xlink:type="resource" xlink:label="label_eba_c19247" xml:lang="en" xlink:role="http://www.xbrl.org/2008/role/label">Other transitional adjustments to CET1 Capital</label:label>
    <gen:arc xlink:type="arc" xlink:arcrole="http://xbrl.org/arcrole/2008/element-label" xlink:from="loc_eba_c19247" xlink:to="label_eba_c19247" />
    <link:loc xlink:type="locator" xlink:href="c_01.00-rend.xml#eba_c19248" xlink:label="loc_eba_c19248" />
    <label:label xlink:type="resource" xlink:label="label_eba_c19248" xml:lang="en" xlink:role="http://www.xbrl.org/2008/role/label">(-) Additional deductions of CET1 Capital due to Article 3 CRR</label:label>
    <gen:arc xlink:type="arc" xlink:arcrole="http://xbrl.org/arcrole/2008/element-label" xlink:from="loc_eba_c19248" xlink:to="label_eba_c19248" />
    <link:loc xlink:type="locator" xlink:href="c_01.00-rend.xml#eba_c19249" xlink:label="loc_eba_c19249" />
    <label:label xlink:type="resource" xlink:label="label_eba_c19249" xml:lang="en" xlink:role="http://www.xbrl.org/2008/role/label">CET1 capital elements or deductions - other</label:label>
    <gen:arc xlink:type="arc" xlink:arcrole="http://xbrl.org/arcrole/2008/element-label" xlink:from="loc_eba_c19249" xlink:to="label_eba_c19249" />
    <link:loc xlink:type="locator" xlink:href="c_01.00-rend.xml#eba_c19250" xlink:label="loc_eba_c19250" />
    <label:label xlink:type="resource" xlink:label="label_eba_c19250" xml:lang="en" xlink:role="http://www.xbrl.org/2008/role/label">ADDITIONAL TIER 1 CAPITAL</label:label>
    <gen:arc xlink:type="arc" xlink:arcrole="http://xbrl.org/arcrole/2008/element-label" xlink:from="loc_eba_c19250" xlink:to="label_eba_c19250" />
    <link:loc xlink:type="locator" xlink:href="c_01.00-rend.xml#eba_c19251" xlink:label="loc_eba_c19251" />
    <label:label xlink:type="resource" xlink:label="label_eba_c19251" xml:lang="en" xlink:role="http://www.xbrl.org/2008/role/label">Capital instruments eligible as AT1 Capital</label:label>
    <gen:arc xlink:type="arc" xlink:arcrole="http://xbrl.org/arcrole/2008/element-label" xlink:from="loc_eba_c19251" xlink:to="label_eba_c19251" />
    <link:loc xlink:type="locator" xlink:href="c_01.00-rend.xml#eba_c19252" xlink:label="loc_eba_c19252" />
    <label:label xlink:type="resource" xlink:label="label_eba_c19252" xml:lang="en" xlink:role="http://www.xbrl.org/2008/role/label">Paid up capital instruments</label:label>
    <gen:arc xlink:type="arc" xlink:arcrole="http://xbrl.org/arcrole/2008/element-label" xlink:from="loc_eba_c19252" xlink:to="label_eba_c19252" />
    <link:loc xlink:type="locator" xlink:href="c_01.00-rend.xml#eba_c19253" xlink:label="loc_eba_c19253" />
    <label:label xlink:type="resource" xlink:label="label_eba_c19253" xml:lang="en" xlink:role="http://www.xbrl.org/2008/role/label">Memorandum item: Capital instruments not eligible</label:label>
    <gen:arc xlink:type="arc" xlink:arcrole="http://xbrl.org/arcrole/2008/element-label" xlink:from="loc_eba_c19253" xlink:to="label_eba_c19253" />
    <link:loc xlink:type="locator" xlink:href="c_01.00-rend.xml#eba_c19254" xlink:label="loc_eba_c19254" />
    <label:label xlink:type="resource" xlink:label="label_eba_c19254" xml:lang="en" xlink:role="http://www.xbrl.org/2008/role/label">Share premium</label:label>
    <gen:arc xlink:type="arc" xlink:arcrole="http://xbrl.org/arcrole/2008/element-label" xlink:from="loc_eba_c19254" xlink:to="label_eba_c19254" />
    <link:loc xlink:type="locator" xlink:href="c_01.00-rend.xml#eba_c19255" xlink:label="loc_eba_c19255" />
    <label:label xlink:type="resource" xlink:label="label_eba_c19255" xml:lang="en" xlink:role="http://www.xbrl.org/2008/role/label">(-) Own AT1 instruments</label:label>
    <gen:arc xlink:type="arc" xlink:arcrole="http://xbrl.org/arcrole/2008/element-label" xlink:from="loc_eba_c19255" xlink:to="label_eba_c19255" />
    <link:loc xlink:type="locator" xlink:href="c_01.00-rend.xml#eba_c19256" xlink:label="loc_eba_c19256" />
    <label:label xlink:type="resource" xlink:label="label_eba_c19256" xml:lang="en" xlink:role="http://www.xbrl.org/2008/role/label">(-) Direct holdings of AT1 instruments</label:label>
    <gen:arc xlink:type="arc" xlink:arcrole="http://xbrl.org/arcrole/2008/element-label" xlink:from="loc_eba_c19256" xlink:to="label_eba_c19256" />
    <link:loc xlink:type="locator" xlink:href="c_01.00-rend.xml#eba_c19257" xlink:label="loc_eba_c19257" />
    <label:label xlink:type="resource" xlink:label="label_eba_c19257" xml:lang="en" xlink:role="http://www.xbrl.org/2008/role/label">(-) Indirect holdings of AT1 instruments</label:label>
    <gen:arc xlink:type="arc" xlink:arcrole="http://xbrl.org/arcrole/2008/element-label" xlink:from="loc_eba_c19257" xlink:to="label_eba_c19257" />
    <link:loc xlink:type="locator" xlink:href="c_01.00-rend.xml#eba_c19258" xlink:label="loc_eba_c19258" />
    <label:label xlink:type="resource" xlink:label="label_eba_c19258" xml:lang="en" xlink:role="http://www.xbrl.org/2008/role/label">(-) Synthetic holdings of AT1 instruments</label:label>
    <gen:arc xlink:type="arc" xlink:arcrole="http://xbrl.org/arcrole/2008/element-label" xlink:from="loc_eba_c19258" xlink:to="label_eba_c19258" />
    <link:loc xlink:type="locator" xlink:href="c_01.00-rend.xml#eba_c19259" xlink:label="loc_eba_c19259" />
    <label:label xlink:type="resource" xlink:label="label_eba_c19259" xml:lang="en" xlink:role="http://www.xbrl.org/2008/role/label">(-) Actual or contingent obligations to purchase own AT1 instruments</label:label>
    <gen:arc xlink:type="arc" xlink:arcrole="http://xbrl.org/arcrole/2008/element-label" xlink:from="loc_eba_c19259" xlink:to="label_eba_c19259" />
    <link:loc xlink:type="locator" xlink:href="c_01.00-rend.xml#eba_c19260" xlink:label="loc_eba_c19260" />
    <label:label xlink:type="resource" xlink:label="label_eba_c19260" xml:lang="en" xlink:role="http://www.xbrl.org/2008/role/label">Transitional adjustments due to grandfathered AT1 Capital instruments</label:label>
    <gen:arc xlink:type="arc" xlink:arcrole="http://xbrl.org/arcrole/2008/element-label" xlink:from="loc_eba_c19260" xlink:to="label_eba_c19260" />
    <link:loc xlink:type="locator" xlink:href="c_01.00-rend.xml#eba_c19261" xlink:label="loc_eba_c19261" />
    <label:label xlink:type="resource" xlink:label="label_eba_c19261" xml:lang="en" xlink:role="http://www.xbrl.org/2008/role/label">Instruments issued by subsidiaries that are given recognition in AT1 Capital</label:label>
    <gen:arc xlink:type="arc" xlink:arcrole="http://xbrl.org/arcrole/2008/element-label" xlink:from="loc_eba_c19261" xlink:to="label_eba_c19261" />
    <link:loc xlink:type="locator" xlink:href="c_01.00-rend.xml#eba_c19262" xlink:label="loc_eba_c19262" />
    <label:label xlink:type="resource" xlink:label="label_eba_c19262" xml:lang="en" xlink:role="http://www.xbrl.org/2008/role/label">Transitional adjustments due to additional recognition in AT1 Capital of instruments issued by subsidiaries</label:label>
    <gen:arc xlink:type="arc" xlink:arcrole="http://xbrl.org/arcrole/2008/element-label" xlink:from="loc_eba_c19262" xlink:to="label_eba_c19262" />
    <link:loc xlink:type="locator" xlink:href="c_01.00-rend.xml#eba_c19263" xlink:label="loc_eba_c19263" />
    <label:label xlink:type="resource" xlink:label="label_eba_c19263" xml:lang="en" xlink:role="http://www.xbrl.org/2008/role/label">(-) Reciprocal cross holdings in AT1 Capital</label:label>
    <gen:arc xlink:type="arc" xlink:arcrole="http://xbrl.org/arcrole/2008/element-label" xlink:from="loc_eba_c19263" xlink:to="label_eba_c19263" />
    <link:loc xlink:type="locator" xlink:href="c_01.00-rend.xml#eba_c19264" xlink:label="loc_eba_c19264" />
    <label:label xlink:type="resource" xlink:label="label_eba_c19264" xml:lang="en" xlink:role="http://www.xbrl.org/2008/role/label">(-) AT1 instruments of financial sector entities where the institution does not have a significant investment</label:label>
    <gen:arc xlink:type="arc" xlink:arcrole="http://xbrl.org/arcrole/2008/element-label" xlink:from="loc_eba_c19264" xlink:to="label_eba_c19264" />
    <link:loc xlink:type="locator" xlink:href="c_01.00-rend.xml#eba_c19265" xlink:label="loc_eba_c19265" />
    <label:label xlink:type="resource" xlink:label="label_eba_c19265" xml:lang="en" xlink:role="http://www.xbrl.org/2008/role/label">(-) AT1 instruments of financial sector entities where the institution has a significant investment</label:label>
    <gen:arc xlink:type="arc" xlink:arcrole="http://xbrl.org/arcrole/2008/element-label" xlink:from="loc_eba_c19265" xlink:to="label_eba_c19265" />
    <link:loc xlink:type="locator" xlink:href="c_01.00-rend.xml#eba_c19266" xlink:label="loc_eba_c19266" />
    <label:label xlink:type="resource" xlink:label="label_eba_c19266" xml:lang="en" xlink:role="http://www.xbrl.org/2008/role/label">(-) Excess of deduction from T2 items over T2 Capital</label:label>
    <gen:arc xlink:type="arc" xlink:arcrole="http://xbrl.org/arcrole/2008/element-label" xlink:from="loc_eba_c19266" xlink:to="label_eba_c19266" />
    <link:loc xlink:type="locator" xlink:href="c_01.00-rend.xml#eba_c19267" xlink:label="loc_eba_c19267" />
    <label:label xlink:type="resource" xlink:label="label_eba_c19267" xml:lang="en" xlink:role="http://www.xbrl.org/2008/role/label">Other transitional adjustments to AT1 Capital</label:label>
    <gen:arc xlink:type="arc" xlink:arcrole="http://xbrl.org/arcrole/2008/element-label" xlink:from="loc_eba_c19267" xlink:to="label_eba_c19267" />
    <link:loc xlink:type="locator" xlink:href="c_01.00-rend.xml#eba_c19268" xlink:label="loc_eba_c19268" />
    <label:label xlink:type="resource" xlink:label="label_eba_c19268" xml:lang="en" xlink:role="http://www.xbrl.org/2008/role/label">Excess of deduction from AT1 items over AT1 Capital (deducted in CET1)</label:label>
    <gen:arc xlink:type="arc" xlink:arcrole="http://xbrl.org/arcrole/2008/element-label" xlink:from="loc_eba_c19268" xlink:to="label_eba_c19268" />
    <link:loc xlink:type="locator" xlink:href="c_01.00-rend.xml#eba_c19269" xlink:label="loc_eba_c19269" />
    <label:label xlink:type="resource" xlink:label="label_eba_c19269" xml:lang="en" xlink:role="http://www.xbrl.org/2008/role/label">(-) Additional deductions of AT1 Capital due to Article 3 CRR</label:label>
    <gen:arc xlink:type="arc" xlink:arcrole="http://xbrl.org/arcrole/2008/element-label" xlink:from="loc_eba_c19269" xlink:to="label_eba_c19269" />
    <link:loc xlink:type="locator" xlink:href="c_01.00-rend.xml#eba_c19270" xlink:label="loc_eba_c19270" />
    <label:label xlink:type="resource" xlink:label="label_eba_c19270" xml:lang="en" xlink:role="http://www.xbrl.org/2008/role/label">AT1 capital elements or deductions - other</label:label>
    <gen:arc xlink:type="arc" xlink:arcrole="http://xbrl.org/arcrole/2008/element-label" xlink:from="loc_eba_c19270" xlink:to="label_eba_c19270" />
    <link:loc xlink:type="locator" xlink:href="c_01.00-rend.xml#eba_c19271" xlink:label="loc_eba_c19271" />
    <label:label xlink:type="resource" xlink:label="label_eba_c19271" xml:lang="en" xlink:role="http://www.xbrl.org/2008/role/label">TIER 2 CAPITAL</label:label>
    <gen:arc xlink:type="arc" xlink:arcrole="http://xbrl.org/arcrole/2008/element-label" xlink:from="loc_eba_c19271" xlink:to="label_eba_c19271" />
    <link:loc xlink:type="locator" xlink:href="c_01.00-rend.xml#eba_c19272" xlink:label="loc_eba_c19272" />
    <label:label xlink:type="resource" xlink:label="label_eba_c19272" xml:lang="en" xlink:role="http://www.xbrl.org/2008/role/label">Capital instruments and subordinated loans eligible as T2 Capital</label:label>
    <gen:arc xlink:type="arc" xlink:arcrole="http://xbrl.org/arcrole/2008/element-label" xlink:from="loc_eba_c19272" xlink:to="label_eba_c19272" />
    <link:loc xlink:type="locator" xlink:href="c_01.00-rend.xml#eba_c19273" xlink:label="loc_eba_c19273" />
    <label:label xlink:type="resource" xlink:label="label_eba_c19273" xml:lang="en" xlink:role="http://www.xbrl.org/2008/role/label">Paid up capital instruments and subordinated loans</label:label>
    <gen:arc xlink:type="arc" xlink:arcrole="http://xbrl.org/arcrole/2008/element-label" xlink:from="loc_eba_c19273" xlink:to="label_eba_c19273" />
    <link:loc xlink:type="locator" xlink:href="c_01.00-rend.xml#eba_c19274" xlink:label="loc_eba_c19274" />
    <label:label xlink:type="resource" xlink:label="label_eba_c19274" xml:lang="en" xlink:role="http://www.xbrl.org/2008/role/label">Memorandum item: Capital instruments and subordinated loans not eligible</label:label>
    <gen:arc xlink:type="arc" xlink:arcrole="http://xbrl.org/arcrole/2008/element-label" xlink:from="loc_eba_c19274" xlink:to="label_eba_c19274" />
    <link:loc xlink:type="locator" xlink:href="c_01.00-rend.xml#eba_c19275" xlink:label="loc_eba_c19275" />
    <label:label xlink:type="resource" xlink:label="label_eba_c19275" xml:lang="en" xlink:role="http://www.xbrl.org/2008/role/label">Share premium</label:label>
    <gen:arc xlink:type="arc" xlink:arcrole="http://xbrl.org/arcrole/2008/element-label" xlink:from="loc_eba_c19275" xlink:to="label_eba_c19275" />
    <link:loc xlink:type="locator" xlink:href="c_01.00-rend.xml#eba_c19276" xlink:label="loc_eba_c19276" />
    <label:label xlink:type="resource" xlink:label="label_eba_c19276" xml:lang="en" xlink:role="http://www.xbrl.org/2008/role/label">(-) Own T2 instruments</label:label>
    <gen:arc xlink:type="arc" xlink:arcrole="http://xbrl.org/arcrole/2008/element-label" xlink:from="loc_eba_c19276" xlink:to="label_eba_c19276" />
    <link:loc xlink:type="locator" xlink:href="c_01.00-rend.xml#eba_c19277" xlink:label="loc_eba_c19277" />
    <label:label xlink:type="resource" xlink:label="label_eba_c19277" xml:lang="en" xlink:role="http://www.xbrl.org/2008/role/label">(-) Direct holdings of T2 instruments</label:label>
    <gen:arc xlink:type="arc" xlink:arcrole="http://xbrl.org/arcrole/2008/element-label" xlink:from="loc_eba_c19277" xlink:to="label_eba_c19277" />
    <link:loc xlink:type="locator" xlink:href="c_01.00-rend.xml#eba_c19278" xlink:label="loc_eba_c19278" />
    <label:label xlink:type="resource" xlink:label="label_eba_c19278" xml:lang="en" xlink:role="http://www.xbrl.org/2008/role/label">(-) Indirect holdings of T2 instruments</label:label>
    <gen:arc xlink:type="arc" xlink:arcrole="http://xbrl.org/arcrole/2008/element-label" xlink:from="loc_eba_c19278" xlink:to="label_eba_c19278" />
    <link:loc xlink:type="locator" xlink:href="c_01.00-rend.xml#eba_c19279" xlink:label="loc_eba_c19279" />
    <label:label xlink:type="resource" xlink:label="label_eba_c19279" xml:lang="en" xlink:role="http://www.xbrl.org/2008/role/label">(-) Synthetic holdings of T2 instruments</label:label>
    <gen:arc xlink:type="arc" xlink:arcrole="http://xbrl.org/arcrole/2008/element-label" xlink:from="loc_eba_c19279" xlink:to="label_eba_c19279" />
    <link:loc xlink:type="locator" xlink:href="c_01.00-rend.xml#eba_c19280" xlink:label="loc_eba_c19280" />
    <label:label xlink:type="resource" xlink:label="label_eba_c19280" xml:lang="en" xlink:role="http://www.xbrl.org/2008/role/label">(-) Actual or contingent obligations to purchase own T2 instruments</label:label>
    <gen:arc xlink:type="arc" xlink:arcrole="http://xbrl.org/arcrole/2008/element-label" xlink:from="loc_eba_c19280" xlink:to="label_eba_c19280" />
    <link:loc xlink:type="locator" xlink:href="c_01.00-rend.xml#eba_c19281" xlink:label="loc_eba_c19281" />
    <label:label xlink:type="resource" xlink:label="label_eba_c19281" xml:lang="en" xlink:role="http://www.xbrl.org/2008/role/label">Transitional adjustments due to grandfathered T2 Capital instruments and subordinated loans</label:label>
    <gen:arc xlink:type="arc" xlink:arcrole="http://xbrl.org/arcrole/2008/element-label" xlink:from="loc_eba_c19281" xlink:to="label_eba_c19281" />
    <link:loc xlink:type="locator" xlink:href="c_01.00-rend.xml#eba_c19282" xlink:label="loc_eba_c19282" />
    <label:label xlink:type="resource" xlink:label="label_eba_c19282" xml:lang="en" xlink:role="http://www.xbrl.org/2008/role/label">Instruments issued by subsidiaries that are given recognition in T2 Capital</label:label>
    <gen:arc xlink:type="arc" xlink:arcrole="http://xbrl.org/arcrole/2008/element-label" xlink:from="loc_eba_c19282" xlink:to="label_eba_c19282" />
    <link:loc xlink:type="locator" xlink:href="c_01.00-rend.xml#eba_c19283" xlink:label="loc_eba_c19283" />
    <label:label xlink:type="resource" xlink:label="label_eba_c19283" xml:lang="en" xlink:role="http://www.xbrl.org/2008/role/label">Transitional adjustments due to additional recognition in T2 Capital of instruments issued by subsidiaries</label:label>
    <gen:arc xlink:type="arc" xlink:arcrole="http://xbrl.org/arcrole/2008/element-label" xlink:from="loc_eba_c19283" xlink:to="label_eba_c19283" />
    <link:loc xlink:type="locator" xlink:href="c_01.00-rend.xml#eba_c19284" xlink:label="loc_eba_c19284" />
    <label:label xlink:type="resource" xlink:label="label_eba_c19284" xml:lang="en" xlink:role="http://www.xbrl.org/2008/role/label">IRB Excess of provisions over expected losses eligible</label:label>
    <gen:arc xlink:type="arc" xlink:arcrole="http://xbrl.org/arcrole/2008/element-label" xlink:from="loc_eba_c19284" xlink:to="label_eba_c19284" />
    <link:loc xlink:type="locator" xlink:href="c_01.00-rend.xml#eba_c19285" xlink:label="loc_eba_c19285" />
    <label:label xlink:type="resource" xlink:label="label_eba_c19285" xml:lang="en" xlink:role="http://www.xbrl.org/2008/role/label">SA General credit risk adjustments</label:label>
    <gen:arc xlink:type="arc" xlink:arcrole="http://xbrl.org/arcrole/2008/element-label" xlink:from="loc_eba_c19285" xlink:to="label_eba_c19285" />
    <link:loc xlink:type="locator" xlink:href="c_01.00-rend.xml#eba_c19286" xlink:label="loc_eba_c19286" />
    <label:label xlink:type="resource" xlink:label="label_eba_c19286" xml:lang="en" xlink:role="http://www.xbrl.org/2008/role/label">(-) Reciprocal cross holdings in T2 Capital</label:label>
    <gen:arc xlink:type="arc" xlink:arcrole="http://xbrl.org/arcrole/2008/element-label" xlink:from="loc_eba_c19286" xlink:to="label_eba_c19286" />
    <link:loc xlink:type="locator" xlink:href="c_01.00-rend.xml#eba_c19287" xlink:label="loc_eba_c19287" />
    <label:label xlink:type="resource" xlink:label="label_eba_c19287" xml:lang="en" xlink:role="http://www.xbrl.org/2008/role/label">(-) T2 instruments of financial sector entities where the institution does not have a significant investment</label:label>
    <gen:arc xlink:type="arc" xlink:arcrole="http://xbrl.org/arcrole/2008/element-label" xlink:from="loc_eba_c19287" xlink:to="label_eba_c19287" />
    <link:loc xlink:type="locator" xlink:href="c_01.00-rend.xml#eba_c19288" xlink:label="loc_eba_c19288" />
    <label:label xlink:type="resource" xlink:label="label_eba_c19288" xml:lang="en" xlink:role="http://www.xbrl.org/2008/role/label">(-) T2 instruments of financial sector entities where the institution has a significant investment</label:label>
    <gen:arc xlink:type="arc" xlink:arcrole="http://xbrl.org/arcrole/2008/element-label" xlink:from="loc_eba_c19288" xlink:to="label_eba_c19288" />
    <link:loc xlink:type="locator" xlink:href="c_01.00-rend.xml#eba_c19289" xlink:label="loc_eba_c19289" />
    <label:label xlink:type="resource" xlink:label="label_eba_c19289" xml:lang="en" xlink:role="http://www.xbrl.org/2008/role/label">Other transitional adjustments to T2 Capital</label:label>
    <gen:arc xlink:type="arc" xlink:arcrole="http://xbrl.org/arcrole/2008/element-label" xlink:from="loc_eba_c19289" xlink:to="label_eba_c19289" />
    <link:loc xlink:type="locator" xlink:href="c_01.00-rend.xml#eba_c19290" xlink:label="loc_eba_c19290" />
    <label:label xlink:type="resource" xlink:label="label_eba_c19290" xml:lang="en" xlink:role="http://www.xbrl.org/2008/role/label">Excess of deduction from T2 items over T2 Capital (deducted in AT1)</label:label>
    <gen:arc xlink:type="arc" xlink:arcrole="http://xbrl.org/arcrole/2008/element-label" xlink:from="loc_eba_c19290" xlink:to="label_eba_c19290" />
    <link:loc xlink:type="locator" xlink:href="c_01.00-rend.xml#eba_c19291" xlink:label="loc_eba_c19291" />
    <label:label xlink:type="resource" xlink:label="label_eba_c19291" xml:lang="en" xlink:role="http://www.xbrl.org/2008/role/label">(-) Additional deductions of T2 Capital due to Article 3 CRR</label:label>
    <gen:arc xlink:type="arc" xlink:arcrole="http://xbrl.org/arcrole/2008/element-label" xlink:from="loc_eba_c19291" xlink:to="label_eba_c19291" />
    <link:loc xlink:type="locator" xlink:href="c_01.00-rend.xml#eba_c19292" xlink:label="loc_eba_c19292" />
    <label:label xlink:type="resource" xlink:label="label_eba_c19292" xml:lang="en" xlink:role="http://www.xbrl.org/2008/role/label">T2 capital elements or deductions - other</label:label>
    <gen:arc xlink:type="arc" xlink:arcrole="http://xbrl.org/arcrole/2008/element-label" xlink:from="loc_eba_c19292" xlink:to="label_eba_c19292" />
  </gen:link>
</link:linkbase>