﻿<?xml version="1.0" encoding="utf-8"?>
<?taxonomy-version 2.0.1?>
<!--(C) EBA-->
<link:linkbase xmlns:xsi="http://www.w3.org/2001/XMLSchema-instance" xmlns:xlink="http://www.w3.org/1999/xlink" xmlns:link="http://www.xbrl.org/2003/linkbase" xmlns:gen="http://xbrl.org/2008/generic" xmlns:label="http://xbrl.org/2008/label" xsi:schemaLocation="http://www.xbrl.org/2003/linkbase http://www.xbrl.org/2003/xbrl-linkbase-2003-12-31.xsd http://xbrl.org/2008/generic http://www.xbrl.org/2008/generic-link.xsd http://xbrl.org/2008/label http://www.xbrl.org/2008/generic-label.xsd">
  <link:arcroleRef arcroleURI="http://xbrl.org/arcrole/2008/element-label" xlink:type="simple" xlink:href="http://www.xbrl.org/2008/generic-label.xsd#element-label" />
  <link:roleRef roleURI="http://www.eba.europa.eu/xbrl/role/dpm-db-id" xlink:type="simple" xlink:href="http://www.eba.europa.eu/eu/fr/xbrl/ext/model.xsd#dpm-db-id" />
  <link:roleRef roleURI="http://www.eurofiling.info/xbrl/role/filing-indicator-code" xlink:type="simple" xlink:href="http://www.eurofiling.info/eu/fr/xbrl/ext/model.xsd#filing-indicator-code" />
  <link:roleRef roleURI="http://www.eurofiling.info/xbrl/role/rc-code" xlink:type="simple" xlink:href="http://www.eurofiling.info/eu/fr/xbrl/ext/model.xsd#rc-code" />
  <gen:link xlink:type="extended" xlink:role="http://www.xbrl.org/2003/role/link">
    <link:loc xlink:type="locator" xlink:href="c_01.00-rend.xml#eba_tC_01.00" xlink:label="loc_eba_tC_01.00" />
    <label:label xlink:type="resource" xlink:label="label_eba_tC_01.00" xml:lang="en" xlink:role="http://www.eurofiling.info/xbrl/role/rc-code">C 01.00</label:label>
    <gen:arc xlink:type="arc" xlink:arcrole="http://xbrl.org/arcrole/2008/element-label" xlink:from="loc_eba_tC_01.00" xlink:to="label_eba_tC_01.00" />
    <link:loc xlink:type="locator" xlink:href="c_01.00-rend.xml#eba_c19193" xlink:label="loc_eba_c19193" />
    <label:label xlink:type="resource" xlink:label="label_eba_c19193" xml:lang="en" xlink:role="http://www.eurofiling.info/xbrl/role/rc-code">010</label:label>
    <gen:arc xlink:type="arc" xlink:arcrole="http://xbrl.org/arcrole/2008/element-label" xlink:from="loc_eba_c19193" xlink:to="label_eba_c19193" />
    <link:loc xlink:type="locator" xlink:href="c_01.00-rend.xml#eba_c19194" xlink:label="loc_eba_c19194" />
    <label:label xlink:type="resource" xlink:label="label_eba_c19194" xml:lang="en" xlink:role="http://www.eurofiling.info/xbrl/role/rc-code">010</label:label>
    <gen:arc xlink:type="arc" xlink:arcrole="http://xbrl.org/arcrole/2008/element-label" xlink:from="loc_eba_c19194" xlink:to="label_eba_c19194" />
    <link:loc xlink:type="locator" xlink:href="c_01.00-rend.xml#eba_c19195" xlink:label="loc_eba_c19195" />
    <label:label xlink:type="resource" xlink:label="label_eba_c19195" xml:lang="en" xlink:role="http://www.eurofiling.info/xbrl/role/rc-code">015</label:label>
    <gen:arc xlink:type="arc" xlink:arcrole="http://xbrl.org/arcrole/2008/element-label" xlink:from="loc_eba_c19195" xlink:to="label_eba_c19195" />
    <link:loc xlink:type="locator" xlink:href="c_01.00-rend.xml#eba_c19196" xlink:label="loc_eba_c19196" />
    <label:label xlink:type="resource" xlink:label="label_eba_c19196" xml:lang="en" xlink:role="http://www.eurofiling.info/xbrl/role/rc-code">020</label:label>
    <gen:arc xlink:type="arc" xlink:arcrole="http://xbrl.org/arcrole/2008/element-label" xlink:from="loc_eba_c19196" xlink:to="label_eba_c19196" />
    <link:loc xlink:type="locator" xlink:href="c_01.00-rend.xml#eba_c19197" xlink:label="loc_eba_c19197" />
    <label:label xlink:type="resource" xlink:label="label_eba_c19197" xml:lang="en" xlink:role="http://www.eurofiling.info/xbrl/role/rc-code">030</label:label>
    <gen:arc xlink:type="arc" xlink:arcrole="http://xbrl.org/arcrole/2008/element-label" xlink:from="loc_eba_c19197" xlink:to="label_eba_c19197" />
    <link:loc xlink:type="locator" xlink:href="c_01.00-rend.xml#eba_c19198" xlink:label="loc_eba_c19198" />
    <label:label xlink:type="resource" xlink:label="label_eba_c19198" xml:lang="en" xlink:role="http://www.eurofiling.info/xbrl/role/rc-code">040</label:label>
    <gen:arc xlink:type="arc" xlink:arcrole="http://xbrl.org/arcrole/2008/element-label" xlink:from="loc_eba_c19198" xlink:to="label_eba_c19198" />
    <link:loc xlink:type="locator" xlink:href="c_01.00-rend.xml#eba_c19199" xlink:label="loc_eba_c19199" />
    <label:label xlink:type="resource" xlink:label="label_eba_c19199" xml:lang="en" xlink:role="http://www.eurofiling.info/xbrl/role/rc-code">050</label:label>
    <gen:arc xlink:type="arc" xlink:arcrole="http://xbrl.org/arcrole/2008/element-label" xlink:from="loc_eba_c19199" xlink:to="label_eba_c19199" />
    <link:loc xlink:type="locator" xlink:href="c_01.00-rend.xml#eba_c19200" xlink:label="loc_eba_c19200" />
    <label:label xlink:type="resource" xlink:label="label_eba_c19200" xml:lang="en" xlink:role="http://www.eurofiling.info/xbrl/role/rc-code">060</label:label>
    <gen:arc xlink:type="arc" xlink:arcrole="http://xbrl.org/arcrole/2008/element-label" xlink:from="loc_eba_c19200" xlink:to="label_eba_c19200" />
    <link:loc xlink:type="locator" xlink:href="c_01.00-rend.xml#eba_c19201" xlink:label="loc_eba_c19201" />
    <label:label xlink:type="resource" xlink:label="label_eba_c19201" xml:lang="en" xlink:role="http://www.eurofiling.info/xbrl/role/rc-code">070</label:label>
    <gen:arc xlink:type="arc" xlink:arcrole="http://xbrl.org/arcrole/2008/element-label" xlink:from="loc_eba_c19201" xlink:to="label_eba_c19201" />
    <link:loc xlink:type="locator" xlink:href="c_01.00-rend.xml#eba_c19202" xlink:label="loc_eba_c19202" />
    <label:label xlink:type="resource" xlink:label="label_eba_c19202" xml:lang="en" xlink:role="http://www.eurofiling.info/xbrl/role/rc-code">080</label:label>
    <gen:arc xlink:type="arc" xlink:arcrole="http://xbrl.org/arcrole/2008/element-label" xlink:from="loc_eba_c19202" xlink:to="label_eba_c19202" />
    <link:loc xlink:type="locator" xlink:href="c_01.00-rend.xml#eba_c19203" xlink:label="loc_eba_c19203" />
    <label:label xlink:type="resource" xlink:label="label_eba_c19203" xml:lang="en" xlink:role="http://www.eurofiling.info/xbrl/role/rc-code">090</label:label>
    <gen:arc xlink:type="arc" xlink:arcrole="http://xbrl.org/arcrole/2008/element-label" xlink:from="loc_eba_c19203" xlink:to="label_eba_c19203" />
    <link:loc xlink:type="locator" xlink:href="c_01.00-rend.xml#eba_c19204" xlink:label="loc_eba_c19204" />
    <label:label xlink:type="resource" xlink:label="label_eba_c19204" xml:lang="en" xlink:role="http://www.eurofiling.info/xbrl/role/rc-code">091</label:label>
    <gen:arc xlink:type="arc" xlink:arcrole="http://xbrl.org/arcrole/2008/element-label" xlink:from="loc_eba_c19204" xlink:to="label_eba_c19204" />
    <link:loc xlink:type="locator" xlink:href="c_01.00-rend.xml#eba_c19205" xlink:label="loc_eba_c19205" />
    <label:label xlink:type="resource" xlink:label="label_eba_c19205" xml:lang="en" xlink:role="http://www.eurofiling.info/xbrl/role/rc-code">092</label:label>
    <gen:arc xlink:type="arc" xlink:arcrole="http://xbrl.org/arcrole/2008/element-label" xlink:from="loc_eba_c19205" xlink:to="label_eba_c19205" />
    <link:loc xlink:type="locator" xlink:href="c_01.00-rend.xml#eba_c19206" xlink:label="loc_eba_c19206" />
    <label:label xlink:type="resource" xlink:label="label_eba_c19206" xml:lang="en" xlink:role="http://www.eurofiling.info/xbrl/role/rc-code">130</label:label>
    <gen:arc xlink:type="arc" xlink:arcrole="http://xbrl.org/arcrole/2008/element-label" xlink:from="loc_eba_c19206" xlink:to="label_eba_c19206" />
    <link:loc xlink:type="locator" xlink:href="c_01.00-rend.xml#eba_c19207" xlink:label="loc_eba_c19207" />
    <label:label xlink:type="resource" xlink:label="label_eba_c19207" xml:lang="en" xlink:role="http://www.eurofiling.info/xbrl/role/rc-code">140</label:label>
    <gen:arc xlink:type="arc" xlink:arcrole="http://xbrl.org/arcrole/2008/element-label" xlink:from="loc_eba_c19207" xlink:to="label_eba_c19207" />
    <link:loc xlink:type="locator" xlink:href="c_01.00-rend.xml#eba_c19208" xlink:label="loc_eba_c19208" />
    <label:label xlink:type="resource" xlink:label="label_eba_c19208" xml:lang="en" xlink:role="http://www.eurofiling.info/xbrl/role/rc-code">150</label:label>
    <gen:arc xlink:type="arc" xlink:arcrole="http://xbrl.org/arcrole/2008/element-label" xlink:from="loc_eba_c19208" xlink:to="label_eba_c19208" />
    <link:loc xlink:type="locator" xlink:href="c_01.00-rend.xml#eba_c19209" xlink:label="loc_eba_c19209" />
    <label:label xlink:type="resource" xlink:label="label_eba_c19209" xml:lang="en" xlink:role="http://www.eurofiling.info/xbrl/role/rc-code">160</label:label>
    <gen:arc xlink:type="arc" xlink:arcrole="http://xbrl.org/arcrole/2008/element-label" xlink:from="loc_eba_c19209" xlink:to="label_eba_c19209" />
    <link:loc xlink:type="locator" xlink:href="c_01.00-rend.xml#eba_c19210" xlink:label="loc_eba_c19210" />
    <label:label xlink:type="resource" xlink:label="label_eba_c19210" xml:lang="en" xlink:role="http://www.eurofiling.info/xbrl/role/rc-code">170</label:label>
    <gen:arc xlink:type="arc" xlink:arcrole="http://xbrl.org/arcrole/2008/element-label" xlink:from="loc_eba_c19210" xlink:to="label_eba_c19210" />
    <link:loc xlink:type="locator" xlink:href="c_01.00-rend.xml#eba_c19211" xlink:label="loc_eba_c19211" />
    <label:label xlink:type="resource" xlink:label="label_eba_c19211" xml:lang="en" xlink:role="http://www.eurofiling.info/xbrl/role/rc-code">180</label:label>
    <gen:arc xlink:type="arc" xlink:arcrole="http://xbrl.org/arcrole/2008/element-label" xlink:from="loc_eba_c19211" xlink:to="label_eba_c19211" />
    <link:loc xlink:type="locator" xlink:href="c_01.00-rend.xml#eba_c19212" xlink:label="loc_eba_c19212" />
    <label:label xlink:type="resource" xlink:label="label_eba_c19212" xml:lang="en" xlink:role="http://www.eurofiling.info/xbrl/role/rc-code">200</label:label>
    <gen:arc xlink:type="arc" xlink:arcrole="http://xbrl.org/arcrole/2008/element-label" xlink:from="loc_eba_c19212" xlink:to="label_eba_c19212" />
    <link:loc xlink:type="locator" xlink:href="c_01.00-rend.xml#eba_c19213" xlink:label="loc_eba_c19213" />
    <label:label xlink:type="resource" xlink:label="label_eba_c19213" xml:lang="en" xlink:role="http://www.eurofiling.info/xbrl/role/rc-code">210</label:label>
    <gen:arc xlink:type="arc" xlink:arcrole="http://xbrl.org/arcrole/2008/element-label" xlink:from="loc_eba_c19213" xlink:to="label_eba_c19213" />
    <link:loc xlink:type="locator" xlink:href="c_01.00-rend.xml#eba_c19214" xlink:label="loc_eba_c19214" />
    <label:label xlink:type="resource" xlink:label="label_eba_c19214" xml:lang="en" xlink:role="http://www.eurofiling.info/xbrl/role/rc-code">220</label:label>
    <gen:arc xlink:type="arc" xlink:arcrole="http://xbrl.org/arcrole/2008/element-label" xlink:from="loc_eba_c19214" xlink:to="label_eba_c19214" />
    <link:loc xlink:type="locator" xlink:href="c_01.00-rend.xml#eba_c19215" xlink:label="loc_eba_c19215" />
    <label:label xlink:type="resource" xlink:label="label_eba_c19215" xml:lang="en" xlink:role="http://www.eurofiling.info/xbrl/role/rc-code">230</label:label>
    <gen:arc xlink:type="arc" xlink:arcrole="http://xbrl.org/arcrole/2008/element-label" xlink:from="loc_eba_c19215" xlink:to="label_eba_c19215" />
    <link:loc xlink:type="locator" xlink:href="c_01.00-rend.xml#eba_c19216" xlink:label="loc_eba_c19216" />
    <label:label xlink:type="resource" xlink:label="label_eba_c19216" xml:lang="en" xlink:role="http://www.eurofiling.info/xbrl/role/rc-code">240</label:label>
    <gen:arc xlink:type="arc" xlink:arcrole="http://xbrl.org/arcrole/2008/element-label" xlink:from="loc_eba_c19216" xlink:to="label_eba_c19216" />
    <link:loc xlink:type="locator" xlink:href="c_01.00-rend.xml#eba_c19217" xlink:label="loc_eba_c19217" />
    <label:label xlink:type="resource" xlink:label="label_eba_c19217" xml:lang="en" xlink:role="http://www.eurofiling.info/xbrl/role/rc-code">250</label:label>
    <gen:arc xlink:type="arc" xlink:arcrole="http://xbrl.org/arcrole/2008/element-label" xlink:from="loc_eba_c19217" xlink:to="label_eba_c19217" />
    <link:loc xlink:type="locator" xlink:href="c_01.00-rend.xml#eba_c19218" xlink:label="loc_eba_c19218" />
    <label:label xlink:type="resource" xlink:label="label_eba_c19218" xml:lang="en" xlink:role="http://www.eurofiling.info/xbrl/role/rc-code">260</label:label>
    <gen:arc xlink:type="arc" xlink:arcrole="http://xbrl.org/arcrole/2008/element-label" xlink:from="loc_eba_c19218" xlink:to="label_eba_c19218" />
    <link:loc xlink:type="locator" xlink:href="c_01.00-rend.xml#eba_c19219" xlink:label="loc_eba_c19219" />
    <label:label xlink:type="resource" xlink:label="label_eba_c19219" xml:lang="en" xlink:role="http://www.eurofiling.info/xbrl/role/rc-code">270</label:label>
    <gen:arc xlink:type="arc" xlink:arcrole="http://xbrl.org/arcrole/2008/element-label" xlink:from="loc_eba_c19219" xlink:to="label_eba_c19219" />
    <link:loc xlink:type="locator" xlink:href="c_01.00-rend.xml#eba_c19220" xlink:label="loc_eba_c19220" />
    <label:label xlink:type="resource" xlink:label="label_eba_c19220" xml:lang="en" xlink:role="http://www.eurofiling.info/xbrl/role/rc-code">280</label:label>
    <gen:arc xlink:type="arc" xlink:arcrole="http://xbrl.org/arcrole/2008/element-label" xlink:from="loc_eba_c19220" xlink:to="label_eba_c19220" />
    <link:loc xlink:type="locator" xlink:href="c_01.00-rend.xml#eba_c19221" xlink:label="loc_eba_c19221" />
    <label:label xlink:type="resource" xlink:label="label_eba_c19221" xml:lang="en" xlink:role="http://www.eurofiling.info/xbrl/role/rc-code">285</label:label>
    <gen:arc xlink:type="arc" xlink:arcrole="http://xbrl.org/arcrole/2008/element-label" xlink:from="loc_eba_c19221" xlink:to="label_eba_c19221" />
    <link:loc xlink:type="locator" xlink:href="c_01.00-rend.xml#eba_c19222" xlink:label="loc_eba_c19222" />
    <label:label xlink:type="resource" xlink:label="label_eba_c19222" xml:lang="en" xlink:role="http://www.eurofiling.info/xbrl/role/rc-code">290</label:label>
    <gen:arc xlink:type="arc" xlink:arcrole="http://xbrl.org/arcrole/2008/element-label" xlink:from="loc_eba_c19222" xlink:to="label_eba_c19222" />
    <link:loc xlink:type="locator" xlink:href="c_01.00-rend.xml#eba_c19223" xlink:label="loc_eba_c19223" />
    <label:label xlink:type="resource" xlink:label="label_eba_c19223" xml:lang="en" xlink:role="http://www.eurofiling.info/xbrl/role/rc-code">300</label:label>
    <gen:arc xlink:type="arc" xlink:arcrole="http://xbrl.org/arcrole/2008/element-label" xlink:from="loc_eba_c19223" xlink:to="label_eba_c19223" />
    <link:loc xlink:type="locator" xlink:href="c_01.00-rend.xml#eba_c19224" xlink:label="loc_eba_c19224" />
    <label:label xlink:type="resource" xlink:label="label_eba_c19224" xml:lang="en" xlink:role="http://www.eurofiling.info/xbrl/role/rc-code">310</label:label>
    <gen:arc xlink:type="arc" xlink:arcrole="http://xbrl.org/arcrole/2008/element-label" xlink:from="loc_eba_c19224" xlink:to="label_eba_c19224" />
    <link:loc xlink:type="locator" xlink:href="c_01.00-rend.xml#eba_c19225" xlink:label="loc_eba_c19225" />
    <label:label xlink:type="resource" xlink:label="label_eba_c19225" xml:lang="en" xlink:role="http://www.eurofiling.info/xbrl/role/rc-code">320</label:label>
    <gen:arc xlink:type="arc" xlink:arcrole="http://xbrl.org/arcrole/2008/element-label" xlink:from="loc_eba_c19225" xlink:to="label_eba_c19225" />
    <link:loc xlink:type="locator" xlink:href="c_01.00-rend.xml#eba_c19226" xlink:label="loc_eba_c19226" />
    <label:label xlink:type="resource" xlink:label="label_eba_c19226" xml:lang="en" xlink:role="http://www.eurofiling.info/xbrl/role/rc-code">330</label:label>
    <gen:arc xlink:type="arc" xlink:arcrole="http://xbrl.org/arcrole/2008/element-label" xlink:from="loc_eba_c19226" xlink:to="label_eba_c19226" />
    <link:loc xlink:type="locator" xlink:href="c_01.00-rend.xml#eba_c19227" xlink:label="loc_eba_c19227" />
    <label:label xlink:type="resource" xlink:label="label_eba_c19227" xml:lang="en" xlink:role="http://www.eurofiling.info/xbrl/role/rc-code">340</label:label>
    <gen:arc xlink:type="arc" xlink:arcrole="http://xbrl.org/arcrole/2008/element-label" xlink:from="loc_eba_c19227" xlink:to="label_eba_c19227" />
    <link:loc xlink:type="locator" xlink:href="c_01.00-rend.xml#eba_c19228" xlink:label="loc_eba_c19228" />
    <label:label xlink:type="resource" xlink:label="label_eba_c19228" xml:lang="en" xlink:role="http://www.eurofiling.info/xbrl/role/rc-code">350</label:label>
    <gen:arc xlink:type="arc" xlink:arcrole="http://xbrl.org/arcrole/2008/element-label" xlink:from="loc_eba_c19228" xlink:to="label_eba_c19228" />
    <link:loc xlink:type="locator" xlink:href="c_01.00-rend.xml#eba_c19229" xlink:label="loc_eba_c19229" />
    <label:label xlink:type="resource" xlink:label="label_eba_c19229" xml:lang="en" xlink:role="http://www.eurofiling.info/xbrl/role/rc-code">360</label:label>
    <gen:arc xlink:type="arc" xlink:arcrole="http://xbrl.org/arcrole/2008/element-label" xlink:from="loc_eba_c19229" xlink:to="label_eba_c19229" />
    <link:loc xlink:type="locator" xlink:href="c_01.00-rend.xml#eba_c19230" xlink:label="loc_eba_c19230" />
    <label:label xlink:type="resource" xlink:label="label_eba_c19230" xml:lang="en" xlink:role="http://www.eurofiling.info/xbrl/role/rc-code">370</label:label>
    <gen:arc xlink:type="arc" xlink:arcrole="http://xbrl.org/arcrole/2008/element-label" xlink:from="loc_eba_c19230" xlink:to="label_eba_c19230" />
    <link:loc xlink:type="locator" xlink:href="c_01.00-rend.xml#eba_c19231" xlink:label="loc_eba_c19231" />
    <label:label xlink:type="resource" xlink:label="label_eba_c19231" xml:lang="en" xlink:role="http://www.eurofiling.info/xbrl/role/rc-code">380</label:label>
    <gen:arc xlink:type="arc" xlink:arcrole="http://xbrl.org/arcrole/2008/element-label" xlink:from="loc_eba_c19231" xlink:to="label_eba_c19231" />
    <link:loc xlink:type="locator" xlink:href="c_01.00-rend.xml#eba_c19232" xlink:label="loc_eba_c19232" />
    <label:label xlink:type="resource" xlink:label="label_eba_c19232" xml:lang="en" xlink:role="http://www.eurofiling.info/xbrl/role/rc-code">390</label:label>
    <gen:arc xlink:type="arc" xlink:arcrole="http://xbrl.org/arcrole/2008/element-label" xlink:from="loc_eba_c19232" xlink:to="label_eba_c19232" />
    <link:loc xlink:type="locator" xlink:href="c_01.00-rend.xml#eba_c19233" xlink:label="loc_eba_c19233" />
    <label:label xlink:type="resource" xlink:label="label_eba_c19233" xml:lang="en" xlink:role="http://www.eurofiling.info/xbrl/role/rc-code">400</label:label>
    <gen:arc xlink:type="arc" xlink:arcrole="http://xbrl.org/arcrole/2008/element-label" xlink:from="loc_eba_c19233" xlink:to="label_eba_c19233" />
    <link:loc xlink:type="locator" xlink:href="c_01.00-rend.xml#eba_c19234" xlink:label="loc_eba_c19234" />
    <label:label xlink:type="resource" xlink:label="label_eba_c19234" xml:lang="en" xlink:role="http://www.eurofiling.info/xbrl/role/rc-code">410</label:label>
    <gen:arc xlink:type="arc" xlink:arcrole="http://xbrl.org/arcrole/2008/element-label" xlink:from="loc_eba_c19234" xlink:to="label_eba_c19234" />
    <link:loc xlink:type="locator" xlink:href="c_01.00-rend.xml#eba_c19235" xlink:label="loc_eba_c19235" />
    <label:label xlink:type="resource" xlink:label="label_eba_c19235" xml:lang="en" xlink:role="http://www.eurofiling.info/xbrl/role/rc-code">420</label:label>
    <gen:arc xlink:type="arc" xlink:arcrole="http://xbrl.org/arcrole/2008/element-label" xlink:from="loc_eba_c19235" xlink:to="label_eba_c19235" />
    <link:loc xlink:type="locator" xlink:href="c_01.00-rend.xml#eba_c19236" xlink:label="loc_eba_c19236" />
    <label:label xlink:type="resource" xlink:label="label_eba_c19236" xml:lang="en" xlink:role="http://www.eurofiling.info/xbrl/role/rc-code">430</label:label>
    <gen:arc xlink:type="arc" xlink:arcrole="http://xbrl.org/arcrole/2008/element-label" xlink:from="loc_eba_c19236" xlink:to="label_eba_c19236" />
    <link:loc xlink:type="locator" xlink:href="c_01.00-rend.xml#eba_c19237" xlink:label="loc_eba_c19237" />
    <label:label xlink:type="resource" xlink:label="label_eba_c19237" xml:lang="en" xlink:role="http://www.eurofiling.info/xbrl/role/rc-code">440</label:label>
    <gen:arc xlink:type="arc" xlink:arcrole="http://xbrl.org/arcrole/2008/element-label" xlink:from="loc_eba_c19237" xlink:to="label_eba_c19237" />
    <link:loc xlink:type="locator" xlink:href="c_01.00-rend.xml#eba_c19238" xlink:label="loc_eba_c19238" />
    <label:label xlink:type="resource" xlink:label="label_eba_c19238" xml:lang="en" xlink:role="http://www.eurofiling.info/xbrl/role/rc-code">450</label:label>
    <gen:arc xlink:type="arc" xlink:arcrole="http://xbrl.org/arcrole/2008/element-label" xlink:from="loc_eba_c19238" xlink:to="label_eba_c19238" />
    <link:loc xlink:type="locator" xlink:href="c_01.00-rend.xml#eba_c19239" xlink:label="loc_eba_c19239" />
    <label:label xlink:type="resource" xlink:label="label_eba_c19239" xml:lang="en" xlink:role="http://www.eurofiling.info/xbrl/role/rc-code">460</label:label>
    <gen:arc xlink:type="arc" xlink:arcrole="http://xbrl.org/arcrole/2008/element-label" xlink:from="loc_eba_c19239" xlink:to="label_eba_c19239" />
    <link:loc xlink:type="locator" xlink:href="c_01.00-rend.xml#eba_c19240" xlink:label="loc_eba_c19240" />
    <label:label xlink:type="resource" xlink:label="label_eba_c19240" xml:lang="en" xlink:role="http://www.eurofiling.info/xbrl/role/rc-code">470</label:label>
    <gen:arc xlink:type="arc" xlink:arcrole="http://xbrl.org/arcrole/2008/element-label" xlink:from="loc_eba_c19240" xlink:to="label_eba_c19240" />
    <link:loc xlink:type="locator" xlink:href="c_01.00-rend.xml#eba_c19241" xlink:label="loc_eba_c19241" />
    <label:label xlink:type="resource" xlink:label="label_eba_c19241" xml:lang="en" xlink:role="http://www.eurofiling.info/xbrl/role/rc-code">471</label:label>
    <gen:arc xlink:type="arc" xlink:arcrole="http://xbrl.org/arcrole/2008/element-label" xlink:from="loc_eba_c19241" xlink:to="label_eba_c19241" />
    <link:loc xlink:type="locator" xlink:href="c_01.00-rend.xml#eba_c19242" xlink:label="loc_eba_c19242" />
    <label:label xlink:type="resource" xlink:label="label_eba_c19242" xml:lang="en" xlink:role="http://www.eurofiling.info/xbrl/role/rc-code">472</label:label>
    <gen:arc xlink:type="arc" xlink:arcrole="http://xbrl.org/arcrole/2008/element-label" xlink:from="loc_eba_c19242" xlink:to="label_eba_c19242" />
    <link:loc xlink:type="locator" xlink:href="c_01.00-rend.xml#eba_c19243" xlink:label="loc_eba_c19243" />
    <label:label xlink:type="resource" xlink:label="label_eba_c19243" xml:lang="en" xlink:role="http://www.eurofiling.info/xbrl/role/rc-code">480</label:label>
    <gen:arc xlink:type="arc" xlink:arcrole="http://xbrl.org/arcrole/2008/element-label" xlink:from="loc_eba_c19243" xlink:to="label_eba_c19243" />
    <link:loc xlink:type="locator" xlink:href="c_01.00-rend.xml#eba_c19244" xlink:label="loc_eba_c19244" />
    <label:label xlink:type="resource" xlink:label="label_eba_c19244" xml:lang="en" xlink:role="http://www.eurofiling.info/xbrl/role/rc-code">490</label:label>
    <gen:arc xlink:type="arc" xlink:arcrole="http://xbrl.org/arcrole/2008/element-label" xlink:from="loc_eba_c19244" xlink:to="label_eba_c19244" />
    <link:loc xlink:type="locator" xlink:href="c_01.00-rend.xml#eba_c19245" xlink:label="loc_eba_c19245" />
    <label:label xlink:type="resource" xlink:label="label_eba_c19245" xml:lang="en" xlink:role="http://www.eurofiling.info/xbrl/role/rc-code">500</label:label>
    <gen:arc xlink:type="arc" xlink:arcrole="http://xbrl.org/arcrole/2008/element-label" xlink:from="loc_eba_c19245" xlink:to="label_eba_c19245" />
    <link:loc xlink:type="locator" xlink:href="c_01.00-rend.xml#eba_c19246" xlink:label="loc_eba_c19246" />
    <label:label xlink:type="resource" xlink:label="label_eba_c19246" xml:lang="en" xlink:role="http://www.eurofiling.info/xbrl/role/rc-code">510</label:label>
    <gen:arc xlink:type="arc" xlink:arcrole="http://xbrl.org/arcrole/2008/element-label" xlink:from="loc_eba_c19246" xlink:to="label_eba_c19246" />
    <link:loc xlink:type="locator" xlink:href="c_01.00-rend.xml#eba_c19247" xlink:label="loc_eba_c19247" />
    <label:label xlink:type="resource" xlink:label="label_eba_c19247" xml:lang="en" xlink:role="http://www.eurofiling.info/xbrl/role/rc-code">520</label:label>
    <gen:arc xlink:type="arc" xlink:arcrole="http://xbrl.org/arcrole/2008/element-label" xlink:from="loc_eba_c19247" xlink:to="label_eba_c19247" />
    <link:loc xlink:type="locator" xlink:href="c_01.00-rend.xml#eba_c19248" xlink:label="loc_eba_c19248" />
    <label:label xlink:type="resource" xlink:label="label_eba_c19248" xml:lang="en" xlink:role="http://www.eurofiling.info/xbrl/role/rc-code">524</label:label>
    <gen:arc xlink:type="arc" xlink:arcrole="http://xbrl.org/arcrole/2008/element-label" xlink:from="loc_eba_c19248" xlink:to="label_eba_c19248" />
    <link:loc xlink:type="locator" xlink:href="c_01.00-rend.xml#eba_c19249" xlink:label="loc_eba_c19249" />
    <label:label xlink:type="resource" xlink:label="label_eba_c19249" xml:lang="en" xlink:role="http://www.eurofiling.info/xbrl/role/rc-code">529</label:label>
    <gen:arc xlink:type="arc" xlink:arcrole="http://xbrl.org/arcrole/2008/element-label" xlink:from="loc_eba_c19249" xlink:to="label_eba_c19249" />
    <link:loc xlink:type="locator" xlink:href="c_01.00-rend.xml#eba_c19250" xlink:label="loc_eba_c19250" />
    <label:label xlink:type="resource" xlink:label="label_eba_c19250" xml:lang="en" xlink:role="http://www.eurofiling.info/xbrl/role/rc-code">530</label:label>
    <gen:arc xlink:type="arc" xlink:arcrole="http://xbrl.org/arcrole/2008/element-label" xlink:from="loc_eba_c19250" xlink:to="label_eba_c19250" />
    <link:loc xlink:type="locator" xlink:href="c_01.00-rend.xml#eba_c19251" xlink:label="loc_eba_c19251" />
    <label:label xlink:type="resource" xlink:label="label_eba_c19251" xml:lang="en" xlink:role="http://www.eurofiling.info/xbrl/role/rc-code">540</label:label>
    <gen:arc xlink:type="arc" xlink:arcrole="http://xbrl.org/arcrole/2008/element-label" xlink:from="loc_eba_c19251" xlink:to="label_eba_c19251" />
    <link:loc xlink:type="locator" xlink:href="c_01.00-rend.xml#eba_c19252" xlink:label="loc_eba_c19252" />
    <label:label xlink:type="resource" xlink:label="label_eba_c19252" xml:lang="en" xlink:role="http://www.eurofiling.info/xbrl/role/rc-code">550</label:label>
    <gen:arc xlink:type="arc" xlink:arcrole="http://xbrl.org/arcrole/2008/element-label" xlink:from="loc_eba_c19252" xlink:to="label_eba_c19252" />
    <link:loc xlink:type="locator" xlink:href="c_01.00-rend.xml#eba_c19253" xlink:label="loc_eba_c19253" />
    <label:label xlink:type="resource" xlink:label="label_eba_c19253" xml:lang="en" xlink:role="http://www.eurofiling.info/xbrl/role/rc-code">560</label:label>
    <gen:arc xlink:type="arc" xlink:arcrole="http://xbrl.org/arcrole/2008/element-label" xlink:from="loc_eba_c19253" xlink:to="label_eba_c19253" />
    <link:loc xlink:type="locator" xlink:href="c_01.00-rend.xml#eba_c19254" xlink:label="loc_eba_c19254" />
    <label:label xlink:type="resource" xlink:label="label_eba_c19254" xml:lang="en" xlink:role="http://www.eurofiling.info/xbrl/role/rc-code">570</label:label>
    <gen:arc xlink:type="arc" xlink:arcrole="http://xbrl.org/arcrole/2008/element-label" xlink:from="loc_eba_c19254" xlink:to="label_eba_c19254" />
    <link:loc xlink:type="locator" xlink:href="c_01.00-rend.xml#eba_c19255" xlink:label="loc_eba_c19255" />
    <label:label xlink:type="resource" xlink:label="label_eba_c19255" xml:lang="en" xlink:role="http://www.eurofiling.info/xbrl/role/rc-code">580</label:label>
    <gen:arc xlink:type="arc" xlink:arcrole="http://xbrl.org/arcrole/2008/element-label" xlink:from="loc_eba_c19255" xlink:to="label_eba_c19255" />
    <link:loc xlink:type="locator" xlink:href="c_01.00-rend.xml#eba_c19256" xlink:label="loc_eba_c19256" />
    <label:label xlink:type="resource" xlink:label="label_eba_c19256" xml:lang="en" xlink:role="http://www.eurofiling.info/xbrl/role/rc-code">590</label:label>
    <gen:arc xlink:type="arc" xlink:arcrole="http://xbrl.org/arcrole/2008/element-label" xlink:from="loc_eba_c19256" xlink:to="label_eba_c19256" />
    <link:loc xlink:type="locator" xlink:href="c_01.00-rend.xml#eba_c19257" xlink:label="loc_eba_c19257" />
    <label:label xlink:type="resource" xlink:label="label_eba_c19257" xml:lang="en" xlink:role="http://www.eurofiling.info/xbrl/role/rc-code">620</label:label>
    <gen:arc xlink:type="arc" xlink:arcrole="http://xbrl.org/arcrole/2008/element-label" xlink:from="loc_eba_c19257" xlink:to="label_eba_c19257" />
    <link:loc xlink:type="locator" xlink:href="c_01.00-rend.xml#eba_c19258" xlink:label="loc_eba_c19258" />
    <label:label xlink:type="resource" xlink:label="label_eba_c19258" xml:lang="en" xlink:role="http://www.eurofiling.info/xbrl/role/rc-code">621</label:label>
    <gen:arc xlink:type="arc" xlink:arcrole="http://xbrl.org/arcrole/2008/element-label" xlink:from="loc_eba_c19258" xlink:to="label_eba_c19258" />
    <link:loc xlink:type="locator" xlink:href="c_01.00-rend.xml#eba_c19259" xlink:label="loc_eba_c19259" />
    <label:label xlink:type="resource" xlink:label="label_eba_c19259" xml:lang="en" xlink:role="http://www.eurofiling.info/xbrl/role/rc-code">622</label:label>
    <gen:arc xlink:type="arc" xlink:arcrole="http://xbrl.org/arcrole/2008/element-label" xlink:from="loc_eba_c19259" xlink:to="label_eba_c19259" />
    <link:loc xlink:type="locator" xlink:href="c_01.00-rend.xml#eba_c19260" xlink:label="loc_eba_c19260" />
    <label:label xlink:type="resource" xlink:label="label_eba_c19260" xml:lang="en" xlink:role="http://www.eurofiling.info/xbrl/role/rc-code">660</label:label>
    <gen:arc xlink:type="arc" xlink:arcrole="http://xbrl.org/arcrole/2008/element-label" xlink:from="loc_eba_c19260" xlink:to="label_eba_c19260" />
    <link:loc xlink:type="locator" xlink:href="c_01.00-rend.xml#eba_c19261" xlink:label="loc_eba_c19261" />
    <label:label xlink:type="resource" xlink:label="label_eba_c19261" xml:lang="en" xlink:role="http://www.eurofiling.info/xbrl/role/rc-code">670</label:label>
    <gen:arc xlink:type="arc" xlink:arcrole="http://xbrl.org/arcrole/2008/element-label" xlink:from="loc_eba_c19261" xlink:to="label_eba_c19261" />
    <link:loc xlink:type="locator" xlink:href="c_01.00-rend.xml#eba_c19262" xlink:label="loc_eba_c19262" />
    <label:label xlink:type="resource" xlink:label="label_eba_c19262" xml:lang="en" xlink:role="http://www.eurofiling.info/xbrl/role/rc-code">680</label:label>
    <gen:arc xlink:type="arc" xlink:arcrole="http://xbrl.org/arcrole/2008/element-label" xlink:from="loc_eba_c19262" xlink:to="label_eba_c19262" />
    <link:loc xlink:type="locator" xlink:href="c_01.00-rend.xml#eba_c19263" xlink:label="loc_eba_c19263" />
    <label:label xlink:type="resource" xlink:label="label_eba_c19263" xml:lang="en" xlink:role="http://www.eurofiling.info/xbrl/role/rc-code">690</label:label>
    <gen:arc xlink:type="arc" xlink:arcrole="http://xbrl.org/arcrole/2008/element-label" xlink:from="loc_eba_c19263" xlink:to="label_eba_c19263" />
    <link:loc xlink:type="locator" xlink:href="c_01.00-rend.xml#eba_c19264" xlink:label="loc_eba_c19264" />
    <label:label xlink:type="resource" xlink:label="label_eba_c19264" xml:lang="en" xlink:role="http://www.eurofiling.info/xbrl/role/rc-code">700</label:label>
    <gen:arc xlink:type="arc" xlink:arcrole="http://xbrl.org/arcrole/2008/element-label" xlink:from="loc_eba_c19264" xlink:to="label_eba_c19264" />
    <link:loc xlink:type="locator" xlink:href="c_01.00-rend.xml#eba_c19265" xlink:label="loc_eba_c19265" />
    <label:label xlink:type="resource" xlink:label="label_eba_c19265" xml:lang="en" xlink:role="http://www.eurofiling.info/xbrl/role/rc-code">710</label:label>
    <gen:arc xlink:type="arc" xlink:arcrole="http://xbrl.org/arcrole/2008/element-label" xlink:from="loc_eba_c19265" xlink:to="label_eba_c19265" />
    <link:loc xlink:type="locator" xlink:href="c_01.00-rend.xml#eba_c19266" xlink:label="loc_eba_c19266" />
    <label:label xlink:type="resource" xlink:label="label_eba_c19266" xml:lang="en" xlink:role="http://www.eurofiling.info/xbrl/role/rc-code">720</label:label>
    <gen:arc xlink:type="arc" xlink:arcrole="http://xbrl.org/arcrole/2008/element-label" xlink:from="loc_eba_c19266" xlink:to="label_eba_c19266" />
    <link:loc xlink:type="locator" xlink:href="c_01.00-rend.xml#eba_c19267" xlink:label="loc_eba_c19267" />
    <label:label xlink:type="resource" xlink:label="label_eba_c19267" xml:lang="en" xlink:role="http://www.eurofiling.info/xbrl/role/rc-code">730</label:label>
    <gen:arc xlink:type="arc" xlink:arcrole="http://xbrl.org/arcrole/2008/element-label" xlink:from="loc_eba_c19267" xlink:to="label_eba_c19267" />
    <link:loc xlink:type="locator" xlink:href="c_01.00-rend.xml#eba_c19268" xlink:label="loc_eba_c19268" />
    <label:label xlink:type="resource" xlink:label="label_eba_c19268" xml:lang="en" xlink:role="http://www.eurofiling.info/xbrl/role/rc-code">740</label:label>
    <gen:arc xlink:type="arc" xlink:arcrole="http://xbrl.org/arcrole/2008/element-label" xlink:from="loc_eba_c19268" xlink:to="label_eba_c19268" />
    <link:loc xlink:type="locator" xlink:href="c_01.00-rend.xml#eba_c19269" xlink:label="loc_eba_c19269" />
    <label:label xlink:type="resource" xlink:label="label_eba_c19269" xml:lang="en" xlink:role="http://www.eurofiling.info/xbrl/role/rc-code">744</label:label>
    <gen:arc xlink:type="arc" xlink:arcrole="http://xbrl.org/arcrole/2008/element-label" xlink:from="loc_eba_c19269" xlink:to="label_eba_c19269" />
    <link:loc xlink:type="locator" xlink:href="c_01.00-rend.xml#eba_c19270" xlink:label="loc_eba_c19270" />
    <label:label xlink:type="resource" xlink:label="label_eba_c19270" xml:lang="en" xlink:role="http://www.eurofiling.info/xbrl/role/rc-code">748</label:label>
    <gen:arc xlink:type="arc" xlink:arcrole="http://xbrl.org/arcrole/2008/element-label" xlink:from="loc_eba_c19270" xlink:to="label_eba_c19270" />
    <link:loc xlink:type="locator" xlink:href="c_01.00-rend.xml#eba_c19271" xlink:label="loc_eba_c19271" />
    <label:label xlink:type="resource" xlink:label="label_eba_c19271" xml:lang="en" xlink:role="http://www.eurofiling.info/xbrl/role/rc-code">750</label:label>
    <gen:arc xlink:type="arc" xlink:arcrole="http://xbrl.org/arcrole/2008/element-label" xlink:from="loc_eba_c19271" xlink:to="label_eba_c19271" />
    <link:loc xlink:type="locator" xlink:href="c_01.00-rend.xml#eba_c19272" xlink:label="loc_eba_c19272" />
    <label:label xlink:type="resource" xlink:label="label_eba_c19272" xml:lang="en" xlink:role="http://www.eurofiling.info/xbrl/role/rc-code">760</label:label>
    <gen:arc xlink:type="arc" xlink:arcrole="http://xbrl.org/arcrole/2008/element-label" xlink:from="loc_eba_c19272" xlink:to="label_eba_c19272" />
    <link:loc xlink:type="locator" xlink:href="c_01.00-rend.xml#eba_c19273" xlink:label="loc_eba_c19273" />
    <label:label xlink:type="resource" xlink:label="label_eba_c19273" xml:lang="en" xlink:role="http://www.eurofiling.info/xbrl/role/rc-code">770</label:label>
    <gen:arc xlink:type="arc" xlink:arcrole="http://xbrl.org/arcrole/2008/element-label" xlink:from="loc_eba_c19273" xlink:to="label_eba_c19273" />
    <link:loc xlink:type="locator" xlink:href="c_01.00-rend.xml#eba_c19274" xlink:label="loc_eba_c19274" />
    <label:label xlink:type="resource" xlink:label="label_eba_c19274" xml:lang="en" xlink:role="http://www.eurofiling.info/xbrl/role/rc-code">780</label:label>
    <gen:arc xlink:type="arc" xlink:arcrole="http://xbrl.org/arcrole/2008/element-label" xlink:from="loc_eba_c19274" xlink:to="label_eba_c19274" />
    <link:loc xlink:type="locator" xlink:href="c_01.00-rend.xml#eba_c19275" xlink:label="loc_eba_c19275" />
    <label:label xlink:type="resource" xlink:label="label_eba_c19275" xml:lang="en" xlink:role="http://www.eurofiling.info/xbrl/role/rc-code">790</label:label>
    <gen:arc xlink:type="arc" xlink:arcrole="http://xbrl.org/arcrole/2008/element-label" xlink:from="loc_eba_c19275" xlink:to="label_eba_c19275" />
    <link:loc xlink:type="locator" xlink:href="c_01.00-rend.xml#eba_c19276" xlink:label="loc_eba_c19276" />
    <label:label xlink:type="resource" xlink:label="label_eba_c19276" xml:lang="en" xlink:role="http://www.eurofiling.info/xbrl/role/rc-code">800</label:label>
    <gen:arc xlink:type="arc" xlink:arcrole="http://xbrl.org/arcrole/2008/element-label" xlink:from="loc_eba_c19276" xlink:to="label_eba_c19276" />
    <link:loc xlink:type="locator" xlink:href="c_01.00-rend.xml#eba_c19277" xlink:label="loc_eba_c19277" />
    <label:label xlink:type="resource" xlink:label="label_eba_c19277" xml:lang="en" xlink:role="http://www.eurofiling.info/xbrl/role/rc-code">810</label:label>
    <gen:arc xlink:type="arc" xlink:arcrole="http://xbrl.org/arcrole/2008/element-label" xlink:from="loc_eba_c19277" xlink:to="label_eba_c19277" />
    <link:loc xlink:type="locator" xlink:href="c_01.00-rend.xml#eba_c19278" xlink:label="loc_eba_c19278" />
    <label:label xlink:type="resource" xlink:label="label_eba_c19278" xml:lang="en" xlink:role="http://www.eurofiling.info/xbrl/role/rc-code">840</label:label>
    <gen:arc xlink:type="arc" xlink:arcrole="http://xbrl.org/arcrole/2008/element-label" xlink:from="loc_eba_c19278" xlink:to="label_eba_c19278" />
    <link:loc xlink:type="locator" xlink:href="c_01.00-rend.xml#eba_c19279" xlink:label="loc_eba_c19279" />
    <label:label xlink:type="resource" xlink:label="label_eba_c19279" xml:lang="en" xlink:role="http://www.eurofiling.info/xbrl/role/rc-code">841</label:label>
    <gen:arc xlink:type="arc" xlink:arcrole="http://xbrl.org/arcrole/2008/element-label" xlink:from="loc_eba_c19279" xlink:to="label_eba_c19279" />
    <link:loc xlink:type="locator" xlink:href="c_01.00-rend.xml#eba_c19280" xlink:label="loc_eba_c19280" />
    <label:label xlink:type="resource" xlink:label="label_eba_c19280" xml:lang="en" xlink:role="http://www.eurofiling.info/xbrl/role/rc-code">842</label:label>
    <gen:arc xlink:type="arc" xlink:arcrole="http://xbrl.org/arcrole/2008/element-label" xlink:from="loc_eba_c19280" xlink:to="label_eba_c19280" />
    <link:loc xlink:type="locator" xlink:href="c_01.00-rend.xml#eba_c19281" xlink:label="loc_eba_c19281" />
    <label:label xlink:type="resource" xlink:label="label_eba_c19281" xml:lang="en" xlink:role="http://www.eurofiling.info/xbrl/role/rc-code">880</label:label>
    <gen:arc xlink:type="arc" xlink:arcrole="http://xbrl.org/arcrole/2008/element-label" xlink:from="loc_eba_c19281" xlink:to="label_eba_c19281" />
    <link:loc xlink:type="locator" xlink:href="c_01.00-rend.xml#eba_c19282" xlink:label="loc_eba_c19282" />
    <label:label xlink:type="resource" xlink:label="label_eba_c19282" xml:lang="en" xlink:role="http://www.eurofiling.info/xbrl/role/rc-code">890</label:label>
    <gen:arc xlink:type="arc" xlink:arcrole="http://xbrl.org/arcrole/2008/element-label" xlink:from="loc_eba_c19282" xlink:to="label_eba_c19282" />
    <link:loc xlink:type="locator" xlink:href="c_01.00-rend.xml#eba_c19283" xlink:label="loc_eba_c19283" />
    <label:label xlink:type="resource" xlink:label="label_eba_c19283" xml:lang="en" xlink:role="http://www.eurofiling.info/xbrl/role/rc-code">900</label:label>
    <gen:arc xlink:type="arc" xlink:arcrole="http://xbrl.org/arcrole/2008/element-label" xlink:from="loc_eba_c19283" xlink:to="label_eba_c19283" />
    <link:loc xlink:type="locator" xlink:href="c_01.00-rend.xml#eba_c19284" xlink:label="loc_eba_c19284" />
    <label:label xlink:type="resource" xlink:label="label_eba_c19284" xml:lang="en" xlink:role="http://www.eurofiling.info/xbrl/role/rc-code">910</label:label>
    <gen:arc xlink:type="arc" xlink:arcrole="http://xbrl.org/arcrole/2008/element-label" xlink:from="loc_eba_c19284" xlink:to="label_eba_c19284" />
    <link:loc xlink:type="locator" xlink:href="c_01.00-rend.xml#eba_c19285" xlink:label="loc_eba_c19285" />
    <label:label xlink:type="resource" xlink:label="label_eba_c19285" xml:lang="en" xlink:role="http://www.eurofiling.info/xbrl/role/rc-code">920</label:label>
    <gen:arc xlink:type="arc" xlink:arcrole="http://xbrl.org/arcrole/2008/element-label" xlink:from="loc_eba_c19285" xlink:to="label_eba_c19285" />
    <link:loc xlink:type="locator" xlink:href="c_01.00-rend.xml#eba_c19286" xlink:label="loc_eba_c19286" />
    <label:label xlink:type="resource" xlink:label="label_eba_c19286" xml:lang="en" xlink:role="http://www.eurofiling.info/xbrl/role/rc-code">930</label:label>
    <gen:arc xlink:type="arc" xlink:arcrole="http://xbrl.org/arcrole/2008/element-label" xlink:from="loc_eba_c19286" xlink:to="label_eba_c19286" />
    <link:loc xlink:type="locator" xlink:href="c_01.00-rend.xml#eba_c19287" xlink:label="loc_eba_c19287" />
    <label:label xlink:type="resource" xlink:label="label_eba_c19287" xml:lang="en" xlink:role="http://www.eurofiling.info/xbrl/role/rc-code">940</label:label>
    <gen:arc xlink:type="arc" xlink:arcrole="http://xbrl.org/arcrole/2008/element-label" xlink:from="loc_eba_c19287" xlink:to="label_eba_c19287" />
    <link:loc xlink:type="locator" xlink:href="c_01.00-rend.xml#eba_c19288" xlink:label="loc_eba_c19288" />
    <label:label xlink:type="resource" xlink:label="label_eba_c19288" xml:lang="en" xlink:role="http://www.eurofiling.info/xbrl/role/rc-code">950</label:label>
    <gen:arc xlink:type="arc" xlink:arcrole="http://xbrl.org/arcrole/2008/element-label" xlink:from="loc_eba_c19288" xlink:to="label_eba_c19288" />
    <link:loc xlink:type="locator" xlink:href="c_01.00-rend.xml#eba_c19289" xlink:label="loc_eba_c19289" />
    <label:label xlink:type="resource" xlink:label="label_eba_c19289" xml:lang="en" xlink:role="http://www.eurofiling.info/xbrl/role/rc-code">960</label:label>
    <gen:arc xlink:type="arc" xlink:arcrole="http://xbrl.org/arcrole/2008/element-label" xlink:from="loc_eba_c19289" xlink:to="label_eba_c19289" />
    <link:loc xlink:type="locator" xlink:href="c_01.00-rend.xml#eba_c19290" xlink:label="loc_eba_c19290" />
    <label:label xlink:type="resource" xlink:label="label_eba_c19290" xml:lang="en" xlink:role="http://www.eurofiling.info/xbrl/role/rc-code">970</label:label>
    <gen:arc xlink:type="arc" xlink:arcrole="http://xbrl.org/arcrole/2008/element-label" xlink:from="loc_eba_c19290" xlink:to="label_eba_c19290" />
    <link:loc xlink:type="locator" xlink:href="c_01.00-rend.xml#eba_c19291" xlink:label="loc_eba_c19291" />
    <label:label xlink:type="resource" xlink:label="label_eba_c19291" xml:lang="en" xlink:role="http://www.eurofiling.info/xbrl/role/rc-code">974</label:label>
    <gen:arc xlink:type="arc" xlink:arcrole="http://xbrl.org/arcrole/2008/element-label" xlink:from="loc_eba_c19291" xlink:to="label_eba_c19291" />
    <link:loc xlink:type="locator" xlink:href="c_01.00-rend.xml#eba_c19292" xlink:label="loc_eba_c19292" />
    <label:label xlink:type="resource" xlink:label="label_eba_c19292" xml:lang="en" xlink:role="http://www.eurofiling.info/xbrl/role/rc-code">978</label:label>
    <gen:arc xlink:type="arc" xlink:arcrole="http://xbrl.org/arcrole/2008/element-label" xlink:from="loc_eba_c19292" xlink:to="label_eba_c19292" />
    <label:label xlink:type="resource" xlink:label="label_eba_tC_01.00_1" xml:lang="en" xlink:role="http://www.eurofiling.info/xbrl/role/filing-indicator-code">C_01.00</label:label>
    <gen:arc xlink:type="arc" xlink:arcrole="http://xbrl.org/arcrole/2008/element-label" xlink:from="loc_eba_tC_01.00" xlink:to="label_eba_tC_01.00_1" />
    <label:label xlink:type="resource" xlink:label="label_eba_tC_01.00_2" xml:lang="en" xlink:role="http://www.eba.europa.eu/xbrl/role/dpm-db-id">74</label:label>
    <gen:arc xlink:type="arc" xlink:arcrole="http://xbrl.org/arcrole/2008/element-label" xlink:from="loc_eba_tC_01.00" xlink:to="label_eba_tC_01.00_2" />
    <label:label xlink:type="resource" xlink:label="label_eba_c19193_1" xml:lang="en" xlink:role="http://www.eba.europa.eu/xbrl/role/dpm-db-id">19193</label:label>
    <gen:arc xlink:type="arc" xlink:arcrole="http://xbrl.org/arcrole/2008/element-label" xlink:from="loc_eba_c19193" xlink:to="label_eba_c19193_1" />
    <label:label xlink:type="resource" xlink:label="label_eba_c19194_1" xml:lang="en" xlink:role="http://www.eba.europa.eu/xbrl/role/dpm-db-id">19194</label:label>
    <gen:arc xlink:type="arc" xlink:arcrole="http://xbrl.org/arcrole/2008/element-label" xlink:from="loc_eba_c19194" xlink:to="label_eba_c19194_1" />
    <label:label xlink:type="resource" xlink:label="label_eba_c19195_1" xml:lang="en" xlink:role="http://www.eba.europa.eu/xbrl/role/dpm-db-id">19195</label:label>
    <gen:arc xlink:type="arc" xlink:arcrole="http://xbrl.org/arcrole/2008/element-label" xlink:from="loc_eba_c19195" xlink:to="label_eba_c19195_1" />
    <label:label xlink:type="resource" xlink:label="label_eba_c19196_1" xml:lang="en" xlink:role="http://www.eba.europa.eu/xbrl/role/dpm-db-id">19196</label:label>
    <gen:arc xlink:type="arc" xlink:arcrole="http://xbrl.org/arcrole/2008/element-label" xlink:from="loc_eba_c19196" xlink:to="label_eba_c19196_1" />
    <label:label xlink:type="resource" xlink:label="label_eba_c19197_1" xml:lang="en" xlink:role="http://www.eba.europa.eu/xbrl/role/dpm-db-id">19197</label:label>
    <gen:arc xlink:type="arc" xlink:arcrole="http://xbrl.org/arcrole/2008/element-label" xlink:from="loc_eba_c19197" xlink:to="label_eba_c19197_1" />
    <label:label xlink:type="resource" xlink:label="label_eba_c19198_1" xml:lang="en" xlink:role="http://www.eba.europa.eu/xbrl/role/dpm-db-id">19198</label:label>
    <gen:arc xlink:type="arc" xlink:arcrole="http://xbrl.org/arcrole/2008/element-label" xlink:from="loc_eba_c19198" xlink:to="label_eba_c19198_1" />
    <label:label xlink:type="resource" xlink:label="label_eba_c19199_1" xml:lang="en" xlink:role="http://www.eba.europa.eu/xbrl/role/dpm-db-id">19199</label:label>
    <gen:arc xlink:type="arc" xlink:arcrole="http://xbrl.org/arcrole/2008/element-label" xlink:from="loc_eba_c19199" xlink:to="label_eba_c19199_1" />
    <label:label xlink:type="resource" xlink:label="label_eba_c19200_1" xml:lang="en" xlink:role="http://www.eba.europa.eu/xbrl/role/dpm-db-id">19200</label:label>
    <gen:arc xlink:type="arc" xlink:arcrole="http://xbrl.org/arcrole/2008/element-label" xlink:from="loc_eba_c19200" xlink:to="label_eba_c19200_1" />
    <label:label xlink:type="resource" xlink:label="label_eba_c19201_1" xml:lang="en" xlink:role="http://www.eba.europa.eu/xbrl/role/dpm-db-id">19201</label:label>
    <gen:arc xlink:type="arc" xlink:arcrole="http://xbrl.org/arcrole/2008/element-label" xlink:from="loc_eba_c19201" xlink:to="label_eba_c19201_1" />
    <label:label xlink:type="resource" xlink:label="label_eba_c19202_1" xml:lang="en" xlink:role="http://www.eba.europa.eu/xbrl/role/dpm-db-id">19202</label:label>
    <gen:arc xlink:type="arc" xlink:arcrole="http://xbrl.org/arcrole/2008/element-label" xlink:from="loc_eba_c19202" xlink:to="label_eba_c19202_1" />
    <label:label xlink:type="resource" xlink:label="label_eba_c19203_1" xml:lang="en" xlink:role="http://www.eba.europa.eu/xbrl/role/dpm-db-id">19203</label:label>
    <gen:arc xlink:type="arc" xlink:arcrole="http://xbrl.org/arcrole/2008/element-label" xlink:from="loc_eba_c19203" xlink:to="label_eba_c19203_1" />
    <label:label xlink:type="resource" xlink:label="label_eba_c19204_1" xml:lang="en" xlink:role="http://www.eba.europa.eu/xbrl/role/dpm-db-id">19204</label:label>
    <gen:arc xlink:type="arc" xlink:arcrole="http://xbrl.org/arcrole/2008/element-label" xlink:from="loc_eba_c19204" xlink:to="label_eba_c19204_1" />
    <label:label xlink:type="resource" xlink:label="label_eba_c19205_1" xml:lang="en" xlink:role="http://www.eba.europa.eu/xbrl/role/dpm-db-id">19205</label:label>
    <gen:arc xlink:type="arc" xlink:arcrole="http://xbrl.org/arcrole/2008/element-label" xlink:from="loc_eba_c19205" xlink:to="label_eba_c19205_1" />
    <label:label xlink:type="resource" xlink:label="label_eba_c19206_1" xml:lang="en" xlink:role="http://www.eba.europa.eu/xbrl/role/dpm-db-id">19206</label:label>
    <gen:arc xlink:type="arc" xlink:arcrole="http://xbrl.org/arcrole/2008/element-label" xlink:from="loc_eba_c19206" xlink:to="label_eba_c19206_1" />
    <label:label xlink:type="resource" xlink:label="label_eba_c19207_1" xml:lang="en" xlink:role="http://www.eba.europa.eu/xbrl/role/dpm-db-id">19207</label:label>
    <gen:arc xlink:type="arc" xlink:arcrole="http://xbrl.org/arcrole/2008/element-label" xlink:from="loc_eba_c19207" xlink:to="label_eba_c19207_1" />
    <label:label xlink:type="resource" xlink:label="label_eba_c19208_1" xml:lang="en" xlink:role="http://www.eba.europa.eu/xbrl/role/dpm-db-id">19208</label:label>
    <gen:arc xlink:type="arc" xlink:arcrole="http://xbrl.org/arcrole/2008/element-label" xlink:from="loc_eba_c19208" xlink:to="label_eba_c19208_1" />
    <label:label xlink:type="resource" xlink:label="label_eba_c19209_1" xml:lang="en" xlink:role="http://www.eba.europa.eu/xbrl/role/dpm-db-id">19209</label:label>
    <gen:arc xlink:type="arc" xlink:arcrole="http://xbrl.org/arcrole/2008/element-label" xlink:from="loc_eba_c19209" xlink:to="label_eba_c19209_1" />
    <label:label xlink:type="resource" xlink:label="label_eba_c19210_1" xml:lang="en" xlink:role="http://www.eba.europa.eu/xbrl/role/dpm-db-id">19210</label:label>
    <gen:arc xlink:type="arc" xlink:arcrole="http://xbrl.org/arcrole/2008/element-label" xlink:from="loc_eba_c19210" xlink:to="label_eba_c19210_1" />
    <label:label xlink:type="resource" xlink:label="label_eba_c19211_1" xml:lang="en" xlink:role="http://www.eba.europa.eu/xbrl/role/dpm-db-id">19211</label:label>
    <gen:arc xlink:type="arc" xlink:arcrole="http://xbrl.org/arcrole/2008/element-label" xlink:from="loc_eba_c19211" xlink:to="label_eba_c19211_1" />
    <label:label xlink:type="resource" xlink:label="label_eba_c19212_1" xml:lang="en" xlink:role="http://www.eba.europa.eu/xbrl/role/dpm-db-id">19212</label:label>
    <gen:arc xlink:type="arc" xlink:arcrole="http://xbrl.org/arcrole/2008/element-label" xlink:from="loc_eba_c19212" xlink:to="label_eba_c19212_1" />
    <label:label xlink:type="resource" xlink:label="label_eba_c19213_1" xml:lang="en" xlink:role="http://www.eba.europa.eu/xbrl/role/dpm-db-id">19213</label:label>
    <gen:arc xlink:type="arc" xlink:arcrole="http://xbrl.org/arcrole/2008/element-label" xlink:from="loc_eba_c19213" xlink:to="label_eba_c19213_1" />
    <label:label xlink:type="resource" xlink:label="label_eba_c19214_1" xml:lang="en" xlink:role="http://www.eba.europa.eu/xbrl/role/dpm-db-id">19214</label:label>
    <gen:arc xlink:type="arc" xlink:arcrole="http://xbrl.org/arcrole/2008/element-label" xlink:from="loc_eba_c19214" xlink:to="label_eba_c19214_1" />
    <label:label xlink:type="resource" xlink:label="label_eba_c19215_1" xml:lang="en" xlink:role="http://www.eba.europa.eu/xbrl/role/dpm-db-id">19215</label:label>
    <gen:arc xlink:type="arc" xlink:arcrole="http://xbrl.org/arcrole/2008/element-label" xlink:from="loc_eba_c19215" xlink:to="label_eba_c19215_1" />
    <label:label xlink:type="resource" xlink:label="label_eba_c19216_1" xml:lang="en" xlink:role="http://www.eba.europa.eu/xbrl/role/dpm-db-id">19216</label:label>
    <gen:arc xlink:type="arc" xlink:arcrole="http://xbrl.org/arcrole/2008/element-label" xlink:from="loc_eba_c19216" xlink:to="label_eba_c19216_1" />
    <label:label xlink:type="resource" xlink:label="label_eba_c19217_1" xml:lang="en" xlink:role="http://www.eba.europa.eu/xbrl/role/dpm-db-id">19217</label:label>
    <gen:arc xlink:type="arc" xlink:arcrole="http://xbrl.org/arcrole/2008/element-label" xlink:from="loc_eba_c19217" xlink:to="label_eba_c19217_1" />
    <label:label xlink:type="resource" xlink:label="label_eba_c19218_1" xml:lang="en" xlink:role="http://www.eba.europa.eu/xbrl/role/dpm-db-id">19218</label:label>
    <gen:arc xlink:type="arc" xlink:arcrole="http://xbrl.org/arcrole/2008/element-label" xlink:from="loc_eba_c19218" xlink:to="label_eba_c19218_1" />
    <label:label xlink:type="resource" xlink:label="label_eba_c19219_1" xml:lang="en" xlink:role="http://www.eba.europa.eu/xbrl/role/dpm-db-id">19219</label:label>
    <gen:arc xlink:type="arc" xlink:arcrole="http://xbrl.org/arcrole/2008/element-label" xlink:from="loc_eba_c19219" xlink:to="label_eba_c19219_1" />
    <label:label xlink:type="resource" xlink:label="label_eba_c19220_1" xml:lang="en" xlink:role="http://www.eba.europa.eu/xbrl/role/dpm-db-id">19220</label:label>
    <gen:arc xlink:type="arc" xlink:arcrole="http://xbrl.org/arcrole/2008/element-label" xlink:from="loc_eba_c19220" xlink:to="label_eba_c19220_1" />
    <label:label xlink:type="resource" xlink:label="label_eba_c19221_1" xml:lang="en" xlink:role="http://www.eba.europa.eu/xbrl/role/dpm-db-id">19221</label:label>
    <gen:arc xlink:type="arc" xlink:arcrole="http://xbrl.org/arcrole/2008/element-label" xlink:from="loc_eba_c19221" xlink:to="label_eba_c19221_1" />
    <label:label xlink:type="resource" xlink:label="label_eba_c19222_1" xml:lang="en" xlink:role="http://www.eba.europa.eu/xbrl/role/dpm-db-id">19222</label:label>
    <gen:arc xlink:type="arc" xlink:arcrole="http://xbrl.org/arcrole/2008/element-label" xlink:from="loc_eba_c19222" xlink:to="label_eba_c19222_1" />
    <label:label xlink:type="resource" xlink:label="label_eba_c19223_1" xml:lang="en" xlink:role="http://www.eba.europa.eu/xbrl/role/dpm-db-id">19223</label:label>
    <gen:arc xlink:type="arc" xlink:arcrole="http://xbrl.org/arcrole/2008/element-label" xlink:from="loc_eba_c19223" xlink:to="label_eba_c19223_1" />
    <label:label xlink:type="resource" xlink:label="label_eba_c19224_1" xml:lang="en" xlink:role="http://www.eba.europa.eu/xbrl/role/dpm-db-id">19224</label:label>
    <gen:arc xlink:type="arc" xlink:arcrole="http://xbrl.org/arcrole/2008/element-label" xlink:from="loc_eba_c19224" xlink:to="label_eba_c19224_1" />
    <label:label xlink:type="resource" xlink:label="label_eba_c19225_1" xml:lang="en" xlink:role="http://www.eba.europa.eu/xbrl/role/dpm-db-id">19225</label:label>
    <gen:arc xlink:type="arc" xlink:arcrole="http://xbrl.org/arcrole/2008/element-label" xlink:from="loc_eba_c19225" xlink:to="label_eba_c19225_1" />
    <label:label xlink:type="resource" xlink:label="label_eba_c19226_1" xml:lang="en" xlink:role="http://www.eba.europa.eu/xbrl/role/dpm-db-id">19226</label:label>
    <gen:arc xlink:type="arc" xlink:arcrole="http://xbrl.org/arcrole/2008/element-label" xlink:from="loc_eba_c19226" xlink:to="label_eba_c19226_1" />
    <label:label xlink:type="resource" xlink:label="label_eba_c19227_1" xml:lang="en" xlink:role="http://www.eba.europa.eu/xbrl/role/dpm-db-id">19227</label:label>
    <gen:arc xlink:type="arc" xlink:arcrole="http://xbrl.org/arcrole/2008/element-label" xlink:from="loc_eba_c19227" xlink:to="label_eba_c19227_1" />
    <label:label xlink:type="resource" xlink:label="label_eba_c19228_1" xml:lang="en" xlink:role="http://www.eba.europa.eu/xbrl/role/dpm-db-id">19228</label:label>
    <gen:arc xlink:type="arc" xlink:arcrole="http://xbrl.org/arcrole/2008/element-label" xlink:from="loc_eba_c19228" xlink:to="label_eba_c19228_1" />
    <label:label xlink:type="resource" xlink:label="label_eba_c19229_1" xml:lang="en" xlink:role="http://www.eba.europa.eu/xbrl/role/dpm-db-id">19229</label:label>
    <gen:arc xlink:type="arc" xlink:arcrole="http://xbrl.org/arcrole/2008/element-label" xlink:from="loc_eba_c19229" xlink:to="label_eba_c19229_1" />
    <label:label xlink:type="resource" xlink:label="label_eba_c19230_1" xml:lang="en" xlink:role="http://www.eba.europa.eu/xbrl/role/dpm-db-id">19230</label:label>
    <gen:arc xlink:type="arc" xlink:arcrole="http://xbrl.org/arcrole/2008/element-label" xlink:from="loc_eba_c19230" xlink:to="label_eba_c19230_1" />
    <label:label xlink:type="resource" xlink:label="label_eba_c19231_1" xml:lang="en" xlink:role="http://www.eba.europa.eu/xbrl/role/dpm-db-id">19231</label:label>
    <gen:arc xlink:type="arc" xlink:arcrole="http://xbrl.org/arcrole/2008/element-label" xlink:from="loc_eba_c19231" xlink:to="label_eba_c19231_1" />
    <label:label xlink:type="resource" xlink:label="label_eba_c19232_1" xml:lang="en" xlink:role="http://www.eba.europa.eu/xbrl/role/dpm-db-id">19232</label:label>
    <gen:arc xlink:type="arc" xlink:arcrole="http://xbrl.org/arcrole/2008/element-label" xlink:from="loc_eba_c19232" xlink:to="label_eba_c19232_1" />
    <label:label xlink:type="resource" xlink:label="label_eba_c19233_1" xml:lang="en" xlink:role="http://www.eba.europa.eu/xbrl/role/dpm-db-id">19233</label:label>
    <gen:arc xlink:type="arc" xlink:arcrole="http://xbrl.org/arcrole/2008/element-label" xlink:from="loc_eba_c19233" xlink:to="label_eba_c19233_1" />
    <label:label xlink:type="resource" xlink:label="label_eba_c19234_1" xml:lang="en" xlink:role="http://www.eba.europa.eu/xbrl/role/dpm-db-id">19234</label:label>
    <gen:arc xlink:type="arc" xlink:arcrole="http://xbrl.org/arcrole/2008/element-label" xlink:from="loc_eba_c19234" xlink:to="label_eba_c19234_1" />
    <label:label xlink:type="resource" xlink:label="label_eba_c19235_1" xml:lang="en" xlink:role="http://www.eba.europa.eu/xbrl/role/dpm-db-id">19235</label:label>
    <gen:arc xlink:type="arc" xlink:arcrole="http://xbrl.org/arcrole/2008/element-label" xlink:from="loc_eba_c19235" xlink:to="label_eba_c19235_1" />
    <label:label xlink:type="resource" xlink:label="label_eba_c19236_1" xml:lang="en" xlink:role="http://www.eba.europa.eu/xbrl/role/dpm-db-id">19236</label:label>
    <gen:arc xlink:type="arc" xlink:arcrole="http://xbrl.org/arcrole/2008/element-label" xlink:from="loc_eba_c19236" xlink:to="label_eba_c19236_1" />
    <label:label xlink:type="resource" xlink:label="label_eba_c19237_1" xml:lang="en" xlink:role="http://www.eba.europa.eu/xbrl/role/dpm-db-id">19237</label:label>
    <gen:arc xlink:type="arc" xlink:arcrole="http://xbrl.org/arcrole/2008/element-label" xlink:from="loc_eba_c19237" xlink:to="label_eba_c19237_1" />
    <label:label xlink:type="resource" xlink:label="label_eba_c19238_1" xml:lang="en" xlink:role="http://www.eba.europa.eu/xbrl/role/dpm-db-id">19238</label:label>
    <gen:arc xlink:type="arc" xlink:arcrole="http://xbrl.org/arcrole/2008/element-label" xlink:from="loc_eba_c19238" xlink:to="label_eba_c19238_1" />
    <label:label xlink:type="resource" xlink:label="label_eba_c19239_1" xml:lang="en" xlink:role="http://www.eba.europa.eu/xbrl/role/dpm-db-id">19239</label:label>
    <gen:arc xlink:type="arc" xlink:arcrole="http://xbrl.org/arcrole/2008/element-label" xlink:from="loc_eba_c19239" xlink:to="label_eba_c19239_1" />
    <label:label xlink:type="resource" xlink:label="label_eba_c19240_1" xml:lang="en" xlink:role="http://www.eba.europa.eu/xbrl/role/dpm-db-id">19240</label:label>
    <gen:arc xlink:type="arc" xlink:arcrole="http://xbrl.org/arcrole/2008/element-label" xlink:from="loc_eba_c19240" xlink:to="label_eba_c19240_1" />
    <label:label xlink:type="resource" xlink:label="label_eba_c19241_1" xml:lang="en" xlink:role="http://www.eba.europa.eu/xbrl/role/dpm-db-id">19241</label:label>
    <gen:arc xlink:type="arc" xlink:arcrole="http://xbrl.org/arcrole/2008/element-label" xlink:from="loc_eba_c19241" xlink:to="label_eba_c19241_1" />
    <label:label xlink:type="resource" xlink:label="label_eba_c19242_1" xml:lang="en" xlink:role="http://www.eba.europa.eu/xbrl/role/dpm-db-id">19242</label:label>
    <gen:arc xlink:type="arc" xlink:arcrole="http://xbrl.org/arcrole/2008/element-label" xlink:from="loc_eba_c19242" xlink:to="label_eba_c19242_1" />
    <label:label xlink:type="resource" xlink:label="label_eba_c19243_1" xml:lang="en" xlink:role="http://www.eba.europa.eu/xbrl/role/dpm-db-id">19243</label:label>
    <gen:arc xlink:type="arc" xlink:arcrole="http://xbrl.org/arcrole/2008/element-label" xlink:from="loc_eba_c19243" xlink:to="label_eba_c19243_1" />
    <label:label xlink:type="resource" xlink:label="label_eba_c19244_1" xml:lang="en" xlink:role="http://www.eba.europa.eu/xbrl/role/dpm-db-id">19244</label:label>
    <gen:arc xlink:type="arc" xlink:arcrole="http://xbrl.org/arcrole/2008/element-label" xlink:from="loc_eba_c19244" xlink:to="label_eba_c19244_1" />
    <label:label xlink:type="resource" xlink:label="label_eba_c19245_1" xml:lang="en" xlink:role="http://www.eba.europa.eu/xbrl/role/dpm-db-id">19245</label:label>
    <gen:arc xlink:type="arc" xlink:arcrole="http://xbrl.org/arcrole/2008/element-label" xlink:from="loc_eba_c19245" xlink:to="label_eba_c19245_1" />
    <label:label xlink:type="resource" xlink:label="label_eba_c19246_1" xml:lang="en" xlink:role="http://www.eba.europa.eu/xbrl/role/dpm-db-id">19246</label:label>
    <gen:arc xlink:type="arc" xlink:arcrole="http://xbrl.org/arcrole/2008/element-label" xlink:from="loc_eba_c19246" xlink:to="label_eba_c19246_1" />
    <label:label xlink:type="resource" xlink:label="label_eba_c19247_1" xml:lang="en" xlink:role="http://www.eba.europa.eu/xbrl/role/dpm-db-id">19247</label:label>
    <gen:arc xlink:type="arc" xlink:arcrole="http://xbrl.org/arcrole/2008/element-label" xlink:from="loc_eba_c19247" xlink:to="label_eba_c19247_1" />
    <label:label xlink:type="resource" xlink:label="label_eba_c19248_1" xml:lang="en" xlink:role="http://www.eba.europa.eu/xbrl/role/dpm-db-id">19248</label:label>
    <gen:arc xlink:type="arc" xlink:arcrole="http://xbrl.org/arcrole/2008/element-label" xlink:from="loc_eba_c19248" xlink:to="label_eba_c19248_1" />
    <label:label xlink:type="resource" xlink:label="label_eba_c19249_1" xml:lang="en" xlink:role="http://www.eba.europa.eu/xbrl/role/dpm-db-id">19249</label:label>
    <gen:arc xlink:type="arc" xlink:arcrole="http://xbrl.org/arcrole/2008/element-label" xlink:from="loc_eba_c19249" xlink:to="label_eba_c19249_1" />
    <label:label xlink:type="resource" xlink:label="label_eba_c19250_1" xml:lang="en" xlink:role="http://www.eba.europa.eu/xbrl/role/dpm-db-id">19250</label:label>
    <gen:arc xlink:type="arc" xlink:arcrole="http://xbrl.org/arcrole/2008/element-label" xlink:from="loc_eba_c19250" xlink:to="label_eba_c19250_1" />
    <label:label xlink:type="resource" xlink:label="label_eba_c19251_1" xml:lang="en" xlink:role="http://www.eba.europa.eu/xbrl/role/dpm-db-id">19251</label:label>
    <gen:arc xlink:type="arc" xlink:arcrole="http://xbrl.org/arcrole/2008/element-label" xlink:from="loc_eba_c19251" xlink:to="label_eba_c19251_1" />
    <label:label xlink:type="resource" xlink:label="label_eba_c19252_1" xml:lang="en" xlink:role="http://www.eba.europa.eu/xbrl/role/dpm-db-id">19252</label:label>
    <gen:arc xlink:type="arc" xlink:arcrole="http://xbrl.org/arcrole/2008/element-label" xlink:from="loc_eba_c19252" xlink:to="label_eba_c19252_1" />
    <label:label xlink:type="resource" xlink:label="label_eba_c19253_1" xml:lang="en" xlink:role="http://www.eba.europa.eu/xbrl/role/dpm-db-id">19253</label:label>
    <gen:arc xlink:type="arc" xlink:arcrole="http://xbrl.org/arcrole/2008/element-label" xlink:from="loc_eba_c19253" xlink:to="label_eba_c19253_1" />
    <label:label xlink:type="resource" xlink:label="label_eba_c19254_1" xml:lang="en" xlink:role="http://www.eba.europa.eu/xbrl/role/dpm-db-id">19254</label:label>
    <gen:arc xlink:type="arc" xlink:arcrole="http://xbrl.org/arcrole/2008/element-label" xlink:from="loc_eba_c19254" xlink:to="label_eba_c19254_1" />
    <label:label xlink:type="resource" xlink:label="label_eba_c19255_1" xml:lang="en" xlink:role="http://www.eba.europa.eu/xbrl/role/dpm-db-id">19255</label:label>
    <gen:arc xlink:type="arc" xlink:arcrole="http://xbrl.org/arcrole/2008/element-label" xlink:from="loc_eba_c19255" xlink:to="label_eba_c19255_1" />
    <label:label xlink:type="resource" xlink:label="label_eba_c19256_1" xml:lang="en" xlink:role="http://www.eba.europa.eu/xbrl/role/dpm-db-id">19256</label:label>
    <gen:arc xlink:type="arc" xlink:arcrole="http://xbrl.org/arcrole/2008/element-label" xlink:from="loc_eba_c19256" xlink:to="label_eba_c19256_1" />
    <label:label xlink:type="resource" xlink:label="label_eba_c19257_1" xml:lang="en" xlink:role="http://www.eba.europa.eu/xbrl/role/dpm-db-id">19257</label:label>
    <gen:arc xlink:type="arc" xlink:arcrole="http://xbrl.org/arcrole/2008/element-label" xlink:from="loc_eba_c19257" xlink:to="label_eba_c19257_1" />
    <label:label xlink:type="resource" xlink:label="label_eba_c19258_1" xml:lang="en" xlink:role="http://www.eba.europa.eu/xbrl/role/dpm-db-id">19258</label:label>
    <gen:arc xlink:type="arc" xlink:arcrole="http://xbrl.org/arcrole/2008/element-label" xlink:from="loc_eba_c19258" xlink:to="label_eba_c19258_1" />
    <label:label xlink:type="resource" xlink:label="label_eba_c19259_1" xml:lang="en" xlink:role="http://www.eba.europa.eu/xbrl/role/dpm-db-id">19259</label:label>
    <gen:arc xlink:type="arc" xlink:arcrole="http://xbrl.org/arcrole/2008/element-label" xlink:from="loc_eba_c19259" xlink:to="label_eba_c19259_1" />
    <label:label xlink:type="resource" xlink:label="label_eba_c19260_1" xml:lang="en" xlink:role="http://www.eba.europa.eu/xbrl/role/dpm-db-id">19260</label:label>
    <gen:arc xlink:type="arc" xlink:arcrole="http://xbrl.org/arcrole/2008/element-label" xlink:from="loc_eba_c19260" xlink:to="label_eba_c19260_1" />
    <label:label xlink:type="resource" xlink:label="label_eba_c19261_1" xml:lang="en" xlink:role="http://www.eba.europa.eu/xbrl/role/dpm-db-id">19261</label:label>
    <gen:arc xlink:type="arc" xlink:arcrole="http://xbrl.org/arcrole/2008/element-label" xlink:from="loc_eba_c19261" xlink:to="label_eba_c19261_1" />
    <label:label xlink:type="resource" xlink:label="label_eba_c19262_1" xml:lang="en" xlink:role="http://www.eba.europa.eu/xbrl/role/dpm-db-id">19262</label:label>
    <gen:arc xlink:type="arc" xlink:arcrole="http://xbrl.org/arcrole/2008/element-label" xlink:from="loc_eba_c19262" xlink:to="label_eba_c19262_1" />
    <label:label xlink:type="resource" xlink:label="label_eba_c19263_1" xml:lang="en" xlink:role="http://www.eba.europa.eu/xbrl/role/dpm-db-id">19263</label:label>
    <gen:arc xlink:type="arc" xlink:arcrole="http://xbrl.org/arcrole/2008/element-label" xlink:from="loc_eba_c19263" xlink:to="label_eba_c19263_1" />
    <label:label xlink:type="resource" xlink:label="label_eba_c19264_1" xml:lang="en" xlink:role="http://www.eba.europa.eu/xbrl/role/dpm-db-id">19264</label:label>
    <gen:arc xlink:type="arc" xlink:arcrole="http://xbrl.org/arcrole/2008/element-label" xlink:from="loc_eba_c19264" xlink:to="label_eba_c19264_1" />
    <label:label xlink:type="resource" xlink:label="label_eba_c19265_1" xml:lang="en" xlink:role="http://www.eba.europa.eu/xbrl/role/dpm-db-id">19265</label:label>
    <gen:arc xlink:type="arc" xlink:arcrole="http://xbrl.org/arcrole/2008/element-label" xlink:from="loc_eba_c19265" xlink:to="label_eba_c19265_1" />
    <label:label xlink:type="resource" xlink:label="label_eba_c19266_1" xml:lang="en" xlink:role="http://www.eba.europa.eu/xbrl/role/dpm-db-id">19266</label:label>
    <gen:arc xlink:type="arc" xlink:arcrole="http://xbrl.org/arcrole/2008/element-label" xlink:from="loc_eba_c19266" xlink:to="label_eba_c19266_1" />
    <label:label xlink:type="resource" xlink:label="label_eba_c19267_1" xml:lang="en" xlink:role="http://www.eba.europa.eu/xbrl/role/dpm-db-id">19267</label:label>
    <gen:arc xlink:type="arc" xlink:arcrole="http://xbrl.org/arcrole/2008/element-label" xlink:from="loc_eba_c19267" xlink:to="label_eba_c19267_1" />
    <label:label xlink:type="resource" xlink:label="label_eba_c19268_1" xml:lang="en" xlink:role="http://www.eba.europa.eu/xbrl/role/dpm-db-id">19268</label:label>
    <gen:arc xlink:type="arc" xlink:arcrole="http://xbrl.org/arcrole/2008/element-label" xlink:from="loc_eba_c19268" xlink:to="label_eba_c19268_1" />
    <label:label xlink:type="resource" xlink:label="label_eba_c19269_1" xml:lang="en" xlink:role="http://www.eba.europa.eu/xbrl/role/dpm-db-id">19269</label:label>
    <gen:arc xlink:type="arc" xlink:arcrole="http://xbrl.org/arcrole/2008/element-label" xlink:from="loc_eba_c19269" xlink:to="label_eba_c19269_1" />
    <label:label xlink:type="resource" xlink:label="label_eba_c19270_1" xml:lang="en" xlink:role="http://www.eba.europa.eu/xbrl/role/dpm-db-id">19270</label:label>
    <gen:arc xlink:type="arc" xlink:arcrole="http://xbrl.org/arcrole/2008/element-label" xlink:from="loc_eba_c19270" xlink:to="label_eba_c19270_1" />
    <label:label xlink:type="resource" xlink:label="label_eba_c19271_1" xml:lang="en" xlink:role="http://www.eba.europa.eu/xbrl/role/dpm-db-id">19271</label:label>
    <gen:arc xlink:type="arc" xlink:arcrole="http://xbrl.org/arcrole/2008/element-label" xlink:from="loc_eba_c19271" xlink:to="label_eba_c19271_1" />
    <label:label xlink:type="resource" xlink:label="label_eba_c19272_1" xml:lang="en" xlink:role="http://www.eba.europa.eu/xbrl/role/dpm-db-id">19272</label:label>
    <gen:arc xlink:type="arc" xlink:arcrole="http://xbrl.org/arcrole/2008/element-label" xlink:from="loc_eba_c19272" xlink:to="label_eba_c19272_1" />
    <label:label xlink:type="resource" xlink:label="label_eba_c19273_1" xml:lang="en" xlink:role="http://www.eba.europa.eu/xbrl/role/dpm-db-id">19273</label:label>
    <gen:arc xlink:type="arc" xlink:arcrole="http://xbrl.org/arcrole/2008/element-label" xlink:from="loc_eba_c19273" xlink:to="label_eba_c19273_1" />
    <label:label xlink:type="resource" xlink:label="label_eba_c19274_1" xml:lang="en" xlink:role="http://www.eba.europa.eu/xbrl/role/dpm-db-id">19274</label:label>
    <gen:arc xlink:type="arc" xlink:arcrole="http://xbrl.org/arcrole/2008/element-label" xlink:from="loc_eba_c19274" xlink:to="label_eba_c19274_1" />
    <label:label xlink:type="resource" xlink:label="label_eba_c19275_1" xml:lang="en" xlink:role="http://www.eba.europa.eu/xbrl/role/dpm-db-id">19275</label:label>
    <gen:arc xlink:type="arc" xlink:arcrole="http://xbrl.org/arcrole/2008/element-label" xlink:from="loc_eba_c19275" xlink:to="label_eba_c19275_1" />
    <label:label xlink:type="resource" xlink:label="label_eba_c19276_1" xml:lang="en" xlink:role="http://www.eba.europa.eu/xbrl/role/dpm-db-id">19276</label:label>
    <gen:arc xlink:type="arc" xlink:arcrole="http://xbrl.org/arcrole/2008/element-label" xlink:from="loc_eba_c19276" xlink:to="label_eba_c19276_1" />
    <label:label xlink:type="resource" xlink:label="label_eba_c19277_1" xml:lang="en" xlink:role="http://www.eba.europa.eu/xbrl/role/dpm-db-id">19277</label:label>
    <gen:arc xlink:type="arc" xlink:arcrole="http://xbrl.org/arcrole/2008/element-label" xlink:from="loc_eba_c19277" xlink:to="label_eba_c19277_1" />
    <label:label xlink:type="resource" xlink:label="label_eba_c19278_1" xml:lang="en" xlink:role="http://www.eba.europa.eu/xbrl/role/dpm-db-id">19278</label:label>
    <gen:arc xlink:type="arc" xlink:arcrole="http://xbrl.org/arcrole/2008/element-label" xlink:from="loc_eba_c19278" xlink:to="label_eba_c19278_1" />
    <label:label xlink:type="resource" xlink:label="label_eba_c19279_1" xml:lang="en" xlink:role="http://www.eba.europa.eu/xbrl/role/dpm-db-id">19279</label:label>
    <gen:arc xlink:type="arc" xlink:arcrole="http://xbrl.org/arcrole/2008/element-label" xlink:from="loc_eba_c19279" xlink:to="label_eba_c19279_1" />
    <label:label xlink:type="resource" xlink:label="label_eba_c19280_1" xml:lang="en" xlink:role="http://www.eba.europa.eu/xbrl/role/dpm-db-id">19280</label:label>
    <gen:arc xlink:type="arc" xlink:arcrole="http://xbrl.org/arcrole/2008/element-label" xlink:from="loc_eba_c19280" xlink:to="label_eba_c19280_1" />
    <label:label xlink:type="resource" xlink:label="label_eba_c19281_1" xml:lang="en" xlink:role="http://www.eba.europa.eu/xbrl/role/dpm-db-id">19281</label:label>
    <gen:arc xlink:type="arc" xlink:arcrole="http://xbrl.org/arcrole/2008/element-label" xlink:from="loc_eba_c19281" xlink:to="label_eba_c19281_1" />
    <label:label xlink:type="resource" xlink:label="label_eba_c19282_1" xml:lang="en" xlink:role="http://www.eba.europa.eu/xbrl/role/dpm-db-id">19282</label:label>
    <gen:arc xlink:type="arc" xlink:arcrole="http://xbrl.org/arcrole/2008/element-label" xlink:from="loc_eba_c19282" xlink:to="label_eba_c19282_1" />
    <label:label xlink:type="resource" xlink:label="label_eba_c19283_1" xml:lang="en" xlink:role="http://www.eba.europa.eu/xbrl/role/dpm-db-id">19283</label:label>
    <gen:arc xlink:type="arc" xlink:arcrole="http://xbrl.org/arcrole/2008/element-label" xlink:from="loc_eba_c19283" xlink:to="label_eba_c19283_1" />
    <label:label xlink:type="resource" xlink:label="label_eba_c19284_1" xml:lang="en" xlink:role="http://www.eba.europa.eu/xbrl/role/dpm-db-id">19284</label:label>
    <gen:arc xlink:type="arc" xlink:arcrole="http://xbrl.org/arcrole/2008/element-label" xlink:from="loc_eba_c19284" xlink:to="label_eba_c19284_1" />
    <label:label xlink:type="resource" xlink:label="label_eba_c19285_1" xml:lang="en" xlink:role="http://www.eba.europa.eu/xbrl/role/dpm-db-id">19285</label:label>
    <gen:arc xlink:type="arc" xlink:arcrole="http://xbrl.org/arcrole/2008/element-label" xlink:from="loc_eba_c19285" xlink:to="label_eba_c19285_1" />
    <label:label xlink:type="resource" xlink:label="label_eba_c19286_1" xml:lang="en" xlink:role="http://www.eba.europa.eu/xbrl/role/dpm-db-id">19286</label:label>
    <gen:arc xlink:type="arc" xlink:arcrole="http://xbrl.org/arcrole/2008/element-label" xlink:from="loc_eba_c19286" xlink:to="label_eba_c19286_1" />
    <label:label xlink:type="resource" xlink:label="label_eba_c19287_1" xml:lang="en" xlink:role="http://www.eba.europa.eu/xbrl/role/dpm-db-id">19287</label:label>
    <gen:arc xlink:type="arc" xlink:arcrole="http://xbrl.org/arcrole/2008/element-label" xlink:from="loc_eba_c19287" xlink:to="label_eba_c19287_1" />
    <label:label xlink:type="resource" xlink:label="label_eba_c19288_1" xml:lang="en" xlink:role="http://www.eba.europa.eu/xbrl/role/dpm-db-id">19288</label:label>
    <gen:arc xlink:type="arc" xlink:arcrole="http://xbrl.org/arcrole/2008/element-label" xlink:from="loc_eba_c19288" xlink:to="label_eba_c19288_1" />
    <label:label xlink:type="resource" xlink:label="label_eba_c19289_1" xml:lang="en" xlink:role="http://www.eba.europa.eu/xbrl/role/dpm-db-id">19289</label:label>
    <gen:arc xlink:type="arc" xlink:arcrole="http://xbrl.org/arcrole/2008/element-label" xlink:from="loc_eba_c19289" xlink:to="label_eba_c19289_1" />
    <label:label xlink:type="resource" xlink:label="label_eba_c19290_1" xml:lang="en" xlink:role="http://www.eba.europa.eu/xbrl/role/dpm-db-id">19290</label:label>
    <gen:arc xlink:type="arc" xlink:arcrole="http://xbrl.org/arcrole/2008/element-label" xlink:from="loc_eba_c19290" xlink:to="label_eba_c19290_1" />
    <label:label xlink:type="resource" xlink:label="label_eba_c19291_1" xml:lang="en" xlink:role="http://www.eba.europa.eu/xbrl/role/dpm-db-id">19291</label:label>
    <gen:arc xlink:type="arc" xlink:arcrole="http://xbrl.org/arcrole/2008/element-label" xlink:from="loc_eba_c19291" xlink:to="label_eba_c19291_1" />
    <label:label xlink:type="resource" xlink:label="label_eba_c19292_1" xml:lang="en" xlink:role="http://www.eba.europa.eu/xbrl/role/dpm-db-id">19292</label:label>
    <gen:arc xlink:type="arc" xlink:arcrole="http://xbrl.org/arcrole/2008/element-label" xlink:from="loc_eba_c19292" xlink:to="label_eba_c19292_1" />
  </gen:link>
</link:linkbase>