﻿<?xml version="1.0" encoding="utf-8"?>
<?taxonomy-version 2.0.1?>
<!--(C) EBA-->
<link:linkbase xmlns:xsi="http://www.w3.org/2001/XMLSchema-instance" xmlns:xlink="http://www.w3.org/1999/xlink" xmlns:link="http://www.xbrl.org/2003/linkbase" xmlns:gen="http://xbrl.org/2008/generic" xmlns:label="http://xbrl.org/2008/label" xsi:schemaLocation="http://www.xbrl.org/2003/linkbase http://www.xbrl.org/2003/xbrl-linkbase-2003-12-31.xsd http://xbrl.org/2008/generic http://www.xbrl.org/2008/generic-link.xsd http://xbrl.org/2008/label http://www.xbrl.org/2008/generic-label.xsd">
  <link:arcroleRef arcroleURI="http://xbrl.org/arcrole/2008/element-label" xlink:type="simple" xlink:href="http://www.xbrl.org/2008/generic-label.xsd#element-label" />
  <link:roleRef roleURI="http://www.eba.europa.eu/xbrl/role/dpm-db-id" xlink:type="simple" xlink:href="http://www.eba.europa.eu/eu/fr/xbrl/ext/model.xsd#dpm-db-id" />
  <link:roleRef roleURI="http://www.eurofiling.info/xbrl/role/filing-indicator-code" xlink:type="simple" xlink:href="http://www.eurofiling.info/eu/fr/xbrl/ext/model.xsd#filing-indicator-code" />
  <link:roleRef roleURI="http://www.eurofiling.info/xbrl/role/rc-code" xlink:type="simple" xlink:href="http://www.eurofiling.info/eu/fr/xbrl/ext/model.xsd#rc-code" />
  <gen:link xlink:type="extended" xlink:role="http://www.xbrl.org/2003/role/link">
    <link:loc xlink:type="locator" xlink:href="c_05.01-rend.xml#eba_tC_05.01" xlink:label="loc_eba_tC_05.01" />
    <label:label xlink:type="resource" xlink:label="label_eba_tC_05.01" xml:lang="en" xlink:role="http://www.eurofiling.info/xbrl/role/rc-code">C 05.01</label:label>
    <gen:arc xlink:type="arc" xlink:arcrole="http://xbrl.org/arcrole/2008/element-label" xlink:from="loc_eba_tC_05.01" xlink:to="label_eba_tC_05.01" />
    <link:loc xlink:type="locator" xlink:href="c_05.01-rend.xml#eba_c19505" xlink:label="loc_eba_c19505" />
    <label:label xlink:type="resource" xlink:label="label_eba_c19505" xml:lang="en" xlink:role="http://www.eurofiling.info/xbrl/role/rc-code">010</label:label>
    <gen:arc xlink:type="arc" xlink:arcrole="http://xbrl.org/arcrole/2008/element-label" xlink:from="loc_eba_c19505" xlink:to="label_eba_c19505" />
    <link:loc xlink:type="locator" xlink:href="c_05.01-rend.xml#eba_c19506" xlink:label="loc_eba_c19506" />
    <label:label xlink:type="resource" xlink:label="label_eba_c19506" xml:lang="en" xlink:role="http://www.eurofiling.info/xbrl/role/rc-code">020</label:label>
    <gen:arc xlink:type="arc" xlink:arcrole="http://xbrl.org/arcrole/2008/element-label" xlink:from="loc_eba_c19506" xlink:to="label_eba_c19506" />
    <link:loc xlink:type="locator" xlink:href="c_05.01-rend.xml#eba_c19507" xlink:label="loc_eba_c19507" />
    <label:label xlink:type="resource" xlink:label="label_eba_c19507" xml:lang="en" xlink:role="http://www.eurofiling.info/xbrl/role/rc-code">030</label:label>
    <gen:arc xlink:type="arc" xlink:arcrole="http://xbrl.org/arcrole/2008/element-label" xlink:from="loc_eba_c19507" xlink:to="label_eba_c19507" />
    <link:loc xlink:type="locator" xlink:href="c_05.01-rend.xml#eba_c19508" xlink:label="loc_eba_c19508" />
    <label:label xlink:type="resource" xlink:label="label_eba_c19508" xml:lang="en" xlink:role="http://www.eurofiling.info/xbrl/role/rc-code">040</label:label>
    <gen:arc xlink:type="arc" xlink:arcrole="http://xbrl.org/arcrole/2008/element-label" xlink:from="loc_eba_c19508" xlink:to="label_eba_c19508" />
    <link:loc xlink:type="locator" xlink:href="c_05.01-rend.xml#eba_c19509" xlink:label="loc_eba_c19509" />
    <label:label xlink:type="resource" xlink:label="label_eba_c19509" xml:lang="en" xlink:role="http://www.eurofiling.info/xbrl/role/rc-code">049</label:label>
    <gen:arc xlink:type="arc" xlink:arcrole="http://xbrl.org/arcrole/2008/element-label" xlink:from="loc_eba_c19509" xlink:to="label_eba_c19509" />
    <link:loc xlink:type="locator" xlink:href="c_05.01-rend.xml#eba_c19510" xlink:label="loc_eba_c19510" />
    <label:label xlink:type="resource" xlink:label="label_eba_c19510" xml:lang="en" xlink:role="http://www.eurofiling.info/xbrl/role/rc-code">050</label:label>
    <gen:arc xlink:type="arc" xlink:arcrole="http://xbrl.org/arcrole/2008/element-label" xlink:from="loc_eba_c19510" xlink:to="label_eba_c19510" />
    <link:loc xlink:type="locator" xlink:href="c_05.01-rend.xml#eba_c19511" xlink:label="loc_eba_c19511" />
    <label:label xlink:type="resource" xlink:label="label_eba_c19511" xml:lang="en" xlink:role="http://www.eurofiling.info/xbrl/role/rc-code">060</label:label>
    <gen:arc xlink:type="arc" xlink:arcrole="http://xbrl.org/arcrole/2008/element-label" xlink:from="loc_eba_c19511" xlink:to="label_eba_c19511" />
    <link:loc xlink:type="locator" xlink:href="c_05.01-rend.xml#eba_c19512" xlink:label="loc_eba_c19512" />
    <label:label xlink:type="resource" xlink:label="label_eba_c19512" xml:lang="en" xlink:role="http://www.eurofiling.info/xbrl/role/rc-code">010</label:label>
    <gen:arc xlink:type="arc" xlink:arcrole="http://xbrl.org/arcrole/2008/element-label" xlink:from="loc_eba_c19512" xlink:to="label_eba_c19512" />
    <link:loc xlink:type="locator" xlink:href="c_05.01-rend.xml#eba_c19513" xlink:label="loc_eba_c19513" />
    <label:label xlink:type="resource" xlink:label="label_eba_c19513" xml:lang="en" xlink:role="http://www.eurofiling.info/xbrl/role/rc-code">020</label:label>
    <gen:arc xlink:type="arc" xlink:arcrole="http://xbrl.org/arcrole/2008/element-label" xlink:from="loc_eba_c19513" xlink:to="label_eba_c19513" />
    <link:loc xlink:type="locator" xlink:href="c_05.01-rend.xml#eba_c19514" xlink:label="loc_eba_c19514" />
    <label:label xlink:type="resource" xlink:label="label_eba_c19514" xml:lang="en" xlink:role="http://www.eurofiling.info/xbrl/role/rc-code">030</label:label>
    <gen:arc xlink:type="arc" xlink:arcrole="http://xbrl.org/arcrole/2008/element-label" xlink:from="loc_eba_c19514" xlink:to="label_eba_c19514" />
    <link:loc xlink:type="locator" xlink:href="c_05.01-rend.xml#eba_c19515" xlink:label="loc_eba_c19515" />
    <label:label xlink:type="resource" xlink:label="label_eba_c19515" xml:lang="en" xlink:role="http://www.eurofiling.info/xbrl/role/rc-code">040</label:label>
    <gen:arc xlink:type="arc" xlink:arcrole="http://xbrl.org/arcrole/2008/element-label" xlink:from="loc_eba_c19515" xlink:to="label_eba_c19515" />
    <link:loc xlink:type="locator" xlink:href="c_05.01-rend.xml#eba_c19516" xlink:label="loc_eba_c19516" />
    <label:label xlink:type="resource" xlink:label="label_eba_c19516" xml:lang="en" xlink:role="http://www.eurofiling.info/xbrl/role/rc-code">050</label:label>
    <gen:arc xlink:type="arc" xlink:arcrole="http://xbrl.org/arcrole/2008/element-label" xlink:from="loc_eba_c19516" xlink:to="label_eba_c19516" />
    <link:loc xlink:type="locator" xlink:href="c_05.01-rend.xml#eba_c19517" xlink:label="loc_eba_c19517" />
    <label:label xlink:type="resource" xlink:label="label_eba_c19517" xml:lang="en" xlink:role="http://www.eurofiling.info/xbrl/role/rc-code">060</label:label>
    <gen:arc xlink:type="arc" xlink:arcrole="http://xbrl.org/arcrole/2008/element-label" xlink:from="loc_eba_c19517" xlink:to="label_eba_c19517" />
    <link:loc xlink:type="locator" xlink:href="c_05.01-rend.xml#eba_c19518" xlink:label="loc_eba_c19518" />
    <label:label xlink:type="resource" xlink:label="label_eba_c19518" xml:lang="en" xlink:role="http://www.eurofiling.info/xbrl/role/rc-code">070</label:label>
    <gen:arc xlink:type="arc" xlink:arcrole="http://xbrl.org/arcrole/2008/element-label" xlink:from="loc_eba_c19518" xlink:to="label_eba_c19518" />
    <link:loc xlink:type="locator" xlink:href="c_05.01-rend.xml#eba_c19519" xlink:label="loc_eba_c19519" />
    <label:label xlink:type="resource" xlink:label="label_eba_c19519" xml:lang="en" xlink:role="http://www.eurofiling.info/xbrl/role/rc-code">080</label:label>
    <gen:arc xlink:type="arc" xlink:arcrole="http://xbrl.org/arcrole/2008/element-label" xlink:from="loc_eba_c19519" xlink:to="label_eba_c19519" />
    <link:loc xlink:type="locator" xlink:href="c_05.01-rend.xml#eba_c19520" xlink:label="loc_eba_c19520" />
    <label:label xlink:type="resource" xlink:label="label_eba_c19520" xml:lang="en" xlink:role="http://www.eurofiling.info/xbrl/role/rc-code">090</label:label>
    <gen:arc xlink:type="arc" xlink:arcrole="http://xbrl.org/arcrole/2008/element-label" xlink:from="loc_eba_c19520" xlink:to="label_eba_c19520" />
    <link:loc xlink:type="locator" xlink:href="c_05.01-rend.xml#eba_c19521" xlink:label="loc_eba_c19521" />
    <label:label xlink:type="resource" xlink:label="label_eba_c19521" xml:lang="en" xlink:role="http://www.eurofiling.info/xbrl/role/rc-code">091</label:label>
    <gen:arc xlink:type="arc" xlink:arcrole="http://xbrl.org/arcrole/2008/element-label" xlink:from="loc_eba_c19521" xlink:to="label_eba_c19521" />
    <link:loc xlink:type="locator" xlink:href="c_05.01-rend.xml#eba_c19522" xlink:label="loc_eba_c19522" />
    <label:label xlink:type="resource" xlink:label="label_eba_c19522" xml:lang="en" xlink:role="http://www.eurofiling.info/xbrl/role/rc-code">092</label:label>
    <gen:arc xlink:type="arc" xlink:arcrole="http://xbrl.org/arcrole/2008/element-label" xlink:from="loc_eba_c19522" xlink:to="label_eba_c19522" />
    <link:loc xlink:type="locator" xlink:href="c_05.01-rend.xml#eba_c19523" xlink:label="loc_eba_c19523" />
    <label:label xlink:type="resource" xlink:label="label_eba_c19523" xml:lang="en" xlink:role="http://www.eurofiling.info/xbrl/role/rc-code">100</label:label>
    <gen:arc xlink:type="arc" xlink:arcrole="http://xbrl.org/arcrole/2008/element-label" xlink:from="loc_eba_c19523" xlink:to="label_eba_c19523" />
    <link:loc xlink:type="locator" xlink:href="c_05.01-rend.xml#eba_c19524" xlink:label="loc_eba_c19524" />
    <label:label xlink:type="resource" xlink:label="label_eba_c19524" xml:lang="en" xlink:role="http://www.eurofiling.info/xbrl/role/rc-code">110</label:label>
    <gen:arc xlink:type="arc" xlink:arcrole="http://xbrl.org/arcrole/2008/element-label" xlink:from="loc_eba_c19524" xlink:to="label_eba_c19524" />
    <link:loc xlink:type="locator" xlink:href="c_05.01-rend.xml#eba_c19525" xlink:label="loc_eba_c19525" />
    <label:label xlink:type="resource" xlink:label="label_eba_c19525" xml:lang="en" xlink:role="http://www.eurofiling.info/xbrl/role/rc-code">120</label:label>
    <gen:arc xlink:type="arc" xlink:arcrole="http://xbrl.org/arcrole/2008/element-label" xlink:from="loc_eba_c19525" xlink:to="label_eba_c19525" />
    <link:loc xlink:type="locator" xlink:href="c_05.01-rend.xml#eba_c19526" xlink:label="loc_eba_c19526" />
    <label:label xlink:type="resource" xlink:label="label_eba_c19526" xml:lang="en" xlink:role="http://www.eurofiling.info/xbrl/role/rc-code">130</label:label>
    <gen:arc xlink:type="arc" xlink:arcrole="http://xbrl.org/arcrole/2008/element-label" xlink:from="loc_eba_c19526" xlink:to="label_eba_c19526" />
    <link:loc xlink:type="locator" xlink:href="c_05.01-rend.xml#eba_c19527" xlink:label="loc_eba_c19527" />
    <label:label xlink:type="resource" xlink:label="label_eba_c19527" xml:lang="en" xlink:role="http://www.eurofiling.info/xbrl/role/rc-code">133</label:label>
    <gen:arc xlink:type="arc" xlink:arcrole="http://xbrl.org/arcrole/2008/element-label" xlink:from="loc_eba_c19527" xlink:to="label_eba_c19527" />
    <link:loc xlink:type="locator" xlink:href="c_05.01-rend.xml#eba_c19528" xlink:label="loc_eba_c19528" />
    <label:label xlink:type="resource" xlink:label="label_eba_c19528" xml:lang="en" xlink:role="http://www.eurofiling.info/xbrl/role/rc-code">136</label:label>
    <gen:arc xlink:type="arc" xlink:arcrole="http://xbrl.org/arcrole/2008/element-label" xlink:from="loc_eba_c19528" xlink:to="label_eba_c19528" />
    <link:loc xlink:type="locator" xlink:href="c_05.01-rend.xml#eba_c19529" xlink:label="loc_eba_c19529" />
    <label:label xlink:type="resource" xlink:label="label_eba_c19529" xml:lang="en" xlink:role="http://www.eurofiling.info/xbrl/role/rc-code">138</label:label>
    <gen:arc xlink:type="arc" xlink:arcrole="http://xbrl.org/arcrole/2008/element-label" xlink:from="loc_eba_c19529" xlink:to="label_eba_c19529" />
    <link:loc xlink:type="locator" xlink:href="c_05.01-rend.xml#eba_c19530" xlink:label="loc_eba_c19530" />
    <label:label xlink:type="resource" xlink:label="label_eba_c19530" xml:lang="en" xlink:role="http://www.eurofiling.info/xbrl/role/rc-code">140</label:label>
    <gen:arc xlink:type="arc" xlink:arcrole="http://xbrl.org/arcrole/2008/element-label" xlink:from="loc_eba_c19530" xlink:to="label_eba_c19530" />
    <link:loc xlink:type="locator" xlink:href="c_05.01-rend.xml#eba_c19531" xlink:label="loc_eba_c19531" />
    <label:label xlink:type="resource" xlink:label="label_eba_c19531" xml:lang="en" xlink:role="http://www.eurofiling.info/xbrl/role/rc-code">150</label:label>
    <gen:arc xlink:type="arc" xlink:arcrole="http://xbrl.org/arcrole/2008/element-label" xlink:from="loc_eba_c19531" xlink:to="label_eba_c19531" />
    <link:loc xlink:type="locator" xlink:href="c_05.01-rend.xml#eba_c19532" xlink:label="loc_eba_c19532" />
    <label:label xlink:type="resource" xlink:label="label_eba_c19532" xml:lang="en" xlink:role="http://www.eurofiling.info/xbrl/role/rc-code">160</label:label>
    <gen:arc xlink:type="arc" xlink:arcrole="http://xbrl.org/arcrole/2008/element-label" xlink:from="loc_eba_c19532" xlink:to="label_eba_c19532" />
    <link:loc xlink:type="locator" xlink:href="c_05.01-rend.xml#eba_c19533" xlink:label="loc_eba_c19533" />
    <label:label xlink:type="resource" xlink:label="label_eba_c19533" xml:lang="en" xlink:role="http://www.eurofiling.info/xbrl/role/rc-code">170</label:label>
    <gen:arc xlink:type="arc" xlink:arcrole="http://xbrl.org/arcrole/2008/element-label" xlink:from="loc_eba_c19533" xlink:to="label_eba_c19533" />
    <link:loc xlink:type="locator" xlink:href="c_05.01-rend.xml#eba_c19534" xlink:label="loc_eba_c19534" />
    <label:label xlink:type="resource" xlink:label="label_eba_c19534" xml:lang="en" xlink:role="http://www.eurofiling.info/xbrl/role/rc-code">180</label:label>
    <gen:arc xlink:type="arc" xlink:arcrole="http://xbrl.org/arcrole/2008/element-label" xlink:from="loc_eba_c19534" xlink:to="label_eba_c19534" />
    <link:loc xlink:type="locator" xlink:href="c_05.01-rend.xml#eba_c19535" xlink:label="loc_eba_c19535" />
    <label:label xlink:type="resource" xlink:label="label_eba_c19535" xml:lang="en" xlink:role="http://www.eurofiling.info/xbrl/role/rc-code">190</label:label>
    <gen:arc xlink:type="arc" xlink:arcrole="http://xbrl.org/arcrole/2008/element-label" xlink:from="loc_eba_c19535" xlink:to="label_eba_c19535" />
    <link:loc xlink:type="locator" xlink:href="c_05.01-rend.xml#eba_c19536" xlink:label="loc_eba_c19536" />
    <label:label xlink:type="resource" xlink:label="label_eba_c19536" xml:lang="en" xlink:role="http://www.eurofiling.info/xbrl/role/rc-code">194</label:label>
    <gen:arc xlink:type="arc" xlink:arcrole="http://xbrl.org/arcrole/2008/element-label" xlink:from="loc_eba_c19536" xlink:to="label_eba_c19536" />
    <link:loc xlink:type="locator" xlink:href="c_05.01-rend.xml#eba_c19537" xlink:label="loc_eba_c19537" />
    <label:label xlink:type="resource" xlink:label="label_eba_c19537" xml:lang="en" xlink:role="http://www.eurofiling.info/xbrl/role/rc-code">198</label:label>
    <gen:arc xlink:type="arc" xlink:arcrole="http://xbrl.org/arcrole/2008/element-label" xlink:from="loc_eba_c19537" xlink:to="label_eba_c19537" />
    <link:loc xlink:type="locator" xlink:href="c_05.01-rend.xml#eba_c19538" xlink:label="loc_eba_c19538" />
    <label:label xlink:type="resource" xlink:label="label_eba_c19538" xml:lang="en" xlink:role="http://www.eurofiling.info/xbrl/role/rc-code">200</label:label>
    <gen:arc xlink:type="arc" xlink:arcrole="http://xbrl.org/arcrole/2008/element-label" xlink:from="loc_eba_c19538" xlink:to="label_eba_c19538" />
    <link:loc xlink:type="locator" xlink:href="c_05.01-rend.xml#eba_c19539" xlink:label="loc_eba_c19539" />
    <label:label xlink:type="resource" xlink:label="label_eba_c19539" xml:lang="en" xlink:role="http://www.eurofiling.info/xbrl/role/rc-code">210</label:label>
    <gen:arc xlink:type="arc" xlink:arcrole="http://xbrl.org/arcrole/2008/element-label" xlink:from="loc_eba_c19539" xlink:to="label_eba_c19539" />
    <link:loc xlink:type="locator" xlink:href="c_05.01-rend.xml#eba_c19540" xlink:label="loc_eba_c19540" />
    <label:label xlink:type="resource" xlink:label="label_eba_c19540" xml:lang="en" xlink:role="http://www.eurofiling.info/xbrl/role/rc-code">211</label:label>
    <gen:arc xlink:type="arc" xlink:arcrole="http://xbrl.org/arcrole/2008/element-label" xlink:from="loc_eba_c19540" xlink:to="label_eba_c19540" />
    <link:loc xlink:type="locator" xlink:href="c_05.01-rend.xml#eba_c19541" xlink:label="loc_eba_c19541" />
    <label:label xlink:type="resource" xlink:label="label_eba_c19541" xml:lang="en" xlink:role="http://www.eurofiling.info/xbrl/role/rc-code">212</label:label>
    <gen:arc xlink:type="arc" xlink:arcrole="http://xbrl.org/arcrole/2008/element-label" xlink:from="loc_eba_c19541" xlink:to="label_eba_c19541" />
    <link:loc xlink:type="locator" xlink:href="c_05.01-rend.xml#eba_c19542" xlink:label="loc_eba_c19542" />
    <label:label xlink:type="resource" xlink:label="label_eba_c19542" xml:lang="en" xlink:role="http://www.eurofiling.info/xbrl/role/rc-code">220</label:label>
    <gen:arc xlink:type="arc" xlink:arcrole="http://xbrl.org/arcrole/2008/element-label" xlink:from="loc_eba_c19542" xlink:to="label_eba_c19542" />
    <link:loc xlink:type="locator" xlink:href="c_05.01-rend.xml#eba_c19543" xlink:label="loc_eba_c19543" />
    <label:label xlink:type="resource" xlink:label="label_eba_c19543" xml:lang="en" xlink:role="http://www.eurofiling.info/xbrl/role/rc-code">221</label:label>
    <gen:arc xlink:type="arc" xlink:arcrole="http://xbrl.org/arcrole/2008/element-label" xlink:from="loc_eba_c19543" xlink:to="label_eba_c19543" />
    <link:loc xlink:type="locator" xlink:href="c_05.01-rend.xml#eba_c19544" xlink:label="loc_eba_c19544" />
    <label:label xlink:type="resource" xlink:label="label_eba_c19544" xml:lang="en" xlink:role="http://www.eurofiling.info/xbrl/role/rc-code">222</label:label>
    <gen:arc xlink:type="arc" xlink:arcrole="http://xbrl.org/arcrole/2008/element-label" xlink:from="loc_eba_c19544" xlink:to="label_eba_c19544" />
    <link:loc xlink:type="locator" xlink:href="c_05.01-rend.xml#eba_c19545" xlink:label="loc_eba_c19545" />
    <label:label xlink:type="resource" xlink:label="label_eba_c19545" xml:lang="en" xlink:role="http://www.eurofiling.info/xbrl/role/rc-code">230</label:label>
    <gen:arc xlink:type="arc" xlink:arcrole="http://xbrl.org/arcrole/2008/element-label" xlink:from="loc_eba_c19545" xlink:to="label_eba_c19545" />
    <link:loc xlink:type="locator" xlink:href="c_05.01-rend.xml#eba_c19546" xlink:label="loc_eba_c19546" />
    <label:label xlink:type="resource" xlink:label="label_eba_c19546" xml:lang="en" xlink:role="http://www.eurofiling.info/xbrl/role/rc-code">231</label:label>
    <gen:arc xlink:type="arc" xlink:arcrole="http://xbrl.org/arcrole/2008/element-label" xlink:from="loc_eba_c19546" xlink:to="label_eba_c19546" />
    <link:loc xlink:type="locator" xlink:href="c_05.01-rend.xml#eba_c19547" xlink:label="loc_eba_c19547" />
    <label:label xlink:type="resource" xlink:label="label_eba_c19547" xml:lang="en" xlink:role="http://www.eurofiling.info/xbrl/role/rc-code">232</label:label>
    <gen:arc xlink:type="arc" xlink:arcrole="http://xbrl.org/arcrole/2008/element-label" xlink:from="loc_eba_c19547" xlink:to="label_eba_c19547" />
    <link:loc xlink:type="locator" xlink:href="c_05.01-rend.xml#eba_c19548" xlink:label="loc_eba_c19548" />
    <label:label xlink:type="resource" xlink:label="label_eba_c19548" xml:lang="en" xlink:role="http://www.eurofiling.info/xbrl/role/rc-code">240</label:label>
    <gen:arc xlink:type="arc" xlink:arcrole="http://xbrl.org/arcrole/2008/element-label" xlink:from="loc_eba_c19548" xlink:to="label_eba_c19548" />
    <link:loc xlink:type="locator" xlink:href="c_05.01-rend.xml#eba_c19549" xlink:label="loc_eba_c19549" />
    <label:label xlink:type="resource" xlink:label="label_eba_c19549" xml:lang="en" xlink:role="http://www.eurofiling.info/xbrl/role/rc-code">250</label:label>
    <gen:arc xlink:type="arc" xlink:arcrole="http://xbrl.org/arcrole/2008/element-label" xlink:from="loc_eba_c19549" xlink:to="label_eba_c19549" />
    <link:loc xlink:type="locator" xlink:href="c_05.01-rend.xml#eba_c19550" xlink:label="loc_eba_c19550" />
    <label:label xlink:type="resource" xlink:label="label_eba_c19550" xml:lang="en" xlink:role="http://www.eurofiling.info/xbrl/role/rc-code">260</label:label>
    <gen:arc xlink:type="arc" xlink:arcrole="http://xbrl.org/arcrole/2008/element-label" xlink:from="loc_eba_c19550" xlink:to="label_eba_c19550" />
    <link:loc xlink:type="locator" xlink:href="c_05.01-rend.xml#eba_c19551" xlink:label="loc_eba_c19551" />
    <label:label xlink:type="resource" xlink:label="label_eba_c19551" xml:lang="en" xlink:role="http://www.eurofiling.info/xbrl/role/rc-code">270</label:label>
    <gen:arc xlink:type="arc" xlink:arcrole="http://xbrl.org/arcrole/2008/element-label" xlink:from="loc_eba_c19551" xlink:to="label_eba_c19551" />
    <link:loc xlink:type="locator" xlink:href="c_05.01-rend.xml#eba_c19552" xlink:label="loc_eba_c19552" />
    <label:label xlink:type="resource" xlink:label="label_eba_c19552" xml:lang="en" xlink:role="http://www.eurofiling.info/xbrl/role/rc-code">280</label:label>
    <gen:arc xlink:type="arc" xlink:arcrole="http://xbrl.org/arcrole/2008/element-label" xlink:from="loc_eba_c19552" xlink:to="label_eba_c19552" />
    <link:loc xlink:type="locator" xlink:href="c_05.01-rend.xml#eba_c19553" xlink:label="loc_eba_c19553" />
    <label:label xlink:type="resource" xlink:label="label_eba_c19553" xml:lang="en" xlink:role="http://www.eurofiling.info/xbrl/role/rc-code">290</label:label>
    <gen:arc xlink:type="arc" xlink:arcrole="http://xbrl.org/arcrole/2008/element-label" xlink:from="loc_eba_c19553" xlink:to="label_eba_c19553" />
    <link:loc xlink:type="locator" xlink:href="c_05.01-rend.xml#eba_c19554" xlink:label="loc_eba_c19554" />
    <label:label xlink:type="resource" xlink:label="label_eba_c19554" xml:lang="en" xlink:role="http://www.eurofiling.info/xbrl/role/rc-code">300</label:label>
    <gen:arc xlink:type="arc" xlink:arcrole="http://xbrl.org/arcrole/2008/element-label" xlink:from="loc_eba_c19554" xlink:to="label_eba_c19554" />
    <link:loc xlink:type="locator" xlink:href="c_05.01-rend.xml#eba_c19555" xlink:label="loc_eba_c19555" />
    <label:label xlink:type="resource" xlink:label="label_eba_c19555" xml:lang="en" xlink:role="http://www.eurofiling.info/xbrl/role/rc-code">310</label:label>
    <gen:arc xlink:type="arc" xlink:arcrole="http://xbrl.org/arcrole/2008/element-label" xlink:from="loc_eba_c19555" xlink:to="label_eba_c19555" />
    <link:loc xlink:type="locator" xlink:href="c_05.01-rend.xml#eba_c19556" xlink:label="loc_eba_c19556" />
    <label:label xlink:type="resource" xlink:label="label_eba_c19556" xml:lang="en" xlink:role="http://www.eurofiling.info/xbrl/role/rc-code">320</label:label>
    <gen:arc xlink:type="arc" xlink:arcrole="http://xbrl.org/arcrole/2008/element-label" xlink:from="loc_eba_c19556" xlink:to="label_eba_c19556" />
    <link:loc xlink:type="locator" xlink:href="c_05.01-rend.xml#eba_c19557" xlink:label="loc_eba_c19557" />
    <label:label xlink:type="resource" xlink:label="label_eba_c19557" xml:lang="en" xlink:role="http://www.eurofiling.info/xbrl/role/rc-code">330</label:label>
    <gen:arc xlink:type="arc" xlink:arcrole="http://xbrl.org/arcrole/2008/element-label" xlink:from="loc_eba_c19557" xlink:to="label_eba_c19557" />
    <link:loc xlink:type="locator" xlink:href="c_05.01-rend.xml#eba_c19558" xlink:label="loc_eba_c19558" />
    <label:label xlink:type="resource" xlink:label="label_eba_c19558" xml:lang="en" xlink:role="http://www.eurofiling.info/xbrl/role/rc-code">340</label:label>
    <gen:arc xlink:type="arc" xlink:arcrole="http://xbrl.org/arcrole/2008/element-label" xlink:from="loc_eba_c19558" xlink:to="label_eba_c19558" />
    <link:loc xlink:type="locator" xlink:href="c_05.01-rend.xml#eba_c19559" xlink:label="loc_eba_c19559" />
    <label:label xlink:type="resource" xlink:label="label_eba_c19559" xml:lang="en" xlink:role="http://www.eurofiling.info/xbrl/role/rc-code">350</label:label>
    <gen:arc xlink:type="arc" xlink:arcrole="http://xbrl.org/arcrole/2008/element-label" xlink:from="loc_eba_c19559" xlink:to="label_eba_c19559" />
    <link:loc xlink:type="locator" xlink:href="c_05.01-rend.xml#eba_c19560" xlink:label="loc_eba_c19560" />
    <label:label xlink:type="resource" xlink:label="label_eba_c19560" xml:lang="en" xlink:role="http://www.eurofiling.info/xbrl/role/rc-code">360</label:label>
    <gen:arc xlink:type="arc" xlink:arcrole="http://xbrl.org/arcrole/2008/element-label" xlink:from="loc_eba_c19560" xlink:to="label_eba_c19560" />
    <link:loc xlink:type="locator" xlink:href="c_05.01-rend.xml#eba_c19561" xlink:label="loc_eba_c19561" />
    <label:label xlink:type="resource" xlink:label="label_eba_c19561" xml:lang="en" xlink:role="http://www.eurofiling.info/xbrl/role/rc-code">370</label:label>
    <gen:arc xlink:type="arc" xlink:arcrole="http://xbrl.org/arcrole/2008/element-label" xlink:from="loc_eba_c19561" xlink:to="label_eba_c19561" />
    <link:loc xlink:type="locator" xlink:href="c_05.01-rend.xml#eba_c19562" xlink:label="loc_eba_c19562" />
    <label:label xlink:type="resource" xlink:label="label_eba_c19562" xml:lang="en" xlink:role="http://www.eurofiling.info/xbrl/role/rc-code">380</label:label>
    <gen:arc xlink:type="arc" xlink:arcrole="http://xbrl.org/arcrole/2008/element-label" xlink:from="loc_eba_c19562" xlink:to="label_eba_c19562" />
    <link:loc xlink:type="locator" xlink:href="c_05.01-rend.xml#eba_c19563" xlink:label="loc_eba_c19563" />
    <label:label xlink:type="resource" xlink:label="label_eba_c19563" xml:lang="en" xlink:role="http://www.eurofiling.info/xbrl/role/rc-code">390</label:label>
    <gen:arc xlink:type="arc" xlink:arcrole="http://xbrl.org/arcrole/2008/element-label" xlink:from="loc_eba_c19563" xlink:to="label_eba_c19563" />
    <link:loc xlink:type="locator" xlink:href="c_05.01-rend.xml#eba_c19564" xlink:label="loc_eba_c19564" />
    <label:label xlink:type="resource" xlink:label="label_eba_c19564" xml:lang="en" xlink:role="http://www.eurofiling.info/xbrl/role/rc-code">400</label:label>
    <gen:arc xlink:type="arc" xlink:arcrole="http://xbrl.org/arcrole/2008/element-label" xlink:from="loc_eba_c19564" xlink:to="label_eba_c19564" />
    <link:loc xlink:type="locator" xlink:href="c_05.01-rend.xml#eba_c19565" xlink:label="loc_eba_c19565" />
    <label:label xlink:type="resource" xlink:label="label_eba_c19565" xml:lang="en" xlink:role="http://www.eurofiling.info/xbrl/role/rc-code">410</label:label>
    <gen:arc xlink:type="arc" xlink:arcrole="http://xbrl.org/arcrole/2008/element-label" xlink:from="loc_eba_c19565" xlink:to="label_eba_c19565" />
    <link:loc xlink:type="locator" xlink:href="c_05.01-rend.xml#eba_c19566" xlink:label="loc_eba_c19566" />
    <label:label xlink:type="resource" xlink:label="label_eba_c19566" xml:lang="en" xlink:role="http://www.eurofiling.info/xbrl/role/rc-code">420</label:label>
    <gen:arc xlink:type="arc" xlink:arcrole="http://xbrl.org/arcrole/2008/element-label" xlink:from="loc_eba_c19566" xlink:to="label_eba_c19566" />
    <link:loc xlink:type="locator" xlink:href="c_05.01-rend.xml#eba_c19567" xlink:label="loc_eba_c19567" />
    <label:label xlink:type="resource" xlink:label="label_eba_c19567" xml:lang="en" xlink:role="http://www.eurofiling.info/xbrl/role/rc-code">425</label:label>
    <gen:arc xlink:type="arc" xlink:arcrole="http://xbrl.org/arcrole/2008/element-label" xlink:from="loc_eba_c19567" xlink:to="label_eba_c19567" />
    <link:loc xlink:type="locator" xlink:href="c_05.01-rend.xml#eba_c19568" xlink:label="loc_eba_c19568" />
    <label:label xlink:type="resource" xlink:label="label_eba_c19568" xml:lang="en" xlink:role="http://www.eurofiling.info/xbrl/role/rc-code">430</label:label>
    <gen:arc xlink:type="arc" xlink:arcrole="http://xbrl.org/arcrole/2008/element-label" xlink:from="loc_eba_c19568" xlink:to="label_eba_c19568" />
    <label:label xlink:type="resource" xlink:label="label_eba_tC_05.01_1" xml:lang="en" xlink:role="http://www.eurofiling.info/xbrl/role/filing-indicator-code">C_05.01</label:label>
    <gen:arc xlink:type="arc" xlink:arcrole="http://xbrl.org/arcrole/2008/element-label" xlink:from="loc_eba_tC_05.01" xlink:to="label_eba_tC_05.01_1" />
    <label:label xlink:type="resource" xlink:label="label_eba_tC_05.01_2" xml:lang="en" xlink:role="http://www.eba.europa.eu/xbrl/role/dpm-db-id">78</label:label>
    <gen:arc xlink:type="arc" xlink:arcrole="http://xbrl.org/arcrole/2008/element-label" xlink:from="loc_eba_tC_05.01" xlink:to="label_eba_tC_05.01_2" />
    <label:label xlink:type="resource" xlink:label="label_eba_c19505_1" xml:lang="en" xlink:role="http://www.eba.europa.eu/xbrl/role/dpm-db-id">19505</label:label>
    <gen:arc xlink:type="arc" xlink:arcrole="http://xbrl.org/arcrole/2008/element-label" xlink:from="loc_eba_c19505" xlink:to="label_eba_c19505_1" />
    <label:label xlink:type="resource" xlink:label="label_eba_c19506_1" xml:lang="en" xlink:role="http://www.eba.europa.eu/xbrl/role/dpm-db-id">19506</label:label>
    <gen:arc xlink:type="arc" xlink:arcrole="http://xbrl.org/arcrole/2008/element-label" xlink:from="loc_eba_c19506" xlink:to="label_eba_c19506_1" />
    <label:label xlink:type="resource" xlink:label="label_eba_c19507_1" xml:lang="en" xlink:role="http://www.eba.europa.eu/xbrl/role/dpm-db-id">19507</label:label>
    <gen:arc xlink:type="arc" xlink:arcrole="http://xbrl.org/arcrole/2008/element-label" xlink:from="loc_eba_c19507" xlink:to="label_eba_c19507_1" />
    <label:label xlink:type="resource" xlink:label="label_eba_c19508_1" xml:lang="en" xlink:role="http://www.eba.europa.eu/xbrl/role/dpm-db-id">19508</label:label>
    <gen:arc xlink:type="arc" xlink:arcrole="http://xbrl.org/arcrole/2008/element-label" xlink:from="loc_eba_c19508" xlink:to="label_eba_c19508_1" />
    <label:label xlink:type="resource" xlink:label="label_eba_c19509_1" xml:lang="en" xlink:role="http://www.eba.europa.eu/xbrl/role/dpm-db-id">19509</label:label>
    <gen:arc xlink:type="arc" xlink:arcrole="http://xbrl.org/arcrole/2008/element-label" xlink:from="loc_eba_c19509" xlink:to="label_eba_c19509_1" />
    <label:label xlink:type="resource" xlink:label="label_eba_c19510_1" xml:lang="en" xlink:role="http://www.eba.europa.eu/xbrl/role/dpm-db-id">19510</label:label>
    <gen:arc xlink:type="arc" xlink:arcrole="http://xbrl.org/arcrole/2008/element-label" xlink:from="loc_eba_c19510" xlink:to="label_eba_c19510_1" />
    <label:label xlink:type="resource" xlink:label="label_eba_c19511_1" xml:lang="en" xlink:role="http://www.eba.europa.eu/xbrl/role/dpm-db-id">19511</label:label>
    <gen:arc xlink:type="arc" xlink:arcrole="http://xbrl.org/arcrole/2008/element-label" xlink:from="loc_eba_c19511" xlink:to="label_eba_c19511_1" />
    <label:label xlink:type="resource" xlink:label="label_eba_c19512_1" xml:lang="en" xlink:role="http://www.eba.europa.eu/xbrl/role/dpm-db-id">19512</label:label>
    <gen:arc xlink:type="arc" xlink:arcrole="http://xbrl.org/arcrole/2008/element-label" xlink:from="loc_eba_c19512" xlink:to="label_eba_c19512_1" />
    <label:label xlink:type="resource" xlink:label="label_eba_c19513_1" xml:lang="en" xlink:role="http://www.eba.europa.eu/xbrl/role/dpm-db-id">19513</label:label>
    <gen:arc xlink:type="arc" xlink:arcrole="http://xbrl.org/arcrole/2008/element-label" xlink:from="loc_eba_c19513" xlink:to="label_eba_c19513_1" />
    <label:label xlink:type="resource" xlink:label="label_eba_c19514_1" xml:lang="en" xlink:role="http://www.eba.europa.eu/xbrl/role/dpm-db-id">19514</label:label>
    <gen:arc xlink:type="arc" xlink:arcrole="http://xbrl.org/arcrole/2008/element-label" xlink:from="loc_eba_c19514" xlink:to="label_eba_c19514_1" />
    <label:label xlink:type="resource" xlink:label="label_eba_c19515_1" xml:lang="en" xlink:role="http://www.eba.europa.eu/xbrl/role/dpm-db-id">19515</label:label>
    <gen:arc xlink:type="arc" xlink:arcrole="http://xbrl.org/arcrole/2008/element-label" xlink:from="loc_eba_c19515" xlink:to="label_eba_c19515_1" />
    <label:label xlink:type="resource" xlink:label="label_eba_c19516_1" xml:lang="en" xlink:role="http://www.eba.europa.eu/xbrl/role/dpm-db-id">19516</label:label>
    <gen:arc xlink:type="arc" xlink:arcrole="http://xbrl.org/arcrole/2008/element-label" xlink:from="loc_eba_c19516" xlink:to="label_eba_c19516_1" />
    <label:label xlink:type="resource" xlink:label="label_eba_c19517_1" xml:lang="en" xlink:role="http://www.eba.europa.eu/xbrl/role/dpm-db-id">19517</label:label>
    <gen:arc xlink:type="arc" xlink:arcrole="http://xbrl.org/arcrole/2008/element-label" xlink:from="loc_eba_c19517" xlink:to="label_eba_c19517_1" />
    <label:label xlink:type="resource" xlink:label="label_eba_c19518_1" xml:lang="en" xlink:role="http://www.eba.europa.eu/xbrl/role/dpm-db-id">19518</label:label>
    <gen:arc xlink:type="arc" xlink:arcrole="http://xbrl.org/arcrole/2008/element-label" xlink:from="loc_eba_c19518" xlink:to="label_eba_c19518_1" />
    <label:label xlink:type="resource" xlink:label="label_eba_c19519_1" xml:lang="en" xlink:role="http://www.eba.europa.eu/xbrl/role/dpm-db-id">19519</label:label>
    <gen:arc xlink:type="arc" xlink:arcrole="http://xbrl.org/arcrole/2008/element-label" xlink:from="loc_eba_c19519" xlink:to="label_eba_c19519_1" />
    <label:label xlink:type="resource" xlink:label="label_eba_c19520_1" xml:lang="en" xlink:role="http://www.eba.europa.eu/xbrl/role/dpm-db-id">19520</label:label>
    <gen:arc xlink:type="arc" xlink:arcrole="http://xbrl.org/arcrole/2008/element-label" xlink:from="loc_eba_c19520" xlink:to="label_eba_c19520_1" />
    <label:label xlink:type="resource" xlink:label="label_eba_c19521_1" xml:lang="en" xlink:role="http://www.eba.europa.eu/xbrl/role/dpm-db-id">19521</label:label>
    <gen:arc xlink:type="arc" xlink:arcrole="http://xbrl.org/arcrole/2008/element-label" xlink:from="loc_eba_c19521" xlink:to="label_eba_c19521_1" />
    <label:label xlink:type="resource" xlink:label="label_eba_c19522_1" xml:lang="en" xlink:role="http://www.eba.europa.eu/xbrl/role/dpm-db-id">19522</label:label>
    <gen:arc xlink:type="arc" xlink:arcrole="http://xbrl.org/arcrole/2008/element-label" xlink:from="loc_eba_c19522" xlink:to="label_eba_c19522_1" />
    <label:label xlink:type="resource" xlink:label="label_eba_c19523_1" xml:lang="en" xlink:role="http://www.eba.europa.eu/xbrl/role/dpm-db-id">19523</label:label>
    <gen:arc xlink:type="arc" xlink:arcrole="http://xbrl.org/arcrole/2008/element-label" xlink:from="loc_eba_c19523" xlink:to="label_eba_c19523_1" />
    <label:label xlink:type="resource" xlink:label="label_eba_c19524_1" xml:lang="en" xlink:role="http://www.eba.europa.eu/xbrl/role/dpm-db-id">19524</label:label>
    <gen:arc xlink:type="arc" xlink:arcrole="http://xbrl.org/arcrole/2008/element-label" xlink:from="loc_eba_c19524" xlink:to="label_eba_c19524_1" />
    <label:label xlink:type="resource" xlink:label="label_eba_c19525_1" xml:lang="en" xlink:role="http://www.eba.europa.eu/xbrl/role/dpm-db-id">19525</label:label>
    <gen:arc xlink:type="arc" xlink:arcrole="http://xbrl.org/arcrole/2008/element-label" xlink:from="loc_eba_c19525" xlink:to="label_eba_c19525_1" />
    <label:label xlink:type="resource" xlink:label="label_eba_c19526_1" xml:lang="en" xlink:role="http://www.eba.europa.eu/xbrl/role/dpm-db-id">19526</label:label>
    <gen:arc xlink:type="arc" xlink:arcrole="http://xbrl.org/arcrole/2008/element-label" xlink:from="loc_eba_c19526" xlink:to="label_eba_c19526_1" />
    <label:label xlink:type="resource" xlink:label="label_eba_c19527_1" xml:lang="en" xlink:role="http://www.eba.europa.eu/xbrl/role/dpm-db-id">19527</label:label>
    <gen:arc xlink:type="arc" xlink:arcrole="http://xbrl.org/arcrole/2008/element-label" xlink:from="loc_eba_c19527" xlink:to="label_eba_c19527_1" />
    <label:label xlink:type="resource" xlink:label="label_eba_c19528_1" xml:lang="en" xlink:role="http://www.eba.europa.eu/xbrl/role/dpm-db-id">19528</label:label>
    <gen:arc xlink:type="arc" xlink:arcrole="http://xbrl.org/arcrole/2008/element-label" xlink:from="loc_eba_c19528" xlink:to="label_eba_c19528_1" />
    <label:label xlink:type="resource" xlink:label="label_eba_c19529_1" xml:lang="en" xlink:role="http://www.eba.europa.eu/xbrl/role/dpm-db-id">19529</label:label>
    <gen:arc xlink:type="arc" xlink:arcrole="http://xbrl.org/arcrole/2008/element-label" xlink:from="loc_eba_c19529" xlink:to="label_eba_c19529_1" />
    <label:label xlink:type="resource" xlink:label="label_eba_c19530_1" xml:lang="en" xlink:role="http://www.eba.europa.eu/xbrl/role/dpm-db-id">19530</label:label>
    <gen:arc xlink:type="arc" xlink:arcrole="http://xbrl.org/arcrole/2008/element-label" xlink:from="loc_eba_c19530" xlink:to="label_eba_c19530_1" />
    <label:label xlink:type="resource" xlink:label="label_eba_c19531_1" xml:lang="en" xlink:role="http://www.eba.europa.eu/xbrl/role/dpm-db-id">19531</label:label>
    <gen:arc xlink:type="arc" xlink:arcrole="http://xbrl.org/arcrole/2008/element-label" xlink:from="loc_eba_c19531" xlink:to="label_eba_c19531_1" />
    <label:label xlink:type="resource" xlink:label="label_eba_c19532_1" xml:lang="en" xlink:role="http://www.eba.europa.eu/xbrl/role/dpm-db-id">19532</label:label>
    <gen:arc xlink:type="arc" xlink:arcrole="http://xbrl.org/arcrole/2008/element-label" xlink:from="loc_eba_c19532" xlink:to="label_eba_c19532_1" />
    <label:label xlink:type="resource" xlink:label="label_eba_c19533_1" xml:lang="en" xlink:role="http://www.eba.europa.eu/xbrl/role/dpm-db-id">19533</label:label>
    <gen:arc xlink:type="arc" xlink:arcrole="http://xbrl.org/arcrole/2008/element-label" xlink:from="loc_eba_c19533" xlink:to="label_eba_c19533_1" />
    <label:label xlink:type="resource" xlink:label="label_eba_c19534_1" xml:lang="en" xlink:role="http://www.eba.europa.eu/xbrl/role/dpm-db-id">19534</label:label>
    <gen:arc xlink:type="arc" xlink:arcrole="http://xbrl.org/arcrole/2008/element-label" xlink:from="loc_eba_c19534" xlink:to="label_eba_c19534_1" />
    <label:label xlink:type="resource" xlink:label="label_eba_c19535_1" xml:lang="en" xlink:role="http://www.eba.europa.eu/xbrl/role/dpm-db-id">19535</label:label>
    <gen:arc xlink:type="arc" xlink:arcrole="http://xbrl.org/arcrole/2008/element-label" xlink:from="loc_eba_c19535" xlink:to="label_eba_c19535_1" />
    <label:label xlink:type="resource" xlink:label="label_eba_c19536_1" xml:lang="en" xlink:role="http://www.eba.europa.eu/xbrl/role/dpm-db-id">19536</label:label>
    <gen:arc xlink:type="arc" xlink:arcrole="http://xbrl.org/arcrole/2008/element-label" xlink:from="loc_eba_c19536" xlink:to="label_eba_c19536_1" />
    <label:label xlink:type="resource" xlink:label="label_eba_c19537_1" xml:lang="en" xlink:role="http://www.eba.europa.eu/xbrl/role/dpm-db-id">19537</label:label>
    <gen:arc xlink:type="arc" xlink:arcrole="http://xbrl.org/arcrole/2008/element-label" xlink:from="loc_eba_c19537" xlink:to="label_eba_c19537_1" />
    <label:label xlink:type="resource" xlink:label="label_eba_c19538_1" xml:lang="en" xlink:role="http://www.eba.europa.eu/xbrl/role/dpm-db-id">19538</label:label>
    <gen:arc xlink:type="arc" xlink:arcrole="http://xbrl.org/arcrole/2008/element-label" xlink:from="loc_eba_c19538" xlink:to="label_eba_c19538_1" />
    <label:label xlink:type="resource" xlink:label="label_eba_c19539_1" xml:lang="en" xlink:role="http://www.eba.europa.eu/xbrl/role/dpm-db-id">19539</label:label>
    <gen:arc xlink:type="arc" xlink:arcrole="http://xbrl.org/arcrole/2008/element-label" xlink:from="loc_eba_c19539" xlink:to="label_eba_c19539_1" />
    <label:label xlink:type="resource" xlink:label="label_eba_c19540_1" xml:lang="en" xlink:role="http://www.eba.europa.eu/xbrl/role/dpm-db-id">19540</label:label>
    <gen:arc xlink:type="arc" xlink:arcrole="http://xbrl.org/arcrole/2008/element-label" xlink:from="loc_eba_c19540" xlink:to="label_eba_c19540_1" />
    <label:label xlink:type="resource" xlink:label="label_eba_c19541_1" xml:lang="en" xlink:role="http://www.eba.europa.eu/xbrl/role/dpm-db-id">19541</label:label>
    <gen:arc xlink:type="arc" xlink:arcrole="http://xbrl.org/arcrole/2008/element-label" xlink:from="loc_eba_c19541" xlink:to="label_eba_c19541_1" />
    <label:label xlink:type="resource" xlink:label="label_eba_c19542_1" xml:lang="en" xlink:role="http://www.eba.europa.eu/xbrl/role/dpm-db-id">19542</label:label>
    <gen:arc xlink:type="arc" xlink:arcrole="http://xbrl.org/arcrole/2008/element-label" xlink:from="loc_eba_c19542" xlink:to="label_eba_c19542_1" />
    <label:label xlink:type="resource" xlink:label="label_eba_c19543_1" xml:lang="en" xlink:role="http://www.eba.europa.eu/xbrl/role/dpm-db-id">19543</label:label>
    <gen:arc xlink:type="arc" xlink:arcrole="http://xbrl.org/arcrole/2008/element-label" xlink:from="loc_eba_c19543" xlink:to="label_eba_c19543_1" />
    <label:label xlink:type="resource" xlink:label="label_eba_c19544_1" xml:lang="en" xlink:role="http://www.eba.europa.eu/xbrl/role/dpm-db-id">19544</label:label>
    <gen:arc xlink:type="arc" xlink:arcrole="http://xbrl.org/arcrole/2008/element-label" xlink:from="loc_eba_c19544" xlink:to="label_eba_c19544_1" />
    <label:label xlink:type="resource" xlink:label="label_eba_c19545_1" xml:lang="en" xlink:role="http://www.eba.europa.eu/xbrl/role/dpm-db-id">19545</label:label>
    <gen:arc xlink:type="arc" xlink:arcrole="http://xbrl.org/arcrole/2008/element-label" xlink:from="loc_eba_c19545" xlink:to="label_eba_c19545_1" />
    <label:label xlink:type="resource" xlink:label="label_eba_c19546_1" xml:lang="en" xlink:role="http://www.eba.europa.eu/xbrl/role/dpm-db-id">19546</label:label>
    <gen:arc xlink:type="arc" xlink:arcrole="http://xbrl.org/arcrole/2008/element-label" xlink:from="loc_eba_c19546" xlink:to="label_eba_c19546_1" />
    <label:label xlink:type="resource" xlink:label="label_eba_c19547_1" xml:lang="en" xlink:role="http://www.eba.europa.eu/xbrl/role/dpm-db-id">19547</label:label>
    <gen:arc xlink:type="arc" xlink:arcrole="http://xbrl.org/arcrole/2008/element-label" xlink:from="loc_eba_c19547" xlink:to="label_eba_c19547_1" />
    <label:label xlink:type="resource" xlink:label="label_eba_c19548_1" xml:lang="en" xlink:role="http://www.eba.europa.eu/xbrl/role/dpm-db-id">19548</label:label>
    <gen:arc xlink:type="arc" xlink:arcrole="http://xbrl.org/arcrole/2008/element-label" xlink:from="loc_eba_c19548" xlink:to="label_eba_c19548_1" />
    <label:label xlink:type="resource" xlink:label="label_eba_c19549_1" xml:lang="en" xlink:role="http://www.eba.europa.eu/xbrl/role/dpm-db-id">19549</label:label>
    <gen:arc xlink:type="arc" xlink:arcrole="http://xbrl.org/arcrole/2008/element-label" xlink:from="loc_eba_c19549" xlink:to="label_eba_c19549_1" />
    <label:label xlink:type="resource" xlink:label="label_eba_c19550_1" xml:lang="en" xlink:role="http://www.eba.europa.eu/xbrl/role/dpm-db-id">19550</label:label>
    <gen:arc xlink:type="arc" xlink:arcrole="http://xbrl.org/arcrole/2008/element-label" xlink:from="loc_eba_c19550" xlink:to="label_eba_c19550_1" />
    <label:label xlink:type="resource" xlink:label="label_eba_c19551_1" xml:lang="en" xlink:role="http://www.eba.europa.eu/xbrl/role/dpm-db-id">19551</label:label>
    <gen:arc xlink:type="arc" xlink:arcrole="http://xbrl.org/arcrole/2008/element-label" xlink:from="loc_eba_c19551" xlink:to="label_eba_c19551_1" />
    <label:label xlink:type="resource" xlink:label="label_eba_c19552_1" xml:lang="en" xlink:role="http://www.eba.europa.eu/xbrl/role/dpm-db-id">19552</label:label>
    <gen:arc xlink:type="arc" xlink:arcrole="http://xbrl.org/arcrole/2008/element-label" xlink:from="loc_eba_c19552" xlink:to="label_eba_c19552_1" />
    <label:label xlink:type="resource" xlink:label="label_eba_c19553_1" xml:lang="en" xlink:role="http://www.eba.europa.eu/xbrl/role/dpm-db-id">19553</label:label>
    <gen:arc xlink:type="arc" xlink:arcrole="http://xbrl.org/arcrole/2008/element-label" xlink:from="loc_eba_c19553" xlink:to="label_eba_c19553_1" />
    <label:label xlink:type="resource" xlink:label="label_eba_c19554_1" xml:lang="en" xlink:role="http://www.eba.europa.eu/xbrl/role/dpm-db-id">19554</label:label>
    <gen:arc xlink:type="arc" xlink:arcrole="http://xbrl.org/arcrole/2008/element-label" xlink:from="loc_eba_c19554" xlink:to="label_eba_c19554_1" />
    <label:label xlink:type="resource" xlink:label="label_eba_c19555_1" xml:lang="en" xlink:role="http://www.eba.europa.eu/xbrl/role/dpm-db-id">19555</label:label>
    <gen:arc xlink:type="arc" xlink:arcrole="http://xbrl.org/arcrole/2008/element-label" xlink:from="loc_eba_c19555" xlink:to="label_eba_c19555_1" />
    <label:label xlink:type="resource" xlink:label="label_eba_c19556_1" xml:lang="en" xlink:role="http://www.eba.europa.eu/xbrl/role/dpm-db-id">19556</label:label>
    <gen:arc xlink:type="arc" xlink:arcrole="http://xbrl.org/arcrole/2008/element-label" xlink:from="loc_eba_c19556" xlink:to="label_eba_c19556_1" />
    <label:label xlink:type="resource" xlink:label="label_eba_c19557_1" xml:lang="en" xlink:role="http://www.eba.europa.eu/xbrl/role/dpm-db-id">19557</label:label>
    <gen:arc xlink:type="arc" xlink:arcrole="http://xbrl.org/arcrole/2008/element-label" xlink:from="loc_eba_c19557" xlink:to="label_eba_c19557_1" />
    <label:label xlink:type="resource" xlink:label="label_eba_c19558_1" xml:lang="en" xlink:role="http://www.eba.europa.eu/xbrl/role/dpm-db-id">19558</label:label>
    <gen:arc xlink:type="arc" xlink:arcrole="http://xbrl.org/arcrole/2008/element-label" xlink:from="loc_eba_c19558" xlink:to="label_eba_c19558_1" />
    <label:label xlink:type="resource" xlink:label="label_eba_c19559_1" xml:lang="en" xlink:role="http://www.eba.europa.eu/xbrl/role/dpm-db-id">19559</label:label>
    <gen:arc xlink:type="arc" xlink:arcrole="http://xbrl.org/arcrole/2008/element-label" xlink:from="loc_eba_c19559" xlink:to="label_eba_c19559_1" />
    <label:label xlink:type="resource" xlink:label="label_eba_c19560_1" xml:lang="en" xlink:role="http://www.eba.europa.eu/xbrl/role/dpm-db-id">19560</label:label>
    <gen:arc xlink:type="arc" xlink:arcrole="http://xbrl.org/arcrole/2008/element-label" xlink:from="loc_eba_c19560" xlink:to="label_eba_c19560_1" />
    <label:label xlink:type="resource" xlink:label="label_eba_c19561_1" xml:lang="en" xlink:role="http://www.eba.europa.eu/xbrl/role/dpm-db-id">19561</label:label>
    <gen:arc xlink:type="arc" xlink:arcrole="http://xbrl.org/arcrole/2008/element-label" xlink:from="loc_eba_c19561" xlink:to="label_eba_c19561_1" />
    <label:label xlink:type="resource" xlink:label="label_eba_c19562_1" xml:lang="en" xlink:role="http://www.eba.europa.eu/xbrl/role/dpm-db-id">19562</label:label>
    <gen:arc xlink:type="arc" xlink:arcrole="http://xbrl.org/arcrole/2008/element-label" xlink:from="loc_eba_c19562" xlink:to="label_eba_c19562_1" />
    <label:label xlink:type="resource" xlink:label="label_eba_c19563_1" xml:lang="en" xlink:role="http://www.eba.europa.eu/xbrl/role/dpm-db-id">19563</label:label>
    <gen:arc xlink:type="arc" xlink:arcrole="http://xbrl.org/arcrole/2008/element-label" xlink:from="loc_eba_c19563" xlink:to="label_eba_c19563_1" />
    <label:label xlink:type="resource" xlink:label="label_eba_c19564_1" xml:lang="en" xlink:role="http://www.eba.europa.eu/xbrl/role/dpm-db-id">19564</label:label>
    <gen:arc xlink:type="arc" xlink:arcrole="http://xbrl.org/arcrole/2008/element-label" xlink:from="loc_eba_c19564" xlink:to="label_eba_c19564_1" />
    <label:label xlink:type="resource" xlink:label="label_eba_c19565_1" xml:lang="en" xlink:role="http://www.eba.europa.eu/xbrl/role/dpm-db-id">19565</label:label>
    <gen:arc xlink:type="arc" xlink:arcrole="http://xbrl.org/arcrole/2008/element-label" xlink:from="loc_eba_c19565" xlink:to="label_eba_c19565_1" />
    <label:label xlink:type="resource" xlink:label="label_eba_c19566_1" xml:lang="en" xlink:role="http://www.eba.europa.eu/xbrl/role/dpm-db-id">19566</label:label>
    <gen:arc xlink:type="arc" xlink:arcrole="http://xbrl.org/arcrole/2008/element-label" xlink:from="loc_eba_c19566" xlink:to="label_eba_c19566_1" />
    <label:label xlink:type="resource" xlink:label="label_eba_c19567_1" xml:lang="en" xlink:role="http://www.eba.europa.eu/xbrl/role/dpm-db-id">19567</label:label>
    <gen:arc xlink:type="arc" xlink:arcrole="http://xbrl.org/arcrole/2008/element-label" xlink:from="loc_eba_c19567" xlink:to="label_eba_c19567_1" />
    <label:label xlink:type="resource" xlink:label="label_eba_c19568_1" xml:lang="en" xlink:role="http://www.eba.europa.eu/xbrl/role/dpm-db-id">19568</label:label>
    <gen:arc xlink:type="arc" xlink:arcrole="http://xbrl.org/arcrole/2008/element-label" xlink:from="loc_eba_c19568" xlink:to="label_eba_c19568_1" />
  </gen:link>
</link:linkbase>