﻿<?xml version="1.0" encoding="utf-8"?>
<?taxonomy-version 2.0.1?>
<!--(C) EBA-->
<link:linkbase xmlns:xsi="http://www.w3.org/2001/XMLSchema-instance" xmlns:xlink="http://www.w3.org/1999/xlink" xmlns:link="http://www.xbrl.org/2003/linkbase" xmlns:gen="http://xbrl.org/2008/generic" xmlns:label="http://xbrl.org/2008/label" xsi:schemaLocation="http://www.xbrl.org/2003/linkbase http://www.xbrl.org/2003/xbrl-linkbase-2003-12-31.xsd http://xbrl.org/2008/generic http://www.xbrl.org/2008/generic-link.xsd http://xbrl.org/2008/label http://www.xbrl.org/2008/generic-label.xsd">
  <link:arcroleRef arcroleURI="http://xbrl.org/arcrole/2008/element-label" xlink:type="simple" xlink:href="http://www.xbrl.org/2008/generic-label.xsd#element-label" />
  <link:roleRef roleURI="http://www.eba.europa.eu/xbrl/role/dpm-db-id" xlink:type="simple" xlink:href="http://www.eba.europa.eu/eu/fr/xbrl/ext/model.xsd#dpm-db-id" />
  <link:roleRef roleURI="http://www.eurofiling.info/xbrl/role/filing-indicator-code" xlink:type="simple" xlink:href="http://www.eurofiling.info/eu/fr/xbrl/ext/model.xsd#filing-indicator-code" />
  <link:roleRef roleURI="http://www.eurofiling.info/xbrl/role/rc-code" xlink:type="simple" xlink:href="http://www.eurofiling.info/eu/fr/xbrl/ext/model.xsd#rc-code" />
  <gen:link xlink:type="extended" xlink:role="http://www.xbrl.org/2003/role/link">
    <link:loc xlink:type="locator" xlink:href="c_14.00-rend.xml#eba_tC_14.00" xlink:label="loc_eba_tC_14.00" />
    <label:label xlink:type="resource" xlink:label="label_eba_tC_14.00" xml:lang="en" xlink:role="http://www.eurofiling.info/xbrl/role/rc-code">C 14.00</label:label>
    <gen:arc xlink:type="arc" xlink:arcrole="http://xbrl.org/arcrole/2008/element-label" xlink:from="loc_eba_tC_14.00" xlink:to="label_eba_tC_14.00" />
    <link:loc xlink:type="locator" xlink:href="c_14.00-rend.xml#eba_c20363" xlink:label="loc_eba_c20363" />
    <label:label xlink:type="resource" xlink:label="label_eba_c20363" xml:lang="en" xlink:role="http://www.eurofiling.info/xbrl/role/rc-code">010</label:label>
    <gen:arc xlink:type="arc" xlink:arcrole="http://xbrl.org/arcrole/2008/element-label" xlink:from="loc_eba_c20363" xlink:to="label_eba_c20363" />
    <link:loc xlink:type="locator" xlink:href="c_14.00-rend.xml#eba_c20364" xlink:label="loc_eba_c20364" />
    <label:label xlink:type="resource" xlink:label="label_eba_c20364" xml:lang="en" xlink:role="http://www.eurofiling.info/xbrl/role/rc-code">020</label:label>
    <gen:arc xlink:type="arc" xlink:arcrole="http://xbrl.org/arcrole/2008/element-label" xlink:from="loc_eba_c20364" xlink:to="label_eba_c20364" />
    <link:loc xlink:type="locator" xlink:href="c_14.00-rend.xml#eba_c20365" xlink:label="loc_eba_c20365" />
    <label:label xlink:type="resource" xlink:label="label_eba_c20365" xml:lang="en" xlink:role="http://www.eurofiling.info/xbrl/role/rc-code">030</label:label>
    <gen:arc xlink:type="arc" xlink:arcrole="http://xbrl.org/arcrole/2008/element-label" xlink:from="loc_eba_c20365" xlink:to="label_eba_c20365" />
    <link:loc xlink:type="locator" xlink:href="c_14.00-rend.xml#eba_c20366" xlink:label="loc_eba_c20366" />
    <label:label xlink:type="resource" xlink:label="label_eba_c20366" xml:lang="en" xlink:role="http://www.eurofiling.info/xbrl/role/rc-code">040</label:label>
    <gen:arc xlink:type="arc" xlink:arcrole="http://xbrl.org/arcrole/2008/element-label" xlink:from="loc_eba_c20366" xlink:to="label_eba_c20366" />
    <link:loc xlink:type="locator" xlink:href="c_14.00-rend.xml#eba_c20367" xlink:label="loc_eba_c20367" />
    <label:label xlink:type="resource" xlink:label="label_eba_c20367" xml:lang="en" xlink:role="http://www.eurofiling.info/xbrl/role/rc-code">050</label:label>
    <gen:arc xlink:type="arc" xlink:arcrole="http://xbrl.org/arcrole/2008/element-label" xlink:from="loc_eba_c20367" xlink:to="label_eba_c20367" />
    <link:loc xlink:type="locator" xlink:href="c_14.00-rend.xml#eba_c20368" xlink:label="loc_eba_c20368" />
    <label:label xlink:type="resource" xlink:label="label_eba_c20368" xml:lang="en" xlink:role="http://www.eurofiling.info/xbrl/role/rc-code">060</label:label>
    <gen:arc xlink:type="arc" xlink:arcrole="http://xbrl.org/arcrole/2008/element-label" xlink:from="loc_eba_c20368" xlink:to="label_eba_c20368" />
    <link:loc xlink:type="locator" xlink:href="c_14.00-rend.xml#eba_c20369" xlink:label="loc_eba_c20369" />
    <label:label xlink:type="resource" xlink:label="label_eba_c20369" xml:lang="en" xlink:role="http://www.eurofiling.info/xbrl/role/rc-code">070</label:label>
    <gen:arc xlink:type="arc" xlink:arcrole="http://xbrl.org/arcrole/2008/element-label" xlink:from="loc_eba_c20369" xlink:to="label_eba_c20369" />
    <link:loc xlink:type="locator" xlink:href="c_14.00-rend.xml#eba_c20370" xlink:label="loc_eba_c20370" />
    <label:label xlink:type="resource" xlink:label="label_eba_c20370" xml:lang="en" xlink:role="http://www.eurofiling.info/xbrl/role/rc-code">079</label:label>
    <gen:arc xlink:type="arc" xlink:arcrole="http://xbrl.org/arcrole/2008/element-label" xlink:from="loc_eba_c20370" xlink:to="label_eba_c20370" />
    <link:loc xlink:type="locator" xlink:href="c_14.00-rend.xml#eba_c20371" xlink:label="loc_eba_c20371" />
    <label:label xlink:type="resource" xlink:label="label_eba_c20371" xml:lang="en" xlink:role="http://www.eurofiling.info/xbrl/role/rc-code">080</label:label>
    <gen:arc xlink:type="arc" xlink:arcrole="http://xbrl.org/arcrole/2008/element-label" xlink:from="loc_eba_c20371" xlink:to="label_eba_c20371" />
    <link:loc xlink:type="locator" xlink:href="c_14.00-rend.xml#eba_c20372" xlink:label="loc_eba_c20372" />
    <label:label xlink:type="resource" xlink:label="label_eba_c20372" xml:lang="en" xlink:role="http://www.eurofiling.info/xbrl/role/rc-code">090</label:label>
    <gen:arc xlink:type="arc" xlink:arcrole="http://xbrl.org/arcrole/2008/element-label" xlink:from="loc_eba_c20372" xlink:to="label_eba_c20372" />
    <link:loc xlink:type="locator" xlink:href="c_14.00-rend.xml#eba_c20373" xlink:label="loc_eba_c20373" />
    <label:label xlink:type="resource" xlink:label="label_eba_c20373" xml:lang="en" xlink:role="http://www.eurofiling.info/xbrl/role/rc-code">100</label:label>
    <gen:arc xlink:type="arc" xlink:arcrole="http://xbrl.org/arcrole/2008/element-label" xlink:from="loc_eba_c20373" xlink:to="label_eba_c20373" />
    <link:loc xlink:type="locator" xlink:href="c_14.00-rend.xml#eba_c20374" xlink:label="loc_eba_c20374" />
    <label:label xlink:type="resource" xlink:label="label_eba_c20374" xml:lang="en" xlink:role="http://www.eurofiling.info/xbrl/role/rc-code">110</label:label>
    <gen:arc xlink:type="arc" xlink:arcrole="http://xbrl.org/arcrole/2008/element-label" xlink:from="loc_eba_c20374" xlink:to="label_eba_c20374" />
    <link:loc xlink:type="locator" xlink:href="c_14.00-rend.xml#eba_c20375" xlink:label="loc_eba_c20375" />
    <label:label xlink:type="resource" xlink:label="label_eba_c20375" xml:lang="en" xlink:role="http://www.eurofiling.info/xbrl/role/rc-code">119</label:label>
    <gen:arc xlink:type="arc" xlink:arcrole="http://xbrl.org/arcrole/2008/element-label" xlink:from="loc_eba_c20375" xlink:to="label_eba_c20375" />
    <link:loc xlink:type="locator" xlink:href="c_14.00-rend.xml#eba_c20376" xlink:label="loc_eba_c20376" />
    <label:label xlink:type="resource" xlink:label="label_eba_c20376" xml:lang="en" xlink:role="http://www.eurofiling.info/xbrl/role/rc-code">120</label:label>
    <gen:arc xlink:type="arc" xlink:arcrole="http://xbrl.org/arcrole/2008/element-label" xlink:from="loc_eba_c20376" xlink:to="label_eba_c20376" />
    <link:loc xlink:type="locator" xlink:href="c_14.00-rend.xml#eba_c20377" xlink:label="loc_eba_c20377" />
    <label:label xlink:type="resource" xlink:label="label_eba_c20377" xml:lang="en" xlink:role="http://www.eurofiling.info/xbrl/role/rc-code">130</label:label>
    <gen:arc xlink:type="arc" xlink:arcrole="http://xbrl.org/arcrole/2008/element-label" xlink:from="loc_eba_c20377" xlink:to="label_eba_c20377" />
    <link:loc xlink:type="locator" xlink:href="c_14.00-rend.xml#eba_c20378" xlink:label="loc_eba_c20378" />
    <label:label xlink:type="resource" xlink:label="label_eba_c20378" xml:lang="en" xlink:role="http://www.eurofiling.info/xbrl/role/rc-code">139</label:label>
    <gen:arc xlink:type="arc" xlink:arcrole="http://xbrl.org/arcrole/2008/element-label" xlink:from="loc_eba_c20378" xlink:to="label_eba_c20378" />
    <link:loc xlink:type="locator" xlink:href="c_14.00-rend.xml#eba_c20379" xlink:label="loc_eba_c20379" />
    <label:label xlink:type="resource" xlink:label="label_eba_c20379" xml:lang="en" xlink:role="http://www.eurofiling.info/xbrl/role/rc-code">140</label:label>
    <gen:arc xlink:type="arc" xlink:arcrole="http://xbrl.org/arcrole/2008/element-label" xlink:from="loc_eba_c20379" xlink:to="label_eba_c20379" />
    <link:loc xlink:type="locator" xlink:href="c_14.00-rend.xml#eba_c20380" xlink:label="loc_eba_c20380" />
    <label:label xlink:type="resource" xlink:label="label_eba_c20380" xml:lang="en" xlink:role="http://www.eurofiling.info/xbrl/role/rc-code">150</label:label>
    <gen:arc xlink:type="arc" xlink:arcrole="http://xbrl.org/arcrole/2008/element-label" xlink:from="loc_eba_c20380" xlink:to="label_eba_c20380" />
    <link:loc xlink:type="locator" xlink:href="c_14.00-rend.xml#eba_c20381" xlink:label="loc_eba_c20381" />
    <label:label xlink:type="resource" xlink:label="label_eba_c20381" xml:lang="en" xlink:role="http://www.eurofiling.info/xbrl/role/rc-code">160</label:label>
    <gen:arc xlink:type="arc" xlink:arcrole="http://xbrl.org/arcrole/2008/element-label" xlink:from="loc_eba_c20381" xlink:to="label_eba_c20381" />
    <link:loc xlink:type="locator" xlink:href="c_14.00-rend.xml#eba_c20382" xlink:label="loc_eba_c20382" />
    <label:label xlink:type="resource" xlink:label="label_eba_c20382" xml:lang="en" xlink:role="http://www.eurofiling.info/xbrl/role/rc-code">170</label:label>
    <gen:arc xlink:type="arc" xlink:arcrole="http://xbrl.org/arcrole/2008/element-label" xlink:from="loc_eba_c20382" xlink:to="label_eba_c20382" />
    <link:loc xlink:type="locator" xlink:href="c_14.00-rend.xml#eba_c20383" xlink:label="loc_eba_c20383" />
    <label:label xlink:type="resource" xlink:label="label_eba_c20383" xml:lang="en" xlink:role="http://www.eurofiling.info/xbrl/role/rc-code">180</label:label>
    <gen:arc xlink:type="arc" xlink:arcrole="http://xbrl.org/arcrole/2008/element-label" xlink:from="loc_eba_c20383" xlink:to="label_eba_c20383" />
    <link:loc xlink:type="locator" xlink:href="c_14.00-rend.xml#eba_c20384" xlink:label="loc_eba_c20384" />
    <label:label xlink:type="resource" xlink:label="label_eba_c20384" xml:lang="en" xlink:role="http://www.eurofiling.info/xbrl/role/rc-code">190</label:label>
    <gen:arc xlink:type="arc" xlink:arcrole="http://xbrl.org/arcrole/2008/element-label" xlink:from="loc_eba_c20384" xlink:to="label_eba_c20384" />
    <link:loc xlink:type="locator" xlink:href="c_14.00-rend.xml#eba_c20385" xlink:label="loc_eba_c20385" />
    <label:label xlink:type="resource" xlink:label="label_eba_c20385" xml:lang="en" xlink:role="http://www.eurofiling.info/xbrl/role/rc-code">200</label:label>
    <gen:arc xlink:type="arc" xlink:arcrole="http://xbrl.org/arcrole/2008/element-label" xlink:from="loc_eba_c20385" xlink:to="label_eba_c20385" />
    <link:loc xlink:type="locator" xlink:href="c_14.00-rend.xml#eba_c20386" xlink:label="loc_eba_c20386" />
    <label:label xlink:type="resource" xlink:label="label_eba_c20386" xml:lang="en" xlink:role="http://www.eurofiling.info/xbrl/role/rc-code">210</label:label>
    <gen:arc xlink:type="arc" xlink:arcrole="http://xbrl.org/arcrole/2008/element-label" xlink:from="loc_eba_c20386" xlink:to="label_eba_c20386" />
    <link:loc xlink:type="locator" xlink:href="c_14.00-rend.xml#eba_c20387" xlink:label="loc_eba_c20387" />
    <label:label xlink:type="resource" xlink:label="label_eba_c20387" xml:lang="en" xlink:role="http://www.eurofiling.info/xbrl/role/rc-code">220</label:label>
    <gen:arc xlink:type="arc" xlink:arcrole="http://xbrl.org/arcrole/2008/element-label" xlink:from="loc_eba_c20387" xlink:to="label_eba_c20387" />
    <link:loc xlink:type="locator" xlink:href="c_14.00-rend.xml#eba_c20388" xlink:label="loc_eba_c20388" />
    <label:label xlink:type="resource" xlink:label="label_eba_c20388" xml:lang="en" xlink:role="http://www.eurofiling.info/xbrl/role/rc-code">228</label:label>
    <gen:arc xlink:type="arc" xlink:arcrole="http://xbrl.org/arcrole/2008/element-label" xlink:from="loc_eba_c20388" xlink:to="label_eba_c20388" />
    <link:loc xlink:type="locator" xlink:href="c_14.00-rend.xml#eba_c20389" xlink:label="loc_eba_c20389" />
    <label:label xlink:type="resource" xlink:label="label_eba_c20389" xml:lang="en" xlink:role="http://www.eurofiling.info/xbrl/role/rc-code">229</label:label>
    <gen:arc xlink:type="arc" xlink:arcrole="http://xbrl.org/arcrole/2008/element-label" xlink:from="loc_eba_c20389" xlink:to="label_eba_c20389" />
    <link:loc xlink:type="locator" xlink:href="c_14.00-rend.xml#eba_c20390" xlink:label="loc_eba_c20390" />
    <label:label xlink:type="resource" xlink:label="label_eba_c20390" xml:lang="en" xlink:role="http://www.eurofiling.info/xbrl/role/rc-code">230</label:label>
    <gen:arc xlink:type="arc" xlink:arcrole="http://xbrl.org/arcrole/2008/element-label" xlink:from="loc_eba_c20390" xlink:to="label_eba_c20390" />
    <link:loc xlink:type="locator" xlink:href="c_14.00-rend.xml#eba_c20391" xlink:label="loc_eba_c20391" />
    <label:label xlink:type="resource" xlink:label="label_eba_c20391" xml:lang="en" xlink:role="http://www.eurofiling.info/xbrl/role/rc-code">240</label:label>
    <gen:arc xlink:type="arc" xlink:arcrole="http://xbrl.org/arcrole/2008/element-label" xlink:from="loc_eba_c20391" xlink:to="label_eba_c20391" />
    <link:loc xlink:type="locator" xlink:href="c_14.00-rend.xml#eba_c20392" xlink:label="loc_eba_c20392" />
    <label:label xlink:type="resource" xlink:label="label_eba_c20392" xml:lang="en" xlink:role="http://www.eurofiling.info/xbrl/role/rc-code">250</label:label>
    <gen:arc xlink:type="arc" xlink:arcrole="http://xbrl.org/arcrole/2008/element-label" xlink:from="loc_eba_c20392" xlink:to="label_eba_c20392" />
    <link:loc xlink:type="locator" xlink:href="c_14.00-rend.xml#eba_c20393" xlink:label="loc_eba_c20393" />
    <label:label xlink:type="resource" xlink:label="label_eba_c20393" xml:lang="en" xlink:role="http://www.eurofiling.info/xbrl/role/rc-code">259</label:label>
    <gen:arc xlink:type="arc" xlink:arcrole="http://xbrl.org/arcrole/2008/element-label" xlink:from="loc_eba_c20393" xlink:to="label_eba_c20393" />
    <link:loc xlink:type="locator" xlink:href="c_14.00-rend.xml#eba_c20394" xlink:label="loc_eba_c20394" />
    <label:label xlink:type="resource" xlink:label="label_eba_c20394" xml:lang="en" xlink:role="http://www.eurofiling.info/xbrl/role/rc-code">260</label:label>
    <gen:arc xlink:type="arc" xlink:arcrole="http://xbrl.org/arcrole/2008/element-label" xlink:from="loc_eba_c20394" xlink:to="label_eba_c20394" />
    <link:loc xlink:type="locator" xlink:href="c_14.00-rend.xml#eba_c20395" xlink:label="loc_eba_c20395" />
    <label:label xlink:type="resource" xlink:label="label_eba_c20395" xml:lang="en" xlink:role="http://www.eurofiling.info/xbrl/role/rc-code">270</label:label>
    <gen:arc xlink:type="arc" xlink:arcrole="http://xbrl.org/arcrole/2008/element-label" xlink:from="loc_eba_c20395" xlink:to="label_eba_c20395" />
    <link:loc xlink:type="locator" xlink:href="c_14.00-rend.xml#eba_c20396" xlink:label="loc_eba_c20396" />
    <label:label xlink:type="resource" xlink:label="label_eba_c20396" xml:lang="en" xlink:role="http://www.eurofiling.info/xbrl/role/rc-code">280</label:label>
    <gen:arc xlink:type="arc" xlink:arcrole="http://xbrl.org/arcrole/2008/element-label" xlink:from="loc_eba_c20396" xlink:to="label_eba_c20396" />
    <link:loc xlink:type="locator" xlink:href="c_14.00-rend.xml#eba_c20397" xlink:label="loc_eba_c20397" />
    <label:label xlink:type="resource" xlink:label="label_eba_c20397" xml:lang="en" xlink:role="http://www.eurofiling.info/xbrl/role/rc-code">289</label:label>
    <gen:arc xlink:type="arc" xlink:arcrole="http://xbrl.org/arcrole/2008/element-label" xlink:from="loc_eba_c20397" xlink:to="label_eba_c20397" />
    <link:loc xlink:type="locator" xlink:href="c_14.00-rend.xml#eba_c20398" xlink:label="loc_eba_c20398" />
    <label:label xlink:type="resource" xlink:label="label_eba_c20398" xml:lang="en" xlink:role="http://www.eurofiling.info/xbrl/role/rc-code">290</label:label>
    <gen:arc xlink:type="arc" xlink:arcrole="http://xbrl.org/arcrole/2008/element-label" xlink:from="loc_eba_c20398" xlink:to="label_eba_c20398" />
    <link:loc xlink:type="locator" xlink:href="c_14.00-rend.xml#eba_c20399" xlink:label="loc_eba_c20399" />
    <label:label xlink:type="resource" xlink:label="label_eba_c20399" xml:lang="en" xlink:role="http://www.eurofiling.info/xbrl/role/rc-code">300</label:label>
    <gen:arc xlink:type="arc" xlink:arcrole="http://xbrl.org/arcrole/2008/element-label" xlink:from="loc_eba_c20399" xlink:to="label_eba_c20399" />
    <link:loc xlink:type="locator" xlink:href="c_14.00-rend.xml#eba_c20400" xlink:label="loc_eba_c20400" />
    <label:label xlink:type="resource" xlink:label="label_eba_c20400" xml:lang="en" xlink:role="http://www.eurofiling.info/xbrl/role/rc-code">302</label:label>
    <gen:arc xlink:type="arc" xlink:arcrole="http://xbrl.org/arcrole/2008/element-label" xlink:from="loc_eba_c20400" xlink:to="label_eba_c20400" />
    <link:loc xlink:type="locator" xlink:href="c_14.00-rend.xml#eba_c20401" xlink:label="loc_eba_c20401" />
    <label:label xlink:type="resource" xlink:label="label_eba_c20401" xml:lang="en" xlink:role="http://www.eurofiling.info/xbrl/role/rc-code">304</label:label>
    <gen:arc xlink:type="arc" xlink:arcrole="http://xbrl.org/arcrole/2008/element-label" xlink:from="loc_eba_c20401" xlink:to="label_eba_c20401" />
    <link:loc xlink:type="locator" xlink:href="c_14.00-rend.xml#eba_c20402" xlink:label="loc_eba_c20402" />
    <label:label xlink:type="resource" xlink:label="label_eba_c20402" xml:lang="en" xlink:role="http://www.eurofiling.info/xbrl/role/rc-code">306</label:label>
    <gen:arc xlink:type="arc" xlink:arcrole="http://xbrl.org/arcrole/2008/element-label" xlink:from="loc_eba_c20402" xlink:to="label_eba_c20402" />
    <link:loc xlink:type="locator" xlink:href="c_14.00-rend.xml#eba_c20403" xlink:label="loc_eba_c20403" />
    <label:label xlink:type="resource" xlink:label="label_eba_c20403" xml:lang="en" xlink:role="http://www.eurofiling.info/xbrl/role/rc-code">310</label:label>
    <gen:arc xlink:type="arc" xlink:arcrole="http://xbrl.org/arcrole/2008/element-label" xlink:from="loc_eba_c20403" xlink:to="label_eba_c20403" />
    <link:loc xlink:type="locator" xlink:href="c_14.00-rend.xml#eba_c20404" xlink:label="loc_eba_c20404" />
    <label:label xlink:type="resource" xlink:label="label_eba_c20404" xml:lang="en" xlink:role="http://www.eurofiling.info/xbrl/role/rc-code">320</label:label>
    <gen:arc xlink:type="arc" xlink:arcrole="http://xbrl.org/arcrole/2008/element-label" xlink:from="loc_eba_c20404" xlink:to="label_eba_c20404" />
    <link:loc xlink:type="locator" xlink:href="c_14.00-rend.xml#eba_c20405" xlink:label="loc_eba_c20405" />
    <label:label xlink:type="resource" xlink:label="label_eba_c20405" xml:lang="en" xlink:role="http://www.eurofiling.info/xbrl/role/rc-code">330</label:label>
    <gen:arc xlink:type="arc" xlink:arcrole="http://xbrl.org/arcrole/2008/element-label" xlink:from="loc_eba_c20405" xlink:to="label_eba_c20405" />
    <link:loc xlink:type="locator" xlink:href="c_14.00-rend.xml#eba_c20406" xlink:label="loc_eba_c20406" />
    <label:label xlink:type="resource" xlink:label="label_eba_c20406" xml:lang="en" xlink:role="http://www.eurofiling.info/xbrl/role/rc-code">339</label:label>
    <gen:arc xlink:type="arc" xlink:arcrole="http://xbrl.org/arcrole/2008/element-label" xlink:from="loc_eba_c20406" xlink:to="label_eba_c20406" />
    <link:loc xlink:type="locator" xlink:href="c_14.00-rend.xml#eba_c20407" xlink:label="loc_eba_c20407" />
    <label:label xlink:type="resource" xlink:label="label_eba_c20407" xml:lang="en" xlink:role="http://www.eurofiling.info/xbrl/role/rc-code">340</label:label>
    <gen:arc xlink:type="arc" xlink:arcrole="http://xbrl.org/arcrole/2008/element-label" xlink:from="loc_eba_c20407" xlink:to="label_eba_c20407" />
    <link:loc xlink:type="locator" xlink:href="c_14.00-rend.xml#eba_c20408" xlink:label="loc_eba_c20408" />
    <label:label xlink:type="resource" xlink:label="label_eba_c20408" xml:lang="en" xlink:role="http://www.eurofiling.info/xbrl/role/rc-code">350</label:label>
    <gen:arc xlink:type="arc" xlink:arcrole="http://xbrl.org/arcrole/2008/element-label" xlink:from="loc_eba_c20408" xlink:to="label_eba_c20408" />
    <link:loc xlink:type="locator" xlink:href="c_14.00-rend.xml#eba_c20409" xlink:label="loc_eba_c20409" />
    <label:label xlink:type="resource" xlink:label="label_eba_c20409" xml:lang="en" xlink:role="http://www.eurofiling.info/xbrl/role/rc-code">360</label:label>
    <gen:arc xlink:type="arc" xlink:arcrole="http://xbrl.org/arcrole/2008/element-label" xlink:from="loc_eba_c20409" xlink:to="label_eba_c20409" />
    <link:loc xlink:type="locator" xlink:href="c_14.00-rend.xml#eba_c20410" xlink:label="loc_eba_c20410" />
    <label:label xlink:type="resource" xlink:label="label_eba_c20410" xml:lang="en" xlink:role="http://www.eurofiling.info/xbrl/role/rc-code">369</label:label>
    <gen:arc xlink:type="arc" xlink:arcrole="http://xbrl.org/arcrole/2008/element-label" xlink:from="loc_eba_c20410" xlink:to="label_eba_c20410" />
    <link:loc xlink:type="locator" xlink:href="c_14.00-rend.xml#eba_c20411" xlink:label="loc_eba_c20411" />
    <label:label xlink:type="resource" xlink:label="label_eba_c20411" xml:lang="en" xlink:role="http://www.eurofiling.info/xbrl/role/rc-code">370</label:label>
    <gen:arc xlink:type="arc" xlink:arcrole="http://xbrl.org/arcrole/2008/element-label" xlink:from="loc_eba_c20411" xlink:to="label_eba_c20411" />
    <link:loc xlink:type="locator" xlink:href="c_14.00-rend.xml#eba_c20412" xlink:label="loc_eba_c20412" />
    <label:label xlink:type="resource" xlink:label="label_eba_c20412" xml:lang="en" xlink:role="http://www.eurofiling.info/xbrl/role/rc-code">380</label:label>
    <gen:arc xlink:type="arc" xlink:arcrole="http://xbrl.org/arcrole/2008/element-label" xlink:from="loc_eba_c20412" xlink:to="label_eba_c20412" />
    <link:loc xlink:type="locator" xlink:href="c_14.00-rend.xml#eba_c20413" xlink:label="loc_eba_c20413" />
    <label:label xlink:type="resource" xlink:label="label_eba_c20413" xml:lang="en" xlink:role="http://www.eurofiling.info/xbrl/role/rc-code">390</label:label>
    <gen:arc xlink:type="arc" xlink:arcrole="http://xbrl.org/arcrole/2008/element-label" xlink:from="loc_eba_c20413" xlink:to="label_eba_c20413" />
    <link:loc xlink:type="locator" xlink:href="c_14.00-rend.xml#eba_c20414" xlink:label="loc_eba_c20414" />
    <label:label xlink:type="resource" xlink:label="label_eba_c20414" xml:lang="en" xlink:role="http://www.eurofiling.info/xbrl/role/rc-code">400</label:label>
    <gen:arc xlink:type="arc" xlink:arcrole="http://xbrl.org/arcrole/2008/element-label" xlink:from="loc_eba_c20414" xlink:to="label_eba_c20414" />
    <link:loc xlink:type="locator" xlink:href="c_14.00-rend.xml#eba_c20415" xlink:label="loc_eba_c20415" />
    <label:label xlink:type="resource" xlink:label="label_eba_c20415" xml:lang="en" xlink:role="http://www.eurofiling.info/xbrl/role/rc-code">405</label:label>
    <gen:arc xlink:type="arc" xlink:arcrole="http://xbrl.org/arcrole/2008/element-label" xlink:from="loc_eba_c20415" xlink:to="label_eba_c20415" />
    <link:loc xlink:type="locator" xlink:href="c_14.00-rend.xml#eba_c20416" xlink:label="loc_eba_c20416" />
    <label:label xlink:type="resource" xlink:label="label_eba_c20416" xml:lang="en" xlink:role="http://www.eurofiling.info/xbrl/role/rc-code">410</label:label>
    <gen:arc xlink:type="arc" xlink:arcrole="http://xbrl.org/arcrole/2008/element-label" xlink:from="loc_eba_c20416" xlink:to="label_eba_c20416" />
    <link:loc xlink:type="locator" xlink:href="c_14.00-rend.xml#eba_c20417" xlink:label="loc_eba_c20417" />
    <label:label xlink:type="resource" xlink:label="label_eba_c20417" xml:lang="en" xlink:role="http://www.eurofiling.info/xbrl/role/rc-code">420</label:label>
    <gen:arc xlink:type="arc" xlink:arcrole="http://xbrl.org/arcrole/2008/element-label" xlink:from="loc_eba_c20417" xlink:to="label_eba_c20417" />
    <link:loc xlink:type="locator" xlink:href="c_14.00-rend.xml#eba_c20418" xlink:label="loc_eba_c20418" />
    <label:label xlink:type="resource" xlink:label="label_eba_c20418" xml:lang="en" xlink:role="http://www.eurofiling.info/xbrl/role/rc-code">429</label:label>
    <gen:arc xlink:type="arc" xlink:arcrole="http://xbrl.org/arcrole/2008/element-label" xlink:from="loc_eba_c20418" xlink:to="label_eba_c20418" />
    <link:loc xlink:type="locator" xlink:href="c_14.00-rend.xml#eba_c20419" xlink:label="loc_eba_c20419" />
    <label:label xlink:type="resource" xlink:label="label_eba_c20419" xml:lang="en" xlink:role="http://www.eurofiling.info/xbrl/role/rc-code">430</label:label>
    <gen:arc xlink:type="arc" xlink:arcrole="http://xbrl.org/arcrole/2008/element-label" xlink:from="loc_eba_c20419" xlink:to="label_eba_c20419" />
    <link:loc xlink:type="locator" xlink:href="c_14.00-rend.xml#eba_c20420" xlink:label="loc_eba_c20420" />
    <label:label xlink:type="resource" xlink:label="label_eba_c20420" xml:lang="en" xlink:role="http://www.eurofiling.info/xbrl/role/rc-code">440</label:label>
    <gen:arc xlink:type="arc" xlink:arcrole="http://xbrl.org/arcrole/2008/element-label" xlink:from="loc_eba_c20420" xlink:to="label_eba_c20420" />
    <link:loc xlink:type="locator" xlink:href="c_14.00-rend.xml#eba_c20421" xlink:label="loc_eba_c20421" />
    <label:label xlink:type="resource" xlink:label="label_eba_c20421" xml:lang="en" xlink:role="http://www.eurofiling.info/xbrl/role/rc-code">449</label:label>
    <gen:arc xlink:type="arc" xlink:arcrole="http://xbrl.org/arcrole/2008/element-label" xlink:from="loc_eba_c20421" xlink:to="label_eba_c20421" />
    <link:loc xlink:type="locator" xlink:href="c_14.00-rend.xml#eba_c20422" xlink:label="loc_eba_c20422" />
    <label:label xlink:type="resource" xlink:label="label_eba_c20422" xml:lang="en" xlink:role="http://www.eurofiling.info/xbrl/role/rc-code">450</label:label>
    <gen:arc xlink:type="arc" xlink:arcrole="http://xbrl.org/arcrole/2008/element-label" xlink:from="loc_eba_c20422" xlink:to="label_eba_c20422" />
    <link:loc xlink:type="locator" xlink:href="c_14.00-rend.xml#eba_c20423" xlink:label="loc_eba_c20423" />
    <label:label xlink:type="resource" xlink:label="label_eba_c20423" xml:lang="en" xlink:role="http://www.eurofiling.info/xbrl/role/rc-code">459</label:label>
    <gen:arc xlink:type="arc" xlink:arcrole="http://xbrl.org/arcrole/2008/element-label" xlink:from="loc_eba_c20423" xlink:to="label_eba_c20423" />
    <link:loc xlink:type="locator" xlink:href="c_14.00-rend.xml#eba_c20424" xlink:label="loc_eba_c20424" />
    <label:label xlink:type="resource" xlink:label="label_eba_c20424" xml:lang="en" xlink:role="http://www.eurofiling.info/xbrl/role/rc-code">460</label:label>
    <gen:arc xlink:type="arc" xlink:arcrole="http://xbrl.org/arcrole/2008/element-label" xlink:from="loc_eba_c20424" xlink:to="label_eba_c20424" />
    <link:loc xlink:type="locator" xlink:href="c_14.00-rend.xml#eba_c20425" xlink:label="loc_eba_c20425" />
    <label:label xlink:type="resource" xlink:label="label_eba_c20425" xml:lang="en" xlink:role="http://www.eurofiling.info/xbrl/role/rc-code">470</label:label>
    <gen:arc xlink:type="arc" xlink:arcrole="http://xbrl.org/arcrole/2008/element-label" xlink:from="loc_eba_c20425" xlink:to="label_eba_c20425" />
    <link:loc xlink:type="locator" xlink:href="c_14.00-rend.xml#eba_c20426" xlink:label="loc_eba_c20426" />
    <label:label xlink:type="resource" xlink:label="label_eba_c20426" xml:lang="en" xlink:role="http://www.eurofiling.info/xbrl/role/rc-code">479</label:label>
    <gen:arc xlink:type="arc" xlink:arcrole="http://xbrl.org/arcrole/2008/element-label" xlink:from="loc_eba_c20426" xlink:to="label_eba_c20426" />
    <link:loc xlink:type="locator" xlink:href="c_14.00-rend.xml#eba_c20427" xlink:label="loc_eba_c20427" />
    <label:label xlink:type="resource" xlink:label="label_eba_c20427" xml:lang="en" xlink:role="http://www.eurofiling.info/xbrl/role/rc-code">480</label:label>
    <gen:arc xlink:type="arc" xlink:arcrole="http://xbrl.org/arcrole/2008/element-label" xlink:from="loc_eba_c20427" xlink:to="label_eba_c20427" />
    <link:loc xlink:type="locator" xlink:href="c_14.00-rend.xml#eba_a2" xlink:label="loc_eba_a2" />
    <label:label xlink:type="resource" xlink:label="label_eba_a2" xml:lang="en" xlink:role="http://www.eurofiling.info/xbrl/role/rc-code">005</label:label>
    <gen:arc xlink:type="arc" xlink:arcrole="http://xbrl.org/arcrole/2008/element-label" xlink:from="loc_eba_a2" xlink:to="label_eba_a2" />
    <label:label xlink:type="resource" xlink:label="label_eba_tC_14.00_1" xml:lang="en" xlink:role="http://www.eurofiling.info/xbrl/role/filing-indicator-code">C_14.00</label:label>
    <gen:arc xlink:type="arc" xlink:arcrole="http://xbrl.org/arcrole/2008/element-label" xlink:from="loc_eba_tC_14.00" xlink:to="label_eba_tC_14.00_1" />
    <label:label xlink:type="resource" xlink:label="label_eba_tC_14.00_2" xml:lang="en" xlink:role="http://www.eba.europa.eu/xbrl/role/dpm-db-id">97</label:label>
    <gen:arc xlink:type="arc" xlink:arcrole="http://xbrl.org/arcrole/2008/element-label" xlink:from="loc_eba_tC_14.00" xlink:to="label_eba_tC_14.00_2" />
    <label:label xlink:type="resource" xlink:label="label_eba_c20363_1" xml:lang="en" xlink:role="http://www.eba.europa.eu/xbrl/role/dpm-db-id">20363</label:label>
    <gen:arc xlink:type="arc" xlink:arcrole="http://xbrl.org/arcrole/2008/element-label" xlink:from="loc_eba_c20363" xlink:to="label_eba_c20363_1" />
    <label:label xlink:type="resource" xlink:label="label_eba_c20364_1" xml:lang="en" xlink:role="http://www.eba.europa.eu/xbrl/role/dpm-db-id">20364</label:label>
    <gen:arc xlink:type="arc" xlink:arcrole="http://xbrl.org/arcrole/2008/element-label" xlink:from="loc_eba_c20364" xlink:to="label_eba_c20364_1" />
    <label:label xlink:type="resource" xlink:label="label_eba_c20365_1" xml:lang="en" xlink:role="http://www.eba.europa.eu/xbrl/role/dpm-db-id">20365</label:label>
    <gen:arc xlink:type="arc" xlink:arcrole="http://xbrl.org/arcrole/2008/element-label" xlink:from="loc_eba_c20365" xlink:to="label_eba_c20365_1" />
    <label:label xlink:type="resource" xlink:label="label_eba_c20366_1" xml:lang="en" xlink:role="http://www.eba.europa.eu/xbrl/role/dpm-db-id">20366</label:label>
    <gen:arc xlink:type="arc" xlink:arcrole="http://xbrl.org/arcrole/2008/element-label" xlink:from="loc_eba_c20366" xlink:to="label_eba_c20366_1" />
    <label:label xlink:type="resource" xlink:label="label_eba_c20367_1" xml:lang="en" xlink:role="http://www.eba.europa.eu/xbrl/role/dpm-db-id">20367</label:label>
    <gen:arc xlink:type="arc" xlink:arcrole="http://xbrl.org/arcrole/2008/element-label" xlink:from="loc_eba_c20367" xlink:to="label_eba_c20367_1" />
    <label:label xlink:type="resource" xlink:label="label_eba_c20368_1" xml:lang="en" xlink:role="http://www.eba.europa.eu/xbrl/role/dpm-db-id">20368</label:label>
    <gen:arc xlink:type="arc" xlink:arcrole="http://xbrl.org/arcrole/2008/element-label" xlink:from="loc_eba_c20368" xlink:to="label_eba_c20368_1" />
    <label:label xlink:type="resource" xlink:label="label_eba_c20369_1" xml:lang="en" xlink:role="http://www.eba.europa.eu/xbrl/role/dpm-db-id">20369</label:label>
    <gen:arc xlink:type="arc" xlink:arcrole="http://xbrl.org/arcrole/2008/element-label" xlink:from="loc_eba_c20369" xlink:to="label_eba_c20369_1" />
    <label:label xlink:type="resource" xlink:label="label_eba_c20370_1" xml:lang="en" xlink:role="http://www.eba.europa.eu/xbrl/role/dpm-db-id">20370</label:label>
    <gen:arc xlink:type="arc" xlink:arcrole="http://xbrl.org/arcrole/2008/element-label" xlink:from="loc_eba_c20370" xlink:to="label_eba_c20370_1" />
    <label:label xlink:type="resource" xlink:label="label_eba_c20371_1" xml:lang="en" xlink:role="http://www.eba.europa.eu/xbrl/role/dpm-db-id">20371</label:label>
    <gen:arc xlink:type="arc" xlink:arcrole="http://xbrl.org/arcrole/2008/element-label" xlink:from="loc_eba_c20371" xlink:to="label_eba_c20371_1" />
    <label:label xlink:type="resource" xlink:label="label_eba_c20372_1" xml:lang="en" xlink:role="http://www.eba.europa.eu/xbrl/role/dpm-db-id">20372</label:label>
    <gen:arc xlink:type="arc" xlink:arcrole="http://xbrl.org/arcrole/2008/element-label" xlink:from="loc_eba_c20372" xlink:to="label_eba_c20372_1" />
    <label:label xlink:type="resource" xlink:label="label_eba_c20373_1" xml:lang="en" xlink:role="http://www.eba.europa.eu/xbrl/role/dpm-db-id">20373</label:label>
    <gen:arc xlink:type="arc" xlink:arcrole="http://xbrl.org/arcrole/2008/element-label" xlink:from="loc_eba_c20373" xlink:to="label_eba_c20373_1" />
    <label:label xlink:type="resource" xlink:label="label_eba_c20374_1" xml:lang="en" xlink:role="http://www.eba.europa.eu/xbrl/role/dpm-db-id">20374</label:label>
    <gen:arc xlink:type="arc" xlink:arcrole="http://xbrl.org/arcrole/2008/element-label" xlink:from="loc_eba_c20374" xlink:to="label_eba_c20374_1" />
    <label:label xlink:type="resource" xlink:label="label_eba_c20375_1" xml:lang="en" xlink:role="http://www.eba.europa.eu/xbrl/role/dpm-db-id">20375</label:label>
    <gen:arc xlink:type="arc" xlink:arcrole="http://xbrl.org/arcrole/2008/element-label" xlink:from="loc_eba_c20375" xlink:to="label_eba_c20375_1" />
    <label:label xlink:type="resource" xlink:label="label_eba_c20376_1" xml:lang="en" xlink:role="http://www.eba.europa.eu/xbrl/role/dpm-db-id">20376</label:label>
    <gen:arc xlink:type="arc" xlink:arcrole="http://xbrl.org/arcrole/2008/element-label" xlink:from="loc_eba_c20376" xlink:to="label_eba_c20376_1" />
    <label:label xlink:type="resource" xlink:label="label_eba_c20377_1" xml:lang="en" xlink:role="http://www.eba.europa.eu/xbrl/role/dpm-db-id">20377</label:label>
    <gen:arc xlink:type="arc" xlink:arcrole="http://xbrl.org/arcrole/2008/element-label" xlink:from="loc_eba_c20377" xlink:to="label_eba_c20377_1" />
    <label:label xlink:type="resource" xlink:label="label_eba_c20378_1" xml:lang="en" xlink:role="http://www.eba.europa.eu/xbrl/role/dpm-db-id">20378</label:label>
    <gen:arc xlink:type="arc" xlink:arcrole="http://xbrl.org/arcrole/2008/element-label" xlink:from="loc_eba_c20378" xlink:to="label_eba_c20378_1" />
    <label:label xlink:type="resource" xlink:label="label_eba_c20379_1" xml:lang="en" xlink:role="http://www.eba.europa.eu/xbrl/role/dpm-db-id">20379</label:label>
    <gen:arc xlink:type="arc" xlink:arcrole="http://xbrl.org/arcrole/2008/element-label" xlink:from="loc_eba_c20379" xlink:to="label_eba_c20379_1" />
    <label:label xlink:type="resource" xlink:label="label_eba_c20380_1" xml:lang="en" xlink:role="http://www.eba.europa.eu/xbrl/role/dpm-db-id">20380</label:label>
    <gen:arc xlink:type="arc" xlink:arcrole="http://xbrl.org/arcrole/2008/element-label" xlink:from="loc_eba_c20380" xlink:to="label_eba_c20380_1" />
    <label:label xlink:type="resource" xlink:label="label_eba_c20381_1" xml:lang="en" xlink:role="http://www.eba.europa.eu/xbrl/role/dpm-db-id">20381</label:label>
    <gen:arc xlink:type="arc" xlink:arcrole="http://xbrl.org/arcrole/2008/element-label" xlink:from="loc_eba_c20381" xlink:to="label_eba_c20381_1" />
    <label:label xlink:type="resource" xlink:label="label_eba_c20382_1" xml:lang="en" xlink:role="http://www.eba.europa.eu/xbrl/role/dpm-db-id">20382</label:label>
    <gen:arc xlink:type="arc" xlink:arcrole="http://xbrl.org/arcrole/2008/element-label" xlink:from="loc_eba_c20382" xlink:to="label_eba_c20382_1" />
    <label:label xlink:type="resource" xlink:label="label_eba_c20383_1" xml:lang="en" xlink:role="http://www.eba.europa.eu/xbrl/role/dpm-db-id">20383</label:label>
    <gen:arc xlink:type="arc" xlink:arcrole="http://xbrl.org/arcrole/2008/element-label" xlink:from="loc_eba_c20383" xlink:to="label_eba_c20383_1" />
    <label:label xlink:type="resource" xlink:label="label_eba_c20384_1" xml:lang="en" xlink:role="http://www.eba.europa.eu/xbrl/role/dpm-db-id">20384</label:label>
    <gen:arc xlink:type="arc" xlink:arcrole="http://xbrl.org/arcrole/2008/element-label" xlink:from="loc_eba_c20384" xlink:to="label_eba_c20384_1" />
    <label:label xlink:type="resource" xlink:label="label_eba_c20385_1" xml:lang="en" xlink:role="http://www.eba.europa.eu/xbrl/role/dpm-db-id">20385</label:label>
    <gen:arc xlink:type="arc" xlink:arcrole="http://xbrl.org/arcrole/2008/element-label" xlink:from="loc_eba_c20385" xlink:to="label_eba_c20385_1" />
    <label:label xlink:type="resource" xlink:label="label_eba_c20386_1" xml:lang="en" xlink:role="http://www.eba.europa.eu/xbrl/role/dpm-db-id">20386</label:label>
    <gen:arc xlink:type="arc" xlink:arcrole="http://xbrl.org/arcrole/2008/element-label" xlink:from="loc_eba_c20386" xlink:to="label_eba_c20386_1" />
    <label:label xlink:type="resource" xlink:label="label_eba_c20387_1" xml:lang="en" xlink:role="http://www.eba.europa.eu/xbrl/role/dpm-db-id">20387</label:label>
    <gen:arc xlink:type="arc" xlink:arcrole="http://xbrl.org/arcrole/2008/element-label" xlink:from="loc_eba_c20387" xlink:to="label_eba_c20387_1" />
    <label:label xlink:type="resource" xlink:label="label_eba_c20388_1" xml:lang="en" xlink:role="http://www.eba.europa.eu/xbrl/role/dpm-db-id">20388</label:label>
    <gen:arc xlink:type="arc" xlink:arcrole="http://xbrl.org/arcrole/2008/element-label" xlink:from="loc_eba_c20388" xlink:to="label_eba_c20388_1" />
    <label:label xlink:type="resource" xlink:label="label_eba_c20389_1" xml:lang="en" xlink:role="http://www.eba.europa.eu/xbrl/role/dpm-db-id">20389</label:label>
    <gen:arc xlink:type="arc" xlink:arcrole="http://xbrl.org/arcrole/2008/element-label" xlink:from="loc_eba_c20389" xlink:to="label_eba_c20389_1" />
    <label:label xlink:type="resource" xlink:label="label_eba_c20390_1" xml:lang="en" xlink:role="http://www.eba.europa.eu/xbrl/role/dpm-db-id">20390</label:label>
    <gen:arc xlink:type="arc" xlink:arcrole="http://xbrl.org/arcrole/2008/element-label" xlink:from="loc_eba_c20390" xlink:to="label_eba_c20390_1" />
    <label:label xlink:type="resource" xlink:label="label_eba_c20391_1" xml:lang="en" xlink:role="http://www.eba.europa.eu/xbrl/role/dpm-db-id">20391</label:label>
    <gen:arc xlink:type="arc" xlink:arcrole="http://xbrl.org/arcrole/2008/element-label" xlink:from="loc_eba_c20391" xlink:to="label_eba_c20391_1" />
    <label:label xlink:type="resource" xlink:label="label_eba_c20392_1" xml:lang="en" xlink:role="http://www.eba.europa.eu/xbrl/role/dpm-db-id">20392</label:label>
    <gen:arc xlink:type="arc" xlink:arcrole="http://xbrl.org/arcrole/2008/element-label" xlink:from="loc_eba_c20392" xlink:to="label_eba_c20392_1" />
    <label:label xlink:type="resource" xlink:label="label_eba_c20393_1" xml:lang="en" xlink:role="http://www.eba.europa.eu/xbrl/role/dpm-db-id">20393</label:label>
    <gen:arc xlink:type="arc" xlink:arcrole="http://xbrl.org/arcrole/2008/element-label" xlink:from="loc_eba_c20393" xlink:to="label_eba_c20393_1" />
    <label:label xlink:type="resource" xlink:label="label_eba_c20394_1" xml:lang="en" xlink:role="http://www.eba.europa.eu/xbrl/role/dpm-db-id">20394</label:label>
    <gen:arc xlink:type="arc" xlink:arcrole="http://xbrl.org/arcrole/2008/element-label" xlink:from="loc_eba_c20394" xlink:to="label_eba_c20394_1" />
    <label:label xlink:type="resource" xlink:label="label_eba_c20395_1" xml:lang="en" xlink:role="http://www.eba.europa.eu/xbrl/role/dpm-db-id">20395</label:label>
    <gen:arc xlink:type="arc" xlink:arcrole="http://xbrl.org/arcrole/2008/element-label" xlink:from="loc_eba_c20395" xlink:to="label_eba_c20395_1" />
    <label:label xlink:type="resource" xlink:label="label_eba_c20396_1" xml:lang="en" xlink:role="http://www.eba.europa.eu/xbrl/role/dpm-db-id">20396</label:label>
    <gen:arc xlink:type="arc" xlink:arcrole="http://xbrl.org/arcrole/2008/element-label" xlink:from="loc_eba_c20396" xlink:to="label_eba_c20396_1" />
    <label:label xlink:type="resource" xlink:label="label_eba_c20397_1" xml:lang="en" xlink:role="http://www.eba.europa.eu/xbrl/role/dpm-db-id">20397</label:label>
    <gen:arc xlink:type="arc" xlink:arcrole="http://xbrl.org/arcrole/2008/element-label" xlink:from="loc_eba_c20397" xlink:to="label_eba_c20397_1" />
    <label:label xlink:type="resource" xlink:label="label_eba_c20398_1" xml:lang="en" xlink:role="http://www.eba.europa.eu/xbrl/role/dpm-db-id">20398</label:label>
    <gen:arc xlink:type="arc" xlink:arcrole="http://xbrl.org/arcrole/2008/element-label" xlink:from="loc_eba_c20398" xlink:to="label_eba_c20398_1" />
    <label:label xlink:type="resource" xlink:label="label_eba_c20399_1" xml:lang="en" xlink:role="http://www.eba.europa.eu/xbrl/role/dpm-db-id">20399</label:label>
    <gen:arc xlink:type="arc" xlink:arcrole="http://xbrl.org/arcrole/2008/element-label" xlink:from="loc_eba_c20399" xlink:to="label_eba_c20399_1" />
    <label:label xlink:type="resource" xlink:label="label_eba_c20400_1" xml:lang="en" xlink:role="http://www.eba.europa.eu/xbrl/role/dpm-db-id">20400</label:label>
    <gen:arc xlink:type="arc" xlink:arcrole="http://xbrl.org/arcrole/2008/element-label" xlink:from="loc_eba_c20400" xlink:to="label_eba_c20400_1" />
    <label:label xlink:type="resource" xlink:label="label_eba_c20401_1" xml:lang="en" xlink:role="http://www.eba.europa.eu/xbrl/role/dpm-db-id">20401</label:label>
    <gen:arc xlink:type="arc" xlink:arcrole="http://xbrl.org/arcrole/2008/element-label" xlink:from="loc_eba_c20401" xlink:to="label_eba_c20401_1" />
    <label:label xlink:type="resource" xlink:label="label_eba_c20402_1" xml:lang="en" xlink:role="http://www.eba.europa.eu/xbrl/role/dpm-db-id">20402</label:label>
    <gen:arc xlink:type="arc" xlink:arcrole="http://xbrl.org/arcrole/2008/element-label" xlink:from="loc_eba_c20402" xlink:to="label_eba_c20402_1" />
    <label:label xlink:type="resource" xlink:label="label_eba_c20403_1" xml:lang="en" xlink:role="http://www.eba.europa.eu/xbrl/role/dpm-db-id">20403</label:label>
    <gen:arc xlink:type="arc" xlink:arcrole="http://xbrl.org/arcrole/2008/element-label" xlink:from="loc_eba_c20403" xlink:to="label_eba_c20403_1" />
    <label:label xlink:type="resource" xlink:label="label_eba_c20404_1" xml:lang="en" xlink:role="http://www.eba.europa.eu/xbrl/role/dpm-db-id">20404</label:label>
    <gen:arc xlink:type="arc" xlink:arcrole="http://xbrl.org/arcrole/2008/element-label" xlink:from="loc_eba_c20404" xlink:to="label_eba_c20404_1" />
    <label:label xlink:type="resource" xlink:label="label_eba_c20405_1" xml:lang="en" xlink:role="http://www.eba.europa.eu/xbrl/role/dpm-db-id">20405</label:label>
    <gen:arc xlink:type="arc" xlink:arcrole="http://xbrl.org/arcrole/2008/element-label" xlink:from="loc_eba_c20405" xlink:to="label_eba_c20405_1" />
    <label:label xlink:type="resource" xlink:label="label_eba_c20406_1" xml:lang="en" xlink:role="http://www.eba.europa.eu/xbrl/role/dpm-db-id">20406</label:label>
    <gen:arc xlink:type="arc" xlink:arcrole="http://xbrl.org/arcrole/2008/element-label" xlink:from="loc_eba_c20406" xlink:to="label_eba_c20406_1" />
    <label:label xlink:type="resource" xlink:label="label_eba_c20407_1" xml:lang="en" xlink:role="http://www.eba.europa.eu/xbrl/role/dpm-db-id">20407</label:label>
    <gen:arc xlink:type="arc" xlink:arcrole="http://xbrl.org/arcrole/2008/element-label" xlink:from="loc_eba_c20407" xlink:to="label_eba_c20407_1" />
    <label:label xlink:type="resource" xlink:label="label_eba_c20408_1" xml:lang="en" xlink:role="http://www.eba.europa.eu/xbrl/role/dpm-db-id">20408</label:label>
    <gen:arc xlink:type="arc" xlink:arcrole="http://xbrl.org/arcrole/2008/element-label" xlink:from="loc_eba_c20408" xlink:to="label_eba_c20408_1" />
    <label:label xlink:type="resource" xlink:label="label_eba_c20409_1" xml:lang="en" xlink:role="http://www.eba.europa.eu/xbrl/role/dpm-db-id">20409</label:label>
    <gen:arc xlink:type="arc" xlink:arcrole="http://xbrl.org/arcrole/2008/element-label" xlink:from="loc_eba_c20409" xlink:to="label_eba_c20409_1" />
    <label:label xlink:type="resource" xlink:label="label_eba_c20410_1" xml:lang="en" xlink:role="http://www.eba.europa.eu/xbrl/role/dpm-db-id">20410</label:label>
    <gen:arc xlink:type="arc" xlink:arcrole="http://xbrl.org/arcrole/2008/element-label" xlink:from="loc_eba_c20410" xlink:to="label_eba_c20410_1" />
    <label:label xlink:type="resource" xlink:label="label_eba_c20411_1" xml:lang="en" xlink:role="http://www.eba.europa.eu/xbrl/role/dpm-db-id">20411</label:label>
    <gen:arc xlink:type="arc" xlink:arcrole="http://xbrl.org/arcrole/2008/element-label" xlink:from="loc_eba_c20411" xlink:to="label_eba_c20411_1" />
    <label:label xlink:type="resource" xlink:label="label_eba_c20412_1" xml:lang="en" xlink:role="http://www.eba.europa.eu/xbrl/role/dpm-db-id">20412</label:label>
    <gen:arc xlink:type="arc" xlink:arcrole="http://xbrl.org/arcrole/2008/element-label" xlink:from="loc_eba_c20412" xlink:to="label_eba_c20412_1" />
    <label:label xlink:type="resource" xlink:label="label_eba_c20413_1" xml:lang="en" xlink:role="http://www.eba.europa.eu/xbrl/role/dpm-db-id">20413</label:label>
    <gen:arc xlink:type="arc" xlink:arcrole="http://xbrl.org/arcrole/2008/element-label" xlink:from="loc_eba_c20413" xlink:to="label_eba_c20413_1" />
    <label:label xlink:type="resource" xlink:label="label_eba_c20414_1" xml:lang="en" xlink:role="http://www.eba.europa.eu/xbrl/role/dpm-db-id">20414</label:label>
    <gen:arc xlink:type="arc" xlink:arcrole="http://xbrl.org/arcrole/2008/element-label" xlink:from="loc_eba_c20414" xlink:to="label_eba_c20414_1" />
    <label:label xlink:type="resource" xlink:label="label_eba_c20415_1" xml:lang="en" xlink:role="http://www.eba.europa.eu/xbrl/role/dpm-db-id">20415</label:label>
    <gen:arc xlink:type="arc" xlink:arcrole="http://xbrl.org/arcrole/2008/element-label" xlink:from="loc_eba_c20415" xlink:to="label_eba_c20415_1" />
    <label:label xlink:type="resource" xlink:label="label_eba_c20416_1" xml:lang="en" xlink:role="http://www.eba.europa.eu/xbrl/role/dpm-db-id">20416</label:label>
    <gen:arc xlink:type="arc" xlink:arcrole="http://xbrl.org/arcrole/2008/element-label" xlink:from="loc_eba_c20416" xlink:to="label_eba_c20416_1" />
    <label:label xlink:type="resource" xlink:label="label_eba_c20417_1" xml:lang="en" xlink:role="http://www.eba.europa.eu/xbrl/role/dpm-db-id">20417</label:label>
    <gen:arc xlink:type="arc" xlink:arcrole="http://xbrl.org/arcrole/2008/element-label" xlink:from="loc_eba_c20417" xlink:to="label_eba_c20417_1" />
    <label:label xlink:type="resource" xlink:label="label_eba_c20418_1" xml:lang="en" xlink:role="http://www.eba.europa.eu/xbrl/role/dpm-db-id">20418</label:label>
    <gen:arc xlink:type="arc" xlink:arcrole="http://xbrl.org/arcrole/2008/element-label" xlink:from="loc_eba_c20418" xlink:to="label_eba_c20418_1" />
    <label:label xlink:type="resource" xlink:label="label_eba_c20419_1" xml:lang="en" xlink:role="http://www.eba.europa.eu/xbrl/role/dpm-db-id">20419</label:label>
    <gen:arc xlink:type="arc" xlink:arcrole="http://xbrl.org/arcrole/2008/element-label" xlink:from="loc_eba_c20419" xlink:to="label_eba_c20419_1" />
    <label:label xlink:type="resource" xlink:label="label_eba_c20420_1" xml:lang="en" xlink:role="http://www.eba.europa.eu/xbrl/role/dpm-db-id">20420</label:label>
    <gen:arc xlink:type="arc" xlink:arcrole="http://xbrl.org/arcrole/2008/element-label" xlink:from="loc_eba_c20420" xlink:to="label_eba_c20420_1" />
    <label:label xlink:type="resource" xlink:label="label_eba_c20421_1" xml:lang="en" xlink:role="http://www.eba.europa.eu/xbrl/role/dpm-db-id">20421</label:label>
    <gen:arc xlink:type="arc" xlink:arcrole="http://xbrl.org/arcrole/2008/element-label" xlink:from="loc_eba_c20421" xlink:to="label_eba_c20421_1" />
    <label:label xlink:type="resource" xlink:label="label_eba_c20422_1" xml:lang="en" xlink:role="http://www.eba.europa.eu/xbrl/role/dpm-db-id">20422</label:label>
    <gen:arc xlink:type="arc" xlink:arcrole="http://xbrl.org/arcrole/2008/element-label" xlink:from="loc_eba_c20422" xlink:to="label_eba_c20422_1" />
    <label:label xlink:type="resource" xlink:label="label_eba_c20423_1" xml:lang="en" xlink:role="http://www.eba.europa.eu/xbrl/role/dpm-db-id">20423</label:label>
    <gen:arc xlink:type="arc" xlink:arcrole="http://xbrl.org/arcrole/2008/element-label" xlink:from="loc_eba_c20423" xlink:to="label_eba_c20423_1" />
    <label:label xlink:type="resource" xlink:label="label_eba_c20424_1" xml:lang="en" xlink:role="http://www.eba.europa.eu/xbrl/role/dpm-db-id">20424</label:label>
    <gen:arc xlink:type="arc" xlink:arcrole="http://xbrl.org/arcrole/2008/element-label" xlink:from="loc_eba_c20424" xlink:to="label_eba_c20424_1" />
    <label:label xlink:type="resource" xlink:label="label_eba_c20425_1" xml:lang="en" xlink:role="http://www.eba.europa.eu/xbrl/role/dpm-db-id">20425</label:label>
    <gen:arc xlink:type="arc" xlink:arcrole="http://xbrl.org/arcrole/2008/element-label" xlink:from="loc_eba_c20425" xlink:to="label_eba_c20425_1" />
    <label:label xlink:type="resource" xlink:label="label_eba_c20426_1" xml:lang="en" xlink:role="http://www.eba.europa.eu/xbrl/role/dpm-db-id">20426</label:label>
    <gen:arc xlink:type="arc" xlink:arcrole="http://xbrl.org/arcrole/2008/element-label" xlink:from="loc_eba_c20426" xlink:to="label_eba_c20426_1" />
    <label:label xlink:type="resource" xlink:label="label_eba_c20427_1" xml:lang="en" xlink:role="http://www.eba.europa.eu/xbrl/role/dpm-db-id">20427</label:label>
    <gen:arc xlink:type="arc" xlink:arcrole="http://xbrl.org/arcrole/2008/element-label" xlink:from="loc_eba_c20427" xlink:to="label_eba_c20427_1" />
    <label:label xlink:type="resource" xlink:label="label_eba_a2_1" xml:lang="en" xlink:role="http://www.eba.europa.eu/xbrl/role/dpm-db-id">20362</label:label>
    <gen:arc xlink:type="arc" xlink:arcrole="http://xbrl.org/arcrole/2008/element-label" xlink:from="loc_eba_a2" xlink:to="label_eba_a2_1" />
  </gen:link>
</link:linkbase>