﻿<?xml version="1.0" encoding="utf-8"?>
<?taxonomy-version 2.0.0?>
<!--(C) EBA-->
<link:linkbase xmlns:xsi="http://www.w3.org/2001/XMLSchema-instance" xmlns:xlink="http://www.w3.org/1999/xlink" xmlns:link="http://www.xbrl.org/2003/linkbase" xmlns:gen="http://xbrl.org/2008/generic" xmlns:label="http://xbrl.org/2008/label" xsi:schemaLocation="http://www.xbrl.org/2003/linkbase http://www.xbrl.org/2003/xbrl-linkbase-2003-12-31.xsd http://xbrl.org/2008/generic http://www.xbrl.org/2008/generic-link.xsd http://xbrl.org/2008/label http://www.xbrl.org/2008/generic-label.xsd">
  <link:arcroleRef arcroleURI="http://xbrl.org/arcrole/2008/element-label" xlink:type="simple" xlink:href="http://www.xbrl.org/2008/generic-label.xsd#element-label" />
  <link:roleRef roleURI="http://www.xbrl.org/2008/role/label" xlink:type="simple" xlink:href="http://www.xbrl.org/2008/generic-label.xsd#standard-label" />
  <link:roleRef roleURI="http://www.xbrl.org/2008/role/verboseLabel" xlink:type="simple" xlink:href="http://www.xbrl.org/2008/generic-label.xsd#verbose-label" />
  <gen:link xlink:type="extended" xlink:role="http://www.xbrl.org/2003/role/link">
    <link:loc xlink:type="locator" xlink:href="hier.xsd#eba_AP1" xlink:label="loc_eba_AP1" />
    <label:label xlink:type="resource" xlink:label="label_eba_AP1" xml:lang="en" xlink:role="http://www.xbrl.org/2008/role/label">Hierarchy for approaches for credit risk</label:label>
    <gen:arc xlink:type="arc" xlink:arcrole="http://xbrl.org/arcrole/2008/element-label" xlink:from="loc_eba_AP1" xlink:to="label_eba_AP1" />
    <label:label xlink:type="resource" xlink:label="label_eba_AP1_1" xml:lang="en" xlink:role="http://www.xbrl.org/2008/role/verboseLabel">Approaches used for calculating capital requirements for credit risk.</label:label>
    <gen:arc xlink:type="arc" xlink:arcrole="http://xbrl.org/arcrole/2008/element-label" xlink:from="loc_eba_AP1" xlink:to="label_eba_AP1_1" />
    <link:loc xlink:type="locator" xlink:href="hier.xsd#eba_AP10" xlink:label="loc_eba_AP10" />
    <label:label xlink:type="resource" xlink:label="label_eba_AP10" xml:lang="en" xlink:role="http://www.xbrl.org/2008/role/label">Hierarchy for the approaches applicable for operational risk</label:label>
    <gen:arc xlink:type="arc" xlink:arcrole="http://xbrl.org/arcrole/2008/element-label" xlink:from="loc_eba_AP10" xlink:to="label_eba_AP10" />
    <label:label xlink:type="resource" xlink:label="label_eba_AP10_1" xml:lang="en" xlink:role="http://www.xbrl.org/2008/role/verboseLabel">Lists all the possible approaches applicable for operational risk.</label:label>
    <gen:arc xlink:type="arc" xlink:arcrole="http://xbrl.org/arcrole/2008/element-label" xlink:from="loc_eba_AP10" xlink:to="label_eba_AP10_1" />
    <link:loc xlink:type="locator" xlink:href="hier.xsd#eba_AP11" xlink:label="loc_eba_AP11" />
    <label:label xlink:type="resource" xlink:label="label_eba_AP11" xml:lang="en" xlink:role="http://www.xbrl.org/2008/role/label">Hierarchy for the approaches applicable for CVA risk</label:label>
    <gen:arc xlink:type="arc" xlink:arcrole="http://xbrl.org/arcrole/2008/element-label" xlink:from="loc_eba_AP11" xlink:to="label_eba_AP11" />
    <label:label xlink:type="resource" xlink:label="label_eba_AP11_1" xml:lang="en" xlink:role="http://www.xbrl.org/2008/role/verboseLabel">Lists all the possible approaches applicable for CVA risk.</label:label>
    <gen:arc xlink:type="arc" xlink:arcrole="http://xbrl.org/arcrole/2008/element-label" xlink:from="loc_eba_AP11" xlink:to="label_eba_AP11_1" />
    <link:loc xlink:type="locator" xlink:href="hier.xsd#eba_AP2" xlink:label="loc_eba_AP2" />
    <label:label xlink:type="resource" xlink:label="label_eba_AP2" xml:lang="en" xlink:role="http://www.xbrl.org/2008/role/label">Hierarchy for the different methods to calculate risk weights for securitisation exposures</label:label>
    <gen:arc xlink:type="arc" xlink:arcrole="http://xbrl.org/arcrole/2008/element-label" xlink:from="loc_eba_AP2" xlink:to="label_eba_AP2" />
    <label:label xlink:type="resource" xlink:label="label_eba_AP2_1" xml:lang="en" xlink:role="http://www.xbrl.org/2008/role/verboseLabel">According to the CRR, there are different methods to determine risk weights for securitisation exposures. The CRR clearly describes the methods and the sequence of application. These hierarchy lists the possible methods to determine risk weights (separate dimension in the domain AP)</label:label>
    <gen:arc xlink:type="arc" xlink:arcrole="http://xbrl.org/arcrole/2008/element-label" xlink:from="loc_eba_AP2" xlink:to="label_eba_AP2_1" />
    <link:loc xlink:type="locator" xlink:href="hier.xsd#eba_AP22" xlink:label="loc_eba_AP22" />
    <label:label xlink:type="resource" xlink:label="label_eba_AP22" xml:lang="en" xlink:role="http://www.xbrl.org/2008/role/label">Alternative hierarchy for approaches for credit risk</label:label>
    <gen:arc xlink:type="arc" xlink:arcrole="http://xbrl.org/arcrole/2008/element-label" xlink:from="loc_eba_AP22" xlink:to="label_eba_AP22" />
    <label:label xlink:type="resource" xlink:label="label_eba_AP22_1" xml:lang="en" xlink:role="http://www.xbrl.org/2008/role/verboseLabel">Approaches used for calculating capital requirements for the credit risk for securitisation positions and equity positions in the IRB. There is no differentiation in foundation and advanced IRB for these exposure classes.</label:label>
    <gen:arc xlink:type="arc" xlink:arcrole="http://xbrl.org/arcrole/2008/element-label" xlink:from="loc_eba_AP22" xlink:to="label_eba_AP22_1" />
    <link:loc xlink:type="locator" xlink:href="hier.xsd#eba_AP5" xlink:label="loc_eba_AP5" />
    <label:label xlink:type="resource" xlink:label="label_eba_AP5" xml:lang="en" xlink:role="http://www.xbrl.org/2008/role/label">Hierarchy for the approaches for market risk</label:label>
    <gen:arc xlink:type="arc" xlink:arcrole="http://xbrl.org/arcrole/2008/element-label" xlink:from="loc_eba_AP5" xlink:to="label_eba_AP5" />
    <label:label xlink:type="resource" xlink:label="label_eba_AP5_1" xml:lang="en" xlink:role="http://www.xbrl.org/2008/role/verboseLabel">This hierarchy includes the different approaches for market risk</label:label>
    <gen:arc xlink:type="arc" xlink:arcrole="http://xbrl.org/arcrole/2008/element-label" xlink:from="loc_eba_AP5" xlink:to="label_eba_AP5_1" />
    <link:loc xlink:type="locator" xlink:href="hier.xsd#eba_AP7" xlink:label="loc_eba_AP7" />
    <label:label xlink:type="resource" xlink:label="label_eba_AP7" xml:lang="en" xlink:role="http://www.xbrl.org/2008/role/label">Methods to determine risk weights in the IRB approach</label:label>
    <gen:arc xlink:type="arc" xlink:arcrole="http://xbrl.org/arcrole/2008/element-label" xlink:from="loc_eba_AP7" xlink:to="label_eba_AP7" />
    <label:label xlink:type="resource" xlink:label="label_eba_AP7_1" xml:lang="en" xlink:role="http://www.xbrl.org/2008/role/verboseLabel">There are different possibilities in the IRB approach (excluding equity and securitisation positions) how risk weights are determined. These hierarchy lists the possible methods to determine risk weights (separate dimension in the domain AP)</label:label>
    <gen:arc xlink:type="arc" xlink:arcrole="http://xbrl.org/arcrole/2008/element-label" xlink:from="loc_eba_AP7" xlink:to="label_eba_AP7_1" />
    <link:loc xlink:type="locator" xlink:href="hier.xsd#eba_AP8" xlink:label="loc_eba_AP8" />
    <label:label xlink:type="resource" xlink:label="label_eba_AP8" xml:lang="en" xlink:role="http://www.xbrl.org/2008/role/label">Methods to determine risk weights in the IRB approach for equity exposures</label:label>
    <gen:arc xlink:type="arc" xlink:arcrole="http://xbrl.org/arcrole/2008/element-label" xlink:from="loc_eba_AP8" xlink:to="label_eba_AP8" />
    <label:label xlink:type="resource" xlink:label="label_eba_AP8_1" xml:lang="en" xlink:role="http://www.xbrl.org/2008/role/verboseLabel" />
    <gen:arc xlink:type="arc" xlink:arcrole="http://xbrl.org/arcrole/2008/element-label" xlink:from="loc_eba_AP8" xlink:to="label_eba_AP8_1" />
    <link:loc xlink:type="locator" xlink:href="hier.xsd#eba_AP9" xlink:label="loc_eba_AP9" />
    <label:label xlink:type="resource" xlink:label="label_eba_AP9" xml:lang="en" xlink:role="http://www.xbrl.org/2008/role/label">Hierarchy for approach for options</label:label>
    <gen:arc xlink:type="arc" xlink:arcrole="http://xbrl.org/arcrole/2008/element-label" xlink:from="loc_eba_AP9" xlink:to="label_eba_AP9" />
    <label:label xlink:type="resource" xlink:label="label_eba_AP9_1" xml:lang="en" xlink:role="http://www.xbrl.org/2008/role/verboseLabel">Hierarchy shows the approaches used to calculate own funds requirements for risks other than delta risks.</label:label>
    <gen:arc xlink:type="arc" xlink:arcrole="http://xbrl.org/arcrole/2008/element-label" xlink:from="loc_eba_AP9" xlink:to="label_eba_AP9_1" />
    <link:loc xlink:type="locator" xlink:href="hier.xsd#eba_AP23" xlink:label="loc_eba_AP23" />
    <label:label xlink:type="resource" xlink:label="label_eba_AP23" xml:lang="en" xlink:role="http://www.xbrl.org/2008/role/label">Options for "Approach used for the securitised exposures"</label:label>
    <gen:arc xlink:type="arc" xlink:arcrole="http://xbrl.org/arcrole/2008/element-label" xlink:from="loc_eba_AP23" xlink:to="label_eba_AP23" />
    <label:label xlink:type="resource" xlink:label="label_eba_AP23_1" xml:lang="en" xlink:role="http://www.xbrl.org/2008/role/verboseLabel" />
    <gen:arc xlink:type="arc" xlink:arcrole="http://xbrl.org/arcrole/2008/element-label" xlink:from="loc_eba_AP23" xlink:to="label_eba_AP23_1" />
    <link:loc xlink:type="locator" xlink:href="hier.xsd#eba_AP24" xlink:label="loc_eba_AP24" />
    <label:label xlink:type="resource" xlink:label="label_eba_AP24" xml:lang="en" xlink:role="http://www.xbrl.org/2008/role/label">Derivative treatment</label:label>
    <gen:arc xlink:type="arc" xlink:arcrole="http://xbrl.org/arcrole/2008/element-label" xlink:from="loc_eba_AP24" xlink:to="label_eba_AP24" />
    <label:label xlink:type="resource" xlink:label="label_eba_AP24_1" xml:lang="en" xlink:role="http://www.xbrl.org/2008/role/verboseLabel">Lists allowed values for the 'Derivative treatment' metric</label:label>
    <gen:arc xlink:type="arc" xlink:arcrole="http://xbrl.org/arcrole/2008/element-label" xlink:from="loc_eba_AP24" xlink:to="label_eba_AP24_1" />
    <link:loc xlink:type="locator" xlink:href="hier.xsd#eba_AP25" xlink:label="loc_eba_AP25" />
    <label:label xlink:type="resource" xlink:label="label_eba_AP25" xml:lang="en" xlink:role="http://www.xbrl.org/2008/role/label">Derivative add-on calculation methods</label:label>
    <gen:arc xlink:type="arc" xlink:arcrole="http://xbrl.org/arcrole/2008/element-label" xlink:from="loc_eba_AP25" xlink:to="label_eba_AP25" />
    <label:label xlink:type="resource" xlink:label="label_eba_AP25_1" xml:lang="en" xlink:role="http://www.xbrl.org/2008/role/verboseLabel" />
    <gen:arc xlink:type="arc" xlink:arcrole="http://xbrl.org/arcrole/2008/element-label" xlink:from="loc_eba_AP25" xlink:to="label_eba_AP25_1" />
    <link:loc xlink:type="locator" xlink:href="hier.xsd#eba_AP6" xlink:label="loc_eba_AP6" />
    <label:label xlink:type="resource" xlink:label="label_eba_AP6" xml:lang="en" xlink:role="http://www.xbrl.org/2008/role/label">Partial use</label:label>
    <gen:arc xlink:type="arc" xlink:arcrole="http://xbrl.org/arcrole/2008/element-label" xlink:from="loc_eba_AP6" xlink:to="label_eba_AP6" />
    <label:label xlink:type="resource" xlink:label="label_eba_AP6_1" xml:lang="en" xlink:role="http://www.xbrl.org/2008/role/verboseLabel" />
    <gen:arc xlink:type="arc" xlink:arcrole="http://xbrl.org/arcrole/2008/element-label" xlink:from="loc_eba_AP6" xlink:to="label_eba_AP6_1" />
  </gen:link>
</link:linkbase>