﻿<?xml version="1.0" encoding="utf-8"?>
<?taxonomy-version 2.0.1?>
<!--(C) EBA-->
<link:linkbase xmlns:xsi="http://www.w3.org/2001/XMLSchema-instance" xmlns:xlink="http://www.w3.org/1999/xlink" xmlns:link="http://www.xbrl.org/2003/linkbase" xmlns:gen="http://xbrl.org/2008/generic" xmlns:label="http://xbrl.org/2008/label" xsi:schemaLocation="http://www.xbrl.org/2003/linkbase http://www.xbrl.org/2003/xbrl-linkbase-2003-12-31.xsd http://xbrl.org/2008/generic http://www.xbrl.org/2008/generic-link.xsd http://xbrl.org/2008/label http://www.xbrl.org/2008/generic-label.xsd">
  <link:arcroleRef arcroleURI="http://xbrl.org/arcrole/2008/element-label" xlink:type="simple" xlink:href="http://www.xbrl.org/2008/generic-label.xsd#element-label" />
  <link:roleRef roleURI="http://www.eba.europa.eu/xbrl/role/dpm-db-id" xlink:type="simple" xlink:href="http://www.eba.europa.eu/eu/fr/xbrl/ext/model.xsd#dpm-db-id" />
  <link:roleRef roleURI="http://www.eurofiling.info/xbrl/role/filing-indicator-code" xlink:type="simple" xlink:href="http://www.eurofiling.info/eu/fr/xbrl/ext/model.xsd#filing-indicator-code" />
  <link:roleRef roleURI="http://www.eurofiling.info/xbrl/role/rc-code" xlink:type="simple" xlink:href="http://www.eurofiling.info/eu/fr/xbrl/ext/model.xsd#rc-code" />
  <gen:link xlink:type="extended" xlink:role="http://www.xbrl.org/2003/role/link">
    <link:loc xlink:type="locator" xlink:href="c_25.00-rend.xml#eba_tC_25.00" xlink:label="loc_eba_tC_25.00" />
    <label:label xlink:type="resource" xlink:label="label_eba_tC_25.00" xml:lang="en" xlink:role="http://www.eurofiling.info/xbrl/role/rc-code">C 25.00</label:label>
    <gen:arc xlink:type="arc" xlink:arcrole="http://xbrl.org/arcrole/2008/element-label" xlink:from="loc_eba_tC_25.00" xlink:to="label_eba_tC_25.00" />
    <link:loc xlink:type="locator" xlink:href="c_25.00-rend.xml#eba_c20979" xlink:label="loc_eba_c20979" />
    <label:label xlink:type="resource" xlink:label="label_eba_c20979" xml:lang="en" xlink:role="http://www.eurofiling.info/xbrl/role/rc-code">010</label:label>
    <gen:arc xlink:type="arc" xlink:arcrole="http://xbrl.org/arcrole/2008/element-label" xlink:from="loc_eba_c20979" xlink:to="label_eba_c20979" />
    <link:loc xlink:type="locator" xlink:href="c_25.00-rend.xml#eba_c20980" xlink:label="loc_eba_c20980" />
    <label:label xlink:type="resource" xlink:label="label_eba_c20980" xml:lang="en" xlink:role="http://www.eurofiling.info/xbrl/role/rc-code">020</label:label>
    <gen:arc xlink:type="arc" xlink:arcrole="http://xbrl.org/arcrole/2008/element-label" xlink:from="loc_eba_c20980" xlink:to="label_eba_c20980" />
    <link:loc xlink:type="locator" xlink:href="c_25.00-rend.xml#eba_c20981" xlink:label="loc_eba_c20981" />
    <label:label xlink:type="resource" xlink:label="label_eba_c20981" xml:lang="en" xlink:role="http://www.eurofiling.info/xbrl/role/rc-code">030</label:label>
    <gen:arc xlink:type="arc" xlink:arcrole="http://xbrl.org/arcrole/2008/element-label" xlink:from="loc_eba_c20981" xlink:to="label_eba_c20981" />
    <link:loc xlink:type="locator" xlink:href="c_25.00-rend.xml#eba_c20982" xlink:label="loc_eba_c20982" />
    <label:label xlink:type="resource" xlink:label="label_eba_c20982" xml:lang="en" xlink:role="http://www.eurofiling.info/xbrl/role/rc-code">039</label:label>
    <gen:arc xlink:type="arc" xlink:arcrole="http://xbrl.org/arcrole/2008/element-label" xlink:from="loc_eba_c20982" xlink:to="label_eba_c20982" />
    <link:loc xlink:type="locator" xlink:href="c_25.00-rend.xml#eba_c20983" xlink:label="loc_eba_c20983" />
    <label:label xlink:type="resource" xlink:label="label_eba_c20983" xml:lang="en" xlink:role="http://www.eurofiling.info/xbrl/role/rc-code">040</label:label>
    <gen:arc xlink:type="arc" xlink:arcrole="http://xbrl.org/arcrole/2008/element-label" xlink:from="loc_eba_c20983" xlink:to="label_eba_c20983" />
    <link:loc xlink:type="locator" xlink:href="c_25.00-rend.xml#eba_c20984" xlink:label="loc_eba_c20984" />
    <label:label xlink:type="resource" xlink:label="label_eba_c20984" xml:lang="en" xlink:role="http://www.eurofiling.info/xbrl/role/rc-code">050</label:label>
    <gen:arc xlink:type="arc" xlink:arcrole="http://xbrl.org/arcrole/2008/element-label" xlink:from="loc_eba_c20984" xlink:to="label_eba_c20984" />
    <link:loc xlink:type="locator" xlink:href="c_25.00-rend.xml#eba_c20985" xlink:label="loc_eba_c20985" />
    <label:label xlink:type="resource" xlink:label="label_eba_c20985" xml:lang="en" xlink:role="http://www.eurofiling.info/xbrl/role/rc-code">059</label:label>
    <gen:arc xlink:type="arc" xlink:arcrole="http://xbrl.org/arcrole/2008/element-label" xlink:from="loc_eba_c20985" xlink:to="label_eba_c20985" />
    <link:loc xlink:type="locator" xlink:href="c_25.00-rend.xml#eba_c20986" xlink:label="loc_eba_c20986" />
    <label:label xlink:type="resource" xlink:label="label_eba_c20986" xml:lang="en" xlink:role="http://www.eurofiling.info/xbrl/role/rc-code">060</label:label>
    <gen:arc xlink:type="arc" xlink:arcrole="http://xbrl.org/arcrole/2008/element-label" xlink:from="loc_eba_c20986" xlink:to="label_eba_c20986" />
    <link:loc xlink:type="locator" xlink:href="c_25.00-rend.xml#eba_c20987" xlink:label="loc_eba_c20987" />
    <label:label xlink:type="resource" xlink:label="label_eba_c20987" xml:lang="en" xlink:role="http://www.eurofiling.info/xbrl/role/rc-code">070</label:label>
    <gen:arc xlink:type="arc" xlink:arcrole="http://xbrl.org/arcrole/2008/element-label" xlink:from="loc_eba_c20987" xlink:to="label_eba_c20987" />
    <link:loc xlink:type="locator" xlink:href="c_25.00-rend.xml#eba_c20988" xlink:label="loc_eba_c20988" />
    <label:label xlink:type="resource" xlink:label="label_eba_c20988" xml:lang="en" xlink:role="http://www.eurofiling.info/xbrl/role/rc-code">080</label:label>
    <gen:arc xlink:type="arc" xlink:arcrole="http://xbrl.org/arcrole/2008/element-label" xlink:from="loc_eba_c20988" xlink:to="label_eba_c20988" />
    <link:loc xlink:type="locator" xlink:href="c_25.00-rend.xml#eba_c20989" xlink:label="loc_eba_c20989" />
    <label:label xlink:type="resource" xlink:label="label_eba_c20989" xml:lang="en" xlink:role="http://www.eurofiling.info/xbrl/role/rc-code">090</label:label>
    <gen:arc xlink:type="arc" xlink:arcrole="http://xbrl.org/arcrole/2008/element-label" xlink:from="loc_eba_c20989" xlink:to="label_eba_c20989" />
    <link:loc xlink:type="locator" xlink:href="c_25.00-rend.xml#eba_c20990" xlink:label="loc_eba_c20990" />
    <label:label xlink:type="resource" xlink:label="label_eba_c20990" xml:lang="en" xlink:role="http://www.eurofiling.info/xbrl/role/rc-code">099</label:label>
    <gen:arc xlink:type="arc" xlink:arcrole="http://xbrl.org/arcrole/2008/element-label" xlink:from="loc_eba_c20990" xlink:to="label_eba_c20990" />
    <link:loc xlink:type="locator" xlink:href="c_25.00-rend.xml#eba_c20991" xlink:label="loc_eba_c20991" />
    <label:label xlink:type="resource" xlink:label="label_eba_c20991" xml:lang="en" xlink:role="http://www.eurofiling.info/xbrl/role/rc-code">100</label:label>
    <gen:arc xlink:type="arc" xlink:arcrole="http://xbrl.org/arcrole/2008/element-label" xlink:from="loc_eba_c20991" xlink:to="label_eba_c20991" />
    <link:loc xlink:type="locator" xlink:href="c_25.00-rend.xml#eba_c20992" xlink:label="loc_eba_c20992" />
    <label:label xlink:type="resource" xlink:label="label_eba_c20992" xml:lang="en" xlink:role="http://www.eurofiling.info/xbrl/role/rc-code">110</label:label>
    <gen:arc xlink:type="arc" xlink:arcrole="http://xbrl.org/arcrole/2008/element-label" xlink:from="loc_eba_c20992" xlink:to="label_eba_c20992" />
    <link:loc xlink:type="locator" xlink:href="c_25.00-rend.xml#eba_c20993" xlink:label="loc_eba_c20993" />
    <label:label xlink:type="resource" xlink:label="label_eba_c20993" xml:lang="en" xlink:role="http://www.eurofiling.info/xbrl/role/rc-code">120</label:label>
    <gen:arc xlink:type="arc" xlink:arcrole="http://xbrl.org/arcrole/2008/element-label" xlink:from="loc_eba_c20993" xlink:to="label_eba_c20993" />
    <link:loc xlink:type="locator" xlink:href="c_25.00-rend.xml#eba_c20994" xlink:label="loc_eba_c20994" />
    <label:label xlink:type="resource" xlink:label="label_eba_c20994" xml:lang="en" xlink:role="http://www.eurofiling.info/xbrl/role/rc-code">129</label:label>
    <gen:arc xlink:type="arc" xlink:arcrole="http://xbrl.org/arcrole/2008/element-label" xlink:from="loc_eba_c20994" xlink:to="label_eba_c20994" />
    <link:loc xlink:type="locator" xlink:href="c_25.00-rend.xml#eba_c20995" xlink:label="loc_eba_c20995" />
    <label:label xlink:type="resource" xlink:label="label_eba_c20995" xml:lang="en" xlink:role="http://www.eurofiling.info/xbrl/role/rc-code">130</label:label>
    <gen:arc xlink:type="arc" xlink:arcrole="http://xbrl.org/arcrole/2008/element-label" xlink:from="loc_eba_c20995" xlink:to="label_eba_c20995" />
    <link:loc xlink:type="locator" xlink:href="c_25.00-rend.xml#eba_c20996" xlink:label="loc_eba_c20996" />
    <label:label xlink:type="resource" xlink:label="label_eba_c20996" xml:lang="en" xlink:role="http://www.eurofiling.info/xbrl/role/rc-code">140</label:label>
    <gen:arc xlink:type="arc" xlink:arcrole="http://xbrl.org/arcrole/2008/element-label" xlink:from="loc_eba_c20996" xlink:to="label_eba_c20996" />
    <link:loc xlink:type="locator" xlink:href="c_25.00-rend.xml#eba_c20997" xlink:label="loc_eba_c20997" />
    <label:label xlink:type="resource" xlink:label="label_eba_c20997" xml:lang="en" xlink:role="http://www.eurofiling.info/xbrl/role/rc-code">010</label:label>
    <gen:arc xlink:type="arc" xlink:arcrole="http://xbrl.org/arcrole/2008/element-label" xlink:from="loc_eba_c20997" xlink:to="label_eba_c20997" />
    <link:loc xlink:type="locator" xlink:href="c_25.00-rend.xml#eba_c20998" xlink:label="loc_eba_c20998" />
    <label:label xlink:type="resource" xlink:label="label_eba_c20998" xml:lang="en" xlink:role="http://www.eurofiling.info/xbrl/role/rc-code">020</label:label>
    <gen:arc xlink:type="arc" xlink:arcrole="http://xbrl.org/arcrole/2008/element-label" xlink:from="loc_eba_c20998" xlink:to="label_eba_c20998" />
    <link:loc xlink:type="locator" xlink:href="c_25.00-rend.xml#eba_c20999" xlink:label="loc_eba_c20999" />
    <label:label xlink:type="resource" xlink:label="label_eba_c20999" xml:lang="en" xlink:role="http://www.eurofiling.info/xbrl/role/rc-code">030</label:label>
    <gen:arc xlink:type="arc" xlink:arcrole="http://xbrl.org/arcrole/2008/element-label" xlink:from="loc_eba_c20999" xlink:to="label_eba_c20999" />
    <link:loc xlink:type="locator" xlink:href="c_25.00-rend.xml#eba_c21000" xlink:label="loc_eba_c21000" />
    <label:label xlink:type="resource" xlink:label="label_eba_c21000" xml:lang="en" xlink:role="http://www.eurofiling.info/xbrl/role/rc-code">040</label:label>
    <gen:arc xlink:type="arc" xlink:arcrole="http://xbrl.org/arcrole/2008/element-label" xlink:from="loc_eba_c21000" xlink:to="label_eba_c21000" />
    <label:label xlink:type="resource" xlink:label="label_eba_tC_25.00_1" xml:lang="en" xlink:role="http://www.eurofiling.info/xbrl/role/filing-indicator-code">C_25.00</label:label>
    <gen:arc xlink:type="arc" xlink:arcrole="http://xbrl.org/arcrole/2008/element-label" xlink:from="loc_eba_tC_25.00" xlink:to="label_eba_tC_25.00_1" />
    <label:label xlink:type="resource" xlink:label="label_eba_tC_25.00_2" xml:lang="en" xlink:role="http://www.eba.europa.eu/xbrl/role/dpm-db-id">110</label:label>
    <gen:arc xlink:type="arc" xlink:arcrole="http://xbrl.org/arcrole/2008/element-label" xlink:from="loc_eba_tC_25.00" xlink:to="label_eba_tC_25.00_2" />
    <label:label xlink:type="resource" xlink:label="label_eba_c20979_1" xml:lang="en" xlink:role="http://www.eba.europa.eu/xbrl/role/dpm-db-id">20979</label:label>
    <gen:arc xlink:type="arc" xlink:arcrole="http://xbrl.org/arcrole/2008/element-label" xlink:from="loc_eba_c20979" xlink:to="label_eba_c20979_1" />
    <label:label xlink:type="resource" xlink:label="label_eba_c20980_1" xml:lang="en" xlink:role="http://www.eba.europa.eu/xbrl/role/dpm-db-id">20980</label:label>
    <gen:arc xlink:type="arc" xlink:arcrole="http://xbrl.org/arcrole/2008/element-label" xlink:from="loc_eba_c20980" xlink:to="label_eba_c20980_1" />
    <label:label xlink:type="resource" xlink:label="label_eba_c20981_1" xml:lang="en" xlink:role="http://www.eba.europa.eu/xbrl/role/dpm-db-id">20981</label:label>
    <gen:arc xlink:type="arc" xlink:arcrole="http://xbrl.org/arcrole/2008/element-label" xlink:from="loc_eba_c20981" xlink:to="label_eba_c20981_1" />
    <label:label xlink:type="resource" xlink:label="label_eba_c20982_1" xml:lang="en" xlink:role="http://www.eba.europa.eu/xbrl/role/dpm-db-id">20982</label:label>
    <gen:arc xlink:type="arc" xlink:arcrole="http://xbrl.org/arcrole/2008/element-label" xlink:from="loc_eba_c20982" xlink:to="label_eba_c20982_1" />
    <label:label xlink:type="resource" xlink:label="label_eba_c20983_1" xml:lang="en" xlink:role="http://www.eba.europa.eu/xbrl/role/dpm-db-id">20983</label:label>
    <gen:arc xlink:type="arc" xlink:arcrole="http://xbrl.org/arcrole/2008/element-label" xlink:from="loc_eba_c20983" xlink:to="label_eba_c20983_1" />
    <label:label xlink:type="resource" xlink:label="label_eba_c20984_1" xml:lang="en" xlink:role="http://www.eba.europa.eu/xbrl/role/dpm-db-id">20984</label:label>
    <gen:arc xlink:type="arc" xlink:arcrole="http://xbrl.org/arcrole/2008/element-label" xlink:from="loc_eba_c20984" xlink:to="label_eba_c20984_1" />
    <label:label xlink:type="resource" xlink:label="label_eba_c20985_1" xml:lang="en" xlink:role="http://www.eba.europa.eu/xbrl/role/dpm-db-id">20985</label:label>
    <gen:arc xlink:type="arc" xlink:arcrole="http://xbrl.org/arcrole/2008/element-label" xlink:from="loc_eba_c20985" xlink:to="label_eba_c20985_1" />
    <label:label xlink:type="resource" xlink:label="label_eba_c20986_1" xml:lang="en" xlink:role="http://www.eba.europa.eu/xbrl/role/dpm-db-id">20986</label:label>
    <gen:arc xlink:type="arc" xlink:arcrole="http://xbrl.org/arcrole/2008/element-label" xlink:from="loc_eba_c20986" xlink:to="label_eba_c20986_1" />
    <label:label xlink:type="resource" xlink:label="label_eba_c20987_1" xml:lang="en" xlink:role="http://www.eba.europa.eu/xbrl/role/dpm-db-id">20987</label:label>
    <gen:arc xlink:type="arc" xlink:arcrole="http://xbrl.org/arcrole/2008/element-label" xlink:from="loc_eba_c20987" xlink:to="label_eba_c20987_1" />
    <label:label xlink:type="resource" xlink:label="label_eba_c20988_1" xml:lang="en" xlink:role="http://www.eba.europa.eu/xbrl/role/dpm-db-id">20988</label:label>
    <gen:arc xlink:type="arc" xlink:arcrole="http://xbrl.org/arcrole/2008/element-label" xlink:from="loc_eba_c20988" xlink:to="label_eba_c20988_1" />
    <label:label xlink:type="resource" xlink:label="label_eba_c20989_1" xml:lang="en" xlink:role="http://www.eba.europa.eu/xbrl/role/dpm-db-id">20989</label:label>
    <gen:arc xlink:type="arc" xlink:arcrole="http://xbrl.org/arcrole/2008/element-label" xlink:from="loc_eba_c20989" xlink:to="label_eba_c20989_1" />
    <label:label xlink:type="resource" xlink:label="label_eba_c20990_1" xml:lang="en" xlink:role="http://www.eba.europa.eu/xbrl/role/dpm-db-id">20990</label:label>
    <gen:arc xlink:type="arc" xlink:arcrole="http://xbrl.org/arcrole/2008/element-label" xlink:from="loc_eba_c20990" xlink:to="label_eba_c20990_1" />
    <label:label xlink:type="resource" xlink:label="label_eba_c20991_1" xml:lang="en" xlink:role="http://www.eba.europa.eu/xbrl/role/dpm-db-id">20991</label:label>
    <gen:arc xlink:type="arc" xlink:arcrole="http://xbrl.org/arcrole/2008/element-label" xlink:from="loc_eba_c20991" xlink:to="label_eba_c20991_1" />
    <label:label xlink:type="resource" xlink:label="label_eba_c20992_1" xml:lang="en" xlink:role="http://www.eba.europa.eu/xbrl/role/dpm-db-id">20992</label:label>
    <gen:arc xlink:type="arc" xlink:arcrole="http://xbrl.org/arcrole/2008/element-label" xlink:from="loc_eba_c20992" xlink:to="label_eba_c20992_1" />
    <label:label xlink:type="resource" xlink:label="label_eba_c20993_1" xml:lang="en" xlink:role="http://www.eba.europa.eu/xbrl/role/dpm-db-id">20993</label:label>
    <gen:arc xlink:type="arc" xlink:arcrole="http://xbrl.org/arcrole/2008/element-label" xlink:from="loc_eba_c20993" xlink:to="label_eba_c20993_1" />
    <label:label xlink:type="resource" xlink:label="label_eba_c20994_1" xml:lang="en" xlink:role="http://www.eba.europa.eu/xbrl/role/dpm-db-id">20994</label:label>
    <gen:arc xlink:type="arc" xlink:arcrole="http://xbrl.org/arcrole/2008/element-label" xlink:from="loc_eba_c20994" xlink:to="label_eba_c20994_1" />
    <label:label xlink:type="resource" xlink:label="label_eba_c20995_1" xml:lang="en" xlink:role="http://www.eba.europa.eu/xbrl/role/dpm-db-id">20995</label:label>
    <gen:arc xlink:type="arc" xlink:arcrole="http://xbrl.org/arcrole/2008/element-label" xlink:from="loc_eba_c20995" xlink:to="label_eba_c20995_1" />
    <label:label xlink:type="resource" xlink:label="label_eba_c20996_1" xml:lang="en" xlink:role="http://www.eba.europa.eu/xbrl/role/dpm-db-id">20996</label:label>
    <gen:arc xlink:type="arc" xlink:arcrole="http://xbrl.org/arcrole/2008/element-label" xlink:from="loc_eba_c20996" xlink:to="label_eba_c20996_1" />
    <label:label xlink:type="resource" xlink:label="label_eba_c20997_1" xml:lang="en" xlink:role="http://www.eba.europa.eu/xbrl/role/dpm-db-id">20997</label:label>
    <gen:arc xlink:type="arc" xlink:arcrole="http://xbrl.org/arcrole/2008/element-label" xlink:from="loc_eba_c20997" xlink:to="label_eba_c20997_1" />
    <label:label xlink:type="resource" xlink:label="label_eba_c20998_1" xml:lang="en" xlink:role="http://www.eba.europa.eu/xbrl/role/dpm-db-id">20998</label:label>
    <gen:arc xlink:type="arc" xlink:arcrole="http://xbrl.org/arcrole/2008/element-label" xlink:from="loc_eba_c20998" xlink:to="label_eba_c20998_1" />
    <label:label xlink:type="resource" xlink:label="label_eba_c20999_1" xml:lang="en" xlink:role="http://www.eba.europa.eu/xbrl/role/dpm-db-id">20999</label:label>
    <gen:arc xlink:type="arc" xlink:arcrole="http://xbrl.org/arcrole/2008/element-label" xlink:from="loc_eba_c20999" xlink:to="label_eba_c20999_1" />
    <label:label xlink:type="resource" xlink:label="label_eba_c21000_1" xml:lang="en" xlink:role="http://www.eba.europa.eu/xbrl/role/dpm-db-id">21000</label:label>
    <gen:arc xlink:type="arc" xlink:arcrole="http://xbrl.org/arcrole/2008/element-label" xlink:from="loc_eba_c21000" xlink:to="label_eba_c21000_1" />
  </gen:link>
</link:linkbase>