﻿<?xml version="1.0" encoding="utf-8"?>
<?taxonomy-version 2.0.0?>
<!--(C) EBA-->
<link:linkbase xmlns:xsi="http://www.w3.org/2001/XMLSchema-instance" xmlns:xlink="http://www.w3.org/1999/xlink" xmlns:link="http://www.xbrl.org/2003/linkbase" xmlns:gen="http://xbrl.org/2008/generic" xmlns:label="http://xbrl.org/2008/label" xsi:schemaLocation="http://www.xbrl.org/2003/linkbase http://www.xbrl.org/2003/xbrl-linkbase-2003-12-31.xsd http://xbrl.org/2008/generic http://www.xbrl.org/2008/generic-link.xsd http://xbrl.org/2008/label http://www.xbrl.org/2008/generic-label.xsd">
  <link:arcroleRef arcroleURI="http://xbrl.org/arcrole/2008/element-label" xlink:type="simple" xlink:href="http://www.xbrl.org/2008/generic-label.xsd#element-label" />
  <link:roleRef roleURI="http://www.xbrl.org/2008/role/label" xlink:type="simple" xlink:href="http://www.xbrl.org/2008/generic-label.xsd#standard-label" />
  <link:roleRef roleURI="http://www.xbrl.org/2008/role/verboseLabel" xlink:type="simple" xlink:href="http://www.xbrl.org/2008/generic-label.xsd#verbose-label" />
  <gen:link xlink:type="extended" xlink:role="http://www.xbrl.org/2003/role/link">
    <link:loc xlink:type="locator" xlink:href="c_25.00-rend.xml#eba_tC_25.00" xlink:label="loc_eba_tC_25.00" />
    <label:label xlink:type="resource" xlink:label="label_eba_tC_25.00" xml:lang="en" xlink:role="http://www.xbrl.org/2008/role/label">C 25.00 (CVA)</label:label>
    <gen:arc xlink:type="arc" xlink:arcrole="http://xbrl.org/arcrole/2008/element-label" xlink:from="loc_eba_tC_25.00" xlink:to="label_eba_tC_25.00" />
    <label:label xlink:type="resource" xlink:label="label_eba_tC_25.00_1" xml:lang="en" xlink:role="http://www.xbrl.org/2008/role/verboseLabel">C 25.00 (CVA) CVA RISK</label:label>
    <gen:arc xlink:type="arc" xlink:arcrole="http://xbrl.org/arcrole/2008/element-label" xlink:from="loc_eba_tC_25.00" xlink:to="label_eba_tC_25.00_1" />
    <link:loc xlink:type="locator" xlink:href="c_25.00-rend.xml#eba_a1" xlink:label="loc_eba_a1" />
    <label:label xlink:type="resource" xlink:label="label_eba_a1" xml:lang="en" xlink:role="http://www.xbrl.org/2008/role/label">Columns</label:label>
    <gen:arc xlink:type="arc" xlink:arcrole="http://xbrl.org/arcrole/2008/element-label" xlink:from="loc_eba_a1" xlink:to="label_eba_a1" />
    <link:loc xlink:type="locator" xlink:href="c_25.00-rend.xml#eba_c20979" xlink:label="loc_eba_c20979" />
    <label:label xlink:type="resource" xlink:label="label_eba_c20979" xml:lang="en" xlink:role="http://www.xbrl.org/2008/role/label">EXPOSURE VALUE</label:label>
    <gen:arc xlink:type="arc" xlink:arcrole="http://xbrl.org/arcrole/2008/element-label" xlink:from="loc_eba_c20979" xlink:to="label_eba_c20979" />
    <link:loc xlink:type="locator" xlink:href="c_25.00-rend.xml#eba_c20980" xlink:label="loc_eba_c20980" />
    <label:label xlink:type="resource" xlink:label="label_eba_c20980" xml:lang="en" xlink:role="http://www.xbrl.org/2008/role/label">OTC Derivatives</label:label>
    <gen:arc xlink:type="arc" xlink:arcrole="http://xbrl.org/arcrole/2008/element-label" xlink:from="loc_eba_c20980" xlink:to="label_eba_c20980" />
    <link:loc xlink:type="locator" xlink:href="c_25.00-rend.xml#eba_c20981" xlink:label="loc_eba_c20981" />
    <label:label xlink:type="resource" xlink:label="label_eba_c20981" xml:lang="en" xlink:role="http://www.xbrl.org/2008/role/label">SFT</label:label>
    <gen:arc xlink:type="arc" xlink:arcrole="http://xbrl.org/arcrole/2008/element-label" xlink:from="loc_eba_c20981" xlink:to="label_eba_c20981" />
    <link:loc xlink:type="locator" xlink:href="c_25.00-rend.xml#eba_c20982" xlink:label="loc_eba_c20982" />
    <label:label xlink:type="resource" xlink:label="label_eba_c20982" xml:lang="en" xlink:role="http://www.xbrl.org/2008/role/label">VaR</label:label>
    <gen:arc xlink:type="arc" xlink:arcrole="http://xbrl.org/arcrole/2008/element-label" xlink:from="loc_eba_c20982" xlink:to="label_eba_c20982" />
    <link:loc xlink:type="locator" xlink:href="c_25.00-rend.xml#eba_c20983" xlink:label="loc_eba_c20983" />
    <label:label xlink:type="resource" xlink:label="label_eba_c20983" xml:lang="en" xlink:role="http://www.xbrl.org/2008/role/label">MULTIPLICATION FACTOR (mc) x AVERAGE OF PREVIOUS 60 WORKING DAYS (VaRavg)</label:label>
    <gen:arc xlink:type="arc" xlink:arcrole="http://xbrl.org/arcrole/2008/element-label" xlink:from="loc_eba_c20983" xlink:to="label_eba_c20983" />
    <link:loc xlink:type="locator" xlink:href="c_25.00-rend.xml#eba_c20984" xlink:label="loc_eba_c20984" />
    <label:label xlink:type="resource" xlink:label="label_eba_c20984" xml:lang="en" xlink:role="http://www.xbrl.org/2008/role/label">PREVIOUS DAY (VaRt-1)</label:label>
    <gen:arc xlink:type="arc" xlink:arcrole="http://xbrl.org/arcrole/2008/element-label" xlink:from="loc_eba_c20984" xlink:to="label_eba_c20984" />
    <link:loc xlink:type="locator" xlink:href="c_25.00-rend.xml#eba_c20985" xlink:label="loc_eba_c20985" />
    <label:label xlink:type="resource" xlink:label="label_eba_c20985" xml:lang="en" xlink:role="http://www.xbrl.org/2008/role/label">STRESSED VaR</label:label>
    <gen:arc xlink:type="arc" xlink:arcrole="http://xbrl.org/arcrole/2008/element-label" xlink:from="loc_eba_c20985" xlink:to="label_eba_c20985" />
    <link:loc xlink:type="locator" xlink:href="c_25.00-rend.xml#eba_c20986" xlink:label="loc_eba_c20986" />
    <label:label xlink:type="resource" xlink:label="label_eba_c20986" xml:lang="en" xlink:role="http://www.xbrl.org/2008/role/label">MULTIPLICATION FACTOR (ms) x AVERAGE OF PREVIOUS 60 WORKING DAYS (SVaRavg)</label:label>
    <gen:arc xlink:type="arc" xlink:arcrole="http://xbrl.org/arcrole/2008/element-label" xlink:from="loc_eba_c20986" xlink:to="label_eba_c20986" />
    <link:loc xlink:type="locator" xlink:href="c_25.00-rend.xml#eba_c20987" xlink:label="loc_eba_c20987" />
    <label:label xlink:type="resource" xlink:label="label_eba_c20987" xml:lang="en" xlink:role="http://www.xbrl.org/2008/role/label">LATEST AVAILABLE (SVaRt-1)</label:label>
    <gen:arc xlink:type="arc" xlink:arcrole="http://xbrl.org/arcrole/2008/element-label" xlink:from="loc_eba_c20987" xlink:to="label_eba_c20987" />
    <link:loc xlink:type="locator" xlink:href="c_25.00-rend.xml#eba_c20988" xlink:label="loc_eba_c20988" />
    <label:label xlink:type="resource" xlink:label="label_eba_c20988" xml:lang="en" xlink:role="http://www.xbrl.org/2008/role/label">Own funds requirements</label:label>
    <gen:arc xlink:type="arc" xlink:arcrole="http://xbrl.org/arcrole/2008/element-label" xlink:from="loc_eba_c20988" xlink:to="label_eba_c20988" />
    <link:loc xlink:type="locator" xlink:href="c_25.00-rend.xml#eba_c20989" xlink:label="loc_eba_c20989" />
    <label:label xlink:type="resource" xlink:label="label_eba_c20989" xml:lang="en" xlink:role="http://www.xbrl.org/2008/role/label">Total risk exposure amount</label:label>
    <gen:arc xlink:type="arc" xlink:arcrole="http://xbrl.org/arcrole/2008/element-label" xlink:from="loc_eba_c20989" xlink:to="label_eba_c20989" />
    <link:loc xlink:type="locator" xlink:href="c_25.00-rend.xml#eba_c20990" xlink:label="loc_eba_c20990" />
    <label:label xlink:type="resource" xlink:label="label_eba_c20990" xml:lang="en" xlink:role="http://www.xbrl.org/2008/role/label">MEMORANDUM ITEMS</label:label>
    <gen:arc xlink:type="arc" xlink:arcrole="http://xbrl.org/arcrole/2008/element-label" xlink:from="loc_eba_c20990" xlink:to="label_eba_c20990" />
    <link:loc xlink:type="locator" xlink:href="c_25.00-rend.xml#eba_c20991" xlink:label="loc_eba_c20991" />
    <label:label xlink:type="resource" xlink:label="label_eba_c20991" xml:lang="en" xlink:role="http://www.xbrl.org/2008/role/label">Number of counterparties</label:label>
    <gen:arc xlink:type="arc" xlink:arcrole="http://xbrl.org/arcrole/2008/element-label" xlink:from="loc_eba_c20991" xlink:to="label_eba_c20991" />
    <link:loc xlink:type="locator" xlink:href="c_25.00-rend.xml#eba_c20992" xlink:label="loc_eba_c20992" />
    <label:label xlink:type="resource" xlink:label="label_eba_c20992" xml:lang="en" xlink:role="http://www.xbrl.org/2008/role/label">of which: proxy was used to determine credit spread</label:label>
    <gen:arc xlink:type="arc" xlink:arcrole="http://xbrl.org/arcrole/2008/element-label" xlink:from="loc_eba_c20992" xlink:to="label_eba_c20992" />
    <link:loc xlink:type="locator" xlink:href="c_25.00-rend.xml#eba_c20993" xlink:label="loc_eba_c20993" />
    <label:label xlink:type="resource" xlink:label="label_eba_c20993" xml:lang="en" xlink:role="http://www.xbrl.org/2008/role/label">Incurred CVA</label:label>
    <gen:arc xlink:type="arc" xlink:arcrole="http://xbrl.org/arcrole/2008/element-label" xlink:from="loc_eba_c20993" xlink:to="label_eba_c20993" />
    <link:loc xlink:type="locator" xlink:href="c_25.00-rend.xml#eba_c20994" xlink:label="loc_eba_c20994" />
    <label:label xlink:type="resource" xlink:label="label_eba_c20994" xml:lang="en" xlink:role="http://www.xbrl.org/2008/role/label">CVA Risk Hedge Notionals</label:label>
    <gen:arc xlink:type="arc" xlink:arcrole="http://xbrl.org/arcrole/2008/element-label" xlink:from="loc_eba_c20994" xlink:to="label_eba_c20994" />
    <link:loc xlink:type="locator" xlink:href="c_25.00-rend.xml#eba_c20995" xlink:label="loc_eba_c20995" />
    <label:label xlink:type="resource" xlink:label="label_eba_c20995" xml:lang="en" xlink:role="http://www.xbrl.org/2008/role/label">Single Name CDS</label:label>
    <gen:arc xlink:type="arc" xlink:arcrole="http://xbrl.org/arcrole/2008/element-label" xlink:from="loc_eba_c20995" xlink:to="label_eba_c20995" />
    <link:loc xlink:type="locator" xlink:href="c_25.00-rend.xml#eba_c20996" xlink:label="loc_eba_c20996" />
    <label:label xlink:type="resource" xlink:label="label_eba_c20996" xml:lang="en" xlink:role="http://www.xbrl.org/2008/role/label">Index CDS</label:label>
    <gen:arc xlink:type="arc" xlink:arcrole="http://xbrl.org/arcrole/2008/element-label" xlink:from="loc_eba_c20996" xlink:to="label_eba_c20996" />
    <link:loc xlink:type="locator" xlink:href="c_25.00-rend.xml#eba_a2" xlink:label="loc_eba_a2" />
    <label:label xlink:type="resource" xlink:label="label_eba_a2" xml:lang="en" xlink:role="http://www.xbrl.org/2008/role/label">Rows</label:label>
    <gen:arc xlink:type="arc" xlink:arcrole="http://xbrl.org/arcrole/2008/element-label" xlink:from="loc_eba_a2" xlink:to="label_eba_a2" />
    <link:loc xlink:type="locator" xlink:href="c_25.00-rend.xml#eba_c20997" xlink:label="loc_eba_c20997" />
    <label:label xlink:type="resource" xlink:label="label_eba_c20997" xml:lang="en" xlink:role="http://www.xbrl.org/2008/role/label">CVA risk total</label:label>
    <gen:arc xlink:type="arc" xlink:arcrole="http://xbrl.org/arcrole/2008/element-label" xlink:from="loc_eba_c20997" xlink:to="label_eba_c20997" />
    <link:loc xlink:type="locator" xlink:href="c_25.00-rend.xml#eba_c20998" xlink:label="loc_eba_c20998" />
    <label:label xlink:type="resource" xlink:label="label_eba_c20998" xml:lang="en" xlink:role="http://www.xbrl.org/2008/role/label">According to Advanced method</label:label>
    <gen:arc xlink:type="arc" xlink:arcrole="http://xbrl.org/arcrole/2008/element-label" xlink:from="loc_eba_c20998" xlink:to="label_eba_c20998" />
    <link:loc xlink:type="locator" xlink:href="c_25.00-rend.xml#eba_c20999" xlink:label="loc_eba_c20999" />
    <label:label xlink:type="resource" xlink:label="label_eba_c20999" xml:lang="en" xlink:role="http://www.xbrl.org/2008/role/label">According to Standardised method</label:label>
    <gen:arc xlink:type="arc" xlink:arcrole="http://xbrl.org/arcrole/2008/element-label" xlink:from="loc_eba_c20999" xlink:to="label_eba_c20999" />
    <link:loc xlink:type="locator" xlink:href="c_25.00-rend.xml#eba_c21000" xlink:label="loc_eba_c21000" />
    <label:label xlink:type="resource" xlink:label="label_eba_c21000" xml:lang="en" xlink:role="http://www.xbrl.org/2008/role/label">Based on OEM</label:label>
    <gen:arc xlink:type="arc" xlink:arcrole="http://xbrl.org/arcrole/2008/element-label" xlink:from="loc_eba_c21000" xlink:to="label_eba_c21000" />
  </gen:link>
</link:linkbase>