﻿<?xml version="1.0" encoding="utf-8"?>
<?taxonomy-version 2.0.0?>
<!--(C) EBA-->
<link:linkbase xmlns:xsi="http://www.w3.org/2001/XMLSchema-instance" xmlns:xlink="http://www.w3.org/1999/xlink" xmlns:link="http://www.xbrl.org/2003/linkbase" xmlns:gen="http://xbrl.org/2008/generic" xmlns:label="http://xbrl.org/2008/label" xsi:schemaLocation="http://www.xbrl.org/2003/linkbase http://www.xbrl.org/2003/xbrl-linkbase-2003-12-31.xsd http://xbrl.org/2008/generic http://www.xbrl.org/2008/generic-link.xsd http://xbrl.org/2008/label http://www.xbrl.org/2008/generic-label.xsd">
  <link:arcroleRef arcroleURI="http://xbrl.org/arcrole/2008/element-label" xlink:type="simple" xlink:href="http://www.xbrl.org/2008/generic-label.xsd#element-label" />
  <link:roleRef roleURI="http://www.xbrl.org/2008/role/documentation" xlink:type="simple" xlink:href="http://www.xbrl.org/2008/generic-label.xsd#documentation" />
  <link:roleRef roleURI="http://www.xbrl.org/2008/role/label" xlink:type="simple" xlink:href="http://www.xbrl.org/2008/generic-label.xsd#standard-label" />
  <link:roleRef roleURI="http://www.xbrl.org/2008/role/verboseLabel" xlink:type="simple" xlink:href="http://www.xbrl.org/2008/generic-label.xsd#verbose-label" />
  <gen:link xlink:type="extended" xlink:role="http://www.xbrl.org/2003/role/link">
    <link:loc xlink:type="locator" xlink:href="c_11.00-rend.xml#eba_tC_11.00" xlink:label="loc_eba_tC_11.00" />
    <label:label xlink:type="resource" xlink:label="label_eba_tC_11.00" xml:lang="en" xlink:role="http://www.xbrl.org/2008/role/label">C 11.00 (CR SETT)</label:label>
    <gen:arc xlink:type="arc" xlink:arcrole="http://xbrl.org/arcrole/2008/element-label" xlink:from="loc_eba_tC_11.00" xlink:to="label_eba_tC_11.00" />
    <label:label xlink:type="resource" xlink:label="label_eba_tC_11.00_1" xml:lang="en" xlink:role="http://www.xbrl.org/2008/role/verboseLabel">C 11.00 (CR SETT) Settlement/Delivery risk</label:label>
    <gen:arc xlink:type="arc" xlink:arcrole="http://xbrl.org/arcrole/2008/element-label" xlink:from="loc_eba_tC_11.00" xlink:to="label_eba_tC_11.00_1" />
    <link:loc xlink:type="locator" xlink:href="c_11.00-rend.xml#eba_a1" xlink:label="loc_eba_a1" />
    <label:label xlink:type="resource" xlink:label="label_eba_a1" xml:lang="en" xlink:role="http://www.xbrl.org/2008/role/label">Columns</label:label>
    <gen:arc xlink:type="arc" xlink:arcrole="http://xbrl.org/arcrole/2008/element-label" xlink:from="loc_eba_a1" xlink:to="label_eba_a1" />
    <link:loc xlink:type="locator" xlink:href="c_11.00-rend.xml#eba_c20144" xlink:label="loc_eba_c20144" />
    <label:label xlink:type="resource" xlink:label="label_eba_c20144" xml:lang="en" xlink:role="http://www.xbrl.org/2008/role/label">Unsettled transactions at settlement price</label:label>
    <gen:arc xlink:type="arc" xlink:arcrole="http://xbrl.org/arcrole/2008/element-label" xlink:from="loc_eba_c20144" xlink:to="label_eba_c20144" />
    <link:loc xlink:type="locator" xlink:href="c_11.00-rend.xml#eba_c20145" xlink:label="loc_eba_c20145" />
    <label:label xlink:type="resource" xlink:label="label_eba_c20145" xml:lang="en" xlink:role="http://www.xbrl.org/2008/role/label">Price difference exposure due to unsettled transactions</label:label>
    <gen:arc xlink:type="arc" xlink:arcrole="http://xbrl.org/arcrole/2008/element-label" xlink:from="loc_eba_c20145" xlink:to="label_eba_c20145" />
    <link:loc xlink:type="locator" xlink:href="c_11.00-rend.xml#eba_c20146" xlink:label="loc_eba_c20146" />
    <label:label xlink:type="resource" xlink:label="label_eba_c20146" xml:lang="en" xlink:role="http://www.xbrl.org/2008/role/label">Own funds requirements</label:label>
    <gen:arc xlink:type="arc" xlink:arcrole="http://xbrl.org/arcrole/2008/element-label" xlink:from="loc_eba_c20146" xlink:to="label_eba_c20146" />
    <link:loc xlink:type="locator" xlink:href="c_11.00-rend.xml#eba_c20147" xlink:label="loc_eba_c20147" />
    <label:label xlink:type="resource" xlink:label="label_eba_c20147" xml:lang="en" xlink:role="http://www.xbrl.org/2008/role/label">Total settlement risk exposure amount</label:label>
    <gen:arc xlink:type="arc" xlink:arcrole="http://xbrl.org/arcrole/2008/element-label" xlink:from="loc_eba_c20147" xlink:to="label_eba_c20147" />
    <link:loc xlink:type="locator" xlink:href="c_11.00-rend.xml#eba_a2" xlink:label="loc_eba_a2" />
    <label:label xlink:type="resource" xlink:label="label_eba_a2" xml:lang="en" xlink:role="http://www.xbrl.org/2008/role/label">Rows</label:label>
    <gen:arc xlink:type="arc" xlink:arcrole="http://xbrl.org/arcrole/2008/element-label" xlink:from="loc_eba_a2" xlink:to="label_eba_a2" />
    <link:loc xlink:type="locator" xlink:href="c_11.00-rend.xml#eba_c20148" xlink:label="loc_eba_c20148" />
    <label:label xlink:type="resource" xlink:label="label_eba_c20148" xml:lang="en" xlink:role="http://www.xbrl.org/2008/role/label">Total unsettled transactions in the Non-trading Book</label:label>
    <gen:arc xlink:type="arc" xlink:arcrole="http://xbrl.org/arcrole/2008/element-label" xlink:from="loc_eba_c20148" xlink:to="label_eba_c20148" />
    <label:label xlink:type="resource" xlink:label="label_eba_c20148_1" xml:lang="en" xlink:role="http://www.xbrl.org/2008/role/documentation">CRR 4 ¶86</label:label>
    <gen:arc xlink:type="arc" xlink:arcrole="http://xbrl.org/arcrole/2008/element-label" xlink:from="loc_eba_c20148" xlink:to="label_eba_c20148_1" />
    <link:loc xlink:type="locator" xlink:href="c_11.00-rend.xml#eba_c20149" xlink:label="loc_eba_c20149" />
    <label:label xlink:type="resource" xlink:label="label_eba_c20149" xml:lang="en" xlink:role="http://www.xbrl.org/2008/role/label">Transactions unsettled up to 4 days (Factor 0%)</label:label>
    <gen:arc xlink:type="arc" xlink:arcrole="http://xbrl.org/arcrole/2008/element-label" xlink:from="loc_eba_c20149" xlink:to="label_eba_c20149" />
    <link:loc xlink:type="locator" xlink:href="c_11.00-rend.xml#eba_c20150" xlink:label="loc_eba_c20150" />
    <label:label xlink:type="resource" xlink:label="label_eba_c20150" xml:lang="en" xlink:role="http://www.xbrl.org/2008/role/label">Transactions unsettled between 5 and 15 days (Factor 8%)</label:label>
    <gen:arc xlink:type="arc" xlink:arcrole="http://xbrl.org/arcrole/2008/element-label" xlink:from="loc_eba_c20150" xlink:to="label_eba_c20150" />
    <link:loc xlink:type="locator" xlink:href="c_11.00-rend.xml#eba_c20151" xlink:label="loc_eba_c20151" />
    <label:label xlink:type="resource" xlink:label="label_eba_c20151" xml:lang="en" xlink:role="http://www.xbrl.org/2008/role/label">Transactions unsettled between 16 and 30 days (Factor 50%)</label:label>
    <gen:arc xlink:type="arc" xlink:arcrole="http://xbrl.org/arcrole/2008/element-label" xlink:from="loc_eba_c20151" xlink:to="label_eba_c20151" />
    <link:loc xlink:type="locator" xlink:href="c_11.00-rend.xml#eba_c20152" xlink:label="loc_eba_c20152" />
    <label:label xlink:type="resource" xlink:label="label_eba_c20152" xml:lang="en" xlink:role="http://www.xbrl.org/2008/role/label">Transactions unsettled between 31 and 45 days (Factor 75%)</label:label>
    <gen:arc xlink:type="arc" xlink:arcrole="http://xbrl.org/arcrole/2008/element-label" xlink:from="loc_eba_c20152" xlink:to="label_eba_c20152" />
    <link:loc xlink:type="locator" xlink:href="c_11.00-rend.xml#eba_c20153" xlink:label="loc_eba_c20153" />
    <label:label xlink:type="resource" xlink:label="label_eba_c20153" xml:lang="en" xlink:role="http://www.xbrl.org/2008/role/label">Transactions unsettled for 46 days or more (Factor 100%)</label:label>
    <gen:arc xlink:type="arc" xlink:arcrole="http://xbrl.org/arcrole/2008/element-label" xlink:from="loc_eba_c20153" xlink:to="label_eba_c20153" />
    <link:loc xlink:type="locator" xlink:href="c_11.00-rend.xml#eba_c20154" xlink:label="loc_eba_c20154" />
    <label:label xlink:type="resource" xlink:label="label_eba_c20154" xml:lang="en" xlink:role="http://www.xbrl.org/2008/role/label">Total unsettled transactions in the Trading Book</label:label>
    <gen:arc xlink:type="arc" xlink:arcrole="http://xbrl.org/arcrole/2008/element-label" xlink:from="loc_eba_c20154" xlink:to="label_eba_c20154" />
    <label:label xlink:type="resource" xlink:label="label_eba_c20154_1" xml:lang="en" xlink:role="http://www.xbrl.org/2008/role/documentation">CRR 4 ¶86
CRR 102
CRR 103
CRR 104
CRR 105
CRR 106</label:label>
    <gen:arc xlink:type="arc" xlink:arcrole="http://xbrl.org/arcrole/2008/element-label" xlink:from="loc_eba_c20154" xlink:to="label_eba_c20154_1" />
    <link:loc xlink:type="locator" xlink:href="c_11.00-rend.xml#eba_c20155" xlink:label="loc_eba_c20155" />
    <label:label xlink:type="resource" xlink:label="label_eba_c20155" xml:lang="en" xlink:role="http://www.xbrl.org/2008/role/label">Transactions unsettled up to 4 days (Factor 0%)</label:label>
    <gen:arc xlink:type="arc" xlink:arcrole="http://xbrl.org/arcrole/2008/element-label" xlink:from="loc_eba_c20155" xlink:to="label_eba_c20155" />
    <link:loc xlink:type="locator" xlink:href="c_11.00-rend.xml#eba_c20156" xlink:label="loc_eba_c20156" />
    <label:label xlink:type="resource" xlink:label="label_eba_c20156" xml:lang="en" xlink:role="http://www.xbrl.org/2008/role/label">Transactions unsettled between 5 and 15 days (Factor 8%)</label:label>
    <gen:arc xlink:type="arc" xlink:arcrole="http://xbrl.org/arcrole/2008/element-label" xlink:from="loc_eba_c20156" xlink:to="label_eba_c20156" />
    <link:loc xlink:type="locator" xlink:href="c_11.00-rend.xml#eba_c20157" xlink:label="loc_eba_c20157" />
    <label:label xlink:type="resource" xlink:label="label_eba_c20157" xml:lang="en" xlink:role="http://www.xbrl.org/2008/role/label">Transactions unsettled between 16 and 30 days (Factor 50%)</label:label>
    <gen:arc xlink:type="arc" xlink:arcrole="http://xbrl.org/arcrole/2008/element-label" xlink:from="loc_eba_c20157" xlink:to="label_eba_c20157" />
    <link:loc xlink:type="locator" xlink:href="c_11.00-rend.xml#eba_c20158" xlink:label="loc_eba_c20158" />
    <label:label xlink:type="resource" xlink:label="label_eba_c20158" xml:lang="en" xlink:role="http://www.xbrl.org/2008/role/label">Transactions unsettled between 31 and 45 days (Factor 75%)</label:label>
    <gen:arc xlink:type="arc" xlink:arcrole="http://xbrl.org/arcrole/2008/element-label" xlink:from="loc_eba_c20158" xlink:to="label_eba_c20158" />
    <link:loc xlink:type="locator" xlink:href="c_11.00-rend.xml#eba_c20159" xlink:label="loc_eba_c20159" />
    <label:label xlink:type="resource" xlink:label="label_eba_c20159" xml:lang="en" xlink:role="http://www.xbrl.org/2008/role/label">Transactions unsettled for 46 days or more (Factor 100%)</label:label>
    <gen:arc xlink:type="arc" xlink:arcrole="http://xbrl.org/arcrole/2008/element-label" xlink:from="loc_eba_c20159" xlink:to="label_eba_c20159" />
  </gen:link>
</link:linkbase>