﻿<?xml version="1.0" encoding="utf-8"?>
<?taxonomy-version 2.0.1?>
<!--(C) EBA-->
<link:linkbase xmlns:xsi="http://www.w3.org/2001/XMLSchema-instance" xmlns:xlink="http://www.w3.org/1999/xlink" xmlns:link="http://www.xbrl.org/2003/linkbase" xmlns:gen="http://xbrl.org/2008/generic" xmlns:label="http://xbrl.org/2008/label" xsi:schemaLocation="http://www.xbrl.org/2003/linkbase http://www.xbrl.org/2003/xbrl-linkbase-2003-12-31.xsd http://xbrl.org/2008/generic http://www.xbrl.org/2008/generic-link.xsd http://xbrl.org/2008/label http://www.xbrl.org/2008/generic-label.xsd">
  <link:arcroleRef arcroleURI="http://xbrl.org/arcrole/2008/element-label" xlink:type="simple" xlink:href="http://www.xbrl.org/2008/generic-label.xsd#element-label" />
  <link:roleRef roleURI="http://www.eba.europa.eu/xbrl/role/dpm-db-id" xlink:type="simple" xlink:href="http://www.eba.europa.eu/eu/fr/xbrl/ext/model.xsd#dpm-db-id" />
  <link:roleRef roleURI="http://www.eurofiling.info/xbrl/role/filing-indicator-code" xlink:type="simple" xlink:href="http://www.eurofiling.info/eu/fr/xbrl/ext/model.xsd#filing-indicator-code" />
  <link:roleRef roleURI="http://www.eurofiling.info/xbrl/role/rc-code" xlink:type="simple" xlink:href="http://www.eurofiling.info/eu/fr/xbrl/ext/model.xsd#rc-code" />
  <gen:link xlink:type="extended" xlink:role="http://www.xbrl.org/2003/role/link">
    <link:loc xlink:type="locator" xlink:href="c_11.00-rend.xml#eba_tC_11.00" xlink:label="loc_eba_tC_11.00" />
    <label:label xlink:type="resource" xlink:label="label_eba_tC_11.00" xml:lang="en" xlink:role="http://www.eurofiling.info/xbrl/role/rc-code">C 11.00</label:label>
    <gen:arc xlink:type="arc" xlink:arcrole="http://xbrl.org/arcrole/2008/element-label" xlink:from="loc_eba_tC_11.00" xlink:to="label_eba_tC_11.00" />
    <link:loc xlink:type="locator" xlink:href="c_11.00-rend.xml#eba_c20144" xlink:label="loc_eba_c20144" />
    <label:label xlink:type="resource" xlink:label="label_eba_c20144" xml:lang="en" xlink:role="http://www.eurofiling.info/xbrl/role/rc-code">010</label:label>
    <gen:arc xlink:type="arc" xlink:arcrole="http://xbrl.org/arcrole/2008/element-label" xlink:from="loc_eba_c20144" xlink:to="label_eba_c20144" />
    <link:loc xlink:type="locator" xlink:href="c_11.00-rend.xml#eba_c20145" xlink:label="loc_eba_c20145" />
    <label:label xlink:type="resource" xlink:label="label_eba_c20145" xml:lang="en" xlink:role="http://www.eurofiling.info/xbrl/role/rc-code">020</label:label>
    <gen:arc xlink:type="arc" xlink:arcrole="http://xbrl.org/arcrole/2008/element-label" xlink:from="loc_eba_c20145" xlink:to="label_eba_c20145" />
    <link:loc xlink:type="locator" xlink:href="c_11.00-rend.xml#eba_c20146" xlink:label="loc_eba_c20146" />
    <label:label xlink:type="resource" xlink:label="label_eba_c20146" xml:lang="en" xlink:role="http://www.eurofiling.info/xbrl/role/rc-code">030</label:label>
    <gen:arc xlink:type="arc" xlink:arcrole="http://xbrl.org/arcrole/2008/element-label" xlink:from="loc_eba_c20146" xlink:to="label_eba_c20146" />
    <link:loc xlink:type="locator" xlink:href="c_11.00-rend.xml#eba_c20147" xlink:label="loc_eba_c20147" />
    <label:label xlink:type="resource" xlink:label="label_eba_c20147" xml:lang="en" xlink:role="http://www.eurofiling.info/xbrl/role/rc-code">040</label:label>
    <gen:arc xlink:type="arc" xlink:arcrole="http://xbrl.org/arcrole/2008/element-label" xlink:from="loc_eba_c20147" xlink:to="label_eba_c20147" />
    <link:loc xlink:type="locator" xlink:href="c_11.00-rend.xml#eba_c20148" xlink:label="loc_eba_c20148" />
    <label:label xlink:type="resource" xlink:label="label_eba_c20148" xml:lang="en" xlink:role="http://www.eurofiling.info/xbrl/role/rc-code">010</label:label>
    <gen:arc xlink:type="arc" xlink:arcrole="http://xbrl.org/arcrole/2008/element-label" xlink:from="loc_eba_c20148" xlink:to="label_eba_c20148" />
    <link:loc xlink:type="locator" xlink:href="c_11.00-rend.xml#eba_c20149" xlink:label="loc_eba_c20149" />
    <label:label xlink:type="resource" xlink:label="label_eba_c20149" xml:lang="en" xlink:role="http://www.eurofiling.info/xbrl/role/rc-code">020</label:label>
    <gen:arc xlink:type="arc" xlink:arcrole="http://xbrl.org/arcrole/2008/element-label" xlink:from="loc_eba_c20149" xlink:to="label_eba_c20149" />
    <link:loc xlink:type="locator" xlink:href="c_11.00-rend.xml#eba_c20150" xlink:label="loc_eba_c20150" />
    <label:label xlink:type="resource" xlink:label="label_eba_c20150" xml:lang="en" xlink:role="http://www.eurofiling.info/xbrl/role/rc-code">030</label:label>
    <gen:arc xlink:type="arc" xlink:arcrole="http://xbrl.org/arcrole/2008/element-label" xlink:from="loc_eba_c20150" xlink:to="label_eba_c20150" />
    <link:loc xlink:type="locator" xlink:href="c_11.00-rend.xml#eba_c20151" xlink:label="loc_eba_c20151" />
    <label:label xlink:type="resource" xlink:label="label_eba_c20151" xml:lang="en" xlink:role="http://www.eurofiling.info/xbrl/role/rc-code">040</label:label>
    <gen:arc xlink:type="arc" xlink:arcrole="http://xbrl.org/arcrole/2008/element-label" xlink:from="loc_eba_c20151" xlink:to="label_eba_c20151" />
    <link:loc xlink:type="locator" xlink:href="c_11.00-rend.xml#eba_c20152" xlink:label="loc_eba_c20152" />
    <label:label xlink:type="resource" xlink:label="label_eba_c20152" xml:lang="en" xlink:role="http://www.eurofiling.info/xbrl/role/rc-code">050</label:label>
    <gen:arc xlink:type="arc" xlink:arcrole="http://xbrl.org/arcrole/2008/element-label" xlink:from="loc_eba_c20152" xlink:to="label_eba_c20152" />
    <link:loc xlink:type="locator" xlink:href="c_11.00-rend.xml#eba_c20153" xlink:label="loc_eba_c20153" />
    <label:label xlink:type="resource" xlink:label="label_eba_c20153" xml:lang="en" xlink:role="http://www.eurofiling.info/xbrl/role/rc-code">060</label:label>
    <gen:arc xlink:type="arc" xlink:arcrole="http://xbrl.org/arcrole/2008/element-label" xlink:from="loc_eba_c20153" xlink:to="label_eba_c20153" />
    <link:loc xlink:type="locator" xlink:href="c_11.00-rend.xml#eba_c20154" xlink:label="loc_eba_c20154" />
    <label:label xlink:type="resource" xlink:label="label_eba_c20154" xml:lang="en" xlink:role="http://www.eurofiling.info/xbrl/role/rc-code">070</label:label>
    <gen:arc xlink:type="arc" xlink:arcrole="http://xbrl.org/arcrole/2008/element-label" xlink:from="loc_eba_c20154" xlink:to="label_eba_c20154" />
    <link:loc xlink:type="locator" xlink:href="c_11.00-rend.xml#eba_c20155" xlink:label="loc_eba_c20155" />
    <label:label xlink:type="resource" xlink:label="label_eba_c20155" xml:lang="en" xlink:role="http://www.eurofiling.info/xbrl/role/rc-code">080</label:label>
    <gen:arc xlink:type="arc" xlink:arcrole="http://xbrl.org/arcrole/2008/element-label" xlink:from="loc_eba_c20155" xlink:to="label_eba_c20155" />
    <link:loc xlink:type="locator" xlink:href="c_11.00-rend.xml#eba_c20156" xlink:label="loc_eba_c20156" />
    <label:label xlink:type="resource" xlink:label="label_eba_c20156" xml:lang="en" xlink:role="http://www.eurofiling.info/xbrl/role/rc-code">090</label:label>
    <gen:arc xlink:type="arc" xlink:arcrole="http://xbrl.org/arcrole/2008/element-label" xlink:from="loc_eba_c20156" xlink:to="label_eba_c20156" />
    <link:loc xlink:type="locator" xlink:href="c_11.00-rend.xml#eba_c20157" xlink:label="loc_eba_c20157" />
    <label:label xlink:type="resource" xlink:label="label_eba_c20157" xml:lang="en" xlink:role="http://www.eurofiling.info/xbrl/role/rc-code">100</label:label>
    <gen:arc xlink:type="arc" xlink:arcrole="http://xbrl.org/arcrole/2008/element-label" xlink:from="loc_eba_c20157" xlink:to="label_eba_c20157" />
    <link:loc xlink:type="locator" xlink:href="c_11.00-rend.xml#eba_c20158" xlink:label="loc_eba_c20158" />
    <label:label xlink:type="resource" xlink:label="label_eba_c20158" xml:lang="en" xlink:role="http://www.eurofiling.info/xbrl/role/rc-code">110</label:label>
    <gen:arc xlink:type="arc" xlink:arcrole="http://xbrl.org/arcrole/2008/element-label" xlink:from="loc_eba_c20158" xlink:to="label_eba_c20158" />
    <link:loc xlink:type="locator" xlink:href="c_11.00-rend.xml#eba_c20159" xlink:label="loc_eba_c20159" />
    <label:label xlink:type="resource" xlink:label="label_eba_c20159" xml:lang="en" xlink:role="http://www.eurofiling.info/xbrl/role/rc-code">120</label:label>
    <gen:arc xlink:type="arc" xlink:arcrole="http://xbrl.org/arcrole/2008/element-label" xlink:from="loc_eba_c20159" xlink:to="label_eba_c20159" />
    <label:label xlink:type="resource" xlink:label="label_eba_tC_11.00_1" xml:lang="en" xlink:role="http://www.eurofiling.info/xbrl/role/filing-indicator-code">C_11.00</label:label>
    <gen:arc xlink:type="arc" xlink:arcrole="http://xbrl.org/arcrole/2008/element-label" xlink:from="loc_eba_tC_11.00" xlink:to="label_eba_tC_11.00_1" />
    <label:label xlink:type="resource" xlink:label="label_eba_tC_11.00_2" xml:lang="en" xlink:role="http://www.eba.europa.eu/xbrl/role/dpm-db-id">94</label:label>
    <gen:arc xlink:type="arc" xlink:arcrole="http://xbrl.org/arcrole/2008/element-label" xlink:from="loc_eba_tC_11.00" xlink:to="label_eba_tC_11.00_2" />
    <label:label xlink:type="resource" xlink:label="label_eba_c20144_1" xml:lang="en" xlink:role="http://www.eba.europa.eu/xbrl/role/dpm-db-id">20144</label:label>
    <gen:arc xlink:type="arc" xlink:arcrole="http://xbrl.org/arcrole/2008/element-label" xlink:from="loc_eba_c20144" xlink:to="label_eba_c20144_1" />
    <label:label xlink:type="resource" xlink:label="label_eba_c20145_1" xml:lang="en" xlink:role="http://www.eba.europa.eu/xbrl/role/dpm-db-id">20145</label:label>
    <gen:arc xlink:type="arc" xlink:arcrole="http://xbrl.org/arcrole/2008/element-label" xlink:from="loc_eba_c20145" xlink:to="label_eba_c20145_1" />
    <label:label xlink:type="resource" xlink:label="label_eba_c20146_1" xml:lang="en" xlink:role="http://www.eba.europa.eu/xbrl/role/dpm-db-id">20146</label:label>
    <gen:arc xlink:type="arc" xlink:arcrole="http://xbrl.org/arcrole/2008/element-label" xlink:from="loc_eba_c20146" xlink:to="label_eba_c20146_1" />
    <label:label xlink:type="resource" xlink:label="label_eba_c20147_1" xml:lang="en" xlink:role="http://www.eba.europa.eu/xbrl/role/dpm-db-id">20147</label:label>
    <gen:arc xlink:type="arc" xlink:arcrole="http://xbrl.org/arcrole/2008/element-label" xlink:from="loc_eba_c20147" xlink:to="label_eba_c20147_1" />
    <label:label xlink:type="resource" xlink:label="label_eba_c20148_1" xml:lang="en" xlink:role="http://www.eba.europa.eu/xbrl/role/dpm-db-id">20148</label:label>
    <gen:arc xlink:type="arc" xlink:arcrole="http://xbrl.org/arcrole/2008/element-label" xlink:from="loc_eba_c20148" xlink:to="label_eba_c20148_1" />
    <label:label xlink:type="resource" xlink:label="label_eba_c20149_1" xml:lang="en" xlink:role="http://www.eba.europa.eu/xbrl/role/dpm-db-id">20149</label:label>
    <gen:arc xlink:type="arc" xlink:arcrole="http://xbrl.org/arcrole/2008/element-label" xlink:from="loc_eba_c20149" xlink:to="label_eba_c20149_1" />
    <label:label xlink:type="resource" xlink:label="label_eba_c20150_1" xml:lang="en" xlink:role="http://www.eba.europa.eu/xbrl/role/dpm-db-id">20150</label:label>
    <gen:arc xlink:type="arc" xlink:arcrole="http://xbrl.org/arcrole/2008/element-label" xlink:from="loc_eba_c20150" xlink:to="label_eba_c20150_1" />
    <label:label xlink:type="resource" xlink:label="label_eba_c20151_1" xml:lang="en" xlink:role="http://www.eba.europa.eu/xbrl/role/dpm-db-id">20151</label:label>
    <gen:arc xlink:type="arc" xlink:arcrole="http://xbrl.org/arcrole/2008/element-label" xlink:from="loc_eba_c20151" xlink:to="label_eba_c20151_1" />
    <label:label xlink:type="resource" xlink:label="label_eba_c20152_1" xml:lang="en" xlink:role="http://www.eba.europa.eu/xbrl/role/dpm-db-id">20152</label:label>
    <gen:arc xlink:type="arc" xlink:arcrole="http://xbrl.org/arcrole/2008/element-label" xlink:from="loc_eba_c20152" xlink:to="label_eba_c20152_1" />
    <label:label xlink:type="resource" xlink:label="label_eba_c20153_1" xml:lang="en" xlink:role="http://www.eba.europa.eu/xbrl/role/dpm-db-id">20153</label:label>
    <gen:arc xlink:type="arc" xlink:arcrole="http://xbrl.org/arcrole/2008/element-label" xlink:from="loc_eba_c20153" xlink:to="label_eba_c20153_1" />
    <label:label xlink:type="resource" xlink:label="label_eba_c20154_1" xml:lang="en" xlink:role="http://www.eba.europa.eu/xbrl/role/dpm-db-id">20154</label:label>
    <gen:arc xlink:type="arc" xlink:arcrole="http://xbrl.org/arcrole/2008/element-label" xlink:from="loc_eba_c20154" xlink:to="label_eba_c20154_1" />
    <label:label xlink:type="resource" xlink:label="label_eba_c20155_1" xml:lang="en" xlink:role="http://www.eba.europa.eu/xbrl/role/dpm-db-id">20155</label:label>
    <gen:arc xlink:type="arc" xlink:arcrole="http://xbrl.org/arcrole/2008/element-label" xlink:from="loc_eba_c20155" xlink:to="label_eba_c20155_1" />
    <label:label xlink:type="resource" xlink:label="label_eba_c20156_1" xml:lang="en" xlink:role="http://www.eba.europa.eu/xbrl/role/dpm-db-id">20156</label:label>
    <gen:arc xlink:type="arc" xlink:arcrole="http://xbrl.org/arcrole/2008/element-label" xlink:from="loc_eba_c20156" xlink:to="label_eba_c20156_1" />
    <label:label xlink:type="resource" xlink:label="label_eba_c20157_1" xml:lang="en" xlink:role="http://www.eba.europa.eu/xbrl/role/dpm-db-id">20157</label:label>
    <gen:arc xlink:type="arc" xlink:arcrole="http://xbrl.org/arcrole/2008/element-label" xlink:from="loc_eba_c20157" xlink:to="label_eba_c20157_1" />
    <label:label xlink:type="resource" xlink:label="label_eba_c20158_1" xml:lang="en" xlink:role="http://www.eba.europa.eu/xbrl/role/dpm-db-id">20158</label:label>
    <gen:arc xlink:type="arc" xlink:arcrole="http://xbrl.org/arcrole/2008/element-label" xlink:from="loc_eba_c20158" xlink:to="label_eba_c20158_1" />
    <label:label xlink:type="resource" xlink:label="label_eba_c20159_1" xml:lang="en" xlink:role="http://www.eba.europa.eu/xbrl/role/dpm-db-id">20159</label:label>
    <gen:arc xlink:type="arc" xlink:arcrole="http://xbrl.org/arcrole/2008/element-label" xlink:from="loc_eba_c20159" xlink:to="label_eba_c20159_1" />
  </gen:link>
</link:linkbase>