﻿<?xml version="1.0" encoding="utf-8"?>
<?taxonomy-version 2.0.1?>
<!--(C) EBA-->
<link:linkbase xmlns:xsi="http://www.w3.org/2001/XMLSchema-instance" xmlns:xlink="http://www.w3.org/1999/xlink" xmlns:link="http://www.xbrl.org/2003/linkbase" xmlns:gen="http://xbrl.org/2008/generic" xmlns:label="http://xbrl.org/2008/label" xsi:schemaLocation="http://www.xbrl.org/2003/linkbase http://www.xbrl.org/2003/xbrl-linkbase-2003-12-31.xsd http://xbrl.org/2008/generic http://www.xbrl.org/2008/generic-link.xsd http://xbrl.org/2008/label http://www.xbrl.org/2008/generic-label.xsd">
  <link:arcroleRef arcroleURI="http://xbrl.org/arcrole/2008/element-label" xlink:type="simple" xlink:href="http://www.xbrl.org/2008/generic-label.xsd#element-label" />
  <link:roleRef roleURI="http://www.eba.europa.eu/xbrl/role/dpm-db-id" xlink:type="simple" xlink:href="http://www.eba.europa.eu/eu/fr/xbrl/ext/model.xsd#dpm-db-id" />
  <link:roleRef roleURI="http://www.eurofiling.info/xbrl/role/filing-indicator-code" xlink:type="simple" xlink:href="http://www.eurofiling.info/eu/fr/xbrl/ext/model.xsd#filing-indicator-code" />
  <link:roleRef roleURI="http://www.eurofiling.info/xbrl/role/rc-code" xlink:type="simple" xlink:href="http://www.eurofiling.info/eu/fr/xbrl/ext/model.xsd#rc-code" />
  <gen:link xlink:type="extended" xlink:role="http://www.xbrl.org/2003/role/link">
    <link:loc xlink:type="locator" xlink:href="c_29.00-rend.xml#eba_tC_29.00" xlink:label="loc_eba_tC_29.00" />
    <label:label xlink:type="resource" xlink:label="label_eba_tC_29.00" xml:lang="en" xlink:role="http://www.eurofiling.info/xbrl/role/rc-code">C 29.00</label:label>
    <gen:arc xlink:type="arc" xlink:arcrole="http://xbrl.org/arcrole/2008/element-label" xlink:from="loc_eba_tC_29.00" xlink:to="label_eba_tC_29.00" />
    <link:loc xlink:type="locator" xlink:href="c_29.00-rend.xml#eba_c21389" xlink:label="loc_eba_c21389" />
    <label:label xlink:type="resource" xlink:label="label_eba_c21389" xml:lang="en" xlink:role="http://www.eurofiling.info/xbrl/role/rc-code">002</label:label>
    <gen:arc xlink:type="arc" xlink:arcrole="http://xbrl.org/arcrole/2008/element-label" xlink:from="loc_eba_c21389" xlink:to="label_eba_c21389" />
    <link:loc xlink:type="locator" xlink:href="c_29.00-rend.xml#eba_c21392" xlink:label="loc_eba_c21392" />
    <label:label xlink:type="resource" xlink:label="label_eba_c21392" xml:lang="en" xlink:role="http://www.eurofiling.info/xbrl/role/rc-code">030</label:label>
    <gen:arc xlink:type="arc" xlink:arcrole="http://xbrl.org/arcrole/2008/element-label" xlink:from="loc_eba_c21392" xlink:to="label_eba_c21392" />
    <link:loc xlink:type="locator" xlink:href="c_29.00-rend.xml#eba_c21393" xlink:label="loc_eba_c21393" />
    <label:label xlink:type="resource" xlink:label="label_eba_c21393" xml:lang="en" xlink:role="http://www.eurofiling.info/xbrl/role/rc-code">040</label:label>
    <gen:arc xlink:type="arc" xlink:arcrole="http://xbrl.org/arcrole/2008/element-label" xlink:from="loc_eba_c21393" xlink:to="label_eba_c21393" />
    <link:loc xlink:type="locator" xlink:href="c_29.00-rend.xml#eba_c21394" xlink:label="loc_eba_c21394" />
    <label:label xlink:type="resource" xlink:label="label_eba_c21394" xml:lang="en" xlink:role="http://www.eurofiling.info/xbrl/role/rc-code">042</label:label>
    <gen:arc xlink:type="arc" xlink:arcrole="http://xbrl.org/arcrole/2008/element-label" xlink:from="loc_eba_c21394" xlink:to="label_eba_c21394" />
    <link:loc xlink:type="locator" xlink:href="c_29.00-rend.xml#eba_c21395" xlink:label="loc_eba_c21395" />
    <label:label xlink:type="resource" xlink:label="label_eba_c21395" xml:lang="en" xlink:role="http://www.eurofiling.info/xbrl/role/rc-code">050</label:label>
    <gen:arc xlink:type="arc" xlink:arcrole="http://xbrl.org/arcrole/2008/element-label" xlink:from="loc_eba_c21395" xlink:to="label_eba_c21395" />
    <link:loc xlink:type="locator" xlink:href="c_29.00-rend.xml#eba_c21396" xlink:label="loc_eba_c21396" />
    <label:label xlink:type="resource" xlink:label="label_eba_c21396" xml:lang="en" xlink:role="http://www.eurofiling.info/xbrl/role/rc-code">060</label:label>
    <gen:arc xlink:type="arc" xlink:arcrole="http://xbrl.org/arcrole/2008/element-label" xlink:from="loc_eba_c21396" xlink:to="label_eba_c21396" />
    <link:loc xlink:type="locator" xlink:href="c_29.00-rend.xml#eba_c21397" xlink:label="loc_eba_c21397" />
    <label:label xlink:type="resource" xlink:label="label_eba_c21397" xml:lang="en" xlink:role="http://www.eurofiling.info/xbrl/role/rc-code">062</label:label>
    <gen:arc xlink:type="arc" xlink:arcrole="http://xbrl.org/arcrole/2008/element-label" xlink:from="loc_eba_c21397" xlink:to="label_eba_c21397" />
    <link:loc xlink:type="locator" xlink:href="c_29.00-rend.xml#eba_c21398" xlink:label="loc_eba_c21398" />
    <label:label xlink:type="resource" xlink:label="label_eba_c21398" xml:lang="en" xlink:role="http://www.eurofiling.info/xbrl/role/rc-code">070</label:label>
    <gen:arc xlink:type="arc" xlink:arcrole="http://xbrl.org/arcrole/2008/element-label" xlink:from="loc_eba_c21398" xlink:to="label_eba_c21398" />
    <link:loc xlink:type="locator" xlink:href="c_29.00-rend.xml#eba_c21399" xlink:label="loc_eba_c21399" />
    <label:label xlink:type="resource" xlink:label="label_eba_c21399" xml:lang="en" xlink:role="http://www.eurofiling.info/xbrl/role/rc-code">080</label:label>
    <gen:arc xlink:type="arc" xlink:arcrole="http://xbrl.org/arcrole/2008/element-label" xlink:from="loc_eba_c21399" xlink:to="label_eba_c21399" />
    <link:loc xlink:type="locator" xlink:href="c_29.00-rend.xml#eba_c21400" xlink:label="loc_eba_c21400" />
    <label:label xlink:type="resource" xlink:label="label_eba_c21400" xml:lang="en" xlink:role="http://www.eurofiling.info/xbrl/role/rc-code">090</label:label>
    <gen:arc xlink:type="arc" xlink:arcrole="http://xbrl.org/arcrole/2008/element-label" xlink:from="loc_eba_c21400" xlink:to="label_eba_c21400" />
    <link:loc xlink:type="locator" xlink:href="c_29.00-rend.xml#eba_c21401" xlink:label="loc_eba_c21401" />
    <label:label xlink:type="resource" xlink:label="label_eba_c21401" xml:lang="en" xlink:role="http://www.eurofiling.info/xbrl/role/rc-code">092</label:label>
    <gen:arc xlink:type="arc" xlink:arcrole="http://xbrl.org/arcrole/2008/element-label" xlink:from="loc_eba_c21401" xlink:to="label_eba_c21401" />
    <link:loc xlink:type="locator" xlink:href="c_29.00-rend.xml#eba_c21402" xlink:label="loc_eba_c21402" />
    <label:label xlink:type="resource" xlink:label="label_eba_c21402" xml:lang="en" xlink:role="http://www.eurofiling.info/xbrl/role/rc-code">100</label:label>
    <gen:arc xlink:type="arc" xlink:arcrole="http://xbrl.org/arcrole/2008/element-label" xlink:from="loc_eba_c21402" xlink:to="label_eba_c21402" />
    <link:loc xlink:type="locator" xlink:href="c_29.00-rend.xml#eba_c21403" xlink:label="loc_eba_c21403" />
    <label:label xlink:type="resource" xlink:label="label_eba_c21403" xml:lang="en" xlink:role="http://www.eurofiling.info/xbrl/role/rc-code">110</label:label>
    <gen:arc xlink:type="arc" xlink:arcrole="http://xbrl.org/arcrole/2008/element-label" xlink:from="loc_eba_c21403" xlink:to="label_eba_c21403" />
    <link:loc xlink:type="locator" xlink:href="c_29.00-rend.xml#eba_c21404" xlink:label="loc_eba_c21404" />
    <label:label xlink:type="resource" xlink:label="label_eba_c21404" xml:lang="en" xlink:role="http://www.eurofiling.info/xbrl/role/rc-code">120</label:label>
    <gen:arc xlink:type="arc" xlink:arcrole="http://xbrl.org/arcrole/2008/element-label" xlink:from="loc_eba_c21404" xlink:to="label_eba_c21404" />
    <link:loc xlink:type="locator" xlink:href="c_29.00-rend.xml#eba_c21405" xlink:label="loc_eba_c21405" />
    <label:label xlink:type="resource" xlink:label="label_eba_c21405" xml:lang="en" xlink:role="http://www.eurofiling.info/xbrl/role/rc-code">122</label:label>
    <gen:arc xlink:type="arc" xlink:arcrole="http://xbrl.org/arcrole/2008/element-label" xlink:from="loc_eba_c21405" xlink:to="label_eba_c21405" />
    <link:loc xlink:type="locator" xlink:href="c_29.00-rend.xml#eba_c21406" xlink:label="loc_eba_c21406" />
    <label:label xlink:type="resource" xlink:label="label_eba_c21406" xml:lang="en" xlink:role="http://www.eurofiling.info/xbrl/role/rc-code">130</label:label>
    <gen:arc xlink:type="arc" xlink:arcrole="http://xbrl.org/arcrole/2008/element-label" xlink:from="loc_eba_c21406" xlink:to="label_eba_c21406" />
    <link:loc xlink:type="locator" xlink:href="c_29.00-rend.xml#eba_c21407" xlink:label="loc_eba_c21407" />
    <label:label xlink:type="resource" xlink:label="label_eba_c21407" xml:lang="en" xlink:role="http://www.eurofiling.info/xbrl/role/rc-code">140</label:label>
    <gen:arc xlink:type="arc" xlink:arcrole="http://xbrl.org/arcrole/2008/element-label" xlink:from="loc_eba_c21407" xlink:to="label_eba_c21407" />
    <link:loc xlink:type="locator" xlink:href="c_29.00-rend.xml#eba_c21408" xlink:label="loc_eba_c21408" />
    <label:label xlink:type="resource" xlink:label="label_eba_c21408" xml:lang="en" xlink:role="http://www.eurofiling.info/xbrl/role/rc-code">150</label:label>
    <gen:arc xlink:type="arc" xlink:arcrole="http://xbrl.org/arcrole/2008/element-label" xlink:from="loc_eba_c21408" xlink:to="label_eba_c21408" />
    <link:loc xlink:type="locator" xlink:href="c_29.00-rend.xml#eba_c21409" xlink:label="loc_eba_c21409" />
    <label:label xlink:type="resource" xlink:label="label_eba_c21409" xml:lang="en" xlink:role="http://www.eurofiling.info/xbrl/role/rc-code">152</label:label>
    <gen:arc xlink:type="arc" xlink:arcrole="http://xbrl.org/arcrole/2008/element-label" xlink:from="loc_eba_c21409" xlink:to="label_eba_c21409" />
    <link:loc xlink:type="locator" xlink:href="c_29.00-rend.xml#eba_c21410" xlink:label="loc_eba_c21410" />
    <label:label xlink:type="resource" xlink:label="label_eba_c21410" xml:lang="en" xlink:role="http://www.eurofiling.info/xbrl/role/rc-code">160</label:label>
    <gen:arc xlink:type="arc" xlink:arcrole="http://xbrl.org/arcrole/2008/element-label" xlink:from="loc_eba_c21410" xlink:to="label_eba_c21410" />
    <link:loc xlink:type="locator" xlink:href="c_29.00-rend.xml#eba_c21411" xlink:label="loc_eba_c21411" />
    <label:label xlink:type="resource" xlink:label="label_eba_c21411" xml:lang="en" xlink:role="http://www.eurofiling.info/xbrl/role/rc-code">170</label:label>
    <gen:arc xlink:type="arc" xlink:arcrole="http://xbrl.org/arcrole/2008/element-label" xlink:from="loc_eba_c21411" xlink:to="label_eba_c21411" />
    <link:loc xlink:type="locator" xlink:href="c_29.00-rend.xml#eba_c21412" xlink:label="loc_eba_c21412" />
    <label:label xlink:type="resource" xlink:label="label_eba_c21412" xml:lang="en" xlink:role="http://www.eurofiling.info/xbrl/role/rc-code">180</label:label>
    <gen:arc xlink:type="arc" xlink:arcrole="http://xbrl.org/arcrole/2008/element-label" xlink:from="loc_eba_c21412" xlink:to="label_eba_c21412" />
    <link:loc xlink:type="locator" xlink:href="c_29.00-rend.xml#eba_c21413" xlink:label="loc_eba_c21413" />
    <label:label xlink:type="resource" xlink:label="label_eba_c21413" xml:lang="en" xlink:role="http://www.eurofiling.info/xbrl/role/rc-code">190</label:label>
    <gen:arc xlink:type="arc" xlink:arcrole="http://xbrl.org/arcrole/2008/element-label" xlink:from="loc_eba_c21413" xlink:to="label_eba_c21413" />
    <link:loc xlink:type="locator" xlink:href="c_29.00-rend.xml#eba_c21414" xlink:label="loc_eba_c21414" />
    <label:label xlink:type="resource" xlink:label="label_eba_c21414" xml:lang="en" xlink:role="http://www.eurofiling.info/xbrl/role/rc-code">200</label:label>
    <gen:arc xlink:type="arc" xlink:arcrole="http://xbrl.org/arcrole/2008/element-label" xlink:from="loc_eba_c21414" xlink:to="label_eba_c21414" />
    <link:loc xlink:type="locator" xlink:href="c_29.00-rend.xml#eba_c21415" xlink:label="loc_eba_c21415" />
    <label:label xlink:type="resource" xlink:label="label_eba_c21415" xml:lang="en" xlink:role="http://www.eurofiling.info/xbrl/role/rc-code">210</label:label>
    <gen:arc xlink:type="arc" xlink:arcrole="http://xbrl.org/arcrole/2008/element-label" xlink:from="loc_eba_c21415" xlink:to="label_eba_c21415" />
    <link:loc xlink:type="locator" xlink:href="c_29.00-rend.xml#eba_c21416" xlink:label="loc_eba_c21416" />
    <label:label xlink:type="resource" xlink:label="label_eba_c21416" xml:lang="en" xlink:role="http://www.eurofiling.info/xbrl/role/rc-code">212</label:label>
    <gen:arc xlink:type="arc" xlink:arcrole="http://xbrl.org/arcrole/2008/element-label" xlink:from="loc_eba_c21416" xlink:to="label_eba_c21416" />
    <link:loc xlink:type="locator" xlink:href="c_29.00-rend.xml#eba_c21417" xlink:label="loc_eba_c21417" />
    <label:label xlink:type="resource" xlink:label="label_eba_c21417" xml:lang="en" xlink:role="http://www.eurofiling.info/xbrl/role/rc-code">220</label:label>
    <gen:arc xlink:type="arc" xlink:arcrole="http://xbrl.org/arcrole/2008/element-label" xlink:from="loc_eba_c21417" xlink:to="label_eba_c21417" />
    <link:loc xlink:type="locator" xlink:href="c_29.00-rend.xml#eba_c21418" xlink:label="loc_eba_c21418" />
    <label:label xlink:type="resource" xlink:label="label_eba_c21418" xml:lang="en" xlink:role="http://www.eurofiling.info/xbrl/role/rc-code">230</label:label>
    <gen:arc xlink:type="arc" xlink:arcrole="http://xbrl.org/arcrole/2008/element-label" xlink:from="loc_eba_c21418" xlink:to="label_eba_c21418" />
    <link:loc xlink:type="locator" xlink:href="c_29.00-rend.xml#eba_c21419" xlink:label="loc_eba_c21419" />
    <label:label xlink:type="resource" xlink:label="label_eba_c21419" xml:lang="en" xlink:role="http://www.eurofiling.info/xbrl/role/rc-code">240</label:label>
    <gen:arc xlink:type="arc" xlink:arcrole="http://xbrl.org/arcrole/2008/element-label" xlink:from="loc_eba_c21419" xlink:to="label_eba_c21419" />
    <link:loc xlink:type="locator" xlink:href="c_29.00-rend.xml#eba_c21420" xlink:label="loc_eba_c21420" />
    <label:label xlink:type="resource" xlink:label="label_eba_c21420" xml:lang="en" xlink:role="http://www.eurofiling.info/xbrl/role/rc-code">242</label:label>
    <gen:arc xlink:type="arc" xlink:arcrole="http://xbrl.org/arcrole/2008/element-label" xlink:from="loc_eba_c21420" xlink:to="label_eba_c21420" />
    <link:loc xlink:type="locator" xlink:href="c_29.00-rend.xml#eba_c21421" xlink:label="loc_eba_c21421" />
    <label:label xlink:type="resource" xlink:label="label_eba_c21421" xml:lang="en" xlink:role="http://www.eurofiling.info/xbrl/role/rc-code">243</label:label>
    <gen:arc xlink:type="arc" xlink:arcrole="http://xbrl.org/arcrole/2008/element-label" xlink:from="loc_eba_c21421" xlink:to="label_eba_c21421" />
    <link:loc xlink:type="locator" xlink:href="c_29.00-rend.xml#eba_c21422" xlink:label="loc_eba_c21422" />
    <label:label xlink:type="resource" xlink:label="label_eba_c21422" xml:lang="en" xlink:role="http://www.eurofiling.info/xbrl/role/rc-code">250</label:label>
    <gen:arc xlink:type="arc" xlink:arcrole="http://xbrl.org/arcrole/2008/element-label" xlink:from="loc_eba_c21422" xlink:to="label_eba_c21422" />
    <link:loc xlink:type="locator" xlink:href="c_29.00-rend.xml#eba_c21423" xlink:label="loc_eba_c21423" />
    <label:label xlink:type="resource" xlink:label="label_eba_c21423" xml:lang="en" xlink:role="http://www.eurofiling.info/xbrl/role/rc-code">260</label:label>
    <gen:arc xlink:type="arc" xlink:arcrole="http://xbrl.org/arcrole/2008/element-label" xlink:from="loc_eba_c21423" xlink:to="label_eba_c21423" />
    <link:loc xlink:type="locator" xlink:href="c_29.00-rend.xml#eba_c21424" xlink:label="loc_eba_c21424" />
    <label:label xlink:type="resource" xlink:label="label_eba_c21424" xml:lang="en" xlink:role="http://www.eurofiling.info/xbrl/role/rc-code">270</label:label>
    <gen:arc xlink:type="arc" xlink:arcrole="http://xbrl.org/arcrole/2008/element-label" xlink:from="loc_eba_c21424" xlink:to="label_eba_c21424" />
    <link:loc xlink:type="locator" xlink:href="c_29.00-rend.xml#eba_c21425" xlink:label="loc_eba_c21425" />
    <label:label xlink:type="resource" xlink:label="label_eba_c21425" xml:lang="en" xlink:role="http://www.eurofiling.info/xbrl/role/rc-code">272</label:label>
    <gen:arc xlink:type="arc" xlink:arcrole="http://xbrl.org/arcrole/2008/element-label" xlink:from="loc_eba_c21425" xlink:to="label_eba_c21425" />
    <link:loc xlink:type="locator" xlink:href="c_29.00-rend.xml#eba_c21426" xlink:label="loc_eba_c21426" />
    <label:label xlink:type="resource" xlink:label="label_eba_c21426" xml:lang="en" xlink:role="http://www.eurofiling.info/xbrl/role/rc-code">280</label:label>
    <gen:arc xlink:type="arc" xlink:arcrole="http://xbrl.org/arcrole/2008/element-label" xlink:from="loc_eba_c21426" xlink:to="label_eba_c21426" />
    <link:loc xlink:type="locator" xlink:href="c_29.00-rend.xml#eba_c21427" xlink:label="loc_eba_c21427" />
    <label:label xlink:type="resource" xlink:label="label_eba_c21427" xml:lang="en" xlink:role="http://www.eurofiling.info/xbrl/role/rc-code">290</label:label>
    <gen:arc xlink:type="arc" xlink:arcrole="http://xbrl.org/arcrole/2008/element-label" xlink:from="loc_eba_c21427" xlink:to="label_eba_c21427" />
    <link:loc xlink:type="locator" xlink:href="c_29.00-rend.xml#eba_c21428" xlink:label="loc_eba_c21428" />
    <label:label xlink:type="resource" xlink:label="label_eba_c21428" xml:lang="en" xlink:role="http://www.eurofiling.info/xbrl/role/rc-code">300</label:label>
    <gen:arc xlink:type="arc" xlink:arcrole="http://xbrl.org/arcrole/2008/element-label" xlink:from="loc_eba_c21428" xlink:to="label_eba_c21428" />
    <link:loc xlink:type="locator" xlink:href="c_29.00-rend.xml#eba_c21429" xlink:label="loc_eba_c21429" />
    <label:label xlink:type="resource" xlink:label="label_eba_c21429" xml:lang="en" xlink:role="http://www.eurofiling.info/xbrl/role/rc-code">310</label:label>
    <gen:arc xlink:type="arc" xlink:arcrole="http://xbrl.org/arcrole/2008/element-label" xlink:from="loc_eba_c21429" xlink:to="label_eba_c21429" />
    <link:loc xlink:type="locator" xlink:href="c_29.00-rend.xml#eba_c21430" xlink:label="loc_eba_c21430" />
    <label:label xlink:type="resource" xlink:label="label_eba_c21430" xml:lang="en" xlink:role="http://www.eurofiling.info/xbrl/role/rc-code">320</label:label>
    <gen:arc xlink:type="arc" xlink:arcrole="http://xbrl.org/arcrole/2008/element-label" xlink:from="loc_eba_c21430" xlink:to="label_eba_c21430" />
    <link:loc xlink:type="locator" xlink:href="c_29.00-rend.xml#eba_c21431" xlink:label="loc_eba_c21431" />
    <label:label xlink:type="resource" xlink:label="label_eba_c21431" xml:lang="en" xlink:role="http://www.eurofiling.info/xbrl/role/rc-code">330</label:label>
    <gen:arc xlink:type="arc" xlink:arcrole="http://xbrl.org/arcrole/2008/element-label" xlink:from="loc_eba_c21431" xlink:to="label_eba_c21431" />
    <link:loc xlink:type="locator" xlink:href="c_29.00-rend.xml#eba_c21432" xlink:label="loc_eba_c21432" />
    <label:label xlink:type="resource" xlink:label="label_eba_c21432" xml:lang="en" xlink:role="http://www.eurofiling.info/xbrl/role/rc-code">332</label:label>
    <gen:arc xlink:type="arc" xlink:arcrole="http://xbrl.org/arcrole/2008/element-label" xlink:from="loc_eba_c21432" xlink:to="label_eba_c21432" />
    <link:loc xlink:type="locator" xlink:href="c_29.00-rend.xml#eba_c21433" xlink:label="loc_eba_c21433" />
    <label:label xlink:type="resource" xlink:label="label_eba_c21433" xml:lang="en" xlink:role="http://www.eurofiling.info/xbrl/role/rc-code">340</label:label>
    <gen:arc xlink:type="arc" xlink:arcrole="http://xbrl.org/arcrole/2008/element-label" xlink:from="loc_eba_c21433" xlink:to="label_eba_c21433" />
    <link:loc xlink:type="locator" xlink:href="c_29.00-rend.xml#eba_c21434" xlink:label="loc_eba_c21434" />
    <label:label xlink:type="resource" xlink:label="label_eba_c21434" xml:lang="en" xlink:role="http://www.eurofiling.info/xbrl/role/rc-code">350</label:label>
    <gen:arc xlink:type="arc" xlink:arcrole="http://xbrl.org/arcrole/2008/element-label" xlink:from="loc_eba_c21434" xlink:to="label_eba_c21434" />
    <link:loc xlink:type="locator" xlink:href="c_29.00-rend.xml#eba_c21435" xlink:label="loc_eba_c21435" />
    <label:label xlink:type="resource" xlink:label="label_eba_c21435" xml:lang="en" xlink:role="http://www.eurofiling.info/xbrl/role/rc-code">360</label:label>
    <gen:arc xlink:type="arc" xlink:arcrole="http://xbrl.org/arcrole/2008/element-label" xlink:from="loc_eba_c21435" xlink:to="label_eba_c21435" />
    <link:loc xlink:type="locator" xlink:href="c_29.00-rend.xml#eba_a2" xlink:label="loc_eba_a2" />
    <label:label xlink:type="resource" xlink:label="label_eba_a2" xml:lang="en" xlink:role="http://www.eurofiling.info/xbrl/role/rc-code">010</label:label>
    <gen:arc xlink:type="arc" xlink:arcrole="http://xbrl.org/arcrole/2008/element-label" xlink:from="loc_eba_a2" xlink:to="label_eba_a2" />
    <link:loc xlink:type="locator" xlink:href="c_29.00-rend.xml#eba_a3" xlink:label="loc_eba_a3" />
    <label:label xlink:type="resource" xlink:label="label_eba_a3" xml:lang="en" xlink:role="http://www.eurofiling.info/xbrl/role/rc-code">020</label:label>
    <gen:arc xlink:type="arc" xlink:arcrole="http://xbrl.org/arcrole/2008/element-label" xlink:from="loc_eba_a3" xlink:to="label_eba_a3" />
    <label:label xlink:type="resource" xlink:label="label_eba_tC_29.00_1" xml:lang="en" xlink:role="http://www.eurofiling.info/xbrl/role/filing-indicator-code">C_29.00</label:label>
    <gen:arc xlink:type="arc" xlink:arcrole="http://xbrl.org/arcrole/2008/element-label" xlink:from="loc_eba_tC_29.00" xlink:to="label_eba_tC_29.00_1" />
    <label:label xlink:type="resource" xlink:label="label_eba_tC_29.00_2" xml:lang="en" xlink:role="http://www.eba.europa.eu/xbrl/role/dpm-db-id">180</label:label>
    <gen:arc xlink:type="arc" xlink:arcrole="http://xbrl.org/arcrole/2008/element-label" xlink:from="loc_eba_tC_29.00" xlink:to="label_eba_tC_29.00_2" />
    <label:label xlink:type="resource" xlink:label="label_eba_c21389_1" xml:lang="en" xlink:role="http://www.eba.europa.eu/xbrl/role/dpm-db-id">21389</label:label>
    <gen:arc xlink:type="arc" xlink:arcrole="http://xbrl.org/arcrole/2008/element-label" xlink:from="loc_eba_c21389" xlink:to="label_eba_c21389_1" />
    <label:label xlink:type="resource" xlink:label="label_eba_c21392_1" xml:lang="en" xlink:role="http://www.eba.europa.eu/xbrl/role/dpm-db-id">21392</label:label>
    <gen:arc xlink:type="arc" xlink:arcrole="http://xbrl.org/arcrole/2008/element-label" xlink:from="loc_eba_c21392" xlink:to="label_eba_c21392_1" />
    <label:label xlink:type="resource" xlink:label="label_eba_c21393_1" xml:lang="en" xlink:role="http://www.eba.europa.eu/xbrl/role/dpm-db-id">21393</label:label>
    <gen:arc xlink:type="arc" xlink:arcrole="http://xbrl.org/arcrole/2008/element-label" xlink:from="loc_eba_c21393" xlink:to="label_eba_c21393_1" />
    <label:label xlink:type="resource" xlink:label="label_eba_c21394_1" xml:lang="en" xlink:role="http://www.eba.europa.eu/xbrl/role/dpm-db-id">21394</label:label>
    <gen:arc xlink:type="arc" xlink:arcrole="http://xbrl.org/arcrole/2008/element-label" xlink:from="loc_eba_c21394" xlink:to="label_eba_c21394_1" />
    <label:label xlink:type="resource" xlink:label="label_eba_c21395_1" xml:lang="en" xlink:role="http://www.eba.europa.eu/xbrl/role/dpm-db-id">21395</label:label>
    <gen:arc xlink:type="arc" xlink:arcrole="http://xbrl.org/arcrole/2008/element-label" xlink:from="loc_eba_c21395" xlink:to="label_eba_c21395_1" />
    <label:label xlink:type="resource" xlink:label="label_eba_c21396_1" xml:lang="en" xlink:role="http://www.eba.europa.eu/xbrl/role/dpm-db-id">21396</label:label>
    <gen:arc xlink:type="arc" xlink:arcrole="http://xbrl.org/arcrole/2008/element-label" xlink:from="loc_eba_c21396" xlink:to="label_eba_c21396_1" />
    <label:label xlink:type="resource" xlink:label="label_eba_c21397_1" xml:lang="en" xlink:role="http://www.eba.europa.eu/xbrl/role/dpm-db-id">21397</label:label>
    <gen:arc xlink:type="arc" xlink:arcrole="http://xbrl.org/arcrole/2008/element-label" xlink:from="loc_eba_c21397" xlink:to="label_eba_c21397_1" />
    <label:label xlink:type="resource" xlink:label="label_eba_c21398_1" xml:lang="en" xlink:role="http://www.eba.europa.eu/xbrl/role/dpm-db-id">21398</label:label>
    <gen:arc xlink:type="arc" xlink:arcrole="http://xbrl.org/arcrole/2008/element-label" xlink:from="loc_eba_c21398" xlink:to="label_eba_c21398_1" />
    <label:label xlink:type="resource" xlink:label="label_eba_c21399_1" xml:lang="en" xlink:role="http://www.eba.europa.eu/xbrl/role/dpm-db-id">21399</label:label>
    <gen:arc xlink:type="arc" xlink:arcrole="http://xbrl.org/arcrole/2008/element-label" xlink:from="loc_eba_c21399" xlink:to="label_eba_c21399_1" />
    <label:label xlink:type="resource" xlink:label="label_eba_c21400_1" xml:lang="en" xlink:role="http://www.eba.europa.eu/xbrl/role/dpm-db-id">21400</label:label>
    <gen:arc xlink:type="arc" xlink:arcrole="http://xbrl.org/arcrole/2008/element-label" xlink:from="loc_eba_c21400" xlink:to="label_eba_c21400_1" />
    <label:label xlink:type="resource" xlink:label="label_eba_c21401_1" xml:lang="en" xlink:role="http://www.eba.europa.eu/xbrl/role/dpm-db-id">21401</label:label>
    <gen:arc xlink:type="arc" xlink:arcrole="http://xbrl.org/arcrole/2008/element-label" xlink:from="loc_eba_c21401" xlink:to="label_eba_c21401_1" />
    <label:label xlink:type="resource" xlink:label="label_eba_c21402_1" xml:lang="en" xlink:role="http://www.eba.europa.eu/xbrl/role/dpm-db-id">21402</label:label>
    <gen:arc xlink:type="arc" xlink:arcrole="http://xbrl.org/arcrole/2008/element-label" xlink:from="loc_eba_c21402" xlink:to="label_eba_c21402_1" />
    <label:label xlink:type="resource" xlink:label="label_eba_c21403_1" xml:lang="en" xlink:role="http://www.eba.europa.eu/xbrl/role/dpm-db-id">21403</label:label>
    <gen:arc xlink:type="arc" xlink:arcrole="http://xbrl.org/arcrole/2008/element-label" xlink:from="loc_eba_c21403" xlink:to="label_eba_c21403_1" />
    <label:label xlink:type="resource" xlink:label="label_eba_c21404_1" xml:lang="en" xlink:role="http://www.eba.europa.eu/xbrl/role/dpm-db-id">21404</label:label>
    <gen:arc xlink:type="arc" xlink:arcrole="http://xbrl.org/arcrole/2008/element-label" xlink:from="loc_eba_c21404" xlink:to="label_eba_c21404_1" />
    <label:label xlink:type="resource" xlink:label="label_eba_c21405_1" xml:lang="en" xlink:role="http://www.eba.europa.eu/xbrl/role/dpm-db-id">21405</label:label>
    <gen:arc xlink:type="arc" xlink:arcrole="http://xbrl.org/arcrole/2008/element-label" xlink:from="loc_eba_c21405" xlink:to="label_eba_c21405_1" />
    <label:label xlink:type="resource" xlink:label="label_eba_c21406_1" xml:lang="en" xlink:role="http://www.eba.europa.eu/xbrl/role/dpm-db-id">21406</label:label>
    <gen:arc xlink:type="arc" xlink:arcrole="http://xbrl.org/arcrole/2008/element-label" xlink:from="loc_eba_c21406" xlink:to="label_eba_c21406_1" />
    <label:label xlink:type="resource" xlink:label="label_eba_c21407_1" xml:lang="en" xlink:role="http://www.eba.europa.eu/xbrl/role/dpm-db-id">21407</label:label>
    <gen:arc xlink:type="arc" xlink:arcrole="http://xbrl.org/arcrole/2008/element-label" xlink:from="loc_eba_c21407" xlink:to="label_eba_c21407_1" />
    <label:label xlink:type="resource" xlink:label="label_eba_c21408_1" xml:lang="en" xlink:role="http://www.eba.europa.eu/xbrl/role/dpm-db-id">21408</label:label>
    <gen:arc xlink:type="arc" xlink:arcrole="http://xbrl.org/arcrole/2008/element-label" xlink:from="loc_eba_c21408" xlink:to="label_eba_c21408_1" />
    <label:label xlink:type="resource" xlink:label="label_eba_c21409_1" xml:lang="en" xlink:role="http://www.eba.europa.eu/xbrl/role/dpm-db-id">21409</label:label>
    <gen:arc xlink:type="arc" xlink:arcrole="http://xbrl.org/arcrole/2008/element-label" xlink:from="loc_eba_c21409" xlink:to="label_eba_c21409_1" />
    <label:label xlink:type="resource" xlink:label="label_eba_c21410_1" xml:lang="en" xlink:role="http://www.eba.europa.eu/xbrl/role/dpm-db-id">21410</label:label>
    <gen:arc xlink:type="arc" xlink:arcrole="http://xbrl.org/arcrole/2008/element-label" xlink:from="loc_eba_c21410" xlink:to="label_eba_c21410_1" />
    <label:label xlink:type="resource" xlink:label="label_eba_c21411_1" xml:lang="en" xlink:role="http://www.eba.europa.eu/xbrl/role/dpm-db-id">21411</label:label>
    <gen:arc xlink:type="arc" xlink:arcrole="http://xbrl.org/arcrole/2008/element-label" xlink:from="loc_eba_c21411" xlink:to="label_eba_c21411_1" />
    <label:label xlink:type="resource" xlink:label="label_eba_c21412_1" xml:lang="en" xlink:role="http://www.eba.europa.eu/xbrl/role/dpm-db-id">21412</label:label>
    <gen:arc xlink:type="arc" xlink:arcrole="http://xbrl.org/arcrole/2008/element-label" xlink:from="loc_eba_c21412" xlink:to="label_eba_c21412_1" />
    <label:label xlink:type="resource" xlink:label="label_eba_c21413_1" xml:lang="en" xlink:role="http://www.eba.europa.eu/xbrl/role/dpm-db-id">21413</label:label>
    <gen:arc xlink:type="arc" xlink:arcrole="http://xbrl.org/arcrole/2008/element-label" xlink:from="loc_eba_c21413" xlink:to="label_eba_c21413_1" />
    <label:label xlink:type="resource" xlink:label="label_eba_c21414_1" xml:lang="en" xlink:role="http://www.eba.europa.eu/xbrl/role/dpm-db-id">21414</label:label>
    <gen:arc xlink:type="arc" xlink:arcrole="http://xbrl.org/arcrole/2008/element-label" xlink:from="loc_eba_c21414" xlink:to="label_eba_c21414_1" />
    <label:label xlink:type="resource" xlink:label="label_eba_c21415_1" xml:lang="en" xlink:role="http://www.eba.europa.eu/xbrl/role/dpm-db-id">21415</label:label>
    <gen:arc xlink:type="arc" xlink:arcrole="http://xbrl.org/arcrole/2008/element-label" xlink:from="loc_eba_c21415" xlink:to="label_eba_c21415_1" />
    <label:label xlink:type="resource" xlink:label="label_eba_c21416_1" xml:lang="en" xlink:role="http://www.eba.europa.eu/xbrl/role/dpm-db-id">21416</label:label>
    <gen:arc xlink:type="arc" xlink:arcrole="http://xbrl.org/arcrole/2008/element-label" xlink:from="loc_eba_c21416" xlink:to="label_eba_c21416_1" />
    <label:label xlink:type="resource" xlink:label="label_eba_c21417_1" xml:lang="en" xlink:role="http://www.eba.europa.eu/xbrl/role/dpm-db-id">21417</label:label>
    <gen:arc xlink:type="arc" xlink:arcrole="http://xbrl.org/arcrole/2008/element-label" xlink:from="loc_eba_c21417" xlink:to="label_eba_c21417_1" />
    <label:label xlink:type="resource" xlink:label="label_eba_c21418_1" xml:lang="en" xlink:role="http://www.eba.europa.eu/xbrl/role/dpm-db-id">21418</label:label>
    <gen:arc xlink:type="arc" xlink:arcrole="http://xbrl.org/arcrole/2008/element-label" xlink:from="loc_eba_c21418" xlink:to="label_eba_c21418_1" />
    <label:label xlink:type="resource" xlink:label="label_eba_c21419_1" xml:lang="en" xlink:role="http://www.eba.europa.eu/xbrl/role/dpm-db-id">21419</label:label>
    <gen:arc xlink:type="arc" xlink:arcrole="http://xbrl.org/arcrole/2008/element-label" xlink:from="loc_eba_c21419" xlink:to="label_eba_c21419_1" />
    <label:label xlink:type="resource" xlink:label="label_eba_c21420_1" xml:lang="en" xlink:role="http://www.eba.europa.eu/xbrl/role/dpm-db-id">21420</label:label>
    <gen:arc xlink:type="arc" xlink:arcrole="http://xbrl.org/arcrole/2008/element-label" xlink:from="loc_eba_c21420" xlink:to="label_eba_c21420_1" />
    <label:label xlink:type="resource" xlink:label="label_eba_c21421_1" xml:lang="en" xlink:role="http://www.eba.europa.eu/xbrl/role/dpm-db-id">21421</label:label>
    <gen:arc xlink:type="arc" xlink:arcrole="http://xbrl.org/arcrole/2008/element-label" xlink:from="loc_eba_c21421" xlink:to="label_eba_c21421_1" />
    <label:label xlink:type="resource" xlink:label="label_eba_c21422_1" xml:lang="en" xlink:role="http://www.eba.europa.eu/xbrl/role/dpm-db-id">21422</label:label>
    <gen:arc xlink:type="arc" xlink:arcrole="http://xbrl.org/arcrole/2008/element-label" xlink:from="loc_eba_c21422" xlink:to="label_eba_c21422_1" />
    <label:label xlink:type="resource" xlink:label="label_eba_c21423_1" xml:lang="en" xlink:role="http://www.eba.europa.eu/xbrl/role/dpm-db-id">21423</label:label>
    <gen:arc xlink:type="arc" xlink:arcrole="http://xbrl.org/arcrole/2008/element-label" xlink:from="loc_eba_c21423" xlink:to="label_eba_c21423_1" />
    <label:label xlink:type="resource" xlink:label="label_eba_c21424_1" xml:lang="en" xlink:role="http://www.eba.europa.eu/xbrl/role/dpm-db-id">21424</label:label>
    <gen:arc xlink:type="arc" xlink:arcrole="http://xbrl.org/arcrole/2008/element-label" xlink:from="loc_eba_c21424" xlink:to="label_eba_c21424_1" />
    <label:label xlink:type="resource" xlink:label="label_eba_c21425_1" xml:lang="en" xlink:role="http://www.eba.europa.eu/xbrl/role/dpm-db-id">21425</label:label>
    <gen:arc xlink:type="arc" xlink:arcrole="http://xbrl.org/arcrole/2008/element-label" xlink:from="loc_eba_c21425" xlink:to="label_eba_c21425_1" />
    <label:label xlink:type="resource" xlink:label="label_eba_c21426_1" xml:lang="en" xlink:role="http://www.eba.europa.eu/xbrl/role/dpm-db-id">21426</label:label>
    <gen:arc xlink:type="arc" xlink:arcrole="http://xbrl.org/arcrole/2008/element-label" xlink:from="loc_eba_c21426" xlink:to="label_eba_c21426_1" />
    <label:label xlink:type="resource" xlink:label="label_eba_c21427_1" xml:lang="en" xlink:role="http://www.eba.europa.eu/xbrl/role/dpm-db-id">21427</label:label>
    <gen:arc xlink:type="arc" xlink:arcrole="http://xbrl.org/arcrole/2008/element-label" xlink:from="loc_eba_c21427" xlink:to="label_eba_c21427_1" />
    <label:label xlink:type="resource" xlink:label="label_eba_c21428_1" xml:lang="en" xlink:role="http://www.eba.europa.eu/xbrl/role/dpm-db-id">21428</label:label>
    <gen:arc xlink:type="arc" xlink:arcrole="http://xbrl.org/arcrole/2008/element-label" xlink:from="loc_eba_c21428" xlink:to="label_eba_c21428_1" />
    <label:label xlink:type="resource" xlink:label="label_eba_c21429_1" xml:lang="en" xlink:role="http://www.eba.europa.eu/xbrl/role/dpm-db-id">21429</label:label>
    <gen:arc xlink:type="arc" xlink:arcrole="http://xbrl.org/arcrole/2008/element-label" xlink:from="loc_eba_c21429" xlink:to="label_eba_c21429_1" />
    <label:label xlink:type="resource" xlink:label="label_eba_c21430_1" xml:lang="en" xlink:role="http://www.eba.europa.eu/xbrl/role/dpm-db-id">21430</label:label>
    <gen:arc xlink:type="arc" xlink:arcrole="http://xbrl.org/arcrole/2008/element-label" xlink:from="loc_eba_c21430" xlink:to="label_eba_c21430_1" />
    <label:label xlink:type="resource" xlink:label="label_eba_c21431_1" xml:lang="en" xlink:role="http://www.eba.europa.eu/xbrl/role/dpm-db-id">21431</label:label>
    <gen:arc xlink:type="arc" xlink:arcrole="http://xbrl.org/arcrole/2008/element-label" xlink:from="loc_eba_c21431" xlink:to="label_eba_c21431_1" />
    <label:label xlink:type="resource" xlink:label="label_eba_c21432_1" xml:lang="en" xlink:role="http://www.eba.europa.eu/xbrl/role/dpm-db-id">21432</label:label>
    <gen:arc xlink:type="arc" xlink:arcrole="http://xbrl.org/arcrole/2008/element-label" xlink:from="loc_eba_c21432" xlink:to="label_eba_c21432_1" />
    <label:label xlink:type="resource" xlink:label="label_eba_c21433_1" xml:lang="en" xlink:role="http://www.eba.europa.eu/xbrl/role/dpm-db-id">21433</label:label>
    <gen:arc xlink:type="arc" xlink:arcrole="http://xbrl.org/arcrole/2008/element-label" xlink:from="loc_eba_c21433" xlink:to="label_eba_c21433_1" />
    <label:label xlink:type="resource" xlink:label="label_eba_c21434_1" xml:lang="en" xlink:role="http://www.eba.europa.eu/xbrl/role/dpm-db-id">21434</label:label>
    <gen:arc xlink:type="arc" xlink:arcrole="http://xbrl.org/arcrole/2008/element-label" xlink:from="loc_eba_c21434" xlink:to="label_eba_c21434_1" />
    <label:label xlink:type="resource" xlink:label="label_eba_c21435_1" xml:lang="en" xlink:role="http://www.eba.europa.eu/xbrl/role/dpm-db-id">21435</label:label>
    <gen:arc xlink:type="arc" xlink:arcrole="http://xbrl.org/arcrole/2008/element-label" xlink:from="loc_eba_c21435" xlink:to="label_eba_c21435_1" />
    <label:label xlink:type="resource" xlink:label="label_eba_a2_1" xml:lang="en" xlink:role="http://www.eba.europa.eu/xbrl/role/dpm-db-id">21390</label:label>
    <gen:arc xlink:type="arc" xlink:arcrole="http://xbrl.org/arcrole/2008/element-label" xlink:from="loc_eba_a2" xlink:to="label_eba_a2_1" />
    <label:label xlink:type="resource" xlink:label="label_eba_a3_1" xml:lang="en" xlink:role="http://www.eba.europa.eu/xbrl/role/dpm-db-id">21391</label:label>
    <gen:arc xlink:type="arc" xlink:arcrole="http://xbrl.org/arcrole/2008/element-label" xlink:from="loc_eba_a3" xlink:to="label_eba_a3_1" />
  </gen:link>
</link:linkbase>