﻿<?xml version="1.0" encoding="utf-8"?>
<?taxonomy-version 2.0.0?>
<!--(C) EBA-->
<link:linkbase xmlns:xsi="http://www.w3.org/2001/XMLSchema-instance" xmlns:xlink="http://www.w3.org/1999/xlink" xmlns:link="http://www.xbrl.org/2003/linkbase" xmlns:gen="http://xbrl.org/2008/generic" xmlns:label="http://xbrl.org/2008/label" xsi:schemaLocation="http://www.xbrl.org/2003/linkbase http://www.xbrl.org/2003/xbrl-linkbase-2003-12-31.xsd http://xbrl.org/2008/generic http://www.xbrl.org/2008/generic-link.xsd http://xbrl.org/2008/label http://www.xbrl.org/2008/generic-label.xsd">
  <link:arcroleRef arcroleURI="http://xbrl.org/arcrole/2008/element-label" xlink:type="simple" xlink:href="http://www.xbrl.org/2008/generic-label.xsd#element-label" />
  <link:roleRef roleURI="http://www.xbrl.org/2008/role/label" xlink:type="simple" xlink:href="http://www.xbrl.org/2008/generic-label.xsd#standard-label" />
  <link:roleRef roleURI="http://www.xbrl.org/2008/role/verboseLabel" xlink:type="simple" xlink:href="http://www.xbrl.org/2008/generic-label.xsd#verbose-label" />
  <gen:link xlink:type="extended" xlink:role="http://www.xbrl.org/2003/role/link">
    <link:loc xlink:type="locator" xlink:href="c_43.00.b-rend.xml#eba_tC_43.00.b" xlink:label="loc_eba_tC_43.00.b" />
    <label:label xlink:type="resource" xlink:label="label_eba_tC_43.00.b" xml:lang="en" xlink:role="http://www.xbrl.org/2008/role/label">C 43.00.b (LR4)</label:label>
    <gen:arc xlink:type="arc" xlink:arcrole="http://xbrl.org/arcrole/2008/element-label" xlink:from="loc_eba_tC_43.00.b" xlink:to="label_eba_tC_43.00.b" />
    <label:label xlink:type="resource" xlink:label="label_eba_tC_43.00.b_1" xml:lang="en" xlink:role="http://www.xbrl.org/2008/role/verboseLabel">C 43.00.b (LR4) Breakdown of leverage ratio exposure measure components: Other non-trading book exposures (SA)</label:label>
    <gen:arc xlink:type="arc" xlink:arcrole="http://xbrl.org/arcrole/2008/element-label" xlink:from="loc_eba_tC_43.00.b" xlink:to="label_eba_tC_43.00.b_1" />
    <link:loc xlink:type="locator" xlink:href="c_43.00.b-rend.xml#eba_a1" xlink:label="loc_eba_a1" />
    <label:label xlink:type="resource" xlink:label="label_eba_a1" xml:lang="en" xlink:role="http://www.xbrl.org/2008/role/label">Columns</label:label>
    <gen:arc xlink:type="arc" xlink:arcrole="http://xbrl.org/arcrole/2008/element-label" xlink:from="loc_eba_a1" xlink:to="label_eba_a1" />
    <link:loc xlink:type="locator" xlink:href="c_43.00.b-rend.xml#eba_c23558" xlink:label="loc_eba_c23558" />
    <label:label xlink:type="resource" xlink:label="label_eba_c23558" xml:lang="en" xlink:role="http://www.xbrl.org/2008/role/label">Leverage Ratio Exposure Value: SA Exposures</label:label>
    <gen:arc xlink:type="arc" xlink:arcrole="http://xbrl.org/arcrole/2008/element-label" xlink:from="loc_eba_c23558" xlink:to="label_eba_c23558" />
    <link:loc xlink:type="locator" xlink:href="c_43.00.b-rend.xml#eba_c23559" xlink:label="loc_eba_c23559" />
    <label:label xlink:type="resource" xlink:label="label_eba_c23559" xml:lang="en" xlink:role="http://www.xbrl.org/2008/role/label">RWAs: SA exposures</label:label>
    <gen:arc xlink:type="arc" xlink:arcrole="http://xbrl.org/arcrole/2008/element-label" xlink:from="loc_eba_c23559" xlink:to="label_eba_c23559" />
    <link:loc xlink:type="locator" xlink:href="c_43.00.b-rend.xml#eba_a2" xlink:label="loc_eba_a2" />
    <label:label xlink:type="resource" xlink:label="label_eba_a2" xml:lang="en" xlink:role="http://www.xbrl.org/2008/role/label">Rows</label:label>
    <gen:arc xlink:type="arc" xlink:arcrole="http://xbrl.org/arcrole/2008/element-label" xlink:from="loc_eba_a2" xlink:to="label_eba_a2" />
    <link:loc xlink:type="locator" xlink:href="c_43.00.b-rend.xml#eba_c23560" xlink:label="loc_eba_c23560" />
    <label:label xlink:type="resource" xlink:label="label_eba_c23560" xml:lang="en" xlink:role="http://www.xbrl.org/2008/role/label">Covered bonds</label:label>
    <gen:arc xlink:type="arc" xlink:arcrole="http://xbrl.org/arcrole/2008/element-label" xlink:from="loc_eba_c23560" xlink:to="label_eba_c23560" />
    <link:loc xlink:type="locator" xlink:href="c_43.00.b-rend.xml#eba_c23561" xlink:label="loc_eba_c23561" />
    <label:label xlink:type="resource" xlink:label="label_eba_c23561" xml:lang="en" xlink:role="http://www.xbrl.org/2008/role/label">Exposures treated as sovereigns</label:label>
    <gen:arc xlink:type="arc" xlink:arcrole="http://xbrl.org/arcrole/2008/element-label" xlink:from="loc_eba_c23561" xlink:to="label_eba_c23561" />
    <link:loc xlink:type="locator" xlink:href="c_43.00.b-rend.xml#eba_c23562" xlink:label="loc_eba_c23562" />
    <label:label xlink:type="resource" xlink:label="label_eba_c23562" xml:lang="en" xlink:role="http://www.xbrl.org/2008/role/label">Central governments and Central banks</label:label>
    <gen:arc xlink:type="arc" xlink:arcrole="http://xbrl.org/arcrole/2008/element-label" xlink:from="loc_eba_c23562" xlink:to="label_eba_c23562" />
    <link:loc xlink:type="locator" xlink:href="c_43.00.b-rend.xml#eba_c23563" xlink:label="loc_eba_c23563" />
    <label:label xlink:type="resource" xlink:label="label_eba_c23563" xml:lang="en" xlink:role="http://www.xbrl.org/2008/role/label">Regional governments and local authorities treated as sovereigns</label:label>
    <gen:arc xlink:type="arc" xlink:arcrole="http://xbrl.org/arcrole/2008/element-label" xlink:from="loc_eba_c23563" xlink:to="label_eba_c23563" />
    <link:loc xlink:type="locator" xlink:href="c_43.00.b-rend.xml#eba_c23564" xlink:label="loc_eba_c23564" />
    <label:label xlink:type="resource" xlink:label="label_eba_c23564" xml:lang="en" xlink:role="http://www.xbrl.org/2008/role/label">MDBs and international organisations treated as sovereigns</label:label>
    <gen:arc xlink:type="arc" xlink:arcrole="http://xbrl.org/arcrole/2008/element-label" xlink:from="loc_eba_c23564" xlink:to="label_eba_c23564" />
    <link:loc xlink:type="locator" xlink:href="c_43.00.b-rend.xml#eba_c23565" xlink:label="loc_eba_c23565" />
    <label:label xlink:type="resource" xlink:label="label_eba_c23565" xml:lang="en" xlink:role="http://www.xbrl.org/2008/role/label">PSEs treated as sovereigns</label:label>
    <gen:arc xlink:type="arc" xlink:arcrole="http://xbrl.org/arcrole/2008/element-label" xlink:from="loc_eba_c23565" xlink:to="label_eba_c23565" />
    <link:loc xlink:type="locator" xlink:href="c_43.00.b-rend.xml#eba_c23566" xlink:label="loc_eba_c23566" />
    <label:label xlink:type="resource" xlink:label="label_eba_c23566" xml:lang="en" xlink:role="http://www.xbrl.org/2008/role/label">Exposures to regional governments, MDB, international organisations and PSE NOT treated as sovereigns;</label:label>
    <gen:arc xlink:type="arc" xlink:arcrole="http://xbrl.org/arcrole/2008/element-label" xlink:from="loc_eba_c23566" xlink:to="label_eba_c23566" />
    <link:loc xlink:type="locator" xlink:href="c_43.00.b-rend.xml#eba_c23567" xlink:label="loc_eba_c23567" />
    <label:label xlink:type="resource" xlink:label="label_eba_c23567" xml:lang="en" xlink:role="http://www.xbrl.org/2008/role/label">Regional governments and local authorities NOT treated as sovereigns</label:label>
    <gen:arc xlink:type="arc" xlink:arcrole="http://xbrl.org/arcrole/2008/element-label" xlink:from="loc_eba_c23567" xlink:to="label_eba_c23567" />
    <link:loc xlink:type="locator" xlink:href="c_43.00.b-rend.xml#eba_c23568" xlink:label="loc_eba_c23568" />
    <label:label xlink:type="resource" xlink:label="label_eba_c23568" xml:lang="en" xlink:role="http://www.xbrl.org/2008/role/label">MDBs NOT treated as sovereigns</label:label>
    <gen:arc xlink:type="arc" xlink:arcrole="http://xbrl.org/arcrole/2008/element-label" xlink:from="loc_eba_c23568" xlink:to="label_eba_c23568" />
    <link:loc xlink:type="locator" xlink:href="c_43.00.b-rend.xml#eba_c23569" xlink:label="loc_eba_c23569" />
    <label:label xlink:type="resource" xlink:label="label_eba_c23569" xml:lang="en" xlink:role="http://www.xbrl.org/2008/role/label">PSEs NOT treated as a sovereign</label:label>
    <gen:arc xlink:type="arc" xlink:arcrole="http://xbrl.org/arcrole/2008/element-label" xlink:from="loc_eba_c23569" xlink:to="label_eba_c23569" />
    <link:loc xlink:type="locator" xlink:href="c_43.00.b-rend.xml#eba_c23570" xlink:label="loc_eba_c23570" />
    <label:label xlink:type="resource" xlink:label="label_eba_c23570" xml:lang="en" xlink:role="http://www.xbrl.org/2008/role/label">Institutions</label:label>
    <gen:arc xlink:type="arc" xlink:arcrole="http://xbrl.org/arcrole/2008/element-label" xlink:from="loc_eba_c23570" xlink:to="label_eba_c23570" />
    <link:loc xlink:type="locator" xlink:href="c_43.00.b-rend.xml#eba_c23571" xlink:label="loc_eba_c23571" />
    <label:label xlink:type="resource" xlink:label="label_eba_c23571" xml:lang="en" xlink:role="http://www.xbrl.org/2008/role/label">Secured by mortgages of immovable properties; of which</label:label>
    <gen:arc xlink:type="arc" xlink:arcrole="http://xbrl.org/arcrole/2008/element-label" xlink:from="loc_eba_c23571" xlink:to="label_eba_c23571" />
    <link:loc xlink:type="locator" xlink:href="c_43.00.b-rend.xml#eba_c23572" xlink:label="loc_eba_c23572" />
    <label:label xlink:type="resource" xlink:label="label_eba_c23572" xml:lang="en" xlink:role="http://www.xbrl.org/2008/role/label">Secured by mortgages of residential properties</label:label>
    <gen:arc xlink:type="arc" xlink:arcrole="http://xbrl.org/arcrole/2008/element-label" xlink:from="loc_eba_c23572" xlink:to="label_eba_c23572" />
    <link:loc xlink:type="locator" xlink:href="c_43.00.b-rend.xml#eba_c23573" xlink:label="loc_eba_c23573" />
    <label:label xlink:type="resource" xlink:label="label_eba_c23573" xml:lang="en" xlink:role="http://www.xbrl.org/2008/role/label">Retail Exposures</label:label>
    <gen:arc xlink:type="arc" xlink:arcrole="http://xbrl.org/arcrole/2008/element-label" xlink:from="loc_eba_c23573" xlink:to="label_eba_c23573" />
    <link:loc xlink:type="locator" xlink:href="c_43.00.b-rend.xml#eba_c23574" xlink:label="loc_eba_c23574" />
    <label:label xlink:type="resource" xlink:label="label_eba_c23574" xml:lang="en" xlink:role="http://www.xbrl.org/2008/role/label">Retail SME</label:label>
    <gen:arc xlink:type="arc" xlink:arcrole="http://xbrl.org/arcrole/2008/element-label" xlink:from="loc_eba_c23574" xlink:to="label_eba_c23574" />
    <link:loc xlink:type="locator" xlink:href="c_43.00.b-rend.xml#eba_c23575" xlink:label="loc_eba_c23575" />
    <label:label xlink:type="resource" xlink:label="label_eba_c23575" xml:lang="en" xlink:role="http://www.xbrl.org/2008/role/label">Corporate</label:label>
    <gen:arc xlink:type="arc" xlink:arcrole="http://xbrl.org/arcrole/2008/element-label" xlink:from="loc_eba_c23575" xlink:to="label_eba_c23575" />
    <link:loc xlink:type="locator" xlink:href="c_43.00.b-rend.xml#eba_c23576" xlink:label="loc_eba_c23576" />
    <label:label xlink:type="resource" xlink:label="label_eba_c23576" xml:lang="en" xlink:role="http://www.xbrl.org/2008/role/label">Financial</label:label>
    <gen:arc xlink:type="arc" xlink:arcrole="http://xbrl.org/arcrole/2008/element-label" xlink:from="loc_eba_c23576" xlink:to="label_eba_c23576" />
    <link:loc xlink:type="locator" xlink:href="c_43.00.b-rend.xml#eba_c23577" xlink:label="loc_eba_c23577" />
    <label:label xlink:type="resource" xlink:label="label_eba_c23577" xml:lang="en" xlink:role="http://www.xbrl.org/2008/role/label">Non-financial</label:label>
    <gen:arc xlink:type="arc" xlink:arcrole="http://xbrl.org/arcrole/2008/element-label" xlink:from="loc_eba_c23577" xlink:to="label_eba_c23577" />
    <link:loc xlink:type="locator" xlink:href="c_43.00.b-rend.xml#eba_c23578" xlink:label="loc_eba_c23578" />
    <label:label xlink:type="resource" xlink:label="label_eba_c23578" xml:lang="en" xlink:role="http://www.xbrl.org/2008/role/label">SME exposures</label:label>
    <gen:arc xlink:type="arc" xlink:arcrole="http://xbrl.org/arcrole/2008/element-label" xlink:from="loc_eba_c23578" xlink:to="label_eba_c23578" />
    <link:loc xlink:type="locator" xlink:href="c_43.00.b-rend.xml#eba_c23579" xlink:label="loc_eba_c23579" />
    <label:label xlink:type="resource" xlink:label="label_eba_c23579" xml:lang="en" xlink:role="http://www.xbrl.org/2008/role/label">Corporate exposures other than SME</label:label>
    <gen:arc xlink:type="arc" xlink:arcrole="http://xbrl.org/arcrole/2008/element-label" xlink:from="loc_eba_c23579" xlink:to="label_eba_c23579" />
    <link:loc xlink:type="locator" xlink:href="c_43.00.b-rend.xml#eba_c23580" xlink:label="loc_eba_c23580" />
    <label:label xlink:type="resource" xlink:label="label_eba_c23580" xml:lang="en" xlink:role="http://www.xbrl.org/2008/role/label">Exposures in default</label:label>
    <gen:arc xlink:type="arc" xlink:arcrole="http://xbrl.org/arcrole/2008/element-label" xlink:from="loc_eba_c23580" xlink:to="label_eba_c23580" />
    <link:loc xlink:type="locator" xlink:href="c_43.00.b-rend.xml#eba_c23581" xlink:label="loc_eba_c23581" />
    <label:label xlink:type="resource" xlink:label="label_eba_c23581" xml:lang="en" xlink:role="http://www.xbrl.org/2008/role/label">Other exposures (e.g. equity and other non-credit obligation assets); of which</label:label>
    <gen:arc xlink:type="arc" xlink:arcrole="http://xbrl.org/arcrole/2008/element-label" xlink:from="loc_eba_c23581" xlink:to="label_eba_c23581" />
    <link:loc xlink:type="locator" xlink:href="c_43.00.b-rend.xml#eba_c23582" xlink:label="loc_eba_c23582" />
    <label:label xlink:type="resource" xlink:label="label_eba_c23582" xml:lang="en" xlink:role="http://www.xbrl.org/2008/role/label">Securitisation exposures</label:label>
    <gen:arc xlink:type="arc" xlink:arcrole="http://xbrl.org/arcrole/2008/element-label" xlink:from="loc_eba_c23582" xlink:to="label_eba_c23582" />
    <link:loc xlink:type="locator" xlink:href="c_43.00.b-rend.xml#eba_c23583" xlink:label="loc_eba_c23583" />
    <label:label xlink:type="resource" xlink:label="label_eba_c23583" xml:lang="en" xlink:role="http://www.xbrl.org/2008/role/label">Trade finance (Memo item); of which</label:label>
    <gen:arc xlink:type="arc" xlink:arcrole="http://xbrl.org/arcrole/2008/element-label" xlink:from="loc_eba_c23583" xlink:to="label_eba_c23583" />
    <link:loc xlink:type="locator" xlink:href="c_43.00.b-rend.xml#eba_c23584" xlink:label="loc_eba_c23584" />
    <label:label xlink:type="resource" xlink:label="label_eba_c23584" xml:lang="en" xlink:role="http://www.xbrl.org/2008/role/label">Under official export credit insurance scheme</label:label>
    <gen:arc xlink:type="arc" xlink:arcrole="http://xbrl.org/arcrole/2008/element-label" xlink:from="loc_eba_c23584" xlink:to="label_eba_c23584" />
  </gen:link>
</link:linkbase>