﻿<?xml version="1.0" encoding="utf-8"?>
<?taxonomy-version 2.0.1?>
<!--(C) EBA-->
<link:linkbase xmlns:xsi="http://www.w3.org/2001/XMLSchema-instance" xmlns:xlink="http://www.w3.org/1999/xlink" xmlns:link="http://www.xbrl.org/2003/linkbase" xmlns:gen="http://xbrl.org/2008/generic" xmlns:label="http://xbrl.org/2008/label" xsi:schemaLocation="http://www.xbrl.org/2003/linkbase http://www.xbrl.org/2003/xbrl-linkbase-2003-12-31.xsd http://xbrl.org/2008/generic http://www.xbrl.org/2008/generic-link.xsd http://xbrl.org/2008/label http://www.xbrl.org/2008/generic-label.xsd">
  <link:arcroleRef arcroleURI="http://xbrl.org/arcrole/2008/element-label" xlink:type="simple" xlink:href="http://www.xbrl.org/2008/generic-label.xsd#element-label" />
  <link:roleRef roleURI="http://www.eba.europa.eu/xbrl/role/dpm-db-id" xlink:type="simple" xlink:href="http://www.eba.europa.eu/eu/fr/xbrl/ext/model.xsd#dpm-db-id" />
  <link:roleRef roleURI="http://www.eurofiling.info/xbrl/role/filing-indicator-code" xlink:type="simple" xlink:href="http://www.eurofiling.info/eu/fr/xbrl/ext/model.xsd#filing-indicator-code" />
  <link:roleRef roleURI="http://www.eurofiling.info/xbrl/role/rc-code" xlink:type="simple" xlink:href="http://www.eurofiling.info/eu/fr/xbrl/ext/model.xsd#rc-code" />
  <gen:link xlink:type="extended" xlink:role="http://www.xbrl.org/2003/role/link">
    <link:loc xlink:type="locator" xlink:href="c_43.00.b-rend.xml#eba_tC_43.00.b" xlink:label="loc_eba_tC_43.00.b" />
    <label:label xlink:type="resource" xlink:label="label_eba_tC_43.00.b" xml:lang="en" xlink:role="http://www.eurofiling.info/xbrl/role/rc-code">C 43.00.b</label:label>
    <gen:arc xlink:type="arc" xlink:arcrole="http://xbrl.org/arcrole/2008/element-label" xlink:from="loc_eba_tC_43.00.b" xlink:to="label_eba_tC_43.00.b" />
    <link:loc xlink:type="locator" xlink:href="c_43.00.b-rend.xml#eba_c23558" xlink:label="loc_eba_c23558" />
    <label:label xlink:type="resource" xlink:label="label_eba_c23558" xml:lang="en" xlink:role="http://www.eurofiling.info/xbrl/role/rc-code">010</label:label>
    <gen:arc xlink:type="arc" xlink:arcrole="http://xbrl.org/arcrole/2008/element-label" xlink:from="loc_eba_c23558" xlink:to="label_eba_c23558" />
    <link:loc xlink:type="locator" xlink:href="c_43.00.b-rend.xml#eba_c23559" xlink:label="loc_eba_c23559" />
    <label:label xlink:type="resource" xlink:label="label_eba_c23559" xml:lang="en" xlink:role="http://www.eurofiling.info/xbrl/role/rc-code">030</label:label>
    <gen:arc xlink:type="arc" xlink:arcrole="http://xbrl.org/arcrole/2008/element-label" xlink:from="loc_eba_c23559" xlink:to="label_eba_c23559" />
    <link:loc xlink:type="locator" xlink:href="c_43.00.b-rend.xml#eba_c23560" xlink:label="loc_eba_c23560" />
    <label:label xlink:type="resource" xlink:label="label_eba_c23560" xml:lang="en" xlink:role="http://www.eurofiling.info/xbrl/role/rc-code">080</label:label>
    <gen:arc xlink:type="arc" xlink:arcrole="http://xbrl.org/arcrole/2008/element-label" xlink:from="loc_eba_c23560" xlink:to="label_eba_c23560" />
    <link:loc xlink:type="locator" xlink:href="c_43.00.b-rend.xml#eba_c23561" xlink:label="loc_eba_c23561" />
    <label:label xlink:type="resource" xlink:label="label_eba_c23561" xml:lang="en" xlink:role="http://www.eurofiling.info/xbrl/role/rc-code">090</label:label>
    <gen:arc xlink:type="arc" xlink:arcrole="http://xbrl.org/arcrole/2008/element-label" xlink:from="loc_eba_c23561" xlink:to="label_eba_c23561" />
    <link:loc xlink:type="locator" xlink:href="c_43.00.b-rend.xml#eba_c23562" xlink:label="loc_eba_c23562" />
    <label:label xlink:type="resource" xlink:label="label_eba_c23562" xml:lang="en" xlink:role="http://www.eurofiling.info/xbrl/role/rc-code">100</label:label>
    <gen:arc xlink:type="arc" xlink:arcrole="http://xbrl.org/arcrole/2008/element-label" xlink:from="loc_eba_c23562" xlink:to="label_eba_c23562" />
    <link:loc xlink:type="locator" xlink:href="c_43.00.b-rend.xml#eba_c23563" xlink:label="loc_eba_c23563" />
    <label:label xlink:type="resource" xlink:label="label_eba_c23563" xml:lang="en" xlink:role="http://www.eurofiling.info/xbrl/role/rc-code">110</label:label>
    <gen:arc xlink:type="arc" xlink:arcrole="http://xbrl.org/arcrole/2008/element-label" xlink:from="loc_eba_c23563" xlink:to="label_eba_c23563" />
    <link:loc xlink:type="locator" xlink:href="c_43.00.b-rend.xml#eba_c23564" xlink:label="loc_eba_c23564" />
    <label:label xlink:type="resource" xlink:label="label_eba_c23564" xml:lang="en" xlink:role="http://www.eurofiling.info/xbrl/role/rc-code">120</label:label>
    <gen:arc xlink:type="arc" xlink:arcrole="http://xbrl.org/arcrole/2008/element-label" xlink:from="loc_eba_c23564" xlink:to="label_eba_c23564" />
    <link:loc xlink:type="locator" xlink:href="c_43.00.b-rend.xml#eba_c23565" xlink:label="loc_eba_c23565" />
    <label:label xlink:type="resource" xlink:label="label_eba_c23565" xml:lang="en" xlink:role="http://www.eurofiling.info/xbrl/role/rc-code">130</label:label>
    <gen:arc xlink:type="arc" xlink:arcrole="http://xbrl.org/arcrole/2008/element-label" xlink:from="loc_eba_c23565" xlink:to="label_eba_c23565" />
    <link:loc xlink:type="locator" xlink:href="c_43.00.b-rend.xml#eba_c23566" xlink:label="loc_eba_c23566" />
    <label:label xlink:type="resource" xlink:label="label_eba_c23566" xml:lang="en" xlink:role="http://www.eurofiling.info/xbrl/role/rc-code">140</label:label>
    <gen:arc xlink:type="arc" xlink:arcrole="http://xbrl.org/arcrole/2008/element-label" xlink:from="loc_eba_c23566" xlink:to="label_eba_c23566" />
    <link:loc xlink:type="locator" xlink:href="c_43.00.b-rend.xml#eba_c23567" xlink:label="loc_eba_c23567" />
    <label:label xlink:type="resource" xlink:label="label_eba_c23567" xml:lang="en" xlink:role="http://www.eurofiling.info/xbrl/role/rc-code">150</label:label>
    <gen:arc xlink:type="arc" xlink:arcrole="http://xbrl.org/arcrole/2008/element-label" xlink:from="loc_eba_c23567" xlink:to="label_eba_c23567" />
    <link:loc xlink:type="locator" xlink:href="c_43.00.b-rend.xml#eba_c23568" xlink:label="loc_eba_c23568" />
    <label:label xlink:type="resource" xlink:label="label_eba_c23568" xml:lang="en" xlink:role="http://www.eurofiling.info/xbrl/role/rc-code">160</label:label>
    <gen:arc xlink:type="arc" xlink:arcrole="http://xbrl.org/arcrole/2008/element-label" xlink:from="loc_eba_c23568" xlink:to="label_eba_c23568" />
    <link:loc xlink:type="locator" xlink:href="c_43.00.b-rend.xml#eba_c23569" xlink:label="loc_eba_c23569" />
    <label:label xlink:type="resource" xlink:label="label_eba_c23569" xml:lang="en" xlink:role="http://www.eurofiling.info/xbrl/role/rc-code">170</label:label>
    <gen:arc xlink:type="arc" xlink:arcrole="http://xbrl.org/arcrole/2008/element-label" xlink:from="loc_eba_c23569" xlink:to="label_eba_c23569" />
    <link:loc xlink:type="locator" xlink:href="c_43.00.b-rend.xml#eba_c23570" xlink:label="loc_eba_c23570" />
    <label:label xlink:type="resource" xlink:label="label_eba_c23570" xml:lang="en" xlink:role="http://www.eurofiling.info/xbrl/role/rc-code">180</label:label>
    <gen:arc xlink:type="arc" xlink:arcrole="http://xbrl.org/arcrole/2008/element-label" xlink:from="loc_eba_c23570" xlink:to="label_eba_c23570" />
    <link:loc xlink:type="locator" xlink:href="c_43.00.b-rend.xml#eba_c23571" xlink:label="loc_eba_c23571" />
    <label:label xlink:type="resource" xlink:label="label_eba_c23571" xml:lang="en" xlink:role="http://www.eurofiling.info/xbrl/role/rc-code">190</label:label>
    <gen:arc xlink:type="arc" xlink:arcrole="http://xbrl.org/arcrole/2008/element-label" xlink:from="loc_eba_c23571" xlink:to="label_eba_c23571" />
    <link:loc xlink:type="locator" xlink:href="c_43.00.b-rend.xml#eba_c23572" xlink:label="loc_eba_c23572" />
    <label:label xlink:type="resource" xlink:label="label_eba_c23572" xml:lang="en" xlink:role="http://www.eurofiling.info/xbrl/role/rc-code">200</label:label>
    <gen:arc xlink:type="arc" xlink:arcrole="http://xbrl.org/arcrole/2008/element-label" xlink:from="loc_eba_c23572" xlink:to="label_eba_c23572" />
    <link:loc xlink:type="locator" xlink:href="c_43.00.b-rend.xml#eba_c23573" xlink:label="loc_eba_c23573" />
    <label:label xlink:type="resource" xlink:label="label_eba_c23573" xml:lang="en" xlink:role="http://www.eurofiling.info/xbrl/role/rc-code">210</label:label>
    <gen:arc xlink:type="arc" xlink:arcrole="http://xbrl.org/arcrole/2008/element-label" xlink:from="loc_eba_c23573" xlink:to="label_eba_c23573" />
    <link:loc xlink:type="locator" xlink:href="c_43.00.b-rend.xml#eba_c23574" xlink:label="loc_eba_c23574" />
    <label:label xlink:type="resource" xlink:label="label_eba_c23574" xml:lang="en" xlink:role="http://www.eurofiling.info/xbrl/role/rc-code">220</label:label>
    <gen:arc xlink:type="arc" xlink:arcrole="http://xbrl.org/arcrole/2008/element-label" xlink:from="loc_eba_c23574" xlink:to="label_eba_c23574" />
    <link:loc xlink:type="locator" xlink:href="c_43.00.b-rend.xml#eba_c23575" xlink:label="loc_eba_c23575" />
    <label:label xlink:type="resource" xlink:label="label_eba_c23575" xml:lang="en" xlink:role="http://www.eurofiling.info/xbrl/role/rc-code">230</label:label>
    <gen:arc xlink:type="arc" xlink:arcrole="http://xbrl.org/arcrole/2008/element-label" xlink:from="loc_eba_c23575" xlink:to="label_eba_c23575" />
    <link:loc xlink:type="locator" xlink:href="c_43.00.b-rend.xml#eba_c23576" xlink:label="loc_eba_c23576" />
    <label:label xlink:type="resource" xlink:label="label_eba_c23576" xml:lang="en" xlink:role="http://www.eurofiling.info/xbrl/role/rc-code">240</label:label>
    <gen:arc xlink:type="arc" xlink:arcrole="http://xbrl.org/arcrole/2008/element-label" xlink:from="loc_eba_c23576" xlink:to="label_eba_c23576" />
    <link:loc xlink:type="locator" xlink:href="c_43.00.b-rend.xml#eba_c23577" xlink:label="loc_eba_c23577" />
    <label:label xlink:type="resource" xlink:label="label_eba_c23577" xml:lang="en" xlink:role="http://www.eurofiling.info/xbrl/role/rc-code">250</label:label>
    <gen:arc xlink:type="arc" xlink:arcrole="http://xbrl.org/arcrole/2008/element-label" xlink:from="loc_eba_c23577" xlink:to="label_eba_c23577" />
    <link:loc xlink:type="locator" xlink:href="c_43.00.b-rend.xml#eba_c23578" xlink:label="loc_eba_c23578" />
    <label:label xlink:type="resource" xlink:label="label_eba_c23578" xml:lang="en" xlink:role="http://www.eurofiling.info/xbrl/role/rc-code">260</label:label>
    <gen:arc xlink:type="arc" xlink:arcrole="http://xbrl.org/arcrole/2008/element-label" xlink:from="loc_eba_c23578" xlink:to="label_eba_c23578" />
    <link:loc xlink:type="locator" xlink:href="c_43.00.b-rend.xml#eba_c23579" xlink:label="loc_eba_c23579" />
    <label:label xlink:type="resource" xlink:label="label_eba_c23579" xml:lang="en" xlink:role="http://www.eurofiling.info/xbrl/role/rc-code">270</label:label>
    <gen:arc xlink:type="arc" xlink:arcrole="http://xbrl.org/arcrole/2008/element-label" xlink:from="loc_eba_c23579" xlink:to="label_eba_c23579" />
    <link:loc xlink:type="locator" xlink:href="c_43.00.b-rend.xml#eba_c23580" xlink:label="loc_eba_c23580" />
    <label:label xlink:type="resource" xlink:label="label_eba_c23580" xml:lang="en" xlink:role="http://www.eurofiling.info/xbrl/role/rc-code">280</label:label>
    <gen:arc xlink:type="arc" xlink:arcrole="http://xbrl.org/arcrole/2008/element-label" xlink:from="loc_eba_c23580" xlink:to="label_eba_c23580" />
    <link:loc xlink:type="locator" xlink:href="c_43.00.b-rend.xml#eba_c23581" xlink:label="loc_eba_c23581" />
    <label:label xlink:type="resource" xlink:label="label_eba_c23581" xml:lang="en" xlink:role="http://www.eurofiling.info/xbrl/role/rc-code">290</label:label>
    <gen:arc xlink:type="arc" xlink:arcrole="http://xbrl.org/arcrole/2008/element-label" xlink:from="loc_eba_c23581" xlink:to="label_eba_c23581" />
    <link:loc xlink:type="locator" xlink:href="c_43.00.b-rend.xml#eba_c23582" xlink:label="loc_eba_c23582" />
    <label:label xlink:type="resource" xlink:label="label_eba_c23582" xml:lang="en" xlink:role="http://www.eurofiling.info/xbrl/role/rc-code">300</label:label>
    <gen:arc xlink:type="arc" xlink:arcrole="http://xbrl.org/arcrole/2008/element-label" xlink:from="loc_eba_c23582" xlink:to="label_eba_c23582" />
    <link:loc xlink:type="locator" xlink:href="c_43.00.b-rend.xml#eba_c23583" xlink:label="loc_eba_c23583" />
    <label:label xlink:type="resource" xlink:label="label_eba_c23583" xml:lang="en" xlink:role="http://www.eurofiling.info/xbrl/role/rc-code">310</label:label>
    <gen:arc xlink:type="arc" xlink:arcrole="http://xbrl.org/arcrole/2008/element-label" xlink:from="loc_eba_c23583" xlink:to="label_eba_c23583" />
    <link:loc xlink:type="locator" xlink:href="c_43.00.b-rend.xml#eba_c23584" xlink:label="loc_eba_c23584" />
    <label:label xlink:type="resource" xlink:label="label_eba_c23584" xml:lang="en" xlink:role="http://www.eurofiling.info/xbrl/role/rc-code">320</label:label>
    <gen:arc xlink:type="arc" xlink:arcrole="http://xbrl.org/arcrole/2008/element-label" xlink:from="loc_eba_c23584" xlink:to="label_eba_c23584" />
    <label:label xlink:type="resource" xlink:label="label_eba_tC_43.00.b_1" xml:lang="en" xlink:role="http://www.eurofiling.info/xbrl/role/filing-indicator-code">C_43.00</label:label>
    <gen:arc xlink:type="arc" xlink:arcrole="http://xbrl.org/arcrole/2008/element-label" xlink:from="loc_eba_tC_43.00.b" xlink:to="label_eba_tC_43.00.b_1" />
    <label:label xlink:type="resource" xlink:label="label_eba_tC_43.00.b_2" xml:lang="en" xlink:role="http://www.eba.europa.eu/xbrl/role/dpm-db-id">307</label:label>
    <gen:arc xlink:type="arc" xlink:arcrole="http://xbrl.org/arcrole/2008/element-label" xlink:from="loc_eba_tC_43.00.b" xlink:to="label_eba_tC_43.00.b_2" />
    <label:label xlink:type="resource" xlink:label="label_eba_c23558_1" xml:lang="en" xlink:role="http://www.eba.europa.eu/xbrl/role/dpm-db-id">23558</label:label>
    <gen:arc xlink:type="arc" xlink:arcrole="http://xbrl.org/arcrole/2008/element-label" xlink:from="loc_eba_c23558" xlink:to="label_eba_c23558_1" />
    <label:label xlink:type="resource" xlink:label="label_eba_c23559_1" xml:lang="en" xlink:role="http://www.eba.europa.eu/xbrl/role/dpm-db-id">23559</label:label>
    <gen:arc xlink:type="arc" xlink:arcrole="http://xbrl.org/arcrole/2008/element-label" xlink:from="loc_eba_c23559" xlink:to="label_eba_c23559_1" />
    <label:label xlink:type="resource" xlink:label="label_eba_c23560_1" xml:lang="en" xlink:role="http://www.eba.europa.eu/xbrl/role/dpm-db-id">23560</label:label>
    <gen:arc xlink:type="arc" xlink:arcrole="http://xbrl.org/arcrole/2008/element-label" xlink:from="loc_eba_c23560" xlink:to="label_eba_c23560_1" />
    <label:label xlink:type="resource" xlink:label="label_eba_c23561_1" xml:lang="en" xlink:role="http://www.eba.europa.eu/xbrl/role/dpm-db-id">23561</label:label>
    <gen:arc xlink:type="arc" xlink:arcrole="http://xbrl.org/arcrole/2008/element-label" xlink:from="loc_eba_c23561" xlink:to="label_eba_c23561_1" />
    <label:label xlink:type="resource" xlink:label="label_eba_c23562_1" xml:lang="en" xlink:role="http://www.eba.europa.eu/xbrl/role/dpm-db-id">23562</label:label>
    <gen:arc xlink:type="arc" xlink:arcrole="http://xbrl.org/arcrole/2008/element-label" xlink:from="loc_eba_c23562" xlink:to="label_eba_c23562_1" />
    <label:label xlink:type="resource" xlink:label="label_eba_c23563_1" xml:lang="en" xlink:role="http://www.eba.europa.eu/xbrl/role/dpm-db-id">23563</label:label>
    <gen:arc xlink:type="arc" xlink:arcrole="http://xbrl.org/arcrole/2008/element-label" xlink:from="loc_eba_c23563" xlink:to="label_eba_c23563_1" />
    <label:label xlink:type="resource" xlink:label="label_eba_c23564_1" xml:lang="en" xlink:role="http://www.eba.europa.eu/xbrl/role/dpm-db-id">23564</label:label>
    <gen:arc xlink:type="arc" xlink:arcrole="http://xbrl.org/arcrole/2008/element-label" xlink:from="loc_eba_c23564" xlink:to="label_eba_c23564_1" />
    <label:label xlink:type="resource" xlink:label="label_eba_c23565_1" xml:lang="en" xlink:role="http://www.eba.europa.eu/xbrl/role/dpm-db-id">23565</label:label>
    <gen:arc xlink:type="arc" xlink:arcrole="http://xbrl.org/arcrole/2008/element-label" xlink:from="loc_eba_c23565" xlink:to="label_eba_c23565_1" />
    <label:label xlink:type="resource" xlink:label="label_eba_c23566_1" xml:lang="en" xlink:role="http://www.eba.europa.eu/xbrl/role/dpm-db-id">23566</label:label>
    <gen:arc xlink:type="arc" xlink:arcrole="http://xbrl.org/arcrole/2008/element-label" xlink:from="loc_eba_c23566" xlink:to="label_eba_c23566_1" />
    <label:label xlink:type="resource" xlink:label="label_eba_c23567_1" xml:lang="en" xlink:role="http://www.eba.europa.eu/xbrl/role/dpm-db-id">23567</label:label>
    <gen:arc xlink:type="arc" xlink:arcrole="http://xbrl.org/arcrole/2008/element-label" xlink:from="loc_eba_c23567" xlink:to="label_eba_c23567_1" />
    <label:label xlink:type="resource" xlink:label="label_eba_c23568_1" xml:lang="en" xlink:role="http://www.eba.europa.eu/xbrl/role/dpm-db-id">23568</label:label>
    <gen:arc xlink:type="arc" xlink:arcrole="http://xbrl.org/arcrole/2008/element-label" xlink:from="loc_eba_c23568" xlink:to="label_eba_c23568_1" />
    <label:label xlink:type="resource" xlink:label="label_eba_c23569_1" xml:lang="en" xlink:role="http://www.eba.europa.eu/xbrl/role/dpm-db-id">23569</label:label>
    <gen:arc xlink:type="arc" xlink:arcrole="http://xbrl.org/arcrole/2008/element-label" xlink:from="loc_eba_c23569" xlink:to="label_eba_c23569_1" />
    <label:label xlink:type="resource" xlink:label="label_eba_c23570_1" xml:lang="en" xlink:role="http://www.eba.europa.eu/xbrl/role/dpm-db-id">23570</label:label>
    <gen:arc xlink:type="arc" xlink:arcrole="http://xbrl.org/arcrole/2008/element-label" xlink:from="loc_eba_c23570" xlink:to="label_eba_c23570_1" />
    <label:label xlink:type="resource" xlink:label="label_eba_c23571_1" xml:lang="en" xlink:role="http://www.eba.europa.eu/xbrl/role/dpm-db-id">23571</label:label>
    <gen:arc xlink:type="arc" xlink:arcrole="http://xbrl.org/arcrole/2008/element-label" xlink:from="loc_eba_c23571" xlink:to="label_eba_c23571_1" />
    <label:label xlink:type="resource" xlink:label="label_eba_c23572_1" xml:lang="en" xlink:role="http://www.eba.europa.eu/xbrl/role/dpm-db-id">23572</label:label>
    <gen:arc xlink:type="arc" xlink:arcrole="http://xbrl.org/arcrole/2008/element-label" xlink:from="loc_eba_c23572" xlink:to="label_eba_c23572_1" />
    <label:label xlink:type="resource" xlink:label="label_eba_c23573_1" xml:lang="en" xlink:role="http://www.eba.europa.eu/xbrl/role/dpm-db-id">23573</label:label>
    <gen:arc xlink:type="arc" xlink:arcrole="http://xbrl.org/arcrole/2008/element-label" xlink:from="loc_eba_c23573" xlink:to="label_eba_c23573_1" />
    <label:label xlink:type="resource" xlink:label="label_eba_c23574_1" xml:lang="en" xlink:role="http://www.eba.europa.eu/xbrl/role/dpm-db-id">23574</label:label>
    <gen:arc xlink:type="arc" xlink:arcrole="http://xbrl.org/arcrole/2008/element-label" xlink:from="loc_eba_c23574" xlink:to="label_eba_c23574_1" />
    <label:label xlink:type="resource" xlink:label="label_eba_c23575_1" xml:lang="en" xlink:role="http://www.eba.europa.eu/xbrl/role/dpm-db-id">23575</label:label>
    <gen:arc xlink:type="arc" xlink:arcrole="http://xbrl.org/arcrole/2008/element-label" xlink:from="loc_eba_c23575" xlink:to="label_eba_c23575_1" />
    <label:label xlink:type="resource" xlink:label="label_eba_c23576_1" xml:lang="en" xlink:role="http://www.eba.europa.eu/xbrl/role/dpm-db-id">23576</label:label>
    <gen:arc xlink:type="arc" xlink:arcrole="http://xbrl.org/arcrole/2008/element-label" xlink:from="loc_eba_c23576" xlink:to="label_eba_c23576_1" />
    <label:label xlink:type="resource" xlink:label="label_eba_c23577_1" xml:lang="en" xlink:role="http://www.eba.europa.eu/xbrl/role/dpm-db-id">23577</label:label>
    <gen:arc xlink:type="arc" xlink:arcrole="http://xbrl.org/arcrole/2008/element-label" xlink:from="loc_eba_c23577" xlink:to="label_eba_c23577_1" />
    <label:label xlink:type="resource" xlink:label="label_eba_c23578_1" xml:lang="en" xlink:role="http://www.eba.europa.eu/xbrl/role/dpm-db-id">23578</label:label>
    <gen:arc xlink:type="arc" xlink:arcrole="http://xbrl.org/arcrole/2008/element-label" xlink:from="loc_eba_c23578" xlink:to="label_eba_c23578_1" />
    <label:label xlink:type="resource" xlink:label="label_eba_c23579_1" xml:lang="en" xlink:role="http://www.eba.europa.eu/xbrl/role/dpm-db-id">23579</label:label>
    <gen:arc xlink:type="arc" xlink:arcrole="http://xbrl.org/arcrole/2008/element-label" xlink:from="loc_eba_c23579" xlink:to="label_eba_c23579_1" />
    <label:label xlink:type="resource" xlink:label="label_eba_c23580_1" xml:lang="en" xlink:role="http://www.eba.europa.eu/xbrl/role/dpm-db-id">23580</label:label>
    <gen:arc xlink:type="arc" xlink:arcrole="http://xbrl.org/arcrole/2008/element-label" xlink:from="loc_eba_c23580" xlink:to="label_eba_c23580_1" />
    <label:label xlink:type="resource" xlink:label="label_eba_c23581_1" xml:lang="en" xlink:role="http://www.eba.europa.eu/xbrl/role/dpm-db-id">23581</label:label>
    <gen:arc xlink:type="arc" xlink:arcrole="http://xbrl.org/arcrole/2008/element-label" xlink:from="loc_eba_c23581" xlink:to="label_eba_c23581_1" />
    <label:label xlink:type="resource" xlink:label="label_eba_c23582_1" xml:lang="en" xlink:role="http://www.eba.europa.eu/xbrl/role/dpm-db-id">23582</label:label>
    <gen:arc xlink:type="arc" xlink:arcrole="http://xbrl.org/arcrole/2008/element-label" xlink:from="loc_eba_c23582" xlink:to="label_eba_c23582_1" />
    <label:label xlink:type="resource" xlink:label="label_eba_c23583_1" xml:lang="en" xlink:role="http://www.eba.europa.eu/xbrl/role/dpm-db-id">23583</label:label>
    <gen:arc xlink:type="arc" xlink:arcrole="http://xbrl.org/arcrole/2008/element-label" xlink:from="loc_eba_c23583" xlink:to="label_eba_c23583_1" />
    <label:label xlink:type="resource" xlink:label="label_eba_c23584_1" xml:lang="en" xlink:role="http://www.eba.europa.eu/xbrl/role/dpm-db-id">23584</label:label>
    <gen:arc xlink:type="arc" xlink:arcrole="http://xbrl.org/arcrole/2008/element-label" xlink:from="loc_eba_c23584" xlink:to="label_eba_c23584_1" />
  </gen:link>
</link:linkbase>