﻿<?xml version="1.0" encoding="utf-8"?>
<?taxonomy-version 2.0.1?>
<!--(C) EBA-->
<link:linkbase xmlns:xsi="http://www.w3.org/2001/XMLSchema-instance" xmlns:xlink="http://www.w3.org/1999/xlink" xmlns:link="http://www.xbrl.org/2003/linkbase" xmlns:gen="http://xbrl.org/2008/generic" xmlns:label="http://xbrl.org/2008/label" xsi:schemaLocation="http://www.xbrl.org/2003/linkbase http://www.xbrl.org/2003/xbrl-linkbase-2003-12-31.xsd http://xbrl.org/2008/generic http://www.xbrl.org/2008/generic-link.xsd http://xbrl.org/2008/label http://www.xbrl.org/2008/generic-label.xsd">
  <link:arcroleRef arcroleURI="http://xbrl.org/arcrole/2008/element-label" xlink:type="simple" xlink:href="http://www.xbrl.org/2008/generic-label.xsd#element-label" />
  <link:roleRef roleURI="http://www.eba.europa.eu/xbrl/role/dpm-db-id" xlink:type="simple" xlink:href="http://www.eba.europa.eu/eu/fr/xbrl/ext/model.xsd#dpm-db-id" />
  <link:roleRef roleURI="http://www.eurofiling.info/xbrl/role/filing-indicator-code" xlink:type="simple" xlink:href="http://www.eurofiling.info/eu/fr/xbrl/ext/model.xsd#filing-indicator-code" />
  <link:roleRef roleURI="http://www.eurofiling.info/xbrl/role/rc-code" xlink:type="simple" xlink:href="http://www.eurofiling.info/eu/fr/xbrl/ext/model.xsd#rc-code" />
  <gen:link xlink:type="extended" xlink:role="http://www.xbrl.org/2003/role/link">
    <link:loc xlink:type="locator" xlink:href="c_07.00.b-rend.xml#eba_tC_07.00.b" xlink:label="loc_eba_tC_07.00.b" />
    <label:label xlink:type="resource" xlink:label="label_eba_tC_07.00.b" xml:lang="en" xlink:role="http://www.eurofiling.info/xbrl/role/rc-code">C 07.00.b</label:label>
    <gen:arc xlink:type="arc" xlink:arcrole="http://xbrl.org/arcrole/2008/element-label" xlink:from="loc_eba_tC_07.00.b" xlink:to="label_eba_tC_07.00.b" />
    <link:loc xlink:type="locator" xlink:href="c_07.00.b-rend.xml#eba_c19722" xlink:label="loc_eba_c19722" />
    <label:label xlink:type="resource" xlink:label="label_eba_c19722" xml:lang="en" xlink:role="http://www.eurofiling.info/xbrl/role/rc-code">200</label:label>
    <gen:arc xlink:type="arc" xlink:arcrole="http://xbrl.org/arcrole/2008/element-label" xlink:from="loc_eba_c19722" xlink:to="label_eba_c19722" />
    <link:loc xlink:type="locator" xlink:href="c_07.00.b-rend.xml#eba_c19723" xlink:label="loc_eba_c19723" />
    <label:label xlink:type="resource" xlink:label="label_eba_c19723" xml:lang="en" xlink:role="http://www.eurofiling.info/xbrl/role/rc-code">210</label:label>
    <gen:arc xlink:type="arc" xlink:arcrole="http://xbrl.org/arcrole/2008/element-label" xlink:from="loc_eba_c19723" xlink:to="label_eba_c19723" />
    <link:loc xlink:type="locator" xlink:href="c_07.00.b-rend.xml#eba_c19724" xlink:label="loc_eba_c19724" />
    <label:label xlink:type="resource" xlink:label="label_eba_c19724" xml:lang="en" xlink:role="http://www.eurofiling.info/xbrl/role/rc-code">010</label:label>
    <gen:arc xlink:type="arc" xlink:arcrole="http://xbrl.org/arcrole/2008/element-label" xlink:from="loc_eba_c19724" xlink:to="label_eba_c19724" />
    <link:loc xlink:type="locator" xlink:href="c_07.00.b-rend.xml#eba_c19725" xlink:label="loc_eba_c19725" />
    <label:label xlink:type="resource" xlink:label="label_eba_c19725" xml:lang="en" xlink:role="http://www.eurofiling.info/xbrl/role/rc-code">020</label:label>
    <gen:arc xlink:type="arc" xlink:arcrole="http://xbrl.org/arcrole/2008/element-label" xlink:from="loc_eba_c19725" xlink:to="label_eba_c19725" />
    <link:loc xlink:type="locator" xlink:href="c_07.00.b-rend.xml#eba_c19726" xlink:label="loc_eba_c19726" />
    <label:label xlink:type="resource" xlink:label="label_eba_c19726" xml:lang="en" xlink:role="http://www.eurofiling.info/xbrl/role/rc-code">030</label:label>
    <gen:arc xlink:type="arc" xlink:arcrole="http://xbrl.org/arcrole/2008/element-label" xlink:from="loc_eba_c19726" xlink:to="label_eba_c19726" />
    <link:loc xlink:type="locator" xlink:href="c_07.00.b-rend.xml#eba_c19727" xlink:label="loc_eba_c19727" />
    <label:label xlink:type="resource" xlink:label="label_eba_c19727" xml:lang="en" xlink:role="http://www.eurofiling.info/xbrl/role/rc-code">040</label:label>
    <gen:arc xlink:type="arc" xlink:arcrole="http://xbrl.org/arcrole/2008/element-label" xlink:from="loc_eba_c19727" xlink:to="label_eba_c19727" />
    <link:loc xlink:type="locator" xlink:href="c_07.00.b-rend.xml#eba_c19728" xlink:label="loc_eba_c19728" />
    <label:label xlink:type="resource" xlink:label="label_eba_c19728" xml:lang="en" xlink:role="http://www.eurofiling.info/xbrl/role/rc-code">050</label:label>
    <gen:arc xlink:type="arc" xlink:arcrole="http://xbrl.org/arcrole/2008/element-label" xlink:from="loc_eba_c19728" xlink:to="label_eba_c19728" />
    <link:loc xlink:type="locator" xlink:href="c_07.00.b-rend.xml#eba_c19729" xlink:label="loc_eba_c19729" />
    <label:label xlink:type="resource" xlink:label="label_eba_c19729" xml:lang="en" xlink:role="http://www.eurofiling.info/xbrl/role/rc-code">060</label:label>
    <gen:arc xlink:type="arc" xlink:arcrole="http://xbrl.org/arcrole/2008/element-label" xlink:from="loc_eba_c19729" xlink:to="label_eba_c19729" />
    <link:loc xlink:type="locator" xlink:href="c_07.00.b-rend.xml#eba_c19730" xlink:label="loc_eba_c19730" />
    <label:label xlink:type="resource" xlink:label="label_eba_c19730" xml:lang="en" xlink:role="http://www.eurofiling.info/xbrl/role/rc-code">065</label:label>
    <gen:arc xlink:type="arc" xlink:arcrole="http://xbrl.org/arcrole/2008/element-label" xlink:from="loc_eba_c19730" xlink:to="label_eba_c19730" />
    <link:loc xlink:type="locator" xlink:href="c_07.00.b-rend.xml#eba_c19731" xlink:label="loc_eba_c19731" />
    <label:label xlink:type="resource" xlink:label="label_eba_c19731" xml:lang="en" xlink:role="http://www.eurofiling.info/xbrl/role/rc-code">070</label:label>
    <gen:arc xlink:type="arc" xlink:arcrole="http://xbrl.org/arcrole/2008/element-label" xlink:from="loc_eba_c19731" xlink:to="label_eba_c19731" />
    <link:loc xlink:type="locator" xlink:href="c_07.00.b-rend.xml#eba_c19732" xlink:label="loc_eba_c19732" />
    <label:label xlink:type="resource" xlink:label="label_eba_c19732" xml:lang="en" xlink:role="http://www.eurofiling.info/xbrl/role/rc-code">080</label:label>
    <gen:arc xlink:type="arc" xlink:arcrole="http://xbrl.org/arcrole/2008/element-label" xlink:from="loc_eba_c19732" xlink:to="label_eba_c19732" />
    <link:loc xlink:type="locator" xlink:href="c_07.00.b-rend.xml#eba_c19733" xlink:label="loc_eba_c19733" />
    <label:label xlink:type="resource" xlink:label="label_eba_c19733" xml:lang="en" xlink:role="http://www.eurofiling.info/xbrl/role/rc-code">085</label:label>
    <gen:arc xlink:type="arc" xlink:arcrole="http://xbrl.org/arcrole/2008/element-label" xlink:from="loc_eba_c19733" xlink:to="label_eba_c19733" />
    <link:loc xlink:type="locator" xlink:href="c_07.00.b-rend.xml#eba_c19734" xlink:label="loc_eba_c19734" />
    <label:label xlink:type="resource" xlink:label="label_eba_c19734" xml:lang="en" xlink:role="http://www.eurofiling.info/xbrl/role/rc-code">090</label:label>
    <gen:arc xlink:type="arc" xlink:arcrole="http://xbrl.org/arcrole/2008/element-label" xlink:from="loc_eba_c19734" xlink:to="label_eba_c19734" />
    <link:loc xlink:type="locator" xlink:href="c_07.00.b-rend.xml#eba_c19735" xlink:label="loc_eba_c19735" />
    <label:label xlink:type="resource" xlink:label="label_eba_c19735" xml:lang="en" xlink:role="http://www.eurofiling.info/xbrl/role/rc-code">100</label:label>
    <gen:arc xlink:type="arc" xlink:arcrole="http://xbrl.org/arcrole/2008/element-label" xlink:from="loc_eba_c19735" xlink:to="label_eba_c19735" />
    <link:loc xlink:type="locator" xlink:href="c_07.00.b-rend.xml#eba_c19736" xlink:label="loc_eba_c19736" />
    <label:label xlink:type="resource" xlink:label="label_eba_c19736" xml:lang="en" xlink:role="http://www.eurofiling.info/xbrl/role/rc-code">110</label:label>
    <gen:arc xlink:type="arc" xlink:arcrole="http://xbrl.org/arcrole/2008/element-label" xlink:from="loc_eba_c19736" xlink:to="label_eba_c19736" />
    <link:loc xlink:type="locator" xlink:href="c_07.00.b-rend.xml#eba_c19737" xlink:label="loc_eba_c19737" />
    <label:label xlink:type="resource" xlink:label="label_eba_c19737" xml:lang="en" xlink:role="http://www.eurofiling.info/xbrl/role/rc-code">120</label:label>
    <gen:arc xlink:type="arc" xlink:arcrole="http://xbrl.org/arcrole/2008/element-label" xlink:from="loc_eba_c19737" xlink:to="label_eba_c19737" />
    <link:loc xlink:type="locator" xlink:href="c_07.00.b-rend.xml#eba_c19738" xlink:label="loc_eba_c19738" />
    <label:label xlink:type="resource" xlink:label="label_eba_c19738" xml:lang="en" xlink:role="http://www.eurofiling.info/xbrl/role/rc-code">130</label:label>
    <gen:arc xlink:type="arc" xlink:arcrole="http://xbrl.org/arcrole/2008/element-label" xlink:from="loc_eba_c19738" xlink:to="label_eba_c19738" />
    <link:loc xlink:type="locator" xlink:href="c_07.00.b-rend.xml#eba_c19739" xlink:label="loc_eba_c19739" />
    <label:label xlink:type="resource" xlink:label="label_eba_c19739" xml:lang="en" xlink:role="http://www.eurofiling.info/xbrl/role/rc-code">135</label:label>
    <gen:arc xlink:type="arc" xlink:arcrole="http://xbrl.org/arcrole/2008/element-label" xlink:from="loc_eba_c19739" xlink:to="label_eba_c19739" />
    <link:loc xlink:type="locator" xlink:href="c_07.00.b-rend.xml#eba_c19740" xlink:label="loc_eba_c19740" />
    <label:label xlink:type="resource" xlink:label="label_eba_c19740" xml:lang="en" xlink:role="http://www.eurofiling.info/xbrl/role/rc-code">140</label:label>
    <gen:arc xlink:type="arc" xlink:arcrole="http://xbrl.org/arcrole/2008/element-label" xlink:from="loc_eba_c19740" xlink:to="label_eba_c19740" />
    <link:loc xlink:type="locator" xlink:href="c_07.00.b-rend.xml#eba_c19741" xlink:label="loc_eba_c19741" />
    <label:label xlink:type="resource" xlink:label="label_eba_c19741" xml:lang="en" xlink:role="http://www.eurofiling.info/xbrl/role/rc-code">150</label:label>
    <gen:arc xlink:type="arc" xlink:arcrole="http://xbrl.org/arcrole/2008/element-label" xlink:from="loc_eba_c19741" xlink:to="label_eba_c19741" />
    <link:loc xlink:type="locator" xlink:href="c_07.00.b-rend.xml#eba_c19742" xlink:label="loc_eba_c19742" />
    <label:label xlink:type="resource" xlink:label="label_eba_c19742" xml:lang="en" xlink:role="http://www.eurofiling.info/xbrl/role/rc-code">160</label:label>
    <gen:arc xlink:type="arc" xlink:arcrole="http://xbrl.org/arcrole/2008/element-label" xlink:from="loc_eba_c19742" xlink:to="label_eba_c19742" />
    <link:loc xlink:type="locator" xlink:href="c_07.00.b-rend.xml#eba_c19743" xlink:label="loc_eba_c19743" />
    <label:label xlink:type="resource" xlink:label="label_eba_c19743" xml:lang="en" xlink:role="http://www.eurofiling.info/xbrl/role/rc-code">170</label:label>
    <gen:arc xlink:type="arc" xlink:arcrole="http://xbrl.org/arcrole/2008/element-label" xlink:from="loc_eba_c19743" xlink:to="label_eba_c19743" />
    <link:loc xlink:type="locator" xlink:href="c_07.00.b-rend.xml#eba_c19744" xlink:label="loc_eba_c19744" />
    <label:label xlink:type="resource" xlink:label="label_eba_c19744" xml:lang="en" xlink:role="http://www.eurofiling.info/xbrl/role/rc-code">180</label:label>
    <gen:arc xlink:type="arc" xlink:arcrole="http://xbrl.org/arcrole/2008/element-label" xlink:from="loc_eba_c19744" xlink:to="label_eba_c19744" />
    <link:loc xlink:type="locator" xlink:href="c_07.00.b-rend.xml#eba_c19745" xlink:label="loc_eba_c19745" />
    <label:label xlink:type="resource" xlink:label="label_eba_c19745" xml:lang="en" xlink:role="http://www.eurofiling.info/xbrl/role/rc-code">190</label:label>
    <gen:arc xlink:type="arc" xlink:arcrole="http://xbrl.org/arcrole/2008/element-label" xlink:from="loc_eba_c19745" xlink:to="label_eba_c19745" />
    <link:loc xlink:type="locator" xlink:href="c_07.00.b-rend.xml#eba_c19746" xlink:label="loc_eba_c19746" />
    <label:label xlink:type="resource" xlink:label="label_eba_c19746" xml:lang="en" xlink:role="http://www.eurofiling.info/xbrl/role/rc-code">200</label:label>
    <gen:arc xlink:type="arc" xlink:arcrole="http://xbrl.org/arcrole/2008/element-label" xlink:from="loc_eba_c19746" xlink:to="label_eba_c19746" />
    <link:loc xlink:type="locator" xlink:href="c_07.00.b-rend.xml#eba_c19747" xlink:label="loc_eba_c19747" />
    <label:label xlink:type="resource" xlink:label="label_eba_c19747" xml:lang="en" xlink:role="http://www.eurofiling.info/xbrl/role/rc-code">210</label:label>
    <gen:arc xlink:type="arc" xlink:arcrole="http://xbrl.org/arcrole/2008/element-label" xlink:from="loc_eba_c19747" xlink:to="label_eba_c19747" />
    <link:loc xlink:type="locator" xlink:href="c_07.00.b-rend.xml#eba_c19748" xlink:label="loc_eba_c19748" />
    <label:label xlink:type="resource" xlink:label="label_eba_c19748" xml:lang="en" xlink:role="http://www.eurofiling.info/xbrl/role/rc-code">220</label:label>
    <gen:arc xlink:type="arc" xlink:arcrole="http://xbrl.org/arcrole/2008/element-label" xlink:from="loc_eba_c19748" xlink:to="label_eba_c19748" />
    <link:loc xlink:type="locator" xlink:href="c_07.00.b-rend.xml#eba_c19749" xlink:label="loc_eba_c19749" />
    <label:label xlink:type="resource" xlink:label="label_eba_c19749" xml:lang="en" xlink:role="http://www.eurofiling.info/xbrl/role/rc-code">230</label:label>
    <gen:arc xlink:type="arc" xlink:arcrole="http://xbrl.org/arcrole/2008/element-label" xlink:from="loc_eba_c19749" xlink:to="label_eba_c19749" />
    <link:loc xlink:type="locator" xlink:href="c_07.00.b-rend.xml#eba_c19750" xlink:label="loc_eba_c19750" />
    <label:label xlink:type="resource" xlink:label="label_eba_c19750" xml:lang="en" xlink:role="http://www.eurofiling.info/xbrl/role/rc-code">240</label:label>
    <gen:arc xlink:type="arc" xlink:arcrole="http://xbrl.org/arcrole/2008/element-label" xlink:from="loc_eba_c19750" xlink:to="label_eba_c19750" />
    <link:loc xlink:type="locator" xlink:href="c_07.00.b-rend.xml#eba_c19751" xlink:label="loc_eba_c19751" />
    <label:label xlink:type="resource" xlink:label="label_eba_c19751" xml:lang="en" xlink:role="http://www.eurofiling.info/xbrl/role/rc-code">250</label:label>
    <gen:arc xlink:type="arc" xlink:arcrole="http://xbrl.org/arcrole/2008/element-label" xlink:from="loc_eba_c19751" xlink:to="label_eba_c19751" />
    <link:loc xlink:type="locator" xlink:href="c_07.00.b-rend.xml#eba_c19752" xlink:label="loc_eba_c19752" />
    <label:label xlink:type="resource" xlink:label="label_eba_c19752" xml:lang="en" xlink:role="http://www.eurofiling.info/xbrl/role/rc-code">260</label:label>
    <gen:arc xlink:type="arc" xlink:arcrole="http://xbrl.org/arcrole/2008/element-label" xlink:from="loc_eba_c19752" xlink:to="label_eba_c19752" />
    <link:loc xlink:type="locator" xlink:href="c_07.00.b-rend.xml#eba_c19753" xlink:label="loc_eba_c19753" />
    <label:label xlink:type="resource" xlink:label="label_eba_c19753" xml:lang="en" xlink:role="http://www.eurofiling.info/xbrl/role/rc-code">270</label:label>
    <gen:arc xlink:type="arc" xlink:arcrole="http://xbrl.org/arcrole/2008/element-label" xlink:from="loc_eba_c19753" xlink:to="label_eba_c19753" />
    <link:loc xlink:type="locator" xlink:href="c_07.00.b-rend.xml#eba_c19754" xlink:label="loc_eba_c19754" />
    <label:label xlink:type="resource" xlink:label="label_eba_c19754" xml:lang="en" xlink:role="http://www.eurofiling.info/xbrl/role/rc-code">280</label:label>
    <gen:arc xlink:type="arc" xlink:arcrole="http://xbrl.org/arcrole/2008/element-label" xlink:from="loc_eba_c19754" xlink:to="label_eba_c19754" />
    <link:loc xlink:type="locator" xlink:href="c_07.00.b-rend.xml#eba_c19755" xlink:label="loc_eba_c19755" />
    <label:label xlink:type="resource" xlink:label="label_eba_c19755" xml:lang="en" xlink:role="http://www.eurofiling.info/xbrl/role/rc-code">001</label:label>
    <gen:arc xlink:type="arc" xlink:arcrole="http://xbrl.org/arcrole/2008/element-label" xlink:from="loc_eba_c19755" xlink:to="label_eba_c19755" />
    <link:loc xlink:type="locator" xlink:href="c_07.00.b-rend.xml#eba_c19756" xlink:label="loc_eba_c19756" />
    <label:label xlink:type="resource" xlink:label="label_eba_c19756" xml:lang="en" xlink:role="http://www.eurofiling.info/xbrl/role/rc-code">002</label:label>
    <gen:arc xlink:type="arc" xlink:arcrole="http://xbrl.org/arcrole/2008/element-label" xlink:from="loc_eba_c19756" xlink:to="label_eba_c19756" />
    <link:loc xlink:type="locator" xlink:href="c_07.00.b-rend.xml#eba_c19757" xlink:label="loc_eba_c19757" />
    <label:label xlink:type="resource" xlink:label="label_eba_c19757" xml:lang="en" xlink:role="http://www.eurofiling.info/xbrl/role/rc-code">003</label:label>
    <gen:arc xlink:type="arc" xlink:arcrole="http://xbrl.org/arcrole/2008/element-label" xlink:from="loc_eba_c19757" xlink:to="label_eba_c19757" />
    <link:loc xlink:type="locator" xlink:href="c_07.00.b-rend.xml#eba_c19758" xlink:label="loc_eba_c19758" />
    <label:label xlink:type="resource" xlink:label="label_eba_c19758" xml:lang="en" xlink:role="http://www.eurofiling.info/xbrl/role/rc-code">004</label:label>
    <gen:arc xlink:type="arc" xlink:arcrole="http://xbrl.org/arcrole/2008/element-label" xlink:from="loc_eba_c19758" xlink:to="label_eba_c19758" />
    <link:loc xlink:type="locator" xlink:href="c_07.00.b-rend.xml#eba_c19759" xlink:label="loc_eba_c19759" />
    <label:label xlink:type="resource" xlink:label="label_eba_c19759" xml:lang="en" xlink:role="http://www.eurofiling.info/xbrl/role/rc-code">005</label:label>
    <gen:arc xlink:type="arc" xlink:arcrole="http://xbrl.org/arcrole/2008/element-label" xlink:from="loc_eba_c19759" xlink:to="label_eba_c19759" />
    <link:loc xlink:type="locator" xlink:href="c_07.00.b-rend.xml#eba_c19760" xlink:label="loc_eba_c19760" />
    <label:label xlink:type="resource" xlink:label="label_eba_c19760" xml:lang="en" xlink:role="http://www.eurofiling.info/xbrl/role/rc-code">006</label:label>
    <gen:arc xlink:type="arc" xlink:arcrole="http://xbrl.org/arcrole/2008/element-label" xlink:from="loc_eba_c19760" xlink:to="label_eba_c19760" />
    <link:loc xlink:type="locator" xlink:href="c_07.00.b-rend.xml#eba_c19761" xlink:label="loc_eba_c19761" />
    <label:label xlink:type="resource" xlink:label="label_eba_c19761" xml:lang="en" xlink:role="http://www.eurofiling.info/xbrl/role/rc-code">007</label:label>
    <gen:arc xlink:type="arc" xlink:arcrole="http://xbrl.org/arcrole/2008/element-label" xlink:from="loc_eba_c19761" xlink:to="label_eba_c19761" />
    <link:loc xlink:type="locator" xlink:href="c_07.00.b-rend.xml#eba_c19762" xlink:label="loc_eba_c19762" />
    <label:label xlink:type="resource" xlink:label="label_eba_c19762" xml:lang="en" xlink:role="http://www.eurofiling.info/xbrl/role/rc-code">008</label:label>
    <gen:arc xlink:type="arc" xlink:arcrole="http://xbrl.org/arcrole/2008/element-label" xlink:from="loc_eba_c19762" xlink:to="label_eba_c19762" />
    <link:loc xlink:type="locator" xlink:href="c_07.00.b-rend.xml#eba_c19763" xlink:label="loc_eba_c19763" />
    <label:label xlink:type="resource" xlink:label="label_eba_c19763" xml:lang="en" xlink:role="http://www.eurofiling.info/xbrl/role/rc-code">009</label:label>
    <gen:arc xlink:type="arc" xlink:arcrole="http://xbrl.org/arcrole/2008/element-label" xlink:from="loc_eba_c19763" xlink:to="label_eba_c19763" />
    <link:loc xlink:type="locator" xlink:href="c_07.00.b-rend.xml#eba_c19764" xlink:label="loc_eba_c19764" />
    <label:label xlink:type="resource" xlink:label="label_eba_c19764" xml:lang="en" xlink:role="http://www.eurofiling.info/xbrl/role/rc-code">010</label:label>
    <gen:arc xlink:type="arc" xlink:arcrole="http://xbrl.org/arcrole/2008/element-label" xlink:from="loc_eba_c19764" xlink:to="label_eba_c19764" />
    <link:loc xlink:type="locator" xlink:href="c_07.00.b-rend.xml#eba_c19765" xlink:label="loc_eba_c19765" />
    <label:label xlink:type="resource" xlink:label="label_eba_c19765" xml:lang="en" xlink:role="http://www.eurofiling.info/xbrl/role/rc-code">011</label:label>
    <gen:arc xlink:type="arc" xlink:arcrole="http://xbrl.org/arcrole/2008/element-label" xlink:from="loc_eba_c19765" xlink:to="label_eba_c19765" />
    <link:loc xlink:type="locator" xlink:href="c_07.00.b-rend.xml#eba_c19766" xlink:label="loc_eba_c19766" />
    <label:label xlink:type="resource" xlink:label="label_eba_c19766" xml:lang="en" xlink:role="http://www.eurofiling.info/xbrl/role/rc-code">012</label:label>
    <gen:arc xlink:type="arc" xlink:arcrole="http://xbrl.org/arcrole/2008/element-label" xlink:from="loc_eba_c19766" xlink:to="label_eba_c19766" />
    <link:loc xlink:type="locator" xlink:href="c_07.00.b-rend.xml#eba_c19767" xlink:label="loc_eba_c19767" />
    <label:label xlink:type="resource" xlink:label="label_eba_c19767" xml:lang="en" xlink:role="http://www.eurofiling.info/xbrl/role/rc-code">013</label:label>
    <gen:arc xlink:type="arc" xlink:arcrole="http://xbrl.org/arcrole/2008/element-label" xlink:from="loc_eba_c19767" xlink:to="label_eba_c19767" />
    <link:loc xlink:type="locator" xlink:href="c_07.00.b-rend.xml#eba_c19768" xlink:label="loc_eba_c19768" />
    <label:label xlink:type="resource" xlink:label="label_eba_c19768" xml:lang="en" xlink:role="http://www.eurofiling.info/xbrl/role/rc-code">014</label:label>
    <gen:arc xlink:type="arc" xlink:arcrole="http://xbrl.org/arcrole/2008/element-label" xlink:from="loc_eba_c19768" xlink:to="label_eba_c19768" />
    <link:loc xlink:type="locator" xlink:href="c_07.00.b-rend.xml#eba_c19769" xlink:label="loc_eba_c19769" />
    <label:label xlink:type="resource" xlink:label="label_eba_c19769" xml:lang="en" xlink:role="http://www.eurofiling.info/xbrl/role/rc-code">015</label:label>
    <gen:arc xlink:type="arc" xlink:arcrole="http://xbrl.org/arcrole/2008/element-label" xlink:from="loc_eba_c19769" xlink:to="label_eba_c19769" />
    <link:loc xlink:type="locator" xlink:href="c_07.00.b-rend.xml#eba_c19770" xlink:label="loc_eba_c19770" />
    <label:label xlink:type="resource" xlink:label="label_eba_c19770" xml:lang="en" xlink:role="http://www.eurofiling.info/xbrl/role/rc-code">016</label:label>
    <gen:arc xlink:type="arc" xlink:arcrole="http://xbrl.org/arcrole/2008/element-label" xlink:from="loc_eba_c19770" xlink:to="label_eba_c19770" />
    <link:loc xlink:type="locator" xlink:href="c_07.00.b-rend.xml#eba_c19771" xlink:label="loc_eba_c19771" />
    <label:label xlink:type="resource" xlink:label="label_eba_c19771" xml:lang="en" xlink:role="http://www.eurofiling.info/xbrl/role/rc-code">017</label:label>
    <gen:arc xlink:type="arc" xlink:arcrole="http://xbrl.org/arcrole/2008/element-label" xlink:from="loc_eba_c19771" xlink:to="label_eba_c19771" />
    <label:label xlink:type="resource" xlink:label="label_eba_tC_07.00.b_1" xml:lang="en" xlink:role="http://www.eurofiling.info/xbrl/role/filing-indicator-code">C_07.00</label:label>
    <gen:arc xlink:type="arc" xlink:arcrole="http://xbrl.org/arcrole/2008/element-label" xlink:from="loc_eba_tC_07.00.b" xlink:to="label_eba_tC_07.00.b_1" />
    <label:label xlink:type="resource" xlink:label="label_eba_tC_07.00.b_2" xml:lang="en" xlink:role="http://www.eba.europa.eu/xbrl/role/dpm-db-id">82</label:label>
    <gen:arc xlink:type="arc" xlink:arcrole="http://xbrl.org/arcrole/2008/element-label" xlink:from="loc_eba_tC_07.00.b" xlink:to="label_eba_tC_07.00.b_2" />
    <label:label xlink:type="resource" xlink:label="label_eba_c19722_1" xml:lang="en" xlink:role="http://www.eba.europa.eu/xbrl/role/dpm-db-id">19722</label:label>
    <gen:arc xlink:type="arc" xlink:arcrole="http://xbrl.org/arcrole/2008/element-label" xlink:from="loc_eba_c19722" xlink:to="label_eba_c19722_1" />
    <label:label xlink:type="resource" xlink:label="label_eba_c19723_1" xml:lang="en" xlink:role="http://www.eba.europa.eu/xbrl/role/dpm-db-id">19723</label:label>
    <gen:arc xlink:type="arc" xlink:arcrole="http://xbrl.org/arcrole/2008/element-label" xlink:from="loc_eba_c19723" xlink:to="label_eba_c19723_1" />
    <label:label xlink:type="resource" xlink:label="label_eba_c19724_1" xml:lang="en" xlink:role="http://www.eba.europa.eu/xbrl/role/dpm-db-id">19724</label:label>
    <gen:arc xlink:type="arc" xlink:arcrole="http://xbrl.org/arcrole/2008/element-label" xlink:from="loc_eba_c19724" xlink:to="label_eba_c19724_1" />
    <label:label xlink:type="resource" xlink:label="label_eba_c19725_1" xml:lang="en" xlink:role="http://www.eba.europa.eu/xbrl/role/dpm-db-id">19725</label:label>
    <gen:arc xlink:type="arc" xlink:arcrole="http://xbrl.org/arcrole/2008/element-label" xlink:from="loc_eba_c19725" xlink:to="label_eba_c19725_1" />
    <label:label xlink:type="resource" xlink:label="label_eba_c19726_1" xml:lang="en" xlink:role="http://www.eba.europa.eu/xbrl/role/dpm-db-id">19726</label:label>
    <gen:arc xlink:type="arc" xlink:arcrole="http://xbrl.org/arcrole/2008/element-label" xlink:from="loc_eba_c19726" xlink:to="label_eba_c19726_1" />
    <label:label xlink:type="resource" xlink:label="label_eba_c19727_1" xml:lang="en" xlink:role="http://www.eba.europa.eu/xbrl/role/dpm-db-id">19727</label:label>
    <gen:arc xlink:type="arc" xlink:arcrole="http://xbrl.org/arcrole/2008/element-label" xlink:from="loc_eba_c19727" xlink:to="label_eba_c19727_1" />
    <label:label xlink:type="resource" xlink:label="label_eba_c19728_1" xml:lang="en" xlink:role="http://www.eba.europa.eu/xbrl/role/dpm-db-id">19728</label:label>
    <gen:arc xlink:type="arc" xlink:arcrole="http://xbrl.org/arcrole/2008/element-label" xlink:from="loc_eba_c19728" xlink:to="label_eba_c19728_1" />
    <label:label xlink:type="resource" xlink:label="label_eba_c19729_1" xml:lang="en" xlink:role="http://www.eba.europa.eu/xbrl/role/dpm-db-id">19729</label:label>
    <gen:arc xlink:type="arc" xlink:arcrole="http://xbrl.org/arcrole/2008/element-label" xlink:from="loc_eba_c19729" xlink:to="label_eba_c19729_1" />
    <label:label xlink:type="resource" xlink:label="label_eba_c19730_1" xml:lang="en" xlink:role="http://www.eba.europa.eu/xbrl/role/dpm-db-id">19730</label:label>
    <gen:arc xlink:type="arc" xlink:arcrole="http://xbrl.org/arcrole/2008/element-label" xlink:from="loc_eba_c19730" xlink:to="label_eba_c19730_1" />
    <label:label xlink:type="resource" xlink:label="label_eba_c19731_1" xml:lang="en" xlink:role="http://www.eba.europa.eu/xbrl/role/dpm-db-id">19731</label:label>
    <gen:arc xlink:type="arc" xlink:arcrole="http://xbrl.org/arcrole/2008/element-label" xlink:from="loc_eba_c19731" xlink:to="label_eba_c19731_1" />
    <label:label xlink:type="resource" xlink:label="label_eba_c19732_1" xml:lang="en" xlink:role="http://www.eba.europa.eu/xbrl/role/dpm-db-id">19732</label:label>
    <gen:arc xlink:type="arc" xlink:arcrole="http://xbrl.org/arcrole/2008/element-label" xlink:from="loc_eba_c19732" xlink:to="label_eba_c19732_1" />
    <label:label xlink:type="resource" xlink:label="label_eba_c19733_1" xml:lang="en" xlink:role="http://www.eba.europa.eu/xbrl/role/dpm-db-id">19733</label:label>
    <gen:arc xlink:type="arc" xlink:arcrole="http://xbrl.org/arcrole/2008/element-label" xlink:from="loc_eba_c19733" xlink:to="label_eba_c19733_1" />
    <label:label xlink:type="resource" xlink:label="label_eba_c19734_1" xml:lang="en" xlink:role="http://www.eba.europa.eu/xbrl/role/dpm-db-id">19734</label:label>
    <gen:arc xlink:type="arc" xlink:arcrole="http://xbrl.org/arcrole/2008/element-label" xlink:from="loc_eba_c19734" xlink:to="label_eba_c19734_1" />
    <label:label xlink:type="resource" xlink:label="label_eba_c19735_1" xml:lang="en" xlink:role="http://www.eba.europa.eu/xbrl/role/dpm-db-id">19735</label:label>
    <gen:arc xlink:type="arc" xlink:arcrole="http://xbrl.org/arcrole/2008/element-label" xlink:from="loc_eba_c19735" xlink:to="label_eba_c19735_1" />
    <label:label xlink:type="resource" xlink:label="label_eba_c19736_1" xml:lang="en" xlink:role="http://www.eba.europa.eu/xbrl/role/dpm-db-id">19736</label:label>
    <gen:arc xlink:type="arc" xlink:arcrole="http://xbrl.org/arcrole/2008/element-label" xlink:from="loc_eba_c19736" xlink:to="label_eba_c19736_1" />
    <label:label xlink:type="resource" xlink:label="label_eba_c19737_1" xml:lang="en" xlink:role="http://www.eba.europa.eu/xbrl/role/dpm-db-id">19737</label:label>
    <gen:arc xlink:type="arc" xlink:arcrole="http://xbrl.org/arcrole/2008/element-label" xlink:from="loc_eba_c19737" xlink:to="label_eba_c19737_1" />
    <label:label xlink:type="resource" xlink:label="label_eba_c19738_1" xml:lang="en" xlink:role="http://www.eba.europa.eu/xbrl/role/dpm-db-id">19738</label:label>
    <gen:arc xlink:type="arc" xlink:arcrole="http://xbrl.org/arcrole/2008/element-label" xlink:from="loc_eba_c19738" xlink:to="label_eba_c19738_1" />
    <label:label xlink:type="resource" xlink:label="label_eba_c19739_1" xml:lang="en" xlink:role="http://www.eba.europa.eu/xbrl/role/dpm-db-id">19739</label:label>
    <gen:arc xlink:type="arc" xlink:arcrole="http://xbrl.org/arcrole/2008/element-label" xlink:from="loc_eba_c19739" xlink:to="label_eba_c19739_1" />
    <label:label xlink:type="resource" xlink:label="label_eba_c19740_1" xml:lang="en" xlink:role="http://www.eba.europa.eu/xbrl/role/dpm-db-id">19740</label:label>
    <gen:arc xlink:type="arc" xlink:arcrole="http://xbrl.org/arcrole/2008/element-label" xlink:from="loc_eba_c19740" xlink:to="label_eba_c19740_1" />
    <label:label xlink:type="resource" xlink:label="label_eba_c19741_1" xml:lang="en" xlink:role="http://www.eba.europa.eu/xbrl/role/dpm-db-id">19741</label:label>
    <gen:arc xlink:type="arc" xlink:arcrole="http://xbrl.org/arcrole/2008/element-label" xlink:from="loc_eba_c19741" xlink:to="label_eba_c19741_1" />
    <label:label xlink:type="resource" xlink:label="label_eba_c19742_1" xml:lang="en" xlink:role="http://www.eba.europa.eu/xbrl/role/dpm-db-id">19742</label:label>
    <gen:arc xlink:type="arc" xlink:arcrole="http://xbrl.org/arcrole/2008/element-label" xlink:from="loc_eba_c19742" xlink:to="label_eba_c19742_1" />
    <label:label xlink:type="resource" xlink:label="label_eba_c19743_1" xml:lang="en" xlink:role="http://www.eba.europa.eu/xbrl/role/dpm-db-id">19743</label:label>
    <gen:arc xlink:type="arc" xlink:arcrole="http://xbrl.org/arcrole/2008/element-label" xlink:from="loc_eba_c19743" xlink:to="label_eba_c19743_1" />
    <label:label xlink:type="resource" xlink:label="label_eba_c19744_1" xml:lang="en" xlink:role="http://www.eba.europa.eu/xbrl/role/dpm-db-id">19744</label:label>
    <gen:arc xlink:type="arc" xlink:arcrole="http://xbrl.org/arcrole/2008/element-label" xlink:from="loc_eba_c19744" xlink:to="label_eba_c19744_1" />
    <label:label xlink:type="resource" xlink:label="label_eba_c19745_1" xml:lang="en" xlink:role="http://www.eba.europa.eu/xbrl/role/dpm-db-id">19745</label:label>
    <gen:arc xlink:type="arc" xlink:arcrole="http://xbrl.org/arcrole/2008/element-label" xlink:from="loc_eba_c19745" xlink:to="label_eba_c19745_1" />
    <label:label xlink:type="resource" xlink:label="label_eba_c19746_1" xml:lang="en" xlink:role="http://www.eba.europa.eu/xbrl/role/dpm-db-id">19746</label:label>
    <gen:arc xlink:type="arc" xlink:arcrole="http://xbrl.org/arcrole/2008/element-label" xlink:from="loc_eba_c19746" xlink:to="label_eba_c19746_1" />
    <label:label xlink:type="resource" xlink:label="label_eba_c19747_1" xml:lang="en" xlink:role="http://www.eba.europa.eu/xbrl/role/dpm-db-id">19747</label:label>
    <gen:arc xlink:type="arc" xlink:arcrole="http://xbrl.org/arcrole/2008/element-label" xlink:from="loc_eba_c19747" xlink:to="label_eba_c19747_1" />
    <label:label xlink:type="resource" xlink:label="label_eba_c19748_1" xml:lang="en" xlink:role="http://www.eba.europa.eu/xbrl/role/dpm-db-id">19748</label:label>
    <gen:arc xlink:type="arc" xlink:arcrole="http://xbrl.org/arcrole/2008/element-label" xlink:from="loc_eba_c19748" xlink:to="label_eba_c19748_1" />
    <label:label xlink:type="resource" xlink:label="label_eba_c19749_1" xml:lang="en" xlink:role="http://www.eba.europa.eu/xbrl/role/dpm-db-id">19749</label:label>
    <gen:arc xlink:type="arc" xlink:arcrole="http://xbrl.org/arcrole/2008/element-label" xlink:from="loc_eba_c19749" xlink:to="label_eba_c19749_1" />
    <label:label xlink:type="resource" xlink:label="label_eba_c19750_1" xml:lang="en" xlink:role="http://www.eba.europa.eu/xbrl/role/dpm-db-id">19750</label:label>
    <gen:arc xlink:type="arc" xlink:arcrole="http://xbrl.org/arcrole/2008/element-label" xlink:from="loc_eba_c19750" xlink:to="label_eba_c19750_1" />
    <label:label xlink:type="resource" xlink:label="label_eba_c19751_1" xml:lang="en" xlink:role="http://www.eba.europa.eu/xbrl/role/dpm-db-id">19751</label:label>
    <gen:arc xlink:type="arc" xlink:arcrole="http://xbrl.org/arcrole/2008/element-label" xlink:from="loc_eba_c19751" xlink:to="label_eba_c19751_1" />
    <label:label xlink:type="resource" xlink:label="label_eba_c19752_1" xml:lang="en" xlink:role="http://www.eba.europa.eu/xbrl/role/dpm-db-id">19752</label:label>
    <gen:arc xlink:type="arc" xlink:arcrole="http://xbrl.org/arcrole/2008/element-label" xlink:from="loc_eba_c19752" xlink:to="label_eba_c19752_1" />
    <label:label xlink:type="resource" xlink:label="label_eba_c19753_1" xml:lang="en" xlink:role="http://www.eba.europa.eu/xbrl/role/dpm-db-id">19753</label:label>
    <gen:arc xlink:type="arc" xlink:arcrole="http://xbrl.org/arcrole/2008/element-label" xlink:from="loc_eba_c19753" xlink:to="label_eba_c19753_1" />
    <label:label xlink:type="resource" xlink:label="label_eba_c19754_1" xml:lang="en" xlink:role="http://www.eba.europa.eu/xbrl/role/dpm-db-id">19754</label:label>
    <gen:arc xlink:type="arc" xlink:arcrole="http://xbrl.org/arcrole/2008/element-label" xlink:from="loc_eba_c19754" xlink:to="label_eba_c19754_1" />
    <label:label xlink:type="resource" xlink:label="label_eba_c19755_1" xml:lang="en" xlink:role="http://www.eba.europa.eu/xbrl/role/dpm-db-id">19755</label:label>
    <gen:arc xlink:type="arc" xlink:arcrole="http://xbrl.org/arcrole/2008/element-label" xlink:from="loc_eba_c19755" xlink:to="label_eba_c19755_1" />
    <label:label xlink:type="resource" xlink:label="label_eba_c19756_1" xml:lang="en" xlink:role="http://www.eba.europa.eu/xbrl/role/dpm-db-id">19756</label:label>
    <gen:arc xlink:type="arc" xlink:arcrole="http://xbrl.org/arcrole/2008/element-label" xlink:from="loc_eba_c19756" xlink:to="label_eba_c19756_1" />
    <label:label xlink:type="resource" xlink:label="label_eba_c19757_1" xml:lang="en" xlink:role="http://www.eba.europa.eu/xbrl/role/dpm-db-id">19757</label:label>
    <gen:arc xlink:type="arc" xlink:arcrole="http://xbrl.org/arcrole/2008/element-label" xlink:from="loc_eba_c19757" xlink:to="label_eba_c19757_1" />
    <label:label xlink:type="resource" xlink:label="label_eba_c19758_1" xml:lang="en" xlink:role="http://www.eba.europa.eu/xbrl/role/dpm-db-id">19758</label:label>
    <gen:arc xlink:type="arc" xlink:arcrole="http://xbrl.org/arcrole/2008/element-label" xlink:from="loc_eba_c19758" xlink:to="label_eba_c19758_1" />
    <label:label xlink:type="resource" xlink:label="label_eba_c19759_1" xml:lang="en" xlink:role="http://www.eba.europa.eu/xbrl/role/dpm-db-id">19759</label:label>
    <gen:arc xlink:type="arc" xlink:arcrole="http://xbrl.org/arcrole/2008/element-label" xlink:from="loc_eba_c19759" xlink:to="label_eba_c19759_1" />
    <label:label xlink:type="resource" xlink:label="label_eba_c19760_1" xml:lang="en" xlink:role="http://www.eba.europa.eu/xbrl/role/dpm-db-id">19760</label:label>
    <gen:arc xlink:type="arc" xlink:arcrole="http://xbrl.org/arcrole/2008/element-label" xlink:from="loc_eba_c19760" xlink:to="label_eba_c19760_1" />
    <label:label xlink:type="resource" xlink:label="label_eba_c19761_1" xml:lang="en" xlink:role="http://www.eba.europa.eu/xbrl/role/dpm-db-id">19761</label:label>
    <gen:arc xlink:type="arc" xlink:arcrole="http://xbrl.org/arcrole/2008/element-label" xlink:from="loc_eba_c19761" xlink:to="label_eba_c19761_1" />
    <label:label xlink:type="resource" xlink:label="label_eba_c19762_1" xml:lang="en" xlink:role="http://www.eba.europa.eu/xbrl/role/dpm-db-id">19762</label:label>
    <gen:arc xlink:type="arc" xlink:arcrole="http://xbrl.org/arcrole/2008/element-label" xlink:from="loc_eba_c19762" xlink:to="label_eba_c19762_1" />
    <label:label xlink:type="resource" xlink:label="label_eba_c19763_1" xml:lang="en" xlink:role="http://www.eba.europa.eu/xbrl/role/dpm-db-id">19763</label:label>
    <gen:arc xlink:type="arc" xlink:arcrole="http://xbrl.org/arcrole/2008/element-label" xlink:from="loc_eba_c19763" xlink:to="label_eba_c19763_1" />
    <label:label xlink:type="resource" xlink:label="label_eba_c19764_1" xml:lang="en" xlink:role="http://www.eba.europa.eu/xbrl/role/dpm-db-id">19764</label:label>
    <gen:arc xlink:type="arc" xlink:arcrole="http://xbrl.org/arcrole/2008/element-label" xlink:from="loc_eba_c19764" xlink:to="label_eba_c19764_1" />
    <label:label xlink:type="resource" xlink:label="label_eba_c19765_1" xml:lang="en" xlink:role="http://www.eba.europa.eu/xbrl/role/dpm-db-id">19765</label:label>
    <gen:arc xlink:type="arc" xlink:arcrole="http://xbrl.org/arcrole/2008/element-label" xlink:from="loc_eba_c19765" xlink:to="label_eba_c19765_1" />
    <label:label xlink:type="resource" xlink:label="label_eba_c19766_1" xml:lang="en" xlink:role="http://www.eba.europa.eu/xbrl/role/dpm-db-id">19766</label:label>
    <gen:arc xlink:type="arc" xlink:arcrole="http://xbrl.org/arcrole/2008/element-label" xlink:from="loc_eba_c19766" xlink:to="label_eba_c19766_1" />
    <label:label xlink:type="resource" xlink:label="label_eba_c19767_1" xml:lang="en" xlink:role="http://www.eba.europa.eu/xbrl/role/dpm-db-id">19767</label:label>
    <gen:arc xlink:type="arc" xlink:arcrole="http://xbrl.org/arcrole/2008/element-label" xlink:from="loc_eba_c19767" xlink:to="label_eba_c19767_1" />
    <label:label xlink:type="resource" xlink:label="label_eba_c19768_1" xml:lang="en" xlink:role="http://www.eba.europa.eu/xbrl/role/dpm-db-id">19768</label:label>
    <gen:arc xlink:type="arc" xlink:arcrole="http://xbrl.org/arcrole/2008/element-label" xlink:from="loc_eba_c19768" xlink:to="label_eba_c19768_1" />
    <label:label xlink:type="resource" xlink:label="label_eba_c19769_1" xml:lang="en" xlink:role="http://www.eba.europa.eu/xbrl/role/dpm-db-id">19769</label:label>
    <gen:arc xlink:type="arc" xlink:arcrole="http://xbrl.org/arcrole/2008/element-label" xlink:from="loc_eba_c19769" xlink:to="label_eba_c19769_1" />
    <label:label xlink:type="resource" xlink:label="label_eba_c19770_1" xml:lang="en" xlink:role="http://www.eba.europa.eu/xbrl/role/dpm-db-id">19770</label:label>
    <gen:arc xlink:type="arc" xlink:arcrole="http://xbrl.org/arcrole/2008/element-label" xlink:from="loc_eba_c19770" xlink:to="label_eba_c19770_1" />
    <label:label xlink:type="resource" xlink:label="label_eba_c19771_1" xml:lang="en" xlink:role="http://www.eba.europa.eu/xbrl/role/dpm-db-id">19771</label:label>
    <gen:arc xlink:type="arc" xlink:arcrole="http://xbrl.org/arcrole/2008/element-label" xlink:from="loc_eba_c19771" xlink:to="label_eba_c19771_1" />
  </gen:link>
</link:linkbase>