﻿<?xml version="1.0" encoding="utf-8"?>
<?taxonomy-version 2.0.0?>
<!--(C) EBA-->
<link:linkbase xmlns:xsi="http://www.w3.org/2001/XMLSchema-instance" xmlns:xlink="http://www.w3.org/1999/xlink" xmlns:link="http://www.xbrl.org/2003/linkbase" xmlns:gen="http://xbrl.org/2008/generic" xmlns:label="http://xbrl.org/2008/label" xsi:schemaLocation="http://www.xbrl.org/2003/linkbase http://www.xbrl.org/2003/xbrl-linkbase-2003-12-31.xsd http://xbrl.org/2008/generic http://www.xbrl.org/2008/generic-link.xsd http://xbrl.org/2008/label http://www.xbrl.org/2008/generic-label.xsd">
  <link:arcroleRef arcroleURI="http://xbrl.org/arcrole/2008/element-label" xlink:type="simple" xlink:href="http://www.xbrl.org/2008/generic-label.xsd#element-label" />
  <link:roleRef roleURI="http://www.xbrl.org/2008/role/label" xlink:type="simple" xlink:href="http://www.xbrl.org/2008/generic-label.xsd#standard-label" />
  <link:roleRef roleURI="http://www.xbrl.org/2008/role/verboseLabel" xlink:type="simple" xlink:href="http://www.xbrl.org/2008/generic-label.xsd#verbose-label" />
  <gen:link xlink:type="extended" xlink:role="http://www.xbrl.org/2003/role/link">
    <link:loc xlink:type="locator" xlink:href="c_07.00.b-rend.xml#eba_tC_07.00.b" xlink:label="loc_eba_tC_07.00.b" />
    <label:label xlink:type="resource" xlink:label="label_eba_tC_07.00.b" xml:lang="en" xlink:role="http://www.xbrl.org/2008/role/label">C 07.00.b (CR SA)</label:label>
    <gen:arc xlink:type="arc" xlink:arcrole="http://xbrl.org/arcrole/2008/element-label" xlink:from="loc_eba_tC_07.00.b" xlink:to="label_eba_tC_07.00.b" />
    <label:label xlink:type="resource" xlink:label="label_eba_tC_07.00.b_1" xml:lang="en" xlink:role="http://www.xbrl.org/2008/role/verboseLabel">C 07.00.b (CR SA) Credit and counterparty credit risks and free deliveries: Standardised Approach to capital requirements - Of which: Arising from Counterparty Credit Risk</label:label>
    <gen:arc xlink:type="arc" xlink:arcrole="http://xbrl.org/arcrole/2008/element-label" xlink:from="loc_eba_tC_07.00.b" xlink:to="label_eba_tC_07.00.b_1" />
    <link:loc xlink:type="locator" xlink:href="c_07.00.b-rend.xml#eba_a1" xlink:label="loc_eba_a1" />
    <label:label xlink:type="resource" xlink:label="label_eba_a1" xml:lang="en" xlink:role="http://www.xbrl.org/2008/role/label">Columns</label:label>
    <gen:arc xlink:type="arc" xlink:arcrole="http://xbrl.org/arcrole/2008/element-label" xlink:from="loc_eba_a1" xlink:to="label_eba_a1" />
    <link:loc xlink:type="locator" xlink:href="c_07.00.b-rend.xml#eba_c19722" xlink:label="loc_eba_c19722" />
    <label:label xlink:type="resource" xlink:label="label_eba_c19722" xml:lang="en" xlink:role="http://www.xbrl.org/2008/role/label">Exposure value</label:label>
    <gen:arc xlink:type="arc" xlink:arcrole="http://xbrl.org/arcrole/2008/element-label" xlink:from="loc_eba_c19722" xlink:to="label_eba_c19722" />
    <link:loc xlink:type="locator" xlink:href="c_07.00.b-rend.xml#eba_c19723" xlink:label="loc_eba_c19723" />
    <label:label xlink:type="resource" xlink:label="label_eba_c19723" xml:lang="en" xlink:role="http://www.xbrl.org/2008/role/label">Of which: Arising from Counterparty Credit Risk</label:label>
    <gen:arc xlink:type="arc" xlink:arcrole="http://xbrl.org/arcrole/2008/element-label" xlink:from="loc_eba_c19723" xlink:to="label_eba_c19723" />
    <link:loc xlink:type="locator" xlink:href="c_07.00.b-rend.xml#eba_a2" xlink:label="loc_eba_a2" />
    <label:label xlink:type="resource" xlink:label="label_eba_a2" xml:lang="en" xlink:role="http://www.xbrl.org/2008/role/label">Rows</label:label>
    <gen:arc xlink:type="arc" xlink:arcrole="http://xbrl.org/arcrole/2008/element-label" xlink:from="loc_eba_a2" xlink:to="label_eba_a2" />
    <link:loc xlink:type="locator" xlink:href="c_07.00.b-rend.xml#eba_c19724" xlink:label="loc_eba_c19724" />
    <label:label xlink:type="resource" xlink:label="label_eba_c19724" xml:lang="en" xlink:role="http://www.xbrl.org/2008/role/label">TOTAL EXPOSURES</label:label>
    <gen:arc xlink:type="arc" xlink:arcrole="http://xbrl.org/arcrole/2008/element-label" xlink:from="loc_eba_c19724" xlink:to="label_eba_c19724" />
    <link:loc xlink:type="locator" xlink:href="c_07.00.b-rend.xml#eba_c19725" xlink:label="loc_eba_c19725" />
    <label:label xlink:type="resource" xlink:label="label_eba_c19725" xml:lang="en" xlink:role="http://www.xbrl.org/2008/role/label">of which: SME</label:label>
    <gen:arc xlink:type="arc" xlink:arcrole="http://xbrl.org/arcrole/2008/element-label" xlink:from="loc_eba_c19725" xlink:to="label_eba_c19725" />
    <link:loc xlink:type="locator" xlink:href="c_07.00.b-rend.xml#eba_c19726" xlink:label="loc_eba_c19726" />
    <label:label xlink:type="resource" xlink:label="label_eba_c19726" xml:lang="en" xlink:role="http://www.xbrl.org/2008/role/label">of which: SME subject to SME-supporting factor</label:label>
    <gen:arc xlink:type="arc" xlink:arcrole="http://xbrl.org/arcrole/2008/element-label" xlink:from="loc_eba_c19726" xlink:to="label_eba_c19726" />
    <link:loc xlink:type="locator" xlink:href="c_07.00.b-rend.xml#eba_c19727" xlink:label="loc_eba_c19727" />
    <label:label xlink:type="resource" xlink:label="label_eba_c19727" xml:lang="en" xlink:role="http://www.xbrl.org/2008/role/label">of which: Secured by mortgages on immovable property - Residential property</label:label>
    <gen:arc xlink:type="arc" xlink:arcrole="http://xbrl.org/arcrole/2008/element-label" xlink:from="loc_eba_c19727" xlink:to="label_eba_c19727" />
    <link:loc xlink:type="locator" xlink:href="c_07.00.b-rend.xml#eba_c19728" xlink:label="loc_eba_c19728" />
    <label:label xlink:type="resource" xlink:label="label_eba_c19728" xml:lang="en" xlink:role="http://www.xbrl.org/2008/role/label">of which: Exposures under the permanent partial use of the standardised approach</label:label>
    <gen:arc xlink:type="arc" xlink:arcrole="http://xbrl.org/arcrole/2008/element-label" xlink:from="loc_eba_c19728" xlink:to="label_eba_c19728" />
    <link:loc xlink:type="locator" xlink:href="c_07.00.b-rend.xml#eba_c19729" xlink:label="loc_eba_c19729" />
    <label:label xlink:type="resource" xlink:label="label_eba_c19729" xml:lang="en" xlink:role="http://www.xbrl.org/2008/role/label">of which: Exposures under the standardised approach with prior supervisory permission to carry out a sequential IRB implementation</label:label>
    <gen:arc xlink:type="arc" xlink:arcrole="http://xbrl.org/arcrole/2008/element-label" xlink:from="loc_eba_c19729" xlink:to="label_eba_c19729" />
    <link:loc xlink:type="locator" xlink:href="c_07.00.b-rend.xml#eba_c19730" xlink:label="loc_eba_c19730" />
    <label:label xlink:type="resource" xlink:label="label_eba_c19730" xml:lang="en" xlink:role="http://www.xbrl.org/2008/role/label">BREAKDOWN OF TOTAL EXPOSURES BY EXPOSURE TYPES:</label:label>
    <gen:arc xlink:type="arc" xlink:arcrole="http://xbrl.org/arcrole/2008/element-label" xlink:from="loc_eba_c19730" xlink:to="label_eba_c19730" />
    <link:loc xlink:type="locator" xlink:href="c_07.00.b-rend.xml#eba_c19731" xlink:label="loc_eba_c19731" />
    <label:label xlink:type="resource" xlink:label="label_eba_c19731" xml:lang="en" xlink:role="http://www.xbrl.org/2008/role/label">On balance sheet exposures subject to credit risk</label:label>
    <gen:arc xlink:type="arc" xlink:arcrole="http://xbrl.org/arcrole/2008/element-label" xlink:from="loc_eba_c19731" xlink:to="label_eba_c19731" />
    <link:loc xlink:type="locator" xlink:href="c_07.00.b-rend.xml#eba_c19732" xlink:label="loc_eba_c19732" />
    <label:label xlink:type="resource" xlink:label="label_eba_c19732" xml:lang="en" xlink:role="http://www.xbrl.org/2008/role/label">Off balance sheet exposures subject to credit risk</label:label>
    <gen:arc xlink:type="arc" xlink:arcrole="http://xbrl.org/arcrole/2008/element-label" xlink:from="loc_eba_c19732" xlink:to="label_eba_c19732" />
    <link:loc xlink:type="locator" xlink:href="c_07.00.b-rend.xml#eba_c19733" xlink:label="loc_eba_c19733" />
    <label:label xlink:type="resource" xlink:label="label_eba_c19733" xml:lang="en" xlink:role="http://www.xbrl.org/2008/role/label">Exposures / Transactions subject to counterparty credit risk</label:label>
    <gen:arc xlink:type="arc" xlink:arcrole="http://xbrl.org/arcrole/2008/element-label" xlink:from="loc_eba_c19733" xlink:to="label_eba_c19733" />
    <link:loc xlink:type="locator" xlink:href="c_07.00.b-rend.xml#eba_c19734" xlink:label="loc_eba_c19734" />
    <label:label xlink:type="resource" xlink:label="label_eba_c19734" xml:lang="en" xlink:role="http://www.xbrl.org/2008/role/label">Securities Financing Transactions</label:label>
    <gen:arc xlink:type="arc" xlink:arcrole="http://xbrl.org/arcrole/2008/element-label" xlink:from="loc_eba_c19734" xlink:to="label_eba_c19734" />
    <link:loc xlink:type="locator" xlink:href="c_07.00.b-rend.xml#eba_c19735" xlink:label="loc_eba_c19735" />
    <label:label xlink:type="resource" xlink:label="label_eba_c19735" xml:lang="en" xlink:role="http://www.xbrl.org/2008/role/label">Of which: Centrally cleared through a QCCP</label:label>
    <gen:arc xlink:type="arc" xlink:arcrole="http://xbrl.org/arcrole/2008/element-label" xlink:from="loc_eba_c19735" xlink:to="label_eba_c19735" />
    <link:loc xlink:type="locator" xlink:href="c_07.00.b-rend.xml#eba_c19736" xlink:label="loc_eba_c19736" />
    <label:label xlink:type="resource" xlink:label="label_eba_c19736" xml:lang="en" xlink:role="http://www.xbrl.org/2008/role/label">Derivatives &amp; Long Settlement Transactions</label:label>
    <gen:arc xlink:type="arc" xlink:arcrole="http://xbrl.org/arcrole/2008/element-label" xlink:from="loc_eba_c19736" xlink:to="label_eba_c19736" />
    <link:loc xlink:type="locator" xlink:href="c_07.00.b-rend.xml#eba_c19737" xlink:label="loc_eba_c19737" />
    <label:label xlink:type="resource" xlink:label="label_eba_c19737" xml:lang="en" xlink:role="http://www.xbrl.org/2008/role/label">Of which: Centrally cleared through a QCCP</label:label>
    <gen:arc xlink:type="arc" xlink:arcrole="http://xbrl.org/arcrole/2008/element-label" xlink:from="loc_eba_c19737" xlink:to="label_eba_c19737" />
    <link:loc xlink:type="locator" xlink:href="c_07.00.b-rend.xml#eba_c19738" xlink:label="loc_eba_c19738" />
    <label:label xlink:type="resource" xlink:label="label_eba_c19738" xml:lang="en" xlink:role="http://www.xbrl.org/2008/role/label">From Contractual Cross Product Netting</label:label>
    <gen:arc xlink:type="arc" xlink:arcrole="http://xbrl.org/arcrole/2008/element-label" xlink:from="loc_eba_c19738" xlink:to="label_eba_c19738" />
    <link:loc xlink:type="locator" xlink:href="c_07.00.b-rend.xml#eba_c19739" xlink:label="loc_eba_c19739" />
    <label:label xlink:type="resource" xlink:label="label_eba_c19739" xml:lang="en" xlink:role="http://www.xbrl.org/2008/role/label">BREAKDOWN OF TOTAL EXPOSURES BY RISK WEIGHTS:</label:label>
    <gen:arc xlink:type="arc" xlink:arcrole="http://xbrl.org/arcrole/2008/element-label" xlink:from="loc_eba_c19739" xlink:to="label_eba_c19739" />
    <link:loc xlink:type="locator" xlink:href="c_07.00.b-rend.xml#eba_c19740" xlink:label="loc_eba_c19740" />
    <label:label xlink:type="resource" xlink:label="label_eba_c19740" xml:lang="en" xlink:role="http://www.xbrl.org/2008/role/label">0%</label:label>
    <gen:arc xlink:type="arc" xlink:arcrole="http://xbrl.org/arcrole/2008/element-label" xlink:from="loc_eba_c19740" xlink:to="label_eba_c19740" />
    <link:loc xlink:type="locator" xlink:href="c_07.00.b-rend.xml#eba_c19741" xlink:label="loc_eba_c19741" />
    <label:label xlink:type="resource" xlink:label="label_eba_c19741" xml:lang="en" xlink:role="http://www.xbrl.org/2008/role/label">2%</label:label>
    <gen:arc xlink:type="arc" xlink:arcrole="http://xbrl.org/arcrole/2008/element-label" xlink:from="loc_eba_c19741" xlink:to="label_eba_c19741" />
    <link:loc xlink:type="locator" xlink:href="c_07.00.b-rend.xml#eba_c19742" xlink:label="loc_eba_c19742" />
    <label:label xlink:type="resource" xlink:label="label_eba_c19742" xml:lang="en" xlink:role="http://www.xbrl.org/2008/role/label">4%</label:label>
    <gen:arc xlink:type="arc" xlink:arcrole="http://xbrl.org/arcrole/2008/element-label" xlink:from="loc_eba_c19742" xlink:to="label_eba_c19742" />
    <link:loc xlink:type="locator" xlink:href="c_07.00.b-rend.xml#eba_c19743" xlink:label="loc_eba_c19743" />
    <label:label xlink:type="resource" xlink:label="label_eba_c19743" xml:lang="en" xlink:role="http://www.xbrl.org/2008/role/label">10%</label:label>
    <gen:arc xlink:type="arc" xlink:arcrole="http://xbrl.org/arcrole/2008/element-label" xlink:from="loc_eba_c19743" xlink:to="label_eba_c19743" />
    <link:loc xlink:type="locator" xlink:href="c_07.00.b-rend.xml#eba_c19744" xlink:label="loc_eba_c19744" />
    <label:label xlink:type="resource" xlink:label="label_eba_c19744" xml:lang="en" xlink:role="http://www.xbrl.org/2008/role/label">20%</label:label>
    <gen:arc xlink:type="arc" xlink:arcrole="http://xbrl.org/arcrole/2008/element-label" xlink:from="loc_eba_c19744" xlink:to="label_eba_c19744" />
    <link:loc xlink:type="locator" xlink:href="c_07.00.b-rend.xml#eba_c19745" xlink:label="loc_eba_c19745" />
    <label:label xlink:type="resource" xlink:label="label_eba_c19745" xml:lang="en" xlink:role="http://www.xbrl.org/2008/role/label">35%</label:label>
    <gen:arc xlink:type="arc" xlink:arcrole="http://xbrl.org/arcrole/2008/element-label" xlink:from="loc_eba_c19745" xlink:to="label_eba_c19745" />
    <link:loc xlink:type="locator" xlink:href="c_07.00.b-rend.xml#eba_c19746" xlink:label="loc_eba_c19746" />
    <label:label xlink:type="resource" xlink:label="label_eba_c19746" xml:lang="en" xlink:role="http://www.xbrl.org/2008/role/label">50%</label:label>
    <gen:arc xlink:type="arc" xlink:arcrole="http://xbrl.org/arcrole/2008/element-label" xlink:from="loc_eba_c19746" xlink:to="label_eba_c19746" />
    <link:loc xlink:type="locator" xlink:href="c_07.00.b-rend.xml#eba_c19747" xlink:label="loc_eba_c19747" />
    <label:label xlink:type="resource" xlink:label="label_eba_c19747" xml:lang="en" xlink:role="http://www.xbrl.org/2008/role/label">70%</label:label>
    <gen:arc xlink:type="arc" xlink:arcrole="http://xbrl.org/arcrole/2008/element-label" xlink:from="loc_eba_c19747" xlink:to="label_eba_c19747" />
    <link:loc xlink:type="locator" xlink:href="c_07.00.b-rend.xml#eba_c19748" xlink:label="loc_eba_c19748" />
    <label:label xlink:type="resource" xlink:label="label_eba_c19748" xml:lang="en" xlink:role="http://www.xbrl.org/2008/role/label">75%</label:label>
    <gen:arc xlink:type="arc" xlink:arcrole="http://xbrl.org/arcrole/2008/element-label" xlink:from="loc_eba_c19748" xlink:to="label_eba_c19748" />
    <link:loc xlink:type="locator" xlink:href="c_07.00.b-rend.xml#eba_c19749" xlink:label="loc_eba_c19749" />
    <label:label xlink:type="resource" xlink:label="label_eba_c19749" xml:lang="en" xlink:role="http://www.xbrl.org/2008/role/label">100%</label:label>
    <gen:arc xlink:type="arc" xlink:arcrole="http://xbrl.org/arcrole/2008/element-label" xlink:from="loc_eba_c19749" xlink:to="label_eba_c19749" />
    <link:loc xlink:type="locator" xlink:href="c_07.00.b-rend.xml#eba_c19750" xlink:label="loc_eba_c19750" />
    <label:label xlink:type="resource" xlink:label="label_eba_c19750" xml:lang="en" xlink:role="http://www.xbrl.org/2008/role/label">150%</label:label>
    <gen:arc xlink:type="arc" xlink:arcrole="http://xbrl.org/arcrole/2008/element-label" xlink:from="loc_eba_c19750" xlink:to="label_eba_c19750" />
    <link:loc xlink:type="locator" xlink:href="c_07.00.b-rend.xml#eba_c19751" xlink:label="loc_eba_c19751" />
    <label:label xlink:type="resource" xlink:label="label_eba_c19751" xml:lang="en" xlink:role="http://www.xbrl.org/2008/role/label">250%</label:label>
    <gen:arc xlink:type="arc" xlink:arcrole="http://xbrl.org/arcrole/2008/element-label" xlink:from="loc_eba_c19751" xlink:to="label_eba_c19751" />
    <link:loc xlink:type="locator" xlink:href="c_07.00.b-rend.xml#eba_c19752" xlink:label="loc_eba_c19752" />
    <label:label xlink:type="resource" xlink:label="label_eba_c19752" xml:lang="en" xlink:role="http://www.xbrl.org/2008/role/label">370%</label:label>
    <gen:arc xlink:type="arc" xlink:arcrole="http://xbrl.org/arcrole/2008/element-label" xlink:from="loc_eba_c19752" xlink:to="label_eba_c19752" />
    <link:loc xlink:type="locator" xlink:href="c_07.00.b-rend.xml#eba_c19753" xlink:label="loc_eba_c19753" />
    <label:label xlink:type="resource" xlink:label="label_eba_c19753" xml:lang="en" xlink:role="http://www.xbrl.org/2008/role/label">1250%</label:label>
    <gen:arc xlink:type="arc" xlink:arcrole="http://xbrl.org/arcrole/2008/element-label" xlink:from="loc_eba_c19753" xlink:to="label_eba_c19753" />
    <link:loc xlink:type="locator" xlink:href="c_07.00.b-rend.xml#eba_c19754" xlink:label="loc_eba_c19754" />
    <label:label xlink:type="resource" xlink:label="label_eba_c19754" xml:lang="en" xlink:role="http://www.xbrl.org/2008/role/label">Other risk weights</label:label>
    <gen:arc xlink:type="arc" xlink:arcrole="http://xbrl.org/arcrole/2008/element-label" xlink:from="loc_eba_c19754" xlink:to="label_eba_c19754" />
    <link:loc xlink:type="locator" xlink:href="c_07.00.b-rend.xml#eba_a3" xlink:label="loc_eba_a3" />
    <label:label xlink:type="resource" xlink:label="label_eba_a3" xml:lang="en" xlink:role="http://www.xbrl.org/2008/role/label">Sheets</label:label>
    <gen:arc xlink:type="arc" xlink:arcrole="http://xbrl.org/arcrole/2008/element-label" xlink:from="loc_eba_a3" xlink:to="label_eba_a3" />
    <link:loc xlink:type="locator" xlink:href="c_07.00.b-rend.xml#eba_c19755" xlink:label="loc_eba_c19755" />
    <label:label xlink:type="resource" xlink:label="label_eba_c19755" xml:lang="en" xlink:role="http://www.xbrl.org/2008/role/label">Total</label:label>
    <gen:arc xlink:type="arc" xlink:arcrole="http://xbrl.org/arcrole/2008/element-label" xlink:from="loc_eba_c19755" xlink:to="label_eba_c19755" />
    <link:loc xlink:type="locator" xlink:href="c_07.00.b-rend.xml#eba_c19756" xlink:label="loc_eba_c19756" />
    <label:label xlink:type="resource" xlink:label="label_eba_c19756" xml:lang="en" xlink:role="http://www.xbrl.org/2008/role/label">Central governments or central banks</label:label>
    <gen:arc xlink:type="arc" xlink:arcrole="http://xbrl.org/arcrole/2008/element-label" xlink:from="loc_eba_c19756" xlink:to="label_eba_c19756" />
    <link:loc xlink:type="locator" xlink:href="c_07.00.b-rend.xml#eba_c19757" xlink:label="loc_eba_c19757" />
    <label:label xlink:type="resource" xlink:label="label_eba_c19757" xml:lang="en" xlink:role="http://www.xbrl.org/2008/role/label">Regional governments or local authorities</label:label>
    <gen:arc xlink:type="arc" xlink:arcrole="http://xbrl.org/arcrole/2008/element-label" xlink:from="loc_eba_c19757" xlink:to="label_eba_c19757" />
    <link:loc xlink:type="locator" xlink:href="c_07.00.b-rend.xml#eba_c19758" xlink:label="loc_eba_c19758" />
    <label:label xlink:type="resource" xlink:label="label_eba_c19758" xml:lang="en" xlink:role="http://www.xbrl.org/2008/role/label">Public sector entities</label:label>
    <gen:arc xlink:type="arc" xlink:arcrole="http://xbrl.org/arcrole/2008/element-label" xlink:from="loc_eba_c19758" xlink:to="label_eba_c19758" />
    <link:loc xlink:type="locator" xlink:href="c_07.00.b-rend.xml#eba_c19759" xlink:label="loc_eba_c19759" />
    <label:label xlink:type="resource" xlink:label="label_eba_c19759" xml:lang="en" xlink:role="http://www.xbrl.org/2008/role/label">Multilateral developments banks</label:label>
    <gen:arc xlink:type="arc" xlink:arcrole="http://xbrl.org/arcrole/2008/element-label" xlink:from="loc_eba_c19759" xlink:to="label_eba_c19759" />
    <link:loc xlink:type="locator" xlink:href="c_07.00.b-rend.xml#eba_c19760" xlink:label="loc_eba_c19760" />
    <label:label xlink:type="resource" xlink:label="label_eba_c19760" xml:lang="en" xlink:role="http://www.xbrl.org/2008/role/label">International organisations</label:label>
    <gen:arc xlink:type="arc" xlink:arcrole="http://xbrl.org/arcrole/2008/element-label" xlink:from="loc_eba_c19760" xlink:to="label_eba_c19760" />
    <link:loc xlink:type="locator" xlink:href="c_07.00.b-rend.xml#eba_c19761" xlink:label="loc_eba_c19761" />
    <label:label xlink:type="resource" xlink:label="label_eba_c19761" xml:lang="en" xlink:role="http://www.xbrl.org/2008/role/label">Institutions</label:label>
    <gen:arc xlink:type="arc" xlink:arcrole="http://xbrl.org/arcrole/2008/element-label" xlink:from="loc_eba_c19761" xlink:to="label_eba_c19761" />
    <link:loc xlink:type="locator" xlink:href="c_07.00.b-rend.xml#eba_c19762" xlink:label="loc_eba_c19762" />
    <label:label xlink:type="resource" xlink:label="label_eba_c19762" xml:lang="en" xlink:role="http://www.xbrl.org/2008/role/label">Corporates</label:label>
    <gen:arc xlink:type="arc" xlink:arcrole="http://xbrl.org/arcrole/2008/element-label" xlink:from="loc_eba_c19762" xlink:to="label_eba_c19762" />
    <link:loc xlink:type="locator" xlink:href="c_07.00.b-rend.xml#eba_c19763" xlink:label="loc_eba_c19763" />
    <label:label xlink:type="resource" xlink:label="label_eba_c19763" xml:lang="en" xlink:role="http://www.xbrl.org/2008/role/label">Retail</label:label>
    <gen:arc xlink:type="arc" xlink:arcrole="http://xbrl.org/arcrole/2008/element-label" xlink:from="loc_eba_c19763" xlink:to="label_eba_c19763" />
    <link:loc xlink:type="locator" xlink:href="c_07.00.b-rend.xml#eba_c19764" xlink:label="loc_eba_c19764" />
    <label:label xlink:type="resource" xlink:label="label_eba_c19764" xml:lang="en" xlink:role="http://www.xbrl.org/2008/role/label">Secured by mortgages on immovable property</label:label>
    <gen:arc xlink:type="arc" xlink:arcrole="http://xbrl.org/arcrole/2008/element-label" xlink:from="loc_eba_c19764" xlink:to="label_eba_c19764" />
    <link:loc xlink:type="locator" xlink:href="c_07.00.b-rend.xml#eba_c19765" xlink:label="loc_eba_c19765" />
    <label:label xlink:type="resource" xlink:label="label_eba_c19765" xml:lang="en" xlink:role="http://www.xbrl.org/2008/role/label">Exposures in default</label:label>
    <gen:arc xlink:type="arc" xlink:arcrole="http://xbrl.org/arcrole/2008/element-label" xlink:from="loc_eba_c19765" xlink:to="label_eba_c19765" />
    <link:loc xlink:type="locator" xlink:href="c_07.00.b-rend.xml#eba_c19766" xlink:label="loc_eba_c19766" />
    <label:label xlink:type="resource" xlink:label="label_eba_c19766" xml:lang="en" xlink:role="http://www.xbrl.org/2008/role/label">Items associated with particularly high risk</label:label>
    <gen:arc xlink:type="arc" xlink:arcrole="http://xbrl.org/arcrole/2008/element-label" xlink:from="loc_eba_c19766" xlink:to="label_eba_c19766" />
    <link:loc xlink:type="locator" xlink:href="c_07.00.b-rend.xml#eba_c19767" xlink:label="loc_eba_c19767" />
    <label:label xlink:type="resource" xlink:label="label_eba_c19767" xml:lang="en" xlink:role="http://www.xbrl.org/2008/role/label">Covered bonds</label:label>
    <gen:arc xlink:type="arc" xlink:arcrole="http://xbrl.org/arcrole/2008/element-label" xlink:from="loc_eba_c19767" xlink:to="label_eba_c19767" />
    <link:loc xlink:type="locator" xlink:href="c_07.00.b-rend.xml#eba_c19768" xlink:label="loc_eba_c19768" />
    <label:label xlink:type="resource" xlink:label="label_eba_c19768" xml:lang="en" xlink:role="http://www.xbrl.org/2008/role/label">Claims on institutions and corporate with a short-term credit assessment</label:label>
    <gen:arc xlink:type="arc" xlink:arcrole="http://xbrl.org/arcrole/2008/element-label" xlink:from="loc_eba_c19768" xlink:to="label_eba_c19768" />
    <link:loc xlink:type="locator" xlink:href="c_07.00.b-rend.xml#eba_c19769" xlink:label="loc_eba_c19769" />
    <label:label xlink:type="resource" xlink:label="label_eba_c19769" xml:lang="en" xlink:role="http://www.xbrl.org/2008/role/label">Claims in the form of CIU</label:label>
    <gen:arc xlink:type="arc" xlink:arcrole="http://xbrl.org/arcrole/2008/element-label" xlink:from="loc_eba_c19769" xlink:to="label_eba_c19769" />
    <link:loc xlink:type="locator" xlink:href="c_07.00.b-rend.xml#eba_c19770" xlink:label="loc_eba_c19770" />
    <label:label xlink:type="resource" xlink:label="label_eba_c19770" xml:lang="en" xlink:role="http://www.xbrl.org/2008/role/label">Equity Exposures</label:label>
    <gen:arc xlink:type="arc" xlink:arcrole="http://xbrl.org/arcrole/2008/element-label" xlink:from="loc_eba_c19770" xlink:to="label_eba_c19770" />
    <link:loc xlink:type="locator" xlink:href="c_07.00.b-rend.xml#eba_c19771" xlink:label="loc_eba_c19771" />
    <label:label xlink:type="resource" xlink:label="label_eba_c19771" xml:lang="en" xlink:role="http://www.xbrl.org/2008/role/label">Other items</label:label>
    <gen:arc xlink:type="arc" xlink:arcrole="http://xbrl.org/arcrole/2008/element-label" xlink:from="loc_eba_c19771" xlink:to="label_eba_c19771" />
  </gen:link>
</link:linkbase>