﻿<?xml version="1.0" encoding="utf-8"?>
<?taxonomy-version 2.0.0?>
<!--(C) EBA-->
<link:linkbase xmlns:xsi="http://www.w3.org/2001/XMLSchema-instance" xmlns:xlink="http://www.w3.org/1999/xlink" xmlns:link="http://www.xbrl.org/2003/linkbase" xmlns:xbrldt="http://xbrl.org/2005/xbrldt" xsi:schemaLocation="http://www.xbrl.org/2003/linkbase http://www.xbrl.org/2003/xbrl-linkbase-2003-12-31.xsd http://xbrl.org/2005/xbrldt http://www.xbrl.org/2005/xbrldt-2005.xsd">
  <link:arcroleRef arcroleURI="http://xbrl.org/int/dim/arcrole/domain-member" xlink:type="simple" xlink:href="http://www.xbrl.org/2005/xbrldt-2005.xsd#domain-member" />
  <link:roleRef roleURI="http://www.eba.europa.eu/xbrl/crr/role/dict/dom/TI/TI1" xlink:type="simple" xlink:href="hier.xsd#eba_TI1" />
  <link:roleRef roleURI="http://www.eba.europa.eu/xbrl/crr/role/dict/dom/TI/TI2" xlink:type="simple" xlink:href="hier.xsd#eba_TI2" />
  <link:roleRef roleURI="http://www.eba.europa.eu/xbrl/crr/role/dict/dom/TI/TI3" xlink:type="simple" xlink:href="hier.xsd#eba_TI3" />
  <link:definitionLink xlink:type="extended" xlink:role="http://www.eba.europa.eu/xbrl/crr/role/dict/dom/TI/TI1">
    <link:loc xlink:type="locator" xlink:href="../exp.xsd#eba_TI" xlink:label="loc_eba_TI" />
    <link:loc xlink:type="locator" xlink:href="mem.xsd#eba_x0" xlink:label="loc_eba_x0" />
    <link:definitionArc xlink:type="arc" xlink:arcrole="http://xbrl.org/int/dim/arcrole/domain-member" xlink:from="loc_eba_TI" xlink:to="loc_eba_x0" order="1" />
    <link:loc xlink:type="locator" xlink:href="mem.xsd#eba_x11" xlink:label="loc_eba_x11" />
    <link:definitionArc xlink:type="arc" xlink:arcrole="http://xbrl.org/int/dim/arcrole/domain-member" xlink:from="loc_eba_x0" xlink:to="loc_eba_x11" order="1" />
    <link:loc xlink:type="locator" xlink:href="mem.xsd#eba_x14" xlink:label="loc_eba_x14" />
    <link:definitionArc xlink:type="arc" xlink:arcrole="http://xbrl.org/int/dim/arcrole/domain-member" xlink:from="loc_eba_x0" xlink:to="loc_eba_x14" order="2" />
    <link:loc xlink:type="locator" xlink:href="mem.xsd#eba_x12" xlink:label="loc_eba_x12" />
    <link:definitionArc xlink:type="arc" xlink:arcrole="http://xbrl.org/int/dim/arcrole/domain-member" xlink:from="loc_eba_x0" xlink:to="loc_eba_x12" order="3" />
    <link:loc xlink:type="locator" xlink:href="mem.xsd#eba_x13" xlink:label="loc_eba_x13" />
    <link:definitionArc xlink:type="arc" xlink:arcrole="http://xbrl.org/int/dim/arcrole/domain-member" xlink:from="loc_eba_x0" xlink:to="loc_eba_x13" order="4" />
    <link:loc xlink:type="locator" xlink:href="mem.xsd#eba_x9" xlink:label="loc_eba_x9" />
    <link:definitionArc xlink:type="arc" xlink:arcrole="http://xbrl.org/int/dim/arcrole/domain-member" xlink:from="loc_eba_x0" xlink:to="loc_eba_x9" order="5" />
  </link:definitionLink>
  <link:definitionLink xlink:type="extended" xlink:role="http://www.eba.europa.eu/xbrl/crr/role/dict/dom/TI/TI2">
    <link:loc xlink:type="locator" xlink:href="../exp.xsd#eba_TI" xlink:label="loc_eba_TI" />
    <link:loc xlink:type="locator" xlink:href="mem.xsd#eba_x16" xlink:label="loc_eba_x16" />
    <link:definitionArc xlink:type="arc" xlink:arcrole="http://xbrl.org/int/dim/arcrole/domain-member" xlink:from="loc_eba_TI" xlink:to="loc_eba_x16" order="1" />
    <link:loc xlink:type="locator" xlink:href="mem.xsd#eba_x11" xlink:label="loc_eba_x11" />
    <link:definitionArc xlink:type="arc" xlink:arcrole="http://xbrl.org/int/dim/arcrole/domain-member" xlink:from="loc_eba_x16" xlink:to="loc_eba_x11" order="1" />
    <link:loc xlink:type="locator" xlink:href="mem.xsd#eba_x10" xlink:label="loc_eba_x10" />
    <link:definitionArc xlink:type="arc" xlink:arcrole="http://xbrl.org/int/dim/arcrole/domain-member" xlink:from="loc_eba_x16" xlink:to="loc_eba_x10" order="2" />
  </link:definitionLink>
  <link:definitionLink xlink:type="extended" xlink:role="http://www.eba.europa.eu/xbrl/crr/role/dict/dom/TI/TI3">
    <link:loc xlink:type="locator" xlink:href="../exp.xsd#eba_TI" xlink:label="loc_eba_TI" />
    <link:loc xlink:type="locator" xlink:href="mem.xsd#eba_x0" xlink:label="loc_eba_x0" />
    <link:definitionArc xlink:type="arc" xlink:arcrole="http://xbrl.org/int/dim/arcrole/domain-member" xlink:from="loc_eba_TI" xlink:to="loc_eba_x0" order="1" />
    <link:loc xlink:type="locator" xlink:href="mem.xsd#eba_x34" xlink:label="loc_eba_x34" />
    <link:definitionArc xlink:type="arc" xlink:arcrole="http://xbrl.org/int/dim/arcrole/domain-member" xlink:from="loc_eba_x0" xlink:to="loc_eba_x34" order="1" />
    <link:loc xlink:type="locator" xlink:href="mem.xsd#eba_x35" xlink:label="loc_eba_x35" />
    <link:definitionArc xlink:type="arc" xlink:arcrole="http://xbrl.org/int/dim/arcrole/domain-member" xlink:from="loc_eba_x0" xlink:to="loc_eba_x35" order="2" />
    <link:loc xlink:type="locator" xlink:href="mem.xsd#eba_x36" xlink:label="loc_eba_x36" />
    <link:definitionArc xlink:type="arc" xlink:arcrole="http://xbrl.org/int/dim/arcrole/domain-member" xlink:from="loc_eba_x0" xlink:to="loc_eba_x36" order="3" />
    <link:loc xlink:type="locator" xlink:href="mem.xsd#eba_x37" xlink:label="loc_eba_x37" />
    <link:definitionArc xlink:type="arc" xlink:arcrole="http://xbrl.org/int/dim/arcrole/domain-member" xlink:from="loc_eba_x0" xlink:to="loc_eba_x37" order="4" />
    <link:loc xlink:type="locator" xlink:href="mem.xsd#eba_x38" xlink:label="loc_eba_x38" />
    <link:definitionArc xlink:type="arc" xlink:arcrole="http://xbrl.org/int/dim/arcrole/domain-member" xlink:from="loc_eba_x0" xlink:to="loc_eba_x38" order="5" />
    <link:loc xlink:type="locator" xlink:href="mem.xsd#eba_x39" xlink:label="loc_eba_x39" />
    <link:definitionArc xlink:type="arc" xlink:arcrole="http://xbrl.org/int/dim/arcrole/domain-member" xlink:from="loc_eba_x0" xlink:to="loc_eba_x39" order="6" />
    <link:loc xlink:type="locator" xlink:href="mem.xsd#eba_x40" xlink:label="loc_eba_x40" />
    <link:definitionArc xlink:type="arc" xlink:arcrole="http://xbrl.org/int/dim/arcrole/domain-member" xlink:from="loc_eba_x0" xlink:to="loc_eba_x40" order="7" />
    <link:loc xlink:type="locator" xlink:href="mem.xsd#eba_x41" xlink:label="loc_eba_x41" />
    <link:definitionArc xlink:type="arc" xlink:arcrole="http://xbrl.org/int/dim/arcrole/domain-member" xlink:from="loc_eba_x0" xlink:to="loc_eba_x41" order="8" />
    <link:loc xlink:type="locator" xlink:href="mem.xsd#eba_x42" xlink:label="loc_eba_x42" />
    <link:definitionArc xlink:type="arc" xlink:arcrole="http://xbrl.org/int/dim/arcrole/domain-member" xlink:from="loc_eba_x0" xlink:to="loc_eba_x42" order="9" />
    <link:loc xlink:type="locator" xlink:href="mem.xsd#eba_x43" xlink:label="loc_eba_x43" />
    <link:definitionArc xlink:type="arc" xlink:arcrole="http://xbrl.org/int/dim/arcrole/domain-member" xlink:from="loc_eba_x0" xlink:to="loc_eba_x43" order="10" />
    <link:loc xlink:type="locator" xlink:href="mem.xsd#eba_x44" xlink:label="loc_eba_x44" />
    <link:definitionArc xlink:type="arc" xlink:arcrole="http://xbrl.org/int/dim/arcrole/domain-member" xlink:from="loc_eba_x0" xlink:to="loc_eba_x44" order="11" />
    <link:loc xlink:type="locator" xlink:href="mem.xsd#eba_x45" xlink:label="loc_eba_x45" />
    <link:definitionArc xlink:type="arc" xlink:arcrole="http://xbrl.org/int/dim/arcrole/domain-member" xlink:from="loc_eba_x0" xlink:to="loc_eba_x45" order="12" />
    <link:loc xlink:type="locator" xlink:href="mem.xsd#eba_x46" xlink:label="loc_eba_x46" />
    <link:definitionArc xlink:type="arc" xlink:arcrole="http://xbrl.org/int/dim/arcrole/domain-member" xlink:from="loc_eba_x0" xlink:to="loc_eba_x46" order="13" />
    <link:loc xlink:type="locator" xlink:href="mem.xsd#eba_x47" xlink:label="loc_eba_x47" />
    <link:definitionArc xlink:type="arc" xlink:arcrole="http://xbrl.org/int/dim/arcrole/domain-member" xlink:from="loc_eba_x0" xlink:to="loc_eba_x47" order="14" />
    <link:loc xlink:type="locator" xlink:href="mem.xsd#eba_x48" xlink:label="loc_eba_x48" />
    <link:definitionArc xlink:type="arc" xlink:arcrole="http://xbrl.org/int/dim/arcrole/domain-member" xlink:from="loc_eba_x0" xlink:to="loc_eba_x48" order="15" />
    <link:loc xlink:type="locator" xlink:href="mem.xsd#eba_x49" xlink:label="loc_eba_x49" />
    <link:definitionArc xlink:type="arc" xlink:arcrole="http://xbrl.org/int/dim/arcrole/domain-member" xlink:from="loc_eba_x0" xlink:to="loc_eba_x49" order="16" />
    <link:loc xlink:type="locator" xlink:href="mem.xsd#eba_x50" xlink:label="loc_eba_x50" />
    <link:definitionArc xlink:type="arc" xlink:arcrole="http://xbrl.org/int/dim/arcrole/domain-member" xlink:from="loc_eba_x0" xlink:to="loc_eba_x50" order="17" />
    <link:loc xlink:type="locator" xlink:href="mem.xsd#eba_x51" xlink:label="loc_eba_x51" />
    <link:definitionArc xlink:type="arc" xlink:arcrole="http://xbrl.org/int/dim/arcrole/domain-member" xlink:from="loc_eba_x0" xlink:to="loc_eba_x51" order="18" />
    <link:loc xlink:type="locator" xlink:href="mem.xsd#eba_x52" xlink:label="loc_eba_x52" />
    <link:definitionArc xlink:type="arc" xlink:arcrole="http://xbrl.org/int/dim/arcrole/domain-member" xlink:from="loc_eba_x0" xlink:to="loc_eba_x52" order="19" />
    <link:loc xlink:type="locator" xlink:href="mem.xsd#eba_x53" xlink:label="loc_eba_x53" />
    <link:definitionArc xlink:type="arc" xlink:arcrole="http://xbrl.org/int/dim/arcrole/domain-member" xlink:from="loc_eba_x0" xlink:to="loc_eba_x53" order="20" />
    <link:loc xlink:type="locator" xlink:href="mem.xsd#eba_x54" xlink:label="loc_eba_x54" />
    <link:definitionArc xlink:type="arc" xlink:arcrole="http://xbrl.org/int/dim/arcrole/domain-member" xlink:from="loc_eba_x0" xlink:to="loc_eba_x54" order="21" />
    <link:loc xlink:type="locator" xlink:href="mem.xsd#eba_x55" xlink:label="loc_eba_x55" />
    <link:definitionArc xlink:type="arc" xlink:arcrole="http://xbrl.org/int/dim/arcrole/domain-member" xlink:from="loc_eba_x0" xlink:to="loc_eba_x55" order="22" />
    <link:loc xlink:type="locator" xlink:href="mem.xsd#eba_x21" xlink:label="loc_eba_x21" />
    <link:definitionArc xlink:type="arc" xlink:arcrole="http://xbrl.org/int/dim/arcrole/domain-member" xlink:from="loc_eba_x0" xlink:to="loc_eba_x21" order="23" />
    <link:loc xlink:type="locator" xlink:href="mem.xsd#eba_x31" xlink:label="loc_eba_x31" />
    <link:definitionArc xlink:type="arc" xlink:arcrole="http://xbrl.org/int/dim/arcrole/domain-member" xlink:from="loc_eba_x0" xlink:to="loc_eba_x31" order="24" />
  </link:definitionLink>
</link:linkbase>