﻿<?xml version="1.0" encoding="utf-8"?>
<?taxonomy-version 2.0.0?>
<!--(C) EBA-->
<link:linkbase xmlns:xsi="http://www.w3.org/2001/XMLSchema-instance" xmlns:xlink="http://www.w3.org/1999/xlink" xmlns:link="http://www.xbrl.org/2003/linkbase" xsi:schemaLocation="http://www.xbrl.org/2003/linkbase http://www.xbrl.org/2003/xbrl-linkbase-2003-12-31.xsd">
  <link:arcroleRef arcroleURI="http://www.eurofiling.info/xbrl/arcrole/complete-breakdown" xlink:type="simple" xlink:href="http://www.eurofiling.info/eu/fr/xbrl/ext/model.xsd#complete-breakdown" />
  <link:arcroleRef arcroleURI="http://www.eurofiling.info/xbrl/arcrole/partial-breakdown" xlink:type="simple" xlink:href="http://www.eurofiling.info/eu/fr/xbrl/ext/model.xsd#partial-breakdown" />
  <link:roleRef roleURI="http://www.eba.europa.eu/xbrl/crr/role/dict/dom/CT/CT1" xlink:type="simple" xlink:href="hier.xsd#eba_CT1" />
  <link:roleRef roleURI="http://www.eba.europa.eu/xbrl/crr/role/dict/dom/CT/CT15" xlink:type="simple" xlink:href="hier.xsd#eba_CT15" />
  <link:roleRef roleURI="http://www.eba.europa.eu/xbrl/crr/role/dict/dom/CT/CT16" xlink:type="simple" xlink:href="hier.xsd#eba_CT16" />
  <link:roleRef roleURI="http://www.eba.europa.eu/xbrl/crr/role/dict/dom/CT/CT20" xlink:type="simple" xlink:href="hier.xsd#eba_CT20" />
  <link:roleRef roleURI="http://www.eba.europa.eu/xbrl/crr/role/dict/dom/CT/CT32" xlink:type="simple" xlink:href="hier.xsd#eba_CT32" />
  <link:roleRef roleURI="http://www.eba.europa.eu/xbrl/crr/role/dict/dom/CT/CT42" xlink:type="simple" xlink:href="hier.xsd#eba_CT42" />
  <link:calculationLink xlink:type="extended" xlink:role="http://www.eba.europa.eu/xbrl/crr/role/dict/dom/CT/CT1">
    <link:loc xlink:type="locator" xlink:href="mem.xsd#eba_x3" xlink:label="loc_eba_x3" />
    <link:loc xlink:type="locator" xlink:href="mem.xsd#eba_x14" xlink:label="loc_eba_x14" />
    <link:calculationArc xlink:type="arc" xlink:arcrole="http://www.eurofiling.info/xbrl/arcrole/complete-breakdown" xlink:from="loc_eba_x3" xlink:to="loc_eba_x14" weight="1" order="1" />
    <link:loc xlink:type="locator" xlink:href="mem.xsd#eba_x21" xlink:label="loc_eba_x21" />
    <link:calculationArc xlink:type="arc" xlink:arcrole="http://www.eurofiling.info/xbrl/arcrole/complete-breakdown" xlink:from="loc_eba_x3" xlink:to="loc_eba_x21" weight="1" order="2" />
  </link:calculationLink>
  <link:calculationLink xlink:type="extended" xlink:role="http://www.eba.europa.eu/xbrl/crr/role/dict/dom/CT/CT15">
    <link:loc xlink:type="locator" xlink:href="mem.xsd#eba_x0" xlink:label="loc_eba_x0" />
    <link:loc xlink:type="locator" xlink:href="mem.xsd#eba_x10" xlink:label="loc_eba_x10" />
    <link:calculationArc xlink:type="arc" xlink:arcrole="http://www.eurofiling.info/xbrl/arcrole/complete-breakdown" xlink:from="loc_eba_x0" xlink:to="loc_eba_x10" weight="1" order="1" />
    <link:loc xlink:type="locator" xlink:href="mem.xsd#eba_x1" xlink:label="loc_eba_x1" />
    <link:calculationArc xlink:type="arc" xlink:arcrole="http://www.eurofiling.info/xbrl/arcrole/complete-breakdown" xlink:from="loc_eba_x0" xlink:to="loc_eba_x1" weight="1" order="2" />
    <link:loc xlink:type="locator" xlink:href="mem.xsd#eba_x8" xlink:label="loc_eba_x8" />
    <link:calculationArc xlink:type="arc" xlink:arcrole="http://www.eurofiling.info/xbrl/arcrole/complete-breakdown" xlink:from="loc_eba_x0" xlink:to="loc_eba_x8" weight="1" order="3" />
    <link:loc xlink:type="locator" xlink:href="mem.xsd#eba_x12" xlink:label="loc_eba_x12" />
    <link:calculationArc xlink:type="arc" xlink:arcrole="http://www.eurofiling.info/xbrl/arcrole/complete-breakdown" xlink:from="loc_eba_x8" xlink:to="loc_eba_x12" weight="1" order="1" />
    <link:loc xlink:type="locator" xlink:href="mem.xsd#eba_x18" xlink:label="loc_eba_x18" />
    <link:calculationArc xlink:type="arc" xlink:arcrole="http://www.eurofiling.info/xbrl/arcrole/complete-breakdown" xlink:from="loc_eba_x8" xlink:to="loc_eba_x18" weight="1" order="2" />
    <link:loc xlink:type="locator" xlink:href="mem.xsd#eba_x20" xlink:label="loc_eba_x20" />
    <link:calculationArc xlink:type="arc" xlink:arcrole="http://www.eurofiling.info/xbrl/arcrole/complete-breakdown" xlink:from="loc_eba_x0" xlink:to="loc_eba_x20" weight="1" order="4" />
    <link:loc xlink:type="locator" xlink:href="mem.xsd#eba_x5" xlink:label="loc_eba_x5" />
    <link:calculationArc xlink:type="arc" xlink:arcrole="http://www.eurofiling.info/xbrl/arcrole/complete-breakdown" xlink:from="loc_eba_x0" xlink:to="loc_eba_x5" weight="1" order="5" />
  </link:calculationLink>
  <link:calculationLink xlink:type="extended" xlink:role="http://www.eba.europa.eu/xbrl/crr/role/dict/dom/CT/CT32">
    <link:loc xlink:type="locator" xlink:href="mem.xsd#eba_x4" xlink:label="loc_eba_x4" />
    <link:loc xlink:type="locator" xlink:href="mem.xsd#eba_x10" xlink:label="loc_eba_x10" />
    <link:calculationArc xlink:type="arc" xlink:arcrole="http://www.eurofiling.info/xbrl/arcrole/complete-breakdown" xlink:from="loc_eba_x4" xlink:to="loc_eba_x10" weight="1" order="1" />
    <link:loc xlink:type="locator" xlink:href="mem.xsd#eba_x1" xlink:label="loc_eba_x1" />
    <link:calculationArc xlink:type="arc" xlink:arcrole="http://www.eurofiling.info/xbrl/arcrole/complete-breakdown" xlink:from="loc_eba_x4" xlink:to="loc_eba_x1" weight="1" order="2" />
    <link:loc xlink:type="locator" xlink:href="mem.xsd#eba_x20" xlink:label="loc_eba_x20" />
    <link:calculationArc xlink:type="arc" xlink:arcrole="http://www.eurofiling.info/xbrl/arcrole/complete-breakdown" xlink:from="loc_eba_x4" xlink:to="loc_eba_x20" weight="1" order="3" />
    <link:loc xlink:type="locator" xlink:href="mem.xsd#eba_x5" xlink:label="loc_eba_x5" />
    <link:calculationArc xlink:type="arc" xlink:arcrole="http://www.eurofiling.info/xbrl/arcrole/complete-breakdown" xlink:from="loc_eba_x4" xlink:to="loc_eba_x5" weight="1" order="4" />
  </link:calculationLink>
  <link:calculationLink xlink:type="extended" xlink:role="http://www.eba.europa.eu/xbrl/crr/role/dict/dom/CT/CT42">
    <link:loc xlink:type="locator" xlink:href="mem.xsd#eba_x24" xlink:label="loc_eba_x24" />
    <link:loc xlink:type="locator" xlink:href="mem.xsd#eba_x2" xlink:label="loc_eba_x2" />
    <link:calculationArc xlink:type="arc" xlink:arcrole="http://www.eurofiling.info/xbrl/arcrole/complete-breakdown" xlink:from="loc_eba_x24" xlink:to="loc_eba_x2" weight="1" order="1" />
    <link:loc xlink:type="locator" xlink:href="mem.xsd#eba_x29" xlink:label="loc_eba_x29" />
    <link:calculationArc xlink:type="arc" xlink:arcrole="http://www.eurofiling.info/xbrl/arcrole/complete-breakdown" xlink:from="loc_eba_x24" xlink:to="loc_eba_x29" weight="1" order="2" />
    <link:loc xlink:type="locator" xlink:href="mem.xsd#eba_x16" xlink:label="loc_eba_x16" />
    <link:calculationArc xlink:type="arc" xlink:arcrole="http://www.eurofiling.info/xbrl/arcrole/complete-breakdown" xlink:from="loc_eba_x29" xlink:to="loc_eba_x16" weight="1" order="1" />
    <link:loc xlink:type="locator" xlink:href="mem.xsd#eba_x25" xlink:label="loc_eba_x25" />
    <link:calculationArc xlink:type="arc" xlink:arcrole="http://www.eurofiling.info/xbrl/arcrole/complete-breakdown" xlink:from="loc_eba_x29" xlink:to="loc_eba_x25" weight="1" order="2" />
    <link:loc xlink:type="locator" xlink:href="mem.xsd#eba_x15" xlink:label="loc_eba_x15" />
    <link:calculationArc xlink:type="arc" xlink:arcrole="http://www.eurofiling.info/xbrl/arcrole/complete-breakdown" xlink:from="loc_eba_x25" xlink:to="loc_eba_x15" weight="1" order="1" />
    <link:loc xlink:type="locator" xlink:href="mem.xsd#eba_x13" xlink:label="loc_eba_x13" />
    <link:calculationArc xlink:type="arc" xlink:arcrole="http://www.eurofiling.info/xbrl/arcrole/complete-breakdown" xlink:from="loc_eba_x25" xlink:to="loc_eba_x13" weight="1" order="2" />
    <link:loc xlink:type="locator" xlink:href="mem.xsd#eba_x19" xlink:label="loc_eba_x19" />
    <link:calculationArc xlink:type="arc" xlink:arcrole="http://www.eurofiling.info/xbrl/arcrole/complete-breakdown" xlink:from="loc_eba_x29" xlink:to="loc_eba_x19" weight="1" order="3" />
  </link:calculationLink>
  <link:calculationLink xlink:type="extended" xlink:role="http://www.eba.europa.eu/xbrl/crr/role/dict/dom/CT/CT20">
    <link:loc xlink:type="locator" xlink:href="mem.xsd#eba_x0" xlink:label="loc_eba_x0" />
    <link:loc xlink:type="locator" xlink:href="mem.xsd#eba_x23" xlink:label="loc_eba_x23" />
    <link:calculationArc xlink:type="arc" xlink:arcrole="http://www.eurofiling.info/xbrl/arcrole/partial-breakdown" xlink:from="loc_eba_x0" xlink:to="loc_eba_x23" weight="1" order="1" />
    <link:loc xlink:type="locator" xlink:href="mem.xsd#eba_x49" xlink:label="loc_eba_x49" />
    <link:calculationArc xlink:type="arc" xlink:arcrole="http://www.eurofiling.info/xbrl/arcrole/partial-breakdown" xlink:from="loc_eba_x23" xlink:to="loc_eba_x49" weight="1" order="1" />
  </link:calculationLink>
  <link:calculationLink xlink:type="extended" xlink:role="http://www.eba.europa.eu/xbrl/crr/role/dict/dom/CT/CT16" />
</link:linkbase>