﻿<?xml version="1.0" encoding="utf-8"?>
<?taxonomy-version 2.0.0?>
<!--(C) EBA-->
<link:linkbase xmlns:xsi="http://www.w3.org/2001/XMLSchema-instance" xmlns:xlink="http://www.w3.org/1999/xlink" xmlns:link="http://www.xbrl.org/2003/linkbase" xmlns:gen="http://xbrl.org/2008/generic" xmlns:label="http://xbrl.org/2008/label" xsi:schemaLocation="http://www.xbrl.org/2003/linkbase http://www.xbrl.org/2003/xbrl-linkbase-2003-12-31.xsd http://xbrl.org/2008/generic http://www.xbrl.org/2008/generic-link.xsd http://xbrl.org/2008/label http://www.xbrl.org/2008/generic-label.xsd">
  <link:arcroleRef arcroleURI="http://xbrl.org/arcrole/2008/element-label" xlink:type="simple" xlink:href="http://www.xbrl.org/2008/generic-label.xsd#element-label" />
  <link:roleRef roleURI="http://www.xbrl.org/2008/role/label" xlink:type="simple" xlink:href="http://www.xbrl.org/2008/generic-label.xsd#standard-label" />
  <link:roleRef roleURI="http://www.xbrl.org/2008/role/verboseLabel" xlink:type="simple" xlink:href="http://www.xbrl.org/2008/generic-label.xsd#verbose-label" />
  <gen:link xlink:type="extended" xlink:role="http://www.xbrl.org/2003/role/link">
    <link:loc xlink:type="locator" xlink:href="c_43.00.c-rend.xml#eba_tC_43.00.c" xlink:label="loc_eba_tC_43.00.c" />
    <label:label xlink:type="resource" xlink:label="label_eba_tC_43.00.c" xml:lang="en" xlink:role="http://www.xbrl.org/2008/role/label">C 43.00.c (LR4)</label:label>
    <gen:arc xlink:type="arc" xlink:arcrole="http://xbrl.org/arcrole/2008/element-label" xlink:from="loc_eba_tC_43.00.c" xlink:to="label_eba_tC_43.00.c" />
    <label:label xlink:type="resource" xlink:label="label_eba_tC_43.00.c_1" xml:lang="en" xlink:role="http://www.xbrl.org/2008/role/verboseLabel">C 43.00.c (LR4) Breakdown of leverage ratio exposure measure components: Other non-trading book exposures (IRB)</label:label>
    <gen:arc xlink:type="arc" xlink:arcrole="http://xbrl.org/arcrole/2008/element-label" xlink:from="loc_eba_tC_43.00.c" xlink:to="label_eba_tC_43.00.c_1" />
    <link:loc xlink:type="locator" xlink:href="c_43.00.c-rend.xml#eba_a1" xlink:label="loc_eba_a1" />
    <label:label xlink:type="resource" xlink:label="label_eba_a1" xml:lang="en" xlink:role="http://www.xbrl.org/2008/role/label">Columns</label:label>
    <gen:arc xlink:type="arc" xlink:arcrole="http://xbrl.org/arcrole/2008/element-label" xlink:from="loc_eba_a1" xlink:to="label_eba_a1" />
    <link:loc xlink:type="locator" xlink:href="c_43.00.c-rend.xml#eba_c23585" xlink:label="loc_eba_c23585" />
    <label:label xlink:type="resource" xlink:label="label_eba_c23585" xml:lang="en" xlink:role="http://www.xbrl.org/2008/role/label">Leverage Ratio Exposure Value: IRB Exposures</label:label>
    <gen:arc xlink:type="arc" xlink:arcrole="http://xbrl.org/arcrole/2008/element-label" xlink:from="loc_eba_c23585" xlink:to="label_eba_c23585" />
    <link:loc xlink:type="locator" xlink:href="c_43.00.c-rend.xml#eba_c23586" xlink:label="loc_eba_c23586" />
    <label:label xlink:type="resource" xlink:label="label_eba_c23586" xml:lang="en" xlink:role="http://www.xbrl.org/2008/role/label">RWAs: IRB exposures</label:label>
    <gen:arc xlink:type="arc" xlink:arcrole="http://xbrl.org/arcrole/2008/element-label" xlink:from="loc_eba_c23586" xlink:to="label_eba_c23586" />
    <link:loc xlink:type="locator" xlink:href="c_43.00.c-rend.xml#eba_a2" xlink:label="loc_eba_a2" />
    <label:label xlink:type="resource" xlink:label="label_eba_a2" xml:lang="en" xlink:role="http://www.xbrl.org/2008/role/label">Rows</label:label>
    <gen:arc xlink:type="arc" xlink:arcrole="http://xbrl.org/arcrole/2008/element-label" xlink:from="loc_eba_a2" xlink:to="label_eba_a2" />
    <link:loc xlink:type="locator" xlink:href="c_43.00.c-rend.xml#eba_c23587" xlink:label="loc_eba_c23587" />
    <label:label xlink:type="resource" xlink:label="label_eba_c23587" xml:lang="en" xlink:role="http://www.xbrl.org/2008/role/label">Covered bonds</label:label>
    <gen:arc xlink:type="arc" xlink:arcrole="http://xbrl.org/arcrole/2008/element-label" xlink:from="loc_eba_c23587" xlink:to="label_eba_c23587" />
    <link:loc xlink:type="locator" xlink:href="c_43.00.c-rend.xml#eba_c23588" xlink:label="loc_eba_c23588" />
    <label:label xlink:type="resource" xlink:label="label_eba_c23588" xml:lang="en" xlink:role="http://www.xbrl.org/2008/role/label">Exposures treated as sovereigns</label:label>
    <gen:arc xlink:type="arc" xlink:arcrole="http://xbrl.org/arcrole/2008/element-label" xlink:from="loc_eba_c23588" xlink:to="label_eba_c23588" />
    <link:loc xlink:type="locator" xlink:href="c_43.00.c-rend.xml#eba_c23589" xlink:label="loc_eba_c23589" />
    <label:label xlink:type="resource" xlink:label="label_eba_c23589" xml:lang="en" xlink:role="http://www.xbrl.org/2008/role/label">Central governments and Central banks</label:label>
    <gen:arc xlink:type="arc" xlink:arcrole="http://xbrl.org/arcrole/2008/element-label" xlink:from="loc_eba_c23589" xlink:to="label_eba_c23589" />
    <link:loc xlink:type="locator" xlink:href="c_43.00.c-rend.xml#eba_c23590" xlink:label="loc_eba_c23590" />
    <label:label xlink:type="resource" xlink:label="label_eba_c23590" xml:lang="en" xlink:role="http://www.xbrl.org/2008/role/label">Regional governments and local authorities treated as sovereigns</label:label>
    <gen:arc xlink:type="arc" xlink:arcrole="http://xbrl.org/arcrole/2008/element-label" xlink:from="loc_eba_c23590" xlink:to="label_eba_c23590" />
    <link:loc xlink:type="locator" xlink:href="c_43.00.c-rend.xml#eba_c23591" xlink:label="loc_eba_c23591" />
    <label:label xlink:type="resource" xlink:label="label_eba_c23591" xml:lang="en" xlink:role="http://www.xbrl.org/2008/role/label">MDBs and international organisations treated as sovereigns</label:label>
    <gen:arc xlink:type="arc" xlink:arcrole="http://xbrl.org/arcrole/2008/element-label" xlink:from="loc_eba_c23591" xlink:to="label_eba_c23591" />
    <link:loc xlink:type="locator" xlink:href="c_43.00.c-rend.xml#eba_c23592" xlink:label="loc_eba_c23592" />
    <label:label xlink:type="resource" xlink:label="label_eba_c23592" xml:lang="en" xlink:role="http://www.xbrl.org/2008/role/label">PSEs treated as sovereigns</label:label>
    <gen:arc xlink:type="arc" xlink:arcrole="http://xbrl.org/arcrole/2008/element-label" xlink:from="loc_eba_c23592" xlink:to="label_eba_c23592" />
    <link:loc xlink:type="locator" xlink:href="c_43.00.c-rend.xml#eba_c23593" xlink:label="loc_eba_c23593" />
    <label:label xlink:type="resource" xlink:label="label_eba_c23593" xml:lang="en" xlink:role="http://www.xbrl.org/2008/role/label">Exposures to regional governments, MDB, international organisations and PSE NOT treated as sovereigns;</label:label>
    <gen:arc xlink:type="arc" xlink:arcrole="http://xbrl.org/arcrole/2008/element-label" xlink:from="loc_eba_c23593" xlink:to="label_eba_c23593" />
    <link:loc xlink:type="locator" xlink:href="c_43.00.c-rend.xml#eba_c23594" xlink:label="loc_eba_c23594" />
    <label:label xlink:type="resource" xlink:label="label_eba_c23594" xml:lang="en" xlink:role="http://www.xbrl.org/2008/role/label">Regional governments and local authorities NOT treated as sovereigns</label:label>
    <gen:arc xlink:type="arc" xlink:arcrole="http://xbrl.org/arcrole/2008/element-label" xlink:from="loc_eba_c23594" xlink:to="label_eba_c23594" />
    <link:loc xlink:type="locator" xlink:href="c_43.00.c-rend.xml#eba_c23595" xlink:label="loc_eba_c23595" />
    <label:label xlink:type="resource" xlink:label="label_eba_c23595" xml:lang="en" xlink:role="http://www.xbrl.org/2008/role/label">MDBs NOT treated as sovereigns</label:label>
    <gen:arc xlink:type="arc" xlink:arcrole="http://xbrl.org/arcrole/2008/element-label" xlink:from="loc_eba_c23595" xlink:to="label_eba_c23595" />
    <link:loc xlink:type="locator" xlink:href="c_43.00.c-rend.xml#eba_c23596" xlink:label="loc_eba_c23596" />
    <label:label xlink:type="resource" xlink:label="label_eba_c23596" xml:lang="en" xlink:role="http://www.xbrl.org/2008/role/label">PSEs NOT treated as a sovereign</label:label>
    <gen:arc xlink:type="arc" xlink:arcrole="http://xbrl.org/arcrole/2008/element-label" xlink:from="loc_eba_c23596" xlink:to="label_eba_c23596" />
    <link:loc xlink:type="locator" xlink:href="c_43.00.c-rend.xml#eba_c23597" xlink:label="loc_eba_c23597" />
    <label:label xlink:type="resource" xlink:label="label_eba_c23597" xml:lang="en" xlink:role="http://www.xbrl.org/2008/role/label">Institutions</label:label>
    <gen:arc xlink:type="arc" xlink:arcrole="http://xbrl.org/arcrole/2008/element-label" xlink:from="loc_eba_c23597" xlink:to="label_eba_c23597" />
    <link:loc xlink:type="locator" xlink:href="c_43.00.c-rend.xml#eba_c23598" xlink:label="loc_eba_c23598" />
    <label:label xlink:type="resource" xlink:label="label_eba_c23598" xml:lang="en" xlink:role="http://www.xbrl.org/2008/role/label">Secured by mortgages of immovable properties; of which</label:label>
    <gen:arc xlink:type="arc" xlink:arcrole="http://xbrl.org/arcrole/2008/element-label" xlink:from="loc_eba_c23598" xlink:to="label_eba_c23598" />
    <link:loc xlink:type="locator" xlink:href="c_43.00.c-rend.xml#eba_c23599" xlink:label="loc_eba_c23599" />
    <label:label xlink:type="resource" xlink:label="label_eba_c23599" xml:lang="en" xlink:role="http://www.xbrl.org/2008/role/label">Secured by mortgages of residential properties</label:label>
    <gen:arc xlink:type="arc" xlink:arcrole="http://xbrl.org/arcrole/2008/element-label" xlink:from="loc_eba_c23599" xlink:to="label_eba_c23599" />
    <link:loc xlink:type="locator" xlink:href="c_43.00.c-rend.xml#eba_c23600" xlink:label="loc_eba_c23600" />
    <label:label xlink:type="resource" xlink:label="label_eba_c23600" xml:lang="en" xlink:role="http://www.xbrl.org/2008/role/label">Retail Exposures</label:label>
    <gen:arc xlink:type="arc" xlink:arcrole="http://xbrl.org/arcrole/2008/element-label" xlink:from="loc_eba_c23600" xlink:to="label_eba_c23600" />
    <link:loc xlink:type="locator" xlink:href="c_43.00.c-rend.xml#eba_c23601" xlink:label="loc_eba_c23601" />
    <label:label xlink:type="resource" xlink:label="label_eba_c23601" xml:lang="en" xlink:role="http://www.xbrl.org/2008/role/label">Retail SME</label:label>
    <gen:arc xlink:type="arc" xlink:arcrole="http://xbrl.org/arcrole/2008/element-label" xlink:from="loc_eba_c23601" xlink:to="label_eba_c23601" />
    <link:loc xlink:type="locator" xlink:href="c_43.00.c-rend.xml#eba_c23602" xlink:label="loc_eba_c23602" />
    <label:label xlink:type="resource" xlink:label="label_eba_c23602" xml:lang="en" xlink:role="http://www.xbrl.org/2008/role/label">Corporate</label:label>
    <gen:arc xlink:type="arc" xlink:arcrole="http://xbrl.org/arcrole/2008/element-label" xlink:from="loc_eba_c23602" xlink:to="label_eba_c23602" />
    <link:loc xlink:type="locator" xlink:href="c_43.00.c-rend.xml#eba_c23603" xlink:label="loc_eba_c23603" />
    <label:label xlink:type="resource" xlink:label="label_eba_c23603" xml:lang="en" xlink:role="http://www.xbrl.org/2008/role/label">Financial</label:label>
    <gen:arc xlink:type="arc" xlink:arcrole="http://xbrl.org/arcrole/2008/element-label" xlink:from="loc_eba_c23603" xlink:to="label_eba_c23603" />
    <link:loc xlink:type="locator" xlink:href="c_43.00.c-rend.xml#eba_c23604" xlink:label="loc_eba_c23604" />
    <label:label xlink:type="resource" xlink:label="label_eba_c23604" xml:lang="en" xlink:role="http://www.xbrl.org/2008/role/label">Non-financial</label:label>
    <gen:arc xlink:type="arc" xlink:arcrole="http://xbrl.org/arcrole/2008/element-label" xlink:from="loc_eba_c23604" xlink:to="label_eba_c23604" />
    <link:loc xlink:type="locator" xlink:href="c_43.00.c-rend.xml#eba_c23605" xlink:label="loc_eba_c23605" />
    <label:label xlink:type="resource" xlink:label="label_eba_c23605" xml:lang="en" xlink:role="http://www.xbrl.org/2008/role/label">SME exposures</label:label>
    <gen:arc xlink:type="arc" xlink:arcrole="http://xbrl.org/arcrole/2008/element-label" xlink:from="loc_eba_c23605" xlink:to="label_eba_c23605" />
    <link:loc xlink:type="locator" xlink:href="c_43.00.c-rend.xml#eba_c23606" xlink:label="loc_eba_c23606" />
    <label:label xlink:type="resource" xlink:label="label_eba_c23606" xml:lang="en" xlink:role="http://www.xbrl.org/2008/role/label">Corporate exposures other than SME</label:label>
    <gen:arc xlink:type="arc" xlink:arcrole="http://xbrl.org/arcrole/2008/element-label" xlink:from="loc_eba_c23606" xlink:to="label_eba_c23606" />
    <link:loc xlink:type="locator" xlink:href="c_43.00.c-rend.xml#eba_c23607" xlink:label="loc_eba_c23607" />
    <label:label xlink:type="resource" xlink:label="label_eba_c23607" xml:lang="en" xlink:role="http://www.xbrl.org/2008/role/label">Exposures in default</label:label>
    <gen:arc xlink:type="arc" xlink:arcrole="http://xbrl.org/arcrole/2008/element-label" xlink:from="loc_eba_c23607" xlink:to="label_eba_c23607" />
    <link:loc xlink:type="locator" xlink:href="c_43.00.c-rend.xml#eba_c23608" xlink:label="loc_eba_c23608" />
    <label:label xlink:type="resource" xlink:label="label_eba_c23608" xml:lang="en" xlink:role="http://www.xbrl.org/2008/role/label">Other exposures (e.g. equity and other non-credit obligation assets); of which</label:label>
    <gen:arc xlink:type="arc" xlink:arcrole="http://xbrl.org/arcrole/2008/element-label" xlink:from="loc_eba_c23608" xlink:to="label_eba_c23608" />
    <link:loc xlink:type="locator" xlink:href="c_43.00.c-rend.xml#eba_c23609" xlink:label="loc_eba_c23609" />
    <label:label xlink:type="resource" xlink:label="label_eba_c23609" xml:lang="en" xlink:role="http://www.xbrl.org/2008/role/label">Securitisation exposures</label:label>
    <gen:arc xlink:type="arc" xlink:arcrole="http://xbrl.org/arcrole/2008/element-label" xlink:from="loc_eba_c23609" xlink:to="label_eba_c23609" />
    <link:loc xlink:type="locator" xlink:href="c_43.00.c-rend.xml#eba_c23610" xlink:label="loc_eba_c23610" />
    <label:label xlink:type="resource" xlink:label="label_eba_c23610" xml:lang="en" xlink:role="http://www.xbrl.org/2008/role/label">Trade finance (Memo item); of which</label:label>
    <gen:arc xlink:type="arc" xlink:arcrole="http://xbrl.org/arcrole/2008/element-label" xlink:from="loc_eba_c23610" xlink:to="label_eba_c23610" />
    <link:loc xlink:type="locator" xlink:href="c_43.00.c-rend.xml#eba_c23611" xlink:label="loc_eba_c23611" />
    <label:label xlink:type="resource" xlink:label="label_eba_c23611" xml:lang="en" xlink:role="http://www.xbrl.org/2008/role/label">Under official export credit insurance scheme</label:label>
    <gen:arc xlink:type="arc" xlink:arcrole="http://xbrl.org/arcrole/2008/element-label" xlink:from="loc_eba_c23611" xlink:to="label_eba_c23611" />
  </gen:link>
</link:linkbase>