﻿<?xml version="1.0" encoding="utf-8"?>
<?taxonomy-version 2.0.0?>
<!--(C) EBA-->
<link:linkbase xmlns:xsi="http://www.w3.org/2001/XMLSchema-instance" xmlns:xlink="http://www.w3.org/1999/xlink" xmlns:link="http://www.xbrl.org/2003/linkbase" xmlns:gen="http://xbrl.org/2008/generic" xmlns:label="http://xbrl.org/2008/label" xsi:schemaLocation="http://www.xbrl.org/2003/linkbase http://www.xbrl.org/2003/xbrl-linkbase-2003-12-31.xsd http://xbrl.org/2008/generic http://www.xbrl.org/2008/generic-link.xsd http://xbrl.org/2008/label http://www.xbrl.org/2008/generic-label.xsd">
  <link:arcroleRef arcroleURI="http://xbrl.org/arcrole/2008/element-label" xlink:type="simple" xlink:href="http://www.xbrl.org/2008/generic-label.xsd#element-label" />
  <link:roleRef roleURI="http://www.xbrl.org/2008/role/label" xlink:type="simple" xlink:href="http://www.xbrl.org/2008/generic-label.xsd#standard-label" />
  <link:roleRef roleURI="http://www.xbrl.org/2008/role/verboseLabel" xlink:type="simple" xlink:href="http://www.xbrl.org/2008/generic-label.xsd#verbose-label" />
  <gen:link xlink:type="extended" xlink:role="http://www.xbrl.org/2003/role/link">
    <link:loc xlink:type="locator" xlink:href="c_40.00-rend.xml#eba_tC_40.00" xlink:label="loc_eba_tC_40.00" />
    <label:label xlink:type="resource" xlink:label="label_eba_tC_40.00" xml:lang="en" xlink:role="http://www.xbrl.org/2008/role/label">C 40.00 (LR1)</label:label>
    <gen:arc xlink:type="arc" xlink:arcrole="http://xbrl.org/arcrole/2008/element-label" xlink:from="loc_eba_tC_40.00" xlink:to="label_eba_tC_40.00" />
    <label:label xlink:type="resource" xlink:label="label_eba_tC_40.00_1" xml:lang="en" xlink:role="http://www.xbrl.org/2008/role/verboseLabel">C 40.00 (LR1) Alternative treatment of the Exposure Measure</label:label>
    <gen:arc xlink:type="arc" xlink:arcrole="http://xbrl.org/arcrole/2008/element-label" xlink:from="loc_eba_tC_40.00" xlink:to="label_eba_tC_40.00_1" />
    <link:loc xlink:type="locator" xlink:href="c_40.00-rend.xml#eba_a1" xlink:label="loc_eba_a1" />
    <label:label xlink:type="resource" xlink:label="label_eba_a1" xml:lang="en" xlink:role="http://www.xbrl.org/2008/role/label">Columns</label:label>
    <gen:arc xlink:type="arc" xlink:arcrole="http://xbrl.org/arcrole/2008/element-label" xlink:from="loc_eba_a1" xlink:to="label_eba_a1" />
    <link:loc xlink:type="locator" xlink:href="c_40.00-rend.xml#eba_c21061" xlink:label="loc_eba_c21061" />
    <label:label xlink:type="resource" xlink:label="label_eba_c21061" xml:lang="en" xlink:role="http://www.xbrl.org/2008/role/label">Accounting balance sheet value</label:label>
    <gen:arc xlink:type="arc" xlink:arcrole="http://xbrl.org/arcrole/2008/element-label" xlink:from="loc_eba_c21061" xlink:to="label_eba_c21061" />
    <link:loc xlink:type="locator" xlink:href="c_40.00-rend.xml#eba_c21062" xlink:label="loc_eba_c21062" />
    <label:label xlink:type="resource" xlink:label="label_eba_c21062" xml:lang="en" xlink:role="http://www.xbrl.org/2008/role/label">Accounting value assuming no netting or other CRM</label:label>
    <gen:arc xlink:type="arc" xlink:arcrole="http://xbrl.org/arcrole/2008/element-label" xlink:from="loc_eba_c21062" xlink:to="label_eba_c21062" />
    <link:loc xlink:type="locator" xlink:href="c_40.00-rend.xml#eba_c21063" xlink:label="loc_eba_c21063" />
    <label:label xlink:type="resource" xlink:label="label_eba_c21063" xml:lang="en" xlink:role="http://www.xbrl.org/2008/role/label">Value with netting rules (Derivatives) taking into account cash collateral</label:label>
    <gen:arc xlink:type="arc" xlink:arcrole="http://xbrl.org/arcrole/2008/element-label" xlink:from="loc_eba_c21063" xlink:to="label_eba_c21063" />
    <link:loc xlink:type="locator" xlink:href="c_40.00-rend.xml#eba_c21064" xlink:label="loc_eba_c21064" />
    <label:label xlink:type="resource" xlink:label="label_eba_c21064" xml:lang="en" xlink:role="http://www.xbrl.org/2008/role/label">Add-on amount (SFT)</label:label>
    <gen:arc xlink:type="arc" xlink:arcrole="http://xbrl.org/arcrole/2008/element-label" xlink:from="loc_eba_c21064" xlink:to="label_eba_c21064" />
    <link:loc xlink:type="locator" xlink:href="c_40.00-rend.xml#eba_c21065" xlink:label="loc_eba_c21065" />
    <label:label xlink:type="resource" xlink:label="label_eba_c21065" xml:lang="en" xlink:role="http://www.xbrl.org/2008/role/label">Add-on Mark-to-market method (assuming no netting or CRM) (Derivatives)</label:label>
    <gen:arc xlink:type="arc" xlink:arcrole="http://xbrl.org/arcrole/2008/element-label" xlink:from="loc_eba_c21065" xlink:to="label_eba_c21065" />
    <link:loc xlink:type="locator" xlink:href="c_40.00-rend.xml#eba_c21066" xlink:label="loc_eba_c21066" />
    <label:label xlink:type="resource" xlink:label="label_eba_c21066" xml:lang="en" xlink:role="http://www.xbrl.org/2008/role/label">Add-on Mark-to-market method (alternative) (Derivatives)</label:label>
    <gen:arc xlink:type="arc" xlink:arcrole="http://xbrl.org/arcrole/2008/element-label" xlink:from="loc_eba_c21066" xlink:to="label_eba_c21066" />
    <link:loc xlink:type="locator" xlink:href="c_40.00-rend.xml#eba_c21067" xlink:label="loc_eba_c21067" />
    <label:label xlink:type="resource" xlink:label="label_eba_c21067" xml:lang="en" xlink:role="http://www.xbrl.org/2008/role/label">Notional amount/Nominal value</label:label>
    <gen:arc xlink:type="arc" xlink:arcrole="http://xbrl.org/arcrole/2008/element-label" xlink:from="loc_eba_c21067" xlink:to="label_eba_c21067" />
    <link:loc xlink:type="locator" xlink:href="c_40.00-rend.xml#eba_c21068" xlink:label="loc_eba_c21068" />
    <label:label xlink:type="resource" xlink:label="label_eba_c21068" xml:lang="en" xlink:role="http://www.xbrl.org/2008/role/label">Notional amount (same reference name)</label:label>
    <gen:arc xlink:type="arc" xlink:arcrole="http://xbrl.org/arcrole/2008/element-label" xlink:from="loc_eba_c21068" xlink:to="label_eba_c21068" />
    <link:loc xlink:type="locator" xlink:href="c_40.00-rend.xml#eba_c21069" xlink:label="loc_eba_c21069" />
    <label:label xlink:type="resource" xlink:label="label_eba_c21069" xml:lang="en" xlink:role="http://www.xbrl.org/2008/role/label">Notional amount (same reference name and counterparty or CCP)</label:label>
    <gen:arc xlink:type="arc" xlink:arcrole="http://xbrl.org/arcrole/2008/element-label" xlink:from="loc_eba_c21069" xlink:to="label_eba_c21069" />
    <link:loc xlink:type="locator" xlink:href="c_40.00-rend.xml#eba_c21070" xlink:label="loc_eba_c21070" />
    <label:label xlink:type="resource" xlink:label="label_eba_c21070" xml:lang="en" xlink:role="http://www.xbrl.org/2008/role/label">Notional amount (same reference name and bought protection from CCP)</label:label>
    <gen:arc xlink:type="arc" xlink:arcrole="http://xbrl.org/arcrole/2008/element-label" xlink:from="loc_eba_c21070" xlink:to="label_eba_c21070" />
    <link:loc xlink:type="locator" xlink:href="c_40.00-rend.xml#eba_c21071" xlink:label="loc_eba_c21071" />
    <label:label xlink:type="resource" xlink:label="label_eba_c21071" xml:lang="en" xlink:role="http://www.xbrl.org/2008/role/label">Notional amount (same reference name and same or higher maturity)</label:label>
    <gen:arc xlink:type="arc" xlink:arcrole="http://xbrl.org/arcrole/2008/element-label" xlink:from="loc_eba_c21071" xlink:to="label_eba_c21071" />
    <link:loc xlink:type="locator" xlink:href="c_40.00-rend.xml#eba_a2" xlink:label="loc_eba_a2" />
    <label:label xlink:type="resource" xlink:label="label_eba_a2" xml:lang="en" xlink:role="http://www.xbrl.org/2008/role/label">Rows</label:label>
    <gen:arc xlink:type="arc" xlink:arcrole="http://xbrl.org/arcrole/2008/element-label" xlink:from="loc_eba_a2" xlink:to="label_eba_a2" />
    <link:loc xlink:type="locator" xlink:href="c_40.00-rend.xml#eba_c21072" xlink:label="loc_eba_c21072" />
    <label:label xlink:type="resource" xlink:label="label_eba_c21072" xml:lang="en" xlink:role="http://www.xbrl.org/2008/role/label">Derivatives</label:label>
    <gen:arc xlink:type="arc" xlink:arcrole="http://xbrl.org/arcrole/2008/element-label" xlink:from="loc_eba_c21072" xlink:to="label_eba_c21072" />
    <link:loc xlink:type="locator" xlink:href="c_40.00-rend.xml#eba_c21073" xlink:label="loc_eba_c21073" />
    <label:label xlink:type="resource" xlink:label="label_eba_c21073" xml:lang="en" xlink:role="http://www.xbrl.org/2008/role/label">Credit derivatives (protection sold)</label:label>
    <gen:arc xlink:type="arc" xlink:arcrole="http://xbrl.org/arcrole/2008/element-label" xlink:from="loc_eba_c21073" xlink:to="label_eba_c21073" />
    <link:loc xlink:type="locator" xlink:href="c_40.00-rend.xml#eba_c21074" xlink:label="loc_eba_c21074" />
    <label:label xlink:type="resource" xlink:label="label_eba_c21074" xml:lang="en" xlink:role="http://www.xbrl.org/2008/role/label">Credit derivatives (protection sold), which are subject to close out clause</label:label>
    <gen:arc xlink:type="arc" xlink:arcrole="http://xbrl.org/arcrole/2008/element-label" xlink:from="loc_eba_c21074" xlink:to="label_eba_c21074" />
    <link:loc xlink:type="locator" xlink:href="c_40.00-rend.xml#eba_c21075" xlink:label="loc_eba_c21075" />
    <label:label xlink:type="resource" xlink:label="label_eba_c21075" xml:lang="en" xlink:role="http://www.xbrl.org/2008/role/label">Credit derivatives (protection sold), which are not subject to close out clause</label:label>
    <gen:arc xlink:type="arc" xlink:arcrole="http://xbrl.org/arcrole/2008/element-label" xlink:from="loc_eba_c21075" xlink:to="label_eba_c21075" />
    <link:loc xlink:type="locator" xlink:href="c_40.00-rend.xml#eba_c21076" xlink:label="loc_eba_c21076" />
    <label:label xlink:type="resource" xlink:label="label_eba_c21076" xml:lang="en" xlink:role="http://www.xbrl.org/2008/role/label">Credit derivatives (protection bought)</label:label>
    <gen:arc xlink:type="arc" xlink:arcrole="http://xbrl.org/arcrole/2008/element-label" xlink:from="loc_eba_c21076" xlink:to="label_eba_c21076" />
    <link:loc xlink:type="locator" xlink:href="c_40.00-rend.xml#eba_c21077" xlink:label="loc_eba_c21077" />
    <label:label xlink:type="resource" xlink:label="label_eba_c21077" xml:lang="en" xlink:role="http://www.xbrl.org/2008/role/label">Financial derivatives</label:label>
    <gen:arc xlink:type="arc" xlink:arcrole="http://xbrl.org/arcrole/2008/element-label" xlink:from="loc_eba_c21077" xlink:to="label_eba_c21077" />
    <link:loc xlink:type="locator" xlink:href="c_40.00-rend.xml#eba_c21078" xlink:label="loc_eba_c21078" />
    <label:label xlink:type="resource" xlink:label="label_eba_c21078" xml:lang="en" xlink:role="http://www.xbrl.org/2008/role/label">SFT covered by a master netting agreement</label:label>
    <gen:arc xlink:type="arc" xlink:arcrole="http://xbrl.org/arcrole/2008/element-label" xlink:from="loc_eba_c21078" xlink:to="label_eba_c21078" />
    <link:loc xlink:type="locator" xlink:href="c_40.00-rend.xml#eba_c21079" xlink:label="loc_eba_c21079" />
    <label:label xlink:type="resource" xlink:label="label_eba_c21079" xml:lang="en" xlink:role="http://www.xbrl.org/2008/role/label">SFT not covered by a master netting agreement</label:label>
    <gen:arc xlink:type="arc" xlink:arcrole="http://xbrl.org/arcrole/2008/element-label" xlink:from="loc_eba_c21079" xlink:to="label_eba_c21079" />
    <link:loc xlink:type="locator" xlink:href="c_40.00-rend.xml#eba_c21080" xlink:label="loc_eba_c21080" />
    <label:label xlink:type="resource" xlink:label="label_eba_c21080" xml:lang="en" xlink:role="http://www.xbrl.org/2008/role/label">Other Assets</label:label>
    <gen:arc xlink:type="arc" xlink:arcrole="http://xbrl.org/arcrole/2008/element-label" xlink:from="loc_eba_c21080" xlink:to="label_eba_c21080" />
    <link:loc xlink:type="locator" xlink:href="c_40.00-rend.xml#eba_c21081" xlink:label="loc_eba_c21081" />
    <label:label xlink:type="resource" xlink:label="label_eba_c21081" xml:lang="en" xlink:role="http://www.xbrl.org/2008/role/label">Low-risk off-balance sheet items under the RSA</label:label>
    <gen:arc xlink:type="arc" xlink:arcrole="http://xbrl.org/arcrole/2008/element-label" xlink:from="loc_eba_c21081" xlink:to="label_eba_c21081" />
    <link:loc xlink:type="locator" xlink:href="c_40.00-rend.xml#eba_c21082" xlink:label="loc_eba_c21082" />
    <label:label xlink:type="resource" xlink:label="label_eba_c21082" xml:lang="en" xlink:role="http://www.xbrl.org/2008/role/label">Revolving retail exposures; of which</label:label>
    <gen:arc xlink:type="arc" xlink:arcrole="http://xbrl.org/arcrole/2008/element-label" xlink:from="loc_eba_c21082" xlink:to="label_eba_c21082" />
    <link:loc xlink:type="locator" xlink:href="c_40.00-rend.xml#eba_c21083" xlink:label="loc_eba_c21083" />
    <label:label xlink:type="resource" xlink:label="label_eba_c21083" xml:lang="en" xlink:role="http://www.xbrl.org/2008/role/label">Unconditionally cancellable credit cards commitments</label:label>
    <gen:arc xlink:type="arc" xlink:arcrole="http://xbrl.org/arcrole/2008/element-label" xlink:from="loc_eba_c21083" xlink:to="label_eba_c21083" />
    <link:loc xlink:type="locator" xlink:href="c_40.00-rend.xml#eba_c21084" xlink:label="loc_eba_c21084" />
    <label:label xlink:type="resource" xlink:label="label_eba_c21084" xml:lang="en" xlink:role="http://www.xbrl.org/2008/role/label">Non revolving unconditionally cancellable commitments</label:label>
    <gen:arc xlink:type="arc" xlink:arcrole="http://xbrl.org/arcrole/2008/element-label" xlink:from="loc_eba_c21084" xlink:to="label_eba_c21084" />
    <link:loc xlink:type="locator" xlink:href="c_40.00-rend.xml#eba_c21085" xlink:label="loc_eba_c21085" />
    <label:label xlink:type="resource" xlink:label="label_eba_c21085" xml:lang="en" xlink:role="http://www.xbrl.org/2008/role/label">Medium/low risk off-balance sheet items under the RSA</label:label>
    <gen:arc xlink:type="arc" xlink:arcrole="http://xbrl.org/arcrole/2008/element-label" xlink:from="loc_eba_c21085" xlink:to="label_eba_c21085" />
    <link:loc xlink:type="locator" xlink:href="c_40.00-rend.xml#eba_c21086" xlink:label="loc_eba_c21086" />
    <label:label xlink:type="resource" xlink:label="label_eba_c21086" xml:lang="en" xlink:role="http://www.xbrl.org/2008/role/label">Medium risk off-balance sheet items under the RSA</label:label>
    <gen:arc xlink:type="arc" xlink:arcrole="http://xbrl.org/arcrole/2008/element-label" xlink:from="loc_eba_c21086" xlink:to="label_eba_c21086" />
    <link:loc xlink:type="locator" xlink:href="c_40.00-rend.xml#eba_c21087" xlink:label="loc_eba_c21087" />
    <label:label xlink:type="resource" xlink:label="label_eba_c21087" xml:lang="en" xlink:role="http://www.xbrl.org/2008/role/label">Full risk off-balance sheet items under the RSA</label:label>
    <gen:arc xlink:type="arc" xlink:arcrole="http://xbrl.org/arcrole/2008/element-label" xlink:from="loc_eba_c21087" xlink:to="label_eba_c21087" />
    <link:loc xlink:type="locator" xlink:href="c_40.00-rend.xml#eba_c21088" xlink:label="loc_eba_c21088" />
    <label:label xlink:type="resource" xlink:label="label_eba_c21088" xml:lang="en" xlink:role="http://www.xbrl.org/2008/role/label">(memo item) Drawn amount of revolving retail exposures</label:label>
    <gen:arc xlink:type="arc" xlink:arcrole="http://xbrl.org/arcrole/2008/element-label" xlink:from="loc_eba_c21088" xlink:to="label_eba_c21088" />
    <link:loc xlink:type="locator" xlink:href="c_40.00-rend.xml#eba_c21089" xlink:label="loc_eba_c21089" />
    <label:label xlink:type="resource" xlink:label="label_eba_c21089" xml:lang="en" xlink:role="http://www.xbrl.org/2008/role/label">(memo item) Drawn amounts on unconditionally cancellable credit cards commitments</label:label>
    <gen:arc xlink:type="arc" xlink:arcrole="http://xbrl.org/arcrole/2008/element-label" xlink:from="loc_eba_c21089" xlink:to="label_eba_c21089" />
    <link:loc xlink:type="locator" xlink:href="c_40.00-rend.xml#eba_c21090" xlink:label="loc_eba_c21090" />
    <label:label xlink:type="resource" xlink:label="label_eba_c21090" xml:lang="en" xlink:role="http://www.xbrl.org/2008/role/label">(memo item) Drawn amounts on non revolving unconditionally cancellable commitments</label:label>
    <gen:arc xlink:type="arc" xlink:arcrole="http://xbrl.org/arcrole/2008/element-label" xlink:from="loc_eba_c21090" xlink:to="label_eba_c21090" />
    <link:loc xlink:type="locator" xlink:href="c_40.00-rend.xml#eba_c21091" xlink:label="loc_eba_c21091" />
    <label:label xlink:type="resource" xlink:label="label_eba_c21091" xml:lang="en" xlink:role="http://www.xbrl.org/2008/role/label">(memo item) Derecognised fiduciary items according to Article 429(11) of the CRR</label:label>
    <gen:arc xlink:type="arc" xlink:arcrole="http://xbrl.org/arcrole/2008/element-label" xlink:from="loc_eba_c21091" xlink:to="label_eba_c21091" />
    <link:loc xlink:type="locator" xlink:href="c_40.00-rend.xml#eba_c21092" xlink:label="loc_eba_c21092" />
    <label:label xlink:type="resource" xlink:label="label_eba_c21092" xml:lang="en" xlink:role="http://www.xbrl.org/2008/role/label">Cash collateral received in derivatives transactions</label:label>
    <gen:arc xlink:type="arc" xlink:arcrole="http://xbrl.org/arcrole/2008/element-label" xlink:from="loc_eba_c21092" xlink:to="label_eba_c21092" />
    <link:loc xlink:type="locator" xlink:href="c_40.00-rend.xml#eba_c21093" xlink:label="loc_eba_c21093" />
    <label:label xlink:type="resource" xlink:label="label_eba_c21093" xml:lang="en" xlink:role="http://www.xbrl.org/2008/role/label">Receivables for cash collateral posted in derivatives transactions</label:label>
    <gen:arc xlink:type="arc" xlink:arcrole="http://xbrl.org/arcrole/2008/element-label" xlink:from="loc_eba_c21093" xlink:to="label_eba_c21093" />
    <link:loc xlink:type="locator" xlink:href="c_40.00-rend.xml#eba_c21094" xlink:label="loc_eba_c21094" />
    <label:label xlink:type="resource" xlink:label="label_eba_c21094" xml:lang="en" xlink:role="http://www.xbrl.org/2008/role/label">Securities received in a SFT that are recognised as an asset</label:label>
    <gen:arc xlink:type="arc" xlink:arcrole="http://xbrl.org/arcrole/2008/element-label" xlink:from="loc_eba_c21094" xlink:to="label_eba_c21094" />
    <link:loc xlink:type="locator" xlink:href="c_40.00-rend.xml#eba_c21095" xlink:label="loc_eba_c21095" />
    <label:label xlink:type="resource" xlink:label="label_eba_c21095" xml:lang="en" xlink:role="http://www.xbrl.org/2008/role/label">SFT cash conduit lending (cash receivables)</label:label>
    <gen:arc xlink:type="arc" xlink:arcrole="http://xbrl.org/arcrole/2008/element-label" xlink:from="loc_eba_c21095" xlink:to="label_eba_c21095" />
  </gen:link>
</link:linkbase>