﻿<?xml version="1.0" encoding="utf-8"?>
<?taxonomy-version 2.0.1?>
<!--(C) EBA-->
<link:linkbase xmlns:xsi="http://www.w3.org/2001/XMLSchema-instance" xmlns:xlink="http://www.w3.org/1999/xlink" xmlns:link="http://www.xbrl.org/2003/linkbase" xmlns:gen="http://xbrl.org/2008/generic" xmlns:label="http://xbrl.org/2008/label" xsi:schemaLocation="http://www.xbrl.org/2003/linkbase http://www.xbrl.org/2003/xbrl-linkbase-2003-12-31.xsd http://xbrl.org/2008/generic http://www.xbrl.org/2008/generic-link.xsd http://xbrl.org/2008/label http://www.xbrl.org/2008/generic-label.xsd">
  <link:arcroleRef arcroleURI="http://xbrl.org/arcrole/2008/element-label" xlink:type="simple" xlink:href="http://www.xbrl.org/2008/generic-label.xsd#element-label" />
  <link:roleRef roleURI="http://www.eba.europa.eu/xbrl/role/dpm-db-id" xlink:type="simple" xlink:href="http://www.eba.europa.eu/eu/fr/xbrl/ext/model.xsd#dpm-db-id" />
  <link:roleRef roleURI="http://www.eurofiling.info/xbrl/role/filing-indicator-code" xlink:type="simple" xlink:href="http://www.eurofiling.info/eu/fr/xbrl/ext/model.xsd#filing-indicator-code" />
  <link:roleRef roleURI="http://www.eurofiling.info/xbrl/role/rc-code" xlink:type="simple" xlink:href="http://www.eurofiling.info/eu/fr/xbrl/ext/model.xsd#rc-code" />
  <gen:link xlink:type="extended" xlink:role="http://www.xbrl.org/2003/role/link">
    <link:loc xlink:type="locator" xlink:href="c_40.00-rend.xml#eba_tC_40.00" xlink:label="loc_eba_tC_40.00" />
    <label:label xlink:type="resource" xlink:label="label_eba_tC_40.00" xml:lang="en" xlink:role="http://www.eurofiling.info/xbrl/role/rc-code">C 40.00</label:label>
    <gen:arc xlink:type="arc" xlink:arcrole="http://xbrl.org/arcrole/2008/element-label" xlink:from="loc_eba_tC_40.00" xlink:to="label_eba_tC_40.00" />
    <link:loc xlink:type="locator" xlink:href="c_40.00-rend.xml#eba_c21061" xlink:label="loc_eba_c21061" />
    <label:label xlink:type="resource" xlink:label="label_eba_c21061" xml:lang="en" xlink:role="http://www.eurofiling.info/xbrl/role/rc-code">010</label:label>
    <gen:arc xlink:type="arc" xlink:arcrole="http://xbrl.org/arcrole/2008/element-label" xlink:from="loc_eba_c21061" xlink:to="label_eba_c21061" />
    <link:loc xlink:type="locator" xlink:href="c_40.00-rend.xml#eba_c21062" xlink:label="loc_eba_c21062" />
    <label:label xlink:type="resource" xlink:label="label_eba_c21062" xml:lang="en" xlink:role="http://www.eurofiling.info/xbrl/role/rc-code">020</label:label>
    <gen:arc xlink:type="arc" xlink:arcrole="http://xbrl.org/arcrole/2008/element-label" xlink:from="loc_eba_c21062" xlink:to="label_eba_c21062" />
    <link:loc xlink:type="locator" xlink:href="c_40.00-rend.xml#eba_c21063" xlink:label="loc_eba_c21063" />
    <label:label xlink:type="resource" xlink:label="label_eba_c21063" xml:lang="en" xlink:role="http://www.eurofiling.info/xbrl/role/rc-code">030</label:label>
    <gen:arc xlink:type="arc" xlink:arcrole="http://xbrl.org/arcrole/2008/element-label" xlink:from="loc_eba_c21063" xlink:to="label_eba_c21063" />
    <link:loc xlink:type="locator" xlink:href="c_40.00-rend.xml#eba_c21064" xlink:label="loc_eba_c21064" />
    <label:label xlink:type="resource" xlink:label="label_eba_c21064" xml:lang="en" xlink:role="http://www.eurofiling.info/xbrl/role/rc-code">040</label:label>
    <gen:arc xlink:type="arc" xlink:arcrole="http://xbrl.org/arcrole/2008/element-label" xlink:from="loc_eba_c21064" xlink:to="label_eba_c21064" />
    <link:loc xlink:type="locator" xlink:href="c_40.00-rend.xml#eba_c21065" xlink:label="loc_eba_c21065" />
    <label:label xlink:type="resource" xlink:label="label_eba_c21065" xml:lang="en" xlink:role="http://www.eurofiling.info/xbrl/role/rc-code">050</label:label>
    <gen:arc xlink:type="arc" xlink:arcrole="http://xbrl.org/arcrole/2008/element-label" xlink:from="loc_eba_c21065" xlink:to="label_eba_c21065" />
    <link:loc xlink:type="locator" xlink:href="c_40.00-rend.xml#eba_c21066" xlink:label="loc_eba_c21066" />
    <label:label xlink:type="resource" xlink:label="label_eba_c21066" xml:lang="en" xlink:role="http://www.eurofiling.info/xbrl/role/rc-code">060</label:label>
    <gen:arc xlink:type="arc" xlink:arcrole="http://xbrl.org/arcrole/2008/element-label" xlink:from="loc_eba_c21066" xlink:to="label_eba_c21066" />
    <link:loc xlink:type="locator" xlink:href="c_40.00-rend.xml#eba_c21067" xlink:label="loc_eba_c21067" />
    <label:label xlink:type="resource" xlink:label="label_eba_c21067" xml:lang="en" xlink:role="http://www.eurofiling.info/xbrl/role/rc-code">070</label:label>
    <gen:arc xlink:type="arc" xlink:arcrole="http://xbrl.org/arcrole/2008/element-label" xlink:from="loc_eba_c21067" xlink:to="label_eba_c21067" />
    <link:loc xlink:type="locator" xlink:href="c_40.00-rend.xml#eba_c21068" xlink:label="loc_eba_c21068" />
    <label:label xlink:type="resource" xlink:label="label_eba_c21068" xml:lang="en" xlink:role="http://www.eurofiling.info/xbrl/role/rc-code">080</label:label>
    <gen:arc xlink:type="arc" xlink:arcrole="http://xbrl.org/arcrole/2008/element-label" xlink:from="loc_eba_c21068" xlink:to="label_eba_c21068" />
    <link:loc xlink:type="locator" xlink:href="c_40.00-rend.xml#eba_c21069" xlink:label="loc_eba_c21069" />
    <label:label xlink:type="resource" xlink:label="label_eba_c21069" xml:lang="en" xlink:role="http://www.eurofiling.info/xbrl/role/rc-code">090</label:label>
    <gen:arc xlink:type="arc" xlink:arcrole="http://xbrl.org/arcrole/2008/element-label" xlink:from="loc_eba_c21069" xlink:to="label_eba_c21069" />
    <link:loc xlink:type="locator" xlink:href="c_40.00-rend.xml#eba_c21070" xlink:label="loc_eba_c21070" />
    <label:label xlink:type="resource" xlink:label="label_eba_c21070" xml:lang="en" xlink:role="http://www.eurofiling.info/xbrl/role/rc-code">100</label:label>
    <gen:arc xlink:type="arc" xlink:arcrole="http://xbrl.org/arcrole/2008/element-label" xlink:from="loc_eba_c21070" xlink:to="label_eba_c21070" />
    <link:loc xlink:type="locator" xlink:href="c_40.00-rend.xml#eba_c21071" xlink:label="loc_eba_c21071" />
    <label:label xlink:type="resource" xlink:label="label_eba_c21071" xml:lang="en" xlink:role="http://www.eurofiling.info/xbrl/role/rc-code">110</label:label>
    <gen:arc xlink:type="arc" xlink:arcrole="http://xbrl.org/arcrole/2008/element-label" xlink:from="loc_eba_c21071" xlink:to="label_eba_c21071" />
    <link:loc xlink:type="locator" xlink:href="c_40.00-rend.xml#eba_c21072" xlink:label="loc_eba_c21072" />
    <label:label xlink:type="resource" xlink:label="label_eba_c21072" xml:lang="en" xlink:role="http://www.eurofiling.info/xbrl/role/rc-code">010</label:label>
    <gen:arc xlink:type="arc" xlink:arcrole="http://xbrl.org/arcrole/2008/element-label" xlink:from="loc_eba_c21072" xlink:to="label_eba_c21072" />
    <link:loc xlink:type="locator" xlink:href="c_40.00-rend.xml#eba_c21073" xlink:label="loc_eba_c21073" />
    <label:label xlink:type="resource" xlink:label="label_eba_c21073" xml:lang="en" xlink:role="http://www.eurofiling.info/xbrl/role/rc-code">020</label:label>
    <gen:arc xlink:type="arc" xlink:arcrole="http://xbrl.org/arcrole/2008/element-label" xlink:from="loc_eba_c21073" xlink:to="label_eba_c21073" />
    <link:loc xlink:type="locator" xlink:href="c_40.00-rend.xml#eba_c21074" xlink:label="loc_eba_c21074" />
    <label:label xlink:type="resource" xlink:label="label_eba_c21074" xml:lang="en" xlink:role="http://www.eurofiling.info/xbrl/role/rc-code">030</label:label>
    <gen:arc xlink:type="arc" xlink:arcrole="http://xbrl.org/arcrole/2008/element-label" xlink:from="loc_eba_c21074" xlink:to="label_eba_c21074" />
    <link:loc xlink:type="locator" xlink:href="c_40.00-rend.xml#eba_c21075" xlink:label="loc_eba_c21075" />
    <label:label xlink:type="resource" xlink:label="label_eba_c21075" xml:lang="en" xlink:role="http://www.eurofiling.info/xbrl/role/rc-code">040</label:label>
    <gen:arc xlink:type="arc" xlink:arcrole="http://xbrl.org/arcrole/2008/element-label" xlink:from="loc_eba_c21075" xlink:to="label_eba_c21075" />
    <link:loc xlink:type="locator" xlink:href="c_40.00-rend.xml#eba_c21076" xlink:label="loc_eba_c21076" />
    <label:label xlink:type="resource" xlink:label="label_eba_c21076" xml:lang="en" xlink:role="http://www.eurofiling.info/xbrl/role/rc-code">050</label:label>
    <gen:arc xlink:type="arc" xlink:arcrole="http://xbrl.org/arcrole/2008/element-label" xlink:from="loc_eba_c21076" xlink:to="label_eba_c21076" />
    <link:loc xlink:type="locator" xlink:href="c_40.00-rend.xml#eba_c21077" xlink:label="loc_eba_c21077" />
    <label:label xlink:type="resource" xlink:label="label_eba_c21077" xml:lang="en" xlink:role="http://www.eurofiling.info/xbrl/role/rc-code">060</label:label>
    <gen:arc xlink:type="arc" xlink:arcrole="http://xbrl.org/arcrole/2008/element-label" xlink:from="loc_eba_c21077" xlink:to="label_eba_c21077" />
    <link:loc xlink:type="locator" xlink:href="c_40.00-rend.xml#eba_c21078" xlink:label="loc_eba_c21078" />
    <label:label xlink:type="resource" xlink:label="label_eba_c21078" xml:lang="en" xlink:role="http://www.eurofiling.info/xbrl/role/rc-code">070</label:label>
    <gen:arc xlink:type="arc" xlink:arcrole="http://xbrl.org/arcrole/2008/element-label" xlink:from="loc_eba_c21078" xlink:to="label_eba_c21078" />
    <link:loc xlink:type="locator" xlink:href="c_40.00-rend.xml#eba_c21079" xlink:label="loc_eba_c21079" />
    <label:label xlink:type="resource" xlink:label="label_eba_c21079" xml:lang="en" xlink:role="http://www.eurofiling.info/xbrl/role/rc-code">080</label:label>
    <gen:arc xlink:type="arc" xlink:arcrole="http://xbrl.org/arcrole/2008/element-label" xlink:from="loc_eba_c21079" xlink:to="label_eba_c21079" />
    <link:loc xlink:type="locator" xlink:href="c_40.00-rend.xml#eba_c21080" xlink:label="loc_eba_c21080" />
    <label:label xlink:type="resource" xlink:label="label_eba_c21080" xml:lang="en" xlink:role="http://www.eurofiling.info/xbrl/role/rc-code">090</label:label>
    <gen:arc xlink:type="arc" xlink:arcrole="http://xbrl.org/arcrole/2008/element-label" xlink:from="loc_eba_c21080" xlink:to="label_eba_c21080" />
    <link:loc xlink:type="locator" xlink:href="c_40.00-rend.xml#eba_c21081" xlink:label="loc_eba_c21081" />
    <label:label xlink:type="resource" xlink:label="label_eba_c21081" xml:lang="en" xlink:role="http://www.eurofiling.info/xbrl/role/rc-code">100</label:label>
    <gen:arc xlink:type="arc" xlink:arcrole="http://xbrl.org/arcrole/2008/element-label" xlink:from="loc_eba_c21081" xlink:to="label_eba_c21081" />
    <link:loc xlink:type="locator" xlink:href="c_40.00-rend.xml#eba_c21082" xlink:label="loc_eba_c21082" />
    <label:label xlink:type="resource" xlink:label="label_eba_c21082" xml:lang="en" xlink:role="http://www.eurofiling.info/xbrl/role/rc-code">110</label:label>
    <gen:arc xlink:type="arc" xlink:arcrole="http://xbrl.org/arcrole/2008/element-label" xlink:from="loc_eba_c21082" xlink:to="label_eba_c21082" />
    <link:loc xlink:type="locator" xlink:href="c_40.00-rend.xml#eba_c21083" xlink:label="loc_eba_c21083" />
    <label:label xlink:type="resource" xlink:label="label_eba_c21083" xml:lang="en" xlink:role="http://www.eurofiling.info/xbrl/role/rc-code">120</label:label>
    <gen:arc xlink:type="arc" xlink:arcrole="http://xbrl.org/arcrole/2008/element-label" xlink:from="loc_eba_c21083" xlink:to="label_eba_c21083" />
    <link:loc xlink:type="locator" xlink:href="c_40.00-rend.xml#eba_c21084" xlink:label="loc_eba_c21084" />
    <label:label xlink:type="resource" xlink:label="label_eba_c21084" xml:lang="en" xlink:role="http://www.eurofiling.info/xbrl/role/rc-code">130</label:label>
    <gen:arc xlink:type="arc" xlink:arcrole="http://xbrl.org/arcrole/2008/element-label" xlink:from="loc_eba_c21084" xlink:to="label_eba_c21084" />
    <link:loc xlink:type="locator" xlink:href="c_40.00-rend.xml#eba_c21085" xlink:label="loc_eba_c21085" />
    <label:label xlink:type="resource" xlink:label="label_eba_c21085" xml:lang="en" xlink:role="http://www.eurofiling.info/xbrl/role/rc-code">140</label:label>
    <gen:arc xlink:type="arc" xlink:arcrole="http://xbrl.org/arcrole/2008/element-label" xlink:from="loc_eba_c21085" xlink:to="label_eba_c21085" />
    <link:loc xlink:type="locator" xlink:href="c_40.00-rend.xml#eba_c21086" xlink:label="loc_eba_c21086" />
    <label:label xlink:type="resource" xlink:label="label_eba_c21086" xml:lang="en" xlink:role="http://www.eurofiling.info/xbrl/role/rc-code">150</label:label>
    <gen:arc xlink:type="arc" xlink:arcrole="http://xbrl.org/arcrole/2008/element-label" xlink:from="loc_eba_c21086" xlink:to="label_eba_c21086" />
    <link:loc xlink:type="locator" xlink:href="c_40.00-rend.xml#eba_c21087" xlink:label="loc_eba_c21087" />
    <label:label xlink:type="resource" xlink:label="label_eba_c21087" xml:lang="en" xlink:role="http://www.eurofiling.info/xbrl/role/rc-code">160</label:label>
    <gen:arc xlink:type="arc" xlink:arcrole="http://xbrl.org/arcrole/2008/element-label" xlink:from="loc_eba_c21087" xlink:to="label_eba_c21087" />
    <link:loc xlink:type="locator" xlink:href="c_40.00-rend.xml#eba_c21088" xlink:label="loc_eba_c21088" />
    <label:label xlink:type="resource" xlink:label="label_eba_c21088" xml:lang="en" xlink:role="http://www.eurofiling.info/xbrl/role/rc-code">170</label:label>
    <gen:arc xlink:type="arc" xlink:arcrole="http://xbrl.org/arcrole/2008/element-label" xlink:from="loc_eba_c21088" xlink:to="label_eba_c21088" />
    <link:loc xlink:type="locator" xlink:href="c_40.00-rend.xml#eba_c21089" xlink:label="loc_eba_c21089" />
    <label:label xlink:type="resource" xlink:label="label_eba_c21089" xml:lang="en" xlink:role="http://www.eurofiling.info/xbrl/role/rc-code">180</label:label>
    <gen:arc xlink:type="arc" xlink:arcrole="http://xbrl.org/arcrole/2008/element-label" xlink:from="loc_eba_c21089" xlink:to="label_eba_c21089" />
    <link:loc xlink:type="locator" xlink:href="c_40.00-rend.xml#eba_c21090" xlink:label="loc_eba_c21090" />
    <label:label xlink:type="resource" xlink:label="label_eba_c21090" xml:lang="en" xlink:role="http://www.eurofiling.info/xbrl/role/rc-code">190</label:label>
    <gen:arc xlink:type="arc" xlink:arcrole="http://xbrl.org/arcrole/2008/element-label" xlink:from="loc_eba_c21090" xlink:to="label_eba_c21090" />
    <link:loc xlink:type="locator" xlink:href="c_40.00-rend.xml#eba_c21091" xlink:label="loc_eba_c21091" />
    <label:label xlink:type="resource" xlink:label="label_eba_c21091" xml:lang="en" xlink:role="http://www.eurofiling.info/xbrl/role/rc-code">200</label:label>
    <gen:arc xlink:type="arc" xlink:arcrole="http://xbrl.org/arcrole/2008/element-label" xlink:from="loc_eba_c21091" xlink:to="label_eba_c21091" />
    <link:loc xlink:type="locator" xlink:href="c_40.00-rend.xml#eba_c21092" xlink:label="loc_eba_c21092" />
    <label:label xlink:type="resource" xlink:label="label_eba_c21092" xml:lang="en" xlink:role="http://www.eurofiling.info/xbrl/role/rc-code">210</label:label>
    <gen:arc xlink:type="arc" xlink:arcrole="http://xbrl.org/arcrole/2008/element-label" xlink:from="loc_eba_c21092" xlink:to="label_eba_c21092" />
    <link:loc xlink:type="locator" xlink:href="c_40.00-rend.xml#eba_c21093" xlink:label="loc_eba_c21093" />
    <label:label xlink:type="resource" xlink:label="label_eba_c21093" xml:lang="en" xlink:role="http://www.eurofiling.info/xbrl/role/rc-code">220</label:label>
    <gen:arc xlink:type="arc" xlink:arcrole="http://xbrl.org/arcrole/2008/element-label" xlink:from="loc_eba_c21093" xlink:to="label_eba_c21093" />
    <link:loc xlink:type="locator" xlink:href="c_40.00-rend.xml#eba_c21094" xlink:label="loc_eba_c21094" />
    <label:label xlink:type="resource" xlink:label="label_eba_c21094" xml:lang="en" xlink:role="http://www.eurofiling.info/xbrl/role/rc-code">230</label:label>
    <gen:arc xlink:type="arc" xlink:arcrole="http://xbrl.org/arcrole/2008/element-label" xlink:from="loc_eba_c21094" xlink:to="label_eba_c21094" />
    <link:loc xlink:type="locator" xlink:href="c_40.00-rend.xml#eba_c21095" xlink:label="loc_eba_c21095" />
    <label:label xlink:type="resource" xlink:label="label_eba_c21095" xml:lang="en" xlink:role="http://www.eurofiling.info/xbrl/role/rc-code">240</label:label>
    <gen:arc xlink:type="arc" xlink:arcrole="http://xbrl.org/arcrole/2008/element-label" xlink:from="loc_eba_c21095" xlink:to="label_eba_c21095" />
    <label:label xlink:type="resource" xlink:label="label_eba_tC_40.00_1" xml:lang="en" xlink:role="http://www.eurofiling.info/xbrl/role/filing-indicator-code">C_40.00</label:label>
    <gen:arc xlink:type="arc" xlink:arcrole="http://xbrl.org/arcrole/2008/element-label" xlink:from="loc_eba_tC_40.00" xlink:to="label_eba_tC_40.00_1" />
    <label:label xlink:type="resource" xlink:label="label_eba_tC_40.00_2" xml:lang="en" xlink:role="http://www.eba.europa.eu/xbrl/role/dpm-db-id">114</label:label>
    <gen:arc xlink:type="arc" xlink:arcrole="http://xbrl.org/arcrole/2008/element-label" xlink:from="loc_eba_tC_40.00" xlink:to="label_eba_tC_40.00_2" />
    <label:label xlink:type="resource" xlink:label="label_eba_c21061_1" xml:lang="en" xlink:role="http://www.eba.europa.eu/xbrl/role/dpm-db-id">21061</label:label>
    <gen:arc xlink:type="arc" xlink:arcrole="http://xbrl.org/arcrole/2008/element-label" xlink:from="loc_eba_c21061" xlink:to="label_eba_c21061_1" />
    <label:label xlink:type="resource" xlink:label="label_eba_c21062_1" xml:lang="en" xlink:role="http://www.eba.europa.eu/xbrl/role/dpm-db-id">21062</label:label>
    <gen:arc xlink:type="arc" xlink:arcrole="http://xbrl.org/arcrole/2008/element-label" xlink:from="loc_eba_c21062" xlink:to="label_eba_c21062_1" />
    <label:label xlink:type="resource" xlink:label="label_eba_c21063_1" xml:lang="en" xlink:role="http://www.eba.europa.eu/xbrl/role/dpm-db-id">21063</label:label>
    <gen:arc xlink:type="arc" xlink:arcrole="http://xbrl.org/arcrole/2008/element-label" xlink:from="loc_eba_c21063" xlink:to="label_eba_c21063_1" />
    <label:label xlink:type="resource" xlink:label="label_eba_c21064_1" xml:lang="en" xlink:role="http://www.eba.europa.eu/xbrl/role/dpm-db-id">21064</label:label>
    <gen:arc xlink:type="arc" xlink:arcrole="http://xbrl.org/arcrole/2008/element-label" xlink:from="loc_eba_c21064" xlink:to="label_eba_c21064_1" />
    <label:label xlink:type="resource" xlink:label="label_eba_c21065_1" xml:lang="en" xlink:role="http://www.eba.europa.eu/xbrl/role/dpm-db-id">21065</label:label>
    <gen:arc xlink:type="arc" xlink:arcrole="http://xbrl.org/arcrole/2008/element-label" xlink:from="loc_eba_c21065" xlink:to="label_eba_c21065_1" />
    <label:label xlink:type="resource" xlink:label="label_eba_c21066_1" xml:lang="en" xlink:role="http://www.eba.europa.eu/xbrl/role/dpm-db-id">21066</label:label>
    <gen:arc xlink:type="arc" xlink:arcrole="http://xbrl.org/arcrole/2008/element-label" xlink:from="loc_eba_c21066" xlink:to="label_eba_c21066_1" />
    <label:label xlink:type="resource" xlink:label="label_eba_c21067_1" xml:lang="en" xlink:role="http://www.eba.europa.eu/xbrl/role/dpm-db-id">21067</label:label>
    <gen:arc xlink:type="arc" xlink:arcrole="http://xbrl.org/arcrole/2008/element-label" xlink:from="loc_eba_c21067" xlink:to="label_eba_c21067_1" />
    <label:label xlink:type="resource" xlink:label="label_eba_c21068_1" xml:lang="en" xlink:role="http://www.eba.europa.eu/xbrl/role/dpm-db-id">21068</label:label>
    <gen:arc xlink:type="arc" xlink:arcrole="http://xbrl.org/arcrole/2008/element-label" xlink:from="loc_eba_c21068" xlink:to="label_eba_c21068_1" />
    <label:label xlink:type="resource" xlink:label="label_eba_c21069_1" xml:lang="en" xlink:role="http://www.eba.europa.eu/xbrl/role/dpm-db-id">21069</label:label>
    <gen:arc xlink:type="arc" xlink:arcrole="http://xbrl.org/arcrole/2008/element-label" xlink:from="loc_eba_c21069" xlink:to="label_eba_c21069_1" />
    <label:label xlink:type="resource" xlink:label="label_eba_c21070_1" xml:lang="en" xlink:role="http://www.eba.europa.eu/xbrl/role/dpm-db-id">21070</label:label>
    <gen:arc xlink:type="arc" xlink:arcrole="http://xbrl.org/arcrole/2008/element-label" xlink:from="loc_eba_c21070" xlink:to="label_eba_c21070_1" />
    <label:label xlink:type="resource" xlink:label="label_eba_c21071_1" xml:lang="en" xlink:role="http://www.eba.europa.eu/xbrl/role/dpm-db-id">21071</label:label>
    <gen:arc xlink:type="arc" xlink:arcrole="http://xbrl.org/arcrole/2008/element-label" xlink:from="loc_eba_c21071" xlink:to="label_eba_c21071_1" />
    <label:label xlink:type="resource" xlink:label="label_eba_c21072_1" xml:lang="en" xlink:role="http://www.eba.europa.eu/xbrl/role/dpm-db-id">21072</label:label>
    <gen:arc xlink:type="arc" xlink:arcrole="http://xbrl.org/arcrole/2008/element-label" xlink:from="loc_eba_c21072" xlink:to="label_eba_c21072_1" />
    <label:label xlink:type="resource" xlink:label="label_eba_c21073_1" xml:lang="en" xlink:role="http://www.eba.europa.eu/xbrl/role/dpm-db-id">21073</label:label>
    <gen:arc xlink:type="arc" xlink:arcrole="http://xbrl.org/arcrole/2008/element-label" xlink:from="loc_eba_c21073" xlink:to="label_eba_c21073_1" />
    <label:label xlink:type="resource" xlink:label="label_eba_c21074_1" xml:lang="en" xlink:role="http://www.eba.europa.eu/xbrl/role/dpm-db-id">21074</label:label>
    <gen:arc xlink:type="arc" xlink:arcrole="http://xbrl.org/arcrole/2008/element-label" xlink:from="loc_eba_c21074" xlink:to="label_eba_c21074_1" />
    <label:label xlink:type="resource" xlink:label="label_eba_c21075_1" xml:lang="en" xlink:role="http://www.eba.europa.eu/xbrl/role/dpm-db-id">21075</label:label>
    <gen:arc xlink:type="arc" xlink:arcrole="http://xbrl.org/arcrole/2008/element-label" xlink:from="loc_eba_c21075" xlink:to="label_eba_c21075_1" />
    <label:label xlink:type="resource" xlink:label="label_eba_c21076_1" xml:lang="en" xlink:role="http://www.eba.europa.eu/xbrl/role/dpm-db-id">21076</label:label>
    <gen:arc xlink:type="arc" xlink:arcrole="http://xbrl.org/arcrole/2008/element-label" xlink:from="loc_eba_c21076" xlink:to="label_eba_c21076_1" />
    <label:label xlink:type="resource" xlink:label="label_eba_c21077_1" xml:lang="en" xlink:role="http://www.eba.europa.eu/xbrl/role/dpm-db-id">21077</label:label>
    <gen:arc xlink:type="arc" xlink:arcrole="http://xbrl.org/arcrole/2008/element-label" xlink:from="loc_eba_c21077" xlink:to="label_eba_c21077_1" />
    <label:label xlink:type="resource" xlink:label="label_eba_c21078_1" xml:lang="en" xlink:role="http://www.eba.europa.eu/xbrl/role/dpm-db-id">21078</label:label>
    <gen:arc xlink:type="arc" xlink:arcrole="http://xbrl.org/arcrole/2008/element-label" xlink:from="loc_eba_c21078" xlink:to="label_eba_c21078_1" />
    <label:label xlink:type="resource" xlink:label="label_eba_c21079_1" xml:lang="en" xlink:role="http://www.eba.europa.eu/xbrl/role/dpm-db-id">21079</label:label>
    <gen:arc xlink:type="arc" xlink:arcrole="http://xbrl.org/arcrole/2008/element-label" xlink:from="loc_eba_c21079" xlink:to="label_eba_c21079_1" />
    <label:label xlink:type="resource" xlink:label="label_eba_c21080_1" xml:lang="en" xlink:role="http://www.eba.europa.eu/xbrl/role/dpm-db-id">21080</label:label>
    <gen:arc xlink:type="arc" xlink:arcrole="http://xbrl.org/arcrole/2008/element-label" xlink:from="loc_eba_c21080" xlink:to="label_eba_c21080_1" />
    <label:label xlink:type="resource" xlink:label="label_eba_c21081_1" xml:lang="en" xlink:role="http://www.eba.europa.eu/xbrl/role/dpm-db-id">21081</label:label>
    <gen:arc xlink:type="arc" xlink:arcrole="http://xbrl.org/arcrole/2008/element-label" xlink:from="loc_eba_c21081" xlink:to="label_eba_c21081_1" />
    <label:label xlink:type="resource" xlink:label="label_eba_c21082_1" xml:lang="en" xlink:role="http://www.eba.europa.eu/xbrl/role/dpm-db-id">21082</label:label>
    <gen:arc xlink:type="arc" xlink:arcrole="http://xbrl.org/arcrole/2008/element-label" xlink:from="loc_eba_c21082" xlink:to="label_eba_c21082_1" />
    <label:label xlink:type="resource" xlink:label="label_eba_c21083_1" xml:lang="en" xlink:role="http://www.eba.europa.eu/xbrl/role/dpm-db-id">21083</label:label>
    <gen:arc xlink:type="arc" xlink:arcrole="http://xbrl.org/arcrole/2008/element-label" xlink:from="loc_eba_c21083" xlink:to="label_eba_c21083_1" />
    <label:label xlink:type="resource" xlink:label="label_eba_c21084_1" xml:lang="en" xlink:role="http://www.eba.europa.eu/xbrl/role/dpm-db-id">21084</label:label>
    <gen:arc xlink:type="arc" xlink:arcrole="http://xbrl.org/arcrole/2008/element-label" xlink:from="loc_eba_c21084" xlink:to="label_eba_c21084_1" />
    <label:label xlink:type="resource" xlink:label="label_eba_c21085_1" xml:lang="en" xlink:role="http://www.eba.europa.eu/xbrl/role/dpm-db-id">21085</label:label>
    <gen:arc xlink:type="arc" xlink:arcrole="http://xbrl.org/arcrole/2008/element-label" xlink:from="loc_eba_c21085" xlink:to="label_eba_c21085_1" />
    <label:label xlink:type="resource" xlink:label="label_eba_c21086_1" xml:lang="en" xlink:role="http://www.eba.europa.eu/xbrl/role/dpm-db-id">21086</label:label>
    <gen:arc xlink:type="arc" xlink:arcrole="http://xbrl.org/arcrole/2008/element-label" xlink:from="loc_eba_c21086" xlink:to="label_eba_c21086_1" />
    <label:label xlink:type="resource" xlink:label="label_eba_c21087_1" xml:lang="en" xlink:role="http://www.eba.europa.eu/xbrl/role/dpm-db-id">21087</label:label>
    <gen:arc xlink:type="arc" xlink:arcrole="http://xbrl.org/arcrole/2008/element-label" xlink:from="loc_eba_c21087" xlink:to="label_eba_c21087_1" />
    <label:label xlink:type="resource" xlink:label="label_eba_c21088_1" xml:lang="en" xlink:role="http://www.eba.europa.eu/xbrl/role/dpm-db-id">21088</label:label>
    <gen:arc xlink:type="arc" xlink:arcrole="http://xbrl.org/arcrole/2008/element-label" xlink:from="loc_eba_c21088" xlink:to="label_eba_c21088_1" />
    <label:label xlink:type="resource" xlink:label="label_eba_c21089_1" xml:lang="en" xlink:role="http://www.eba.europa.eu/xbrl/role/dpm-db-id">21089</label:label>
    <gen:arc xlink:type="arc" xlink:arcrole="http://xbrl.org/arcrole/2008/element-label" xlink:from="loc_eba_c21089" xlink:to="label_eba_c21089_1" />
    <label:label xlink:type="resource" xlink:label="label_eba_c21090_1" xml:lang="en" xlink:role="http://www.eba.europa.eu/xbrl/role/dpm-db-id">21090</label:label>
    <gen:arc xlink:type="arc" xlink:arcrole="http://xbrl.org/arcrole/2008/element-label" xlink:from="loc_eba_c21090" xlink:to="label_eba_c21090_1" />
    <label:label xlink:type="resource" xlink:label="label_eba_c21091_1" xml:lang="en" xlink:role="http://www.eba.europa.eu/xbrl/role/dpm-db-id">21091</label:label>
    <gen:arc xlink:type="arc" xlink:arcrole="http://xbrl.org/arcrole/2008/element-label" xlink:from="loc_eba_c21091" xlink:to="label_eba_c21091_1" />
    <label:label xlink:type="resource" xlink:label="label_eba_c21092_1" xml:lang="en" xlink:role="http://www.eba.europa.eu/xbrl/role/dpm-db-id">21092</label:label>
    <gen:arc xlink:type="arc" xlink:arcrole="http://xbrl.org/arcrole/2008/element-label" xlink:from="loc_eba_c21092" xlink:to="label_eba_c21092_1" />
    <label:label xlink:type="resource" xlink:label="label_eba_c21093_1" xml:lang="en" xlink:role="http://www.eba.europa.eu/xbrl/role/dpm-db-id">21093</label:label>
    <gen:arc xlink:type="arc" xlink:arcrole="http://xbrl.org/arcrole/2008/element-label" xlink:from="loc_eba_c21093" xlink:to="label_eba_c21093_1" />
    <label:label xlink:type="resource" xlink:label="label_eba_c21094_1" xml:lang="en" xlink:role="http://www.eba.europa.eu/xbrl/role/dpm-db-id">21094</label:label>
    <gen:arc xlink:type="arc" xlink:arcrole="http://xbrl.org/arcrole/2008/element-label" xlink:from="loc_eba_c21094" xlink:to="label_eba_c21094_1" />
    <label:label xlink:type="resource" xlink:label="label_eba_c21095_1" xml:lang="en" xlink:role="http://www.eba.europa.eu/xbrl/role/dpm-db-id">21095</label:label>
    <gen:arc xlink:type="arc" xlink:arcrole="http://xbrl.org/arcrole/2008/element-label" xlink:from="loc_eba_c21095" xlink:to="label_eba_c21095_1" />
  </gen:link>
</link:linkbase>