﻿<?xml version="1.0" encoding="utf-8"?>
<?taxonomy-version 2.0.0?>
<!--(C) EBA-->
<link:linkbase xmlns:xsi="http://www.w3.org/2001/XMLSchema-instance" xmlns:xlink="http://www.w3.org/1999/xlink" xmlns:link="http://www.xbrl.org/2003/linkbase" xmlns:gen="http://xbrl.org/2008/generic" xmlns:label="http://xbrl.org/2008/label" xsi:schemaLocation="http://www.xbrl.org/2003/linkbase http://www.xbrl.org/2003/xbrl-linkbase-2003-12-31.xsd http://xbrl.org/2008/generic http://www.xbrl.org/2008/generic-link.xsd http://xbrl.org/2008/label http://www.xbrl.org/2008/generic-label.xsd">
  <link:arcroleRef arcroleURI="http://xbrl.org/arcrole/2008/element-label" xlink:type="simple" xlink:href="http://www.xbrl.org/2008/generic-label.xsd#element-label" />
  <link:roleRef roleURI="http://www.xbrl.org/2008/role/label" xlink:type="simple" xlink:href="http://www.xbrl.org/2008/generic-label.xsd#standard-label" />
  <link:roleRef roleURI="http://www.xbrl.org/2008/role/verboseLabel" xlink:type="simple" xlink:href="http://www.xbrl.org/2008/generic-label.xsd#verbose-label" />
  <gen:link xlink:type="extended" xlink:role="http://www.xbrl.org/2003/role/link">
    <link:loc xlink:type="locator" xlink:href="c_00.01-rend.xml#eba_tC_00.01" xlink:label="loc_eba_tC_00.01" />
    <label:label xlink:type="resource" xlink:label="label_eba_tC_00.01" xml:lang="en" xlink:role="http://www.xbrl.org/2008/role/label">C 00.01</label:label>
    <gen:arc xlink:type="arc" xlink:arcrole="http://xbrl.org/arcrole/2008/element-label" xlink:from="loc_eba_tC_00.01" xlink:to="label_eba_tC_00.01" />
    <label:label xlink:type="resource" xlink:label="label_eba_tC_00.01_1" xml:lang="en" xlink:role="http://www.xbrl.org/2008/role/verboseLabel">C 00.01 Nature of Report (COREP)</label:label>
    <gen:arc xlink:type="arc" xlink:arcrole="http://xbrl.org/arcrole/2008/element-label" xlink:from="loc_eba_tC_00.01" xlink:to="label_eba_tC_00.01_1" />
    <link:loc xlink:type="locator" xlink:href="c_00.01-rend.xml#eba_a1" xlink:label="loc_eba_a1" />
    <label:label xlink:type="resource" xlink:label="label_eba_a1" xml:lang="en" xlink:role="http://www.xbrl.org/2008/role/label">Columns</label:label>
    <gen:arc xlink:type="arc" xlink:arcrole="http://xbrl.org/arcrole/2008/element-label" xlink:from="loc_eba_a1" xlink:to="label_eba_a1" />
    <link:loc xlink:type="locator" xlink:href="c_00.01-rend.xml#eba_c23543" xlink:label="loc_eba_c23543" />
    <label:label xlink:type="resource" xlink:label="label_eba_c23543" xml:lang="en" xlink:role="http://www.xbrl.org/2008/role/label">Nature of Report</label:label>
    <gen:arc xlink:type="arc" xlink:arcrole="http://xbrl.org/arcrole/2008/element-label" xlink:from="loc_eba_c23543" xlink:to="label_eba_c23543" />
    <link:loc xlink:type="locator" xlink:href="c_00.01-rend.xml#eba_a2" xlink:label="loc_eba_a2" />
    <label:label xlink:type="resource" xlink:label="label_eba_a2" xml:lang="en" xlink:role="http://www.xbrl.org/2008/role/label">Rows</label:label>
    <gen:arc xlink:type="arc" xlink:arcrole="http://xbrl.org/arcrole/2008/element-label" xlink:from="loc_eba_a2" xlink:to="label_eba_a2" />
    <link:loc xlink:type="locator" xlink:href="c_00.01-rend.xml#eba_c23544" xlink:label="loc_eba_c23544" />
    <label:label xlink:type="resource" xlink:label="label_eba_c23544" xml:lang="en" xlink:role="http://www.xbrl.org/2008/role/label">Accounting framework</label:label>
    <gen:arc xlink:type="arc" xlink:arcrole="http://xbrl.org/arcrole/2008/element-label" xlink:from="loc_eba_c23544" xlink:to="label_eba_c23544" />
    <link:loc xlink:type="locator" xlink:href="c_00.01-rend.xml#eba_c23545" xlink:label="loc_eba_c23545" />
    <label:label xlink:type="resource" xlink:label="label_eba_c23545" xml:lang="en" xlink:role="http://www.xbrl.org/2008/role/label">Reporting Level</label:label>
    <gen:arc xlink:type="arc" xlink:arcrole="http://xbrl.org/arcrole/2008/element-label" xlink:from="loc_eba_c23545" xlink:to="label_eba_c23545" />
  </gen:link>
</link:linkbase>