﻿<?xml version="1.0" encoding="utf-8"?>
<?taxonomy-version 2.0.0?>
<!--(C) EBA-->
<link:linkbase xmlns:xsi="http://www.w3.org/2001/XMLSchema-instance" xmlns:xlink="http://www.w3.org/1999/xlink" xmlns:link="http://www.xbrl.org/2003/linkbase" xmlns:gen="http://xbrl.org/2008/generic" xmlns:label="http://xbrl.org/2008/label" xsi:schemaLocation="http://www.xbrl.org/2003/linkbase http://www.xbrl.org/2003/xbrl-linkbase-2003-12-31.xsd http://xbrl.org/2008/generic http://www.xbrl.org/2008/generic-link.xsd http://xbrl.org/2008/label http://www.xbrl.org/2008/generic-label.xsd">
  <link:arcroleRef arcroleURI="http://xbrl.org/arcrole/2008/element-label" xlink:type="simple" xlink:href="http://www.xbrl.org/2008/generic-label.xsd#element-label" />
  <link:roleRef roleURI="http://www.xbrl.org/2008/role/label" xlink:type="simple" xlink:href="http://www.xbrl.org/2008/generic-label.xsd#standard-label" />
  <link:roleRef roleURI="http://www.xbrl.org/2008/role/verboseLabel" xlink:type="simple" xlink:href="http://www.xbrl.org/2008/generic-label.xsd#verbose-label" />
  <gen:link xlink:type="extended" xlink:role="http://www.xbrl.org/2003/role/link">
    <link:loc xlink:type="locator" xlink:href="c_31.00-rend.xml#eba_tC_31.00" xlink:label="loc_eba_tC_31.00" />
    <label:label xlink:type="resource" xlink:label="label_eba_tC_31.00" xml:lang="en" xlink:role="http://www.xbrl.org/2008/role/label">C 31.00 (LE 5)</label:label>
    <gen:arc xlink:type="arc" xlink:arcrole="http://xbrl.org/arcrole/2008/element-label" xlink:from="loc_eba_tC_31.00" xlink:to="label_eba_tC_31.00" />
    <label:label xlink:type="resource" xlink:label="label_eba_tC_31.00_1" xml:lang="en" xlink:role="http://www.xbrl.org/2008/role/verboseLabel">C 31.00 (LE 5) Maturity buckets of the 10 largest exposures to institutions and the 10 largest exposures to unregulated financial entities: detail of the exposures to individual clients within groups of connected clients</label:label>
    <gen:arc xlink:type="arc" xlink:arcrole="http://xbrl.org/arcrole/2008/element-label" xlink:from="loc_eba_tC_31.00" xlink:to="label_eba_tC_31.00_1" />
    <link:loc xlink:type="locator" xlink:href="c_31.00-rend.xml#eba_a1" xlink:label="loc_eba_a1" />
    <label:label xlink:type="resource" xlink:label="label_eba_a1" xml:lang="en" xlink:role="http://www.xbrl.org/2008/role/label">Columns</label:label>
    <gen:arc xlink:type="arc" xlink:arcrole="http://xbrl.org/arcrole/2008/element-label" xlink:from="loc_eba_a1" xlink:to="label_eba_a1" />
    <link:loc xlink:type="locator" xlink:href="c_31.00-rend.xml#eba_c21567" xlink:label="loc_eba_c21567" />
    <label:label xlink:type="resource" xlink:label="label_eba_c21567" xml:lang="en" xlink:role="http://www.xbrl.org/2008/role/label">MATURITY BUCKETS OF THE EXPOSURE</label:label>
    <gen:arc xlink:type="arc" xlink:arcrole="http://xbrl.org/arcrole/2008/element-label" xlink:from="loc_eba_c21567" xlink:to="label_eba_c21567" />
    <link:loc xlink:type="locator" xlink:href="c_31.00-rend.xml#eba_c21568" xlink:label="loc_eba_c21568" />
    <label:label xlink:type="resource" xlink:label="label_eba_c21568" xml:lang="en" xlink:role="http://www.xbrl.org/2008/role/label">Up to 1 Month</label:label>
    <gen:arc xlink:type="arc" xlink:arcrole="http://xbrl.org/arcrole/2008/element-label" xlink:from="loc_eba_c21568" xlink:to="label_eba_c21568" />
    <link:loc xlink:type="locator" xlink:href="c_31.00-rend.xml#eba_c21569" xlink:label="loc_eba_c21569" />
    <label:label xlink:type="resource" xlink:label="label_eba_c21569" xml:lang="en" xlink:role="http://www.xbrl.org/2008/role/label">Greater than 1 month up to 2 Months</label:label>
    <gen:arc xlink:type="arc" xlink:arcrole="http://xbrl.org/arcrole/2008/element-label" xlink:from="loc_eba_c21569" xlink:to="label_eba_c21569" />
    <link:loc xlink:type="locator" xlink:href="c_31.00-rend.xml#eba_c21570" xlink:label="loc_eba_c21570" />
    <label:label xlink:type="resource" xlink:label="label_eba_c21570" xml:lang="en" xlink:role="http://www.xbrl.org/2008/role/label">Greater than 2 months up to 3 Months</label:label>
    <gen:arc xlink:type="arc" xlink:arcrole="http://xbrl.org/arcrole/2008/element-label" xlink:from="loc_eba_c21570" xlink:to="label_eba_c21570" />
    <link:loc xlink:type="locator" xlink:href="c_31.00-rend.xml#eba_c21571" xlink:label="loc_eba_c21571" />
    <label:label xlink:type="resource" xlink:label="label_eba_c21571" xml:lang="en" xlink:role="http://www.xbrl.org/2008/role/label">Greater than 3 months up to 4 Months</label:label>
    <gen:arc xlink:type="arc" xlink:arcrole="http://xbrl.org/arcrole/2008/element-label" xlink:from="loc_eba_c21571" xlink:to="label_eba_c21571" />
    <link:loc xlink:type="locator" xlink:href="c_31.00-rend.xml#eba_c21572" xlink:label="loc_eba_c21572" />
    <label:label xlink:type="resource" xlink:label="label_eba_c21572" xml:lang="en" xlink:role="http://www.xbrl.org/2008/role/label">Greater than 4 months up to 5 Months</label:label>
    <gen:arc xlink:type="arc" xlink:arcrole="http://xbrl.org/arcrole/2008/element-label" xlink:from="loc_eba_c21572" xlink:to="label_eba_c21572" />
    <link:loc xlink:type="locator" xlink:href="c_31.00-rend.xml#eba_c21573" xlink:label="loc_eba_c21573" />
    <label:label xlink:type="resource" xlink:label="label_eba_c21573" xml:lang="en" xlink:role="http://www.xbrl.org/2008/role/label">Greater than 5 months up to 6 Months</label:label>
    <gen:arc xlink:type="arc" xlink:arcrole="http://xbrl.org/arcrole/2008/element-label" xlink:from="loc_eba_c21573" xlink:to="label_eba_c21573" />
    <link:loc xlink:type="locator" xlink:href="c_31.00-rend.xml#eba_c21574" xlink:label="loc_eba_c21574" />
    <label:label xlink:type="resource" xlink:label="label_eba_c21574" xml:lang="en" xlink:role="http://www.xbrl.org/2008/role/label">Greater than 6 months up to 7 Months</label:label>
    <gen:arc xlink:type="arc" xlink:arcrole="http://xbrl.org/arcrole/2008/element-label" xlink:from="loc_eba_c21574" xlink:to="label_eba_c21574" />
    <link:loc xlink:type="locator" xlink:href="c_31.00-rend.xml#eba_c21575" xlink:label="loc_eba_c21575" />
    <label:label xlink:type="resource" xlink:label="label_eba_c21575" xml:lang="en" xlink:role="http://www.xbrl.org/2008/role/label">Greater than 7 months up to 8 Months</label:label>
    <gen:arc xlink:type="arc" xlink:arcrole="http://xbrl.org/arcrole/2008/element-label" xlink:from="loc_eba_c21575" xlink:to="label_eba_c21575" />
    <link:loc xlink:type="locator" xlink:href="c_31.00-rend.xml#eba_c21576" xlink:label="loc_eba_c21576" />
    <label:label xlink:type="resource" xlink:label="label_eba_c21576" xml:lang="en" xlink:role="http://www.xbrl.org/2008/role/label">Greater than 8 months up to 9 Months</label:label>
    <gen:arc xlink:type="arc" xlink:arcrole="http://xbrl.org/arcrole/2008/element-label" xlink:from="loc_eba_c21576" xlink:to="label_eba_c21576" />
    <link:loc xlink:type="locator" xlink:href="c_31.00-rend.xml#eba_c21577" xlink:label="loc_eba_c21577" />
    <label:label xlink:type="resource" xlink:label="label_eba_c21577" xml:lang="en" xlink:role="http://www.xbrl.org/2008/role/label">Greater than 9 months up to 10 Months</label:label>
    <gen:arc xlink:type="arc" xlink:arcrole="http://xbrl.org/arcrole/2008/element-label" xlink:from="loc_eba_c21577" xlink:to="label_eba_c21577" />
    <link:loc xlink:type="locator" xlink:href="c_31.00-rend.xml#eba_c21578" xlink:label="loc_eba_c21578" />
    <label:label xlink:type="resource" xlink:label="label_eba_c21578" xml:lang="en" xlink:role="http://www.xbrl.org/2008/role/label">Greater than 10 months up to 11 Months</label:label>
    <gen:arc xlink:type="arc" xlink:arcrole="http://xbrl.org/arcrole/2008/element-label" xlink:from="loc_eba_c21578" xlink:to="label_eba_c21578" />
    <link:loc xlink:type="locator" xlink:href="c_31.00-rend.xml#eba_c21579" xlink:label="loc_eba_c21579" />
    <label:label xlink:type="resource" xlink:label="label_eba_c21579" xml:lang="en" xlink:role="http://www.xbrl.org/2008/role/label">Greater than 11 months up to 12 Months</label:label>
    <gen:arc xlink:type="arc" xlink:arcrole="http://xbrl.org/arcrole/2008/element-label" xlink:from="loc_eba_c21579" xlink:to="label_eba_c21579" />
    <link:loc xlink:type="locator" xlink:href="c_31.00-rend.xml#eba_c21580" xlink:label="loc_eba_c21580" />
    <label:label xlink:type="resource" xlink:label="label_eba_c21580" xml:lang="en" xlink:role="http://www.xbrl.org/2008/role/label">Greater than 12 months up to 15 Months</label:label>
    <gen:arc xlink:type="arc" xlink:arcrole="http://xbrl.org/arcrole/2008/element-label" xlink:from="loc_eba_c21580" xlink:to="label_eba_c21580" />
    <link:loc xlink:type="locator" xlink:href="c_31.00-rend.xml#eba_c21581" xlink:label="loc_eba_c21581" />
    <label:label xlink:type="resource" xlink:label="label_eba_c21581" xml:lang="en" xlink:role="http://www.xbrl.org/2008/role/label">Greater than 15 months up to 18 Months</label:label>
    <gen:arc xlink:type="arc" xlink:arcrole="http://xbrl.org/arcrole/2008/element-label" xlink:from="loc_eba_c21581" xlink:to="label_eba_c21581" />
    <link:loc xlink:type="locator" xlink:href="c_31.00-rend.xml#eba_c21582" xlink:label="loc_eba_c21582" />
    <label:label xlink:type="resource" xlink:label="label_eba_c21582" xml:lang="en" xlink:role="http://www.xbrl.org/2008/role/label">Greater than 18 months up to 21 Months</label:label>
    <gen:arc xlink:type="arc" xlink:arcrole="http://xbrl.org/arcrole/2008/element-label" xlink:from="loc_eba_c21582" xlink:to="label_eba_c21582" />
    <link:loc xlink:type="locator" xlink:href="c_31.00-rend.xml#eba_c21583" xlink:label="loc_eba_c21583" />
    <label:label xlink:type="resource" xlink:label="label_eba_c21583" xml:lang="en" xlink:role="http://www.xbrl.org/2008/role/label">Greater than 21 months up to 24 Months</label:label>
    <gen:arc xlink:type="arc" xlink:arcrole="http://xbrl.org/arcrole/2008/element-label" xlink:from="loc_eba_c21583" xlink:to="label_eba_c21583" />
    <link:loc xlink:type="locator" xlink:href="c_31.00-rend.xml#eba_c21584" xlink:label="loc_eba_c21584" />
    <label:label xlink:type="resource" xlink:label="label_eba_c21584" xml:lang="en" xlink:role="http://www.xbrl.org/2008/role/label">Greater than 24 months up to 27 Months</label:label>
    <gen:arc xlink:type="arc" xlink:arcrole="http://xbrl.org/arcrole/2008/element-label" xlink:from="loc_eba_c21584" xlink:to="label_eba_c21584" />
    <link:loc xlink:type="locator" xlink:href="c_31.00-rend.xml#eba_c21585" xlink:label="loc_eba_c21585" />
    <label:label xlink:type="resource" xlink:label="label_eba_c21585" xml:lang="en" xlink:role="http://www.xbrl.org/2008/role/label">Greater than 27 months up to 30 Months</label:label>
    <gen:arc xlink:type="arc" xlink:arcrole="http://xbrl.org/arcrole/2008/element-label" xlink:from="loc_eba_c21585" xlink:to="label_eba_c21585" />
    <link:loc xlink:type="locator" xlink:href="c_31.00-rend.xml#eba_c21586" xlink:label="loc_eba_c21586" />
    <label:label xlink:type="resource" xlink:label="label_eba_c21586" xml:lang="en" xlink:role="http://www.xbrl.org/2008/role/label">Greater than 30 months up to 33 Months</label:label>
    <gen:arc xlink:type="arc" xlink:arcrole="http://xbrl.org/arcrole/2008/element-label" xlink:from="loc_eba_c21586" xlink:to="label_eba_c21586" />
    <link:loc xlink:type="locator" xlink:href="c_31.00-rend.xml#eba_c21587" xlink:label="loc_eba_c21587" />
    <label:label xlink:type="resource" xlink:label="label_eba_c21587" xml:lang="en" xlink:role="http://www.xbrl.org/2008/role/label">Greater than 33 months up to 36 Months</label:label>
    <gen:arc xlink:type="arc" xlink:arcrole="http://xbrl.org/arcrole/2008/element-label" xlink:from="loc_eba_c21587" xlink:to="label_eba_c21587" />
    <link:loc xlink:type="locator" xlink:href="c_31.00-rend.xml#eba_c21588" xlink:label="loc_eba_c21588" />
    <label:label xlink:type="resource" xlink:label="label_eba_c21588" xml:lang="en" xlink:role="http://www.xbrl.org/2008/role/label">Greater than 3 years up to 5 years</label:label>
    <gen:arc xlink:type="arc" xlink:arcrole="http://xbrl.org/arcrole/2008/element-label" xlink:from="loc_eba_c21588" xlink:to="label_eba_c21588" />
    <link:loc xlink:type="locator" xlink:href="c_31.00-rend.xml#eba_c21589" xlink:label="loc_eba_c21589" />
    <label:label xlink:type="resource" xlink:label="label_eba_c21589" xml:lang="en" xlink:role="http://www.xbrl.org/2008/role/label">Greater than 5 years up to 10 years</label:label>
    <gen:arc xlink:type="arc" xlink:arcrole="http://xbrl.org/arcrole/2008/element-label" xlink:from="loc_eba_c21589" xlink:to="label_eba_c21589" />
    <link:loc xlink:type="locator" xlink:href="c_31.00-rend.xml#eba_c21590" xlink:label="loc_eba_c21590" />
    <label:label xlink:type="resource" xlink:label="label_eba_c21590" xml:lang="en" xlink:role="http://www.xbrl.org/2008/role/label">Greater than 10 years</label:label>
    <gen:arc xlink:type="arc" xlink:arcrole="http://xbrl.org/arcrole/2008/element-label" xlink:from="loc_eba_c21590" xlink:to="label_eba_c21590" />
    <link:loc xlink:type="locator" xlink:href="c_31.00-rend.xml#eba_c21591" xlink:label="loc_eba_c21591" />
    <label:label xlink:type="resource" xlink:label="label_eba_c21591" xml:lang="en" xlink:role="http://www.xbrl.org/2008/role/label">Undefined maturity</label:label>
    <gen:arc xlink:type="arc" xlink:arcrole="http://xbrl.org/arcrole/2008/element-label" xlink:from="loc_eba_c21591" xlink:to="label_eba_c21591" />
    <link:loc xlink:type="locator" xlink:href="c_31.00-rend.xml#eba_a2" xlink:label="loc_eba_a2" />
    <label:label xlink:type="resource" xlink:label="label_eba_a2" xml:lang="en" xlink:role="http://www.xbrl.org/2008/role/label">COUNTERPARTY: Code</label:label>
    <gen:arc xlink:type="arc" xlink:arcrole="http://xbrl.org/arcrole/2008/element-label" xlink:from="loc_eba_a2" xlink:to="label_eba_a2" />
    <link:loc xlink:type="locator" xlink:href="c_31.00-rend.xml#eba_a3" xlink:label="loc_eba_a3" />
    <label:label xlink:type="resource" xlink:label="label_eba_a3" xml:lang="en" xlink:role="http://www.xbrl.org/2008/role/label">COUNTERPARTY: Group code</label:label>
    <gen:arc xlink:type="arc" xlink:arcrole="http://xbrl.org/arcrole/2008/element-label" xlink:from="loc_eba_a3" xlink:to="label_eba_a3" />
  </gen:link>
</link:linkbase>