﻿<?xml version="1.0" encoding="utf-8"?>
<?taxonomy-version 2.0.1?>
<!--(C) EBA-->
<link:linkbase xmlns:xsi="http://www.w3.org/2001/XMLSchema-instance" xmlns:xlink="http://www.w3.org/1999/xlink" xmlns:link="http://www.xbrl.org/2003/linkbase" xmlns:gen="http://xbrl.org/2008/generic" xmlns:label="http://xbrl.org/2008/label" xsi:schemaLocation="http://www.xbrl.org/2003/linkbase http://www.xbrl.org/2003/xbrl-linkbase-2003-12-31.xsd http://xbrl.org/2008/generic http://www.xbrl.org/2008/generic-link.xsd http://xbrl.org/2008/label http://www.xbrl.org/2008/generic-label.xsd">
  <link:arcroleRef arcroleURI="http://xbrl.org/arcrole/2008/element-label" xlink:type="simple" xlink:href="http://www.xbrl.org/2008/generic-label.xsd#element-label" />
  <link:roleRef roleURI="http://www.eba.europa.eu/xbrl/role/dpm-db-id" xlink:type="simple" xlink:href="http://www.eba.europa.eu/eu/fr/xbrl/ext/model.xsd#dpm-db-id" />
  <link:roleRef roleURI="http://www.eurofiling.info/xbrl/role/filing-indicator-code" xlink:type="simple" xlink:href="http://www.eurofiling.info/eu/fr/xbrl/ext/model.xsd#filing-indicator-code" />
  <link:roleRef roleURI="http://www.eurofiling.info/xbrl/role/rc-code" xlink:type="simple" xlink:href="http://www.eurofiling.info/eu/fr/xbrl/ext/model.xsd#rc-code" />
  <gen:link xlink:type="extended" xlink:role="http://www.xbrl.org/2003/role/link">
    <link:loc xlink:type="locator" xlink:href="c_31.00-rend.xml#eba_tC_31.00" xlink:label="loc_eba_tC_31.00" />
    <label:label xlink:type="resource" xlink:label="label_eba_tC_31.00" xml:lang="en" xlink:role="http://www.eurofiling.info/xbrl/role/rc-code">C 31.00</label:label>
    <gen:arc xlink:type="arc" xlink:arcrole="http://xbrl.org/arcrole/2008/element-label" xlink:from="loc_eba_tC_31.00" xlink:to="label_eba_tC_31.00" />
    <link:loc xlink:type="locator" xlink:href="c_31.00-rend.xml#eba_c21567" xlink:label="loc_eba_c21567" />
    <label:label xlink:type="resource" xlink:label="label_eba_c21567" xml:lang="en" xlink:role="http://www.eurofiling.info/xbrl/role/rc-code">022</label:label>
    <gen:arc xlink:type="arc" xlink:arcrole="http://xbrl.org/arcrole/2008/element-label" xlink:from="loc_eba_c21567" xlink:to="label_eba_c21567" />
    <link:loc xlink:type="locator" xlink:href="c_31.00-rend.xml#eba_c21568" xlink:label="loc_eba_c21568" />
    <label:label xlink:type="resource" xlink:label="label_eba_c21568" xml:lang="en" xlink:role="http://www.eurofiling.info/xbrl/role/rc-code">030</label:label>
    <gen:arc xlink:type="arc" xlink:arcrole="http://xbrl.org/arcrole/2008/element-label" xlink:from="loc_eba_c21568" xlink:to="label_eba_c21568" />
    <link:loc xlink:type="locator" xlink:href="c_31.00-rend.xml#eba_c21569" xlink:label="loc_eba_c21569" />
    <label:label xlink:type="resource" xlink:label="label_eba_c21569" xml:lang="en" xlink:role="http://www.eurofiling.info/xbrl/role/rc-code">040</label:label>
    <gen:arc xlink:type="arc" xlink:arcrole="http://xbrl.org/arcrole/2008/element-label" xlink:from="loc_eba_c21569" xlink:to="label_eba_c21569" />
    <link:loc xlink:type="locator" xlink:href="c_31.00-rend.xml#eba_c21570" xlink:label="loc_eba_c21570" />
    <label:label xlink:type="resource" xlink:label="label_eba_c21570" xml:lang="en" xlink:role="http://www.eurofiling.info/xbrl/role/rc-code">050</label:label>
    <gen:arc xlink:type="arc" xlink:arcrole="http://xbrl.org/arcrole/2008/element-label" xlink:from="loc_eba_c21570" xlink:to="label_eba_c21570" />
    <link:loc xlink:type="locator" xlink:href="c_31.00-rend.xml#eba_c21571" xlink:label="loc_eba_c21571" />
    <label:label xlink:type="resource" xlink:label="label_eba_c21571" xml:lang="en" xlink:role="http://www.eurofiling.info/xbrl/role/rc-code">060</label:label>
    <gen:arc xlink:type="arc" xlink:arcrole="http://xbrl.org/arcrole/2008/element-label" xlink:from="loc_eba_c21571" xlink:to="label_eba_c21571" />
    <link:loc xlink:type="locator" xlink:href="c_31.00-rend.xml#eba_c21572" xlink:label="loc_eba_c21572" />
    <label:label xlink:type="resource" xlink:label="label_eba_c21572" xml:lang="en" xlink:role="http://www.eurofiling.info/xbrl/role/rc-code">070</label:label>
    <gen:arc xlink:type="arc" xlink:arcrole="http://xbrl.org/arcrole/2008/element-label" xlink:from="loc_eba_c21572" xlink:to="label_eba_c21572" />
    <link:loc xlink:type="locator" xlink:href="c_31.00-rend.xml#eba_c21573" xlink:label="loc_eba_c21573" />
    <label:label xlink:type="resource" xlink:label="label_eba_c21573" xml:lang="en" xlink:role="http://www.eurofiling.info/xbrl/role/rc-code">080</label:label>
    <gen:arc xlink:type="arc" xlink:arcrole="http://xbrl.org/arcrole/2008/element-label" xlink:from="loc_eba_c21573" xlink:to="label_eba_c21573" />
    <link:loc xlink:type="locator" xlink:href="c_31.00-rend.xml#eba_c21574" xlink:label="loc_eba_c21574" />
    <label:label xlink:type="resource" xlink:label="label_eba_c21574" xml:lang="en" xlink:role="http://www.eurofiling.info/xbrl/role/rc-code">090</label:label>
    <gen:arc xlink:type="arc" xlink:arcrole="http://xbrl.org/arcrole/2008/element-label" xlink:from="loc_eba_c21574" xlink:to="label_eba_c21574" />
    <link:loc xlink:type="locator" xlink:href="c_31.00-rend.xml#eba_c21575" xlink:label="loc_eba_c21575" />
    <label:label xlink:type="resource" xlink:label="label_eba_c21575" xml:lang="en" xlink:role="http://www.eurofiling.info/xbrl/role/rc-code">100</label:label>
    <gen:arc xlink:type="arc" xlink:arcrole="http://xbrl.org/arcrole/2008/element-label" xlink:from="loc_eba_c21575" xlink:to="label_eba_c21575" />
    <link:loc xlink:type="locator" xlink:href="c_31.00-rend.xml#eba_c21576" xlink:label="loc_eba_c21576" />
    <label:label xlink:type="resource" xlink:label="label_eba_c21576" xml:lang="en" xlink:role="http://www.eurofiling.info/xbrl/role/rc-code">110</label:label>
    <gen:arc xlink:type="arc" xlink:arcrole="http://xbrl.org/arcrole/2008/element-label" xlink:from="loc_eba_c21576" xlink:to="label_eba_c21576" />
    <link:loc xlink:type="locator" xlink:href="c_31.00-rend.xml#eba_c21577" xlink:label="loc_eba_c21577" />
    <label:label xlink:type="resource" xlink:label="label_eba_c21577" xml:lang="en" xlink:role="http://www.eurofiling.info/xbrl/role/rc-code">120</label:label>
    <gen:arc xlink:type="arc" xlink:arcrole="http://xbrl.org/arcrole/2008/element-label" xlink:from="loc_eba_c21577" xlink:to="label_eba_c21577" />
    <link:loc xlink:type="locator" xlink:href="c_31.00-rend.xml#eba_c21578" xlink:label="loc_eba_c21578" />
    <label:label xlink:type="resource" xlink:label="label_eba_c21578" xml:lang="en" xlink:role="http://www.eurofiling.info/xbrl/role/rc-code">130</label:label>
    <gen:arc xlink:type="arc" xlink:arcrole="http://xbrl.org/arcrole/2008/element-label" xlink:from="loc_eba_c21578" xlink:to="label_eba_c21578" />
    <link:loc xlink:type="locator" xlink:href="c_31.00-rend.xml#eba_c21579" xlink:label="loc_eba_c21579" />
    <label:label xlink:type="resource" xlink:label="label_eba_c21579" xml:lang="en" xlink:role="http://www.eurofiling.info/xbrl/role/rc-code">140</label:label>
    <gen:arc xlink:type="arc" xlink:arcrole="http://xbrl.org/arcrole/2008/element-label" xlink:from="loc_eba_c21579" xlink:to="label_eba_c21579" />
    <link:loc xlink:type="locator" xlink:href="c_31.00-rend.xml#eba_c21580" xlink:label="loc_eba_c21580" />
    <label:label xlink:type="resource" xlink:label="label_eba_c21580" xml:lang="en" xlink:role="http://www.eurofiling.info/xbrl/role/rc-code">150</label:label>
    <gen:arc xlink:type="arc" xlink:arcrole="http://xbrl.org/arcrole/2008/element-label" xlink:from="loc_eba_c21580" xlink:to="label_eba_c21580" />
    <link:loc xlink:type="locator" xlink:href="c_31.00-rend.xml#eba_c21581" xlink:label="loc_eba_c21581" />
    <label:label xlink:type="resource" xlink:label="label_eba_c21581" xml:lang="en" xlink:role="http://www.eurofiling.info/xbrl/role/rc-code">160</label:label>
    <gen:arc xlink:type="arc" xlink:arcrole="http://xbrl.org/arcrole/2008/element-label" xlink:from="loc_eba_c21581" xlink:to="label_eba_c21581" />
    <link:loc xlink:type="locator" xlink:href="c_31.00-rend.xml#eba_c21582" xlink:label="loc_eba_c21582" />
    <label:label xlink:type="resource" xlink:label="label_eba_c21582" xml:lang="en" xlink:role="http://www.eurofiling.info/xbrl/role/rc-code">170</label:label>
    <gen:arc xlink:type="arc" xlink:arcrole="http://xbrl.org/arcrole/2008/element-label" xlink:from="loc_eba_c21582" xlink:to="label_eba_c21582" />
    <link:loc xlink:type="locator" xlink:href="c_31.00-rend.xml#eba_c21583" xlink:label="loc_eba_c21583" />
    <label:label xlink:type="resource" xlink:label="label_eba_c21583" xml:lang="en" xlink:role="http://www.eurofiling.info/xbrl/role/rc-code">180</label:label>
    <gen:arc xlink:type="arc" xlink:arcrole="http://xbrl.org/arcrole/2008/element-label" xlink:from="loc_eba_c21583" xlink:to="label_eba_c21583" />
    <link:loc xlink:type="locator" xlink:href="c_31.00-rend.xml#eba_c21584" xlink:label="loc_eba_c21584" />
    <label:label xlink:type="resource" xlink:label="label_eba_c21584" xml:lang="en" xlink:role="http://www.eurofiling.info/xbrl/role/rc-code">190</label:label>
    <gen:arc xlink:type="arc" xlink:arcrole="http://xbrl.org/arcrole/2008/element-label" xlink:from="loc_eba_c21584" xlink:to="label_eba_c21584" />
    <link:loc xlink:type="locator" xlink:href="c_31.00-rend.xml#eba_c21585" xlink:label="loc_eba_c21585" />
    <label:label xlink:type="resource" xlink:label="label_eba_c21585" xml:lang="en" xlink:role="http://www.eurofiling.info/xbrl/role/rc-code">200</label:label>
    <gen:arc xlink:type="arc" xlink:arcrole="http://xbrl.org/arcrole/2008/element-label" xlink:from="loc_eba_c21585" xlink:to="label_eba_c21585" />
    <link:loc xlink:type="locator" xlink:href="c_31.00-rend.xml#eba_c21586" xlink:label="loc_eba_c21586" />
    <label:label xlink:type="resource" xlink:label="label_eba_c21586" xml:lang="en" xlink:role="http://www.eurofiling.info/xbrl/role/rc-code">210</label:label>
    <gen:arc xlink:type="arc" xlink:arcrole="http://xbrl.org/arcrole/2008/element-label" xlink:from="loc_eba_c21586" xlink:to="label_eba_c21586" />
    <link:loc xlink:type="locator" xlink:href="c_31.00-rend.xml#eba_c21587" xlink:label="loc_eba_c21587" />
    <label:label xlink:type="resource" xlink:label="label_eba_c21587" xml:lang="en" xlink:role="http://www.eurofiling.info/xbrl/role/rc-code">220</label:label>
    <gen:arc xlink:type="arc" xlink:arcrole="http://xbrl.org/arcrole/2008/element-label" xlink:from="loc_eba_c21587" xlink:to="label_eba_c21587" />
    <link:loc xlink:type="locator" xlink:href="c_31.00-rend.xml#eba_c21588" xlink:label="loc_eba_c21588" />
    <label:label xlink:type="resource" xlink:label="label_eba_c21588" xml:lang="en" xlink:role="http://www.eurofiling.info/xbrl/role/rc-code">230</label:label>
    <gen:arc xlink:type="arc" xlink:arcrole="http://xbrl.org/arcrole/2008/element-label" xlink:from="loc_eba_c21588" xlink:to="label_eba_c21588" />
    <link:loc xlink:type="locator" xlink:href="c_31.00-rend.xml#eba_c21589" xlink:label="loc_eba_c21589" />
    <label:label xlink:type="resource" xlink:label="label_eba_c21589" xml:lang="en" xlink:role="http://www.eurofiling.info/xbrl/role/rc-code">240</label:label>
    <gen:arc xlink:type="arc" xlink:arcrole="http://xbrl.org/arcrole/2008/element-label" xlink:from="loc_eba_c21589" xlink:to="label_eba_c21589" />
    <link:loc xlink:type="locator" xlink:href="c_31.00-rend.xml#eba_c21590" xlink:label="loc_eba_c21590" />
    <label:label xlink:type="resource" xlink:label="label_eba_c21590" xml:lang="en" xlink:role="http://www.eurofiling.info/xbrl/role/rc-code">250</label:label>
    <gen:arc xlink:type="arc" xlink:arcrole="http://xbrl.org/arcrole/2008/element-label" xlink:from="loc_eba_c21590" xlink:to="label_eba_c21590" />
    <link:loc xlink:type="locator" xlink:href="c_31.00-rend.xml#eba_c21591" xlink:label="loc_eba_c21591" />
    <label:label xlink:type="resource" xlink:label="label_eba_c21591" xml:lang="en" xlink:role="http://www.eurofiling.info/xbrl/role/rc-code">260</label:label>
    <gen:arc xlink:type="arc" xlink:arcrole="http://xbrl.org/arcrole/2008/element-label" xlink:from="loc_eba_c21591" xlink:to="label_eba_c21591" />
    <link:loc xlink:type="locator" xlink:href="c_31.00-rend.xml#eba_a2" xlink:label="loc_eba_a2" />
    <label:label xlink:type="resource" xlink:label="label_eba_a2" xml:lang="en" xlink:role="http://www.eurofiling.info/xbrl/role/rc-code">010</label:label>
    <gen:arc xlink:type="arc" xlink:arcrole="http://xbrl.org/arcrole/2008/element-label" xlink:from="loc_eba_a2" xlink:to="label_eba_a2" />
    <link:loc xlink:type="locator" xlink:href="c_31.00-rend.xml#eba_a3" xlink:label="loc_eba_a3" />
    <label:label xlink:type="resource" xlink:label="label_eba_a3" xml:lang="en" xlink:role="http://www.eurofiling.info/xbrl/role/rc-code">020</label:label>
    <gen:arc xlink:type="arc" xlink:arcrole="http://xbrl.org/arcrole/2008/element-label" xlink:from="loc_eba_a3" xlink:to="label_eba_a3" />
    <label:label xlink:type="resource" xlink:label="label_eba_tC_31.00_1" xml:lang="en" xlink:role="http://www.eurofiling.info/xbrl/role/filing-indicator-code">C_31.00</label:label>
    <gen:arc xlink:type="arc" xlink:arcrole="http://xbrl.org/arcrole/2008/element-label" xlink:from="loc_eba_tC_31.00" xlink:to="label_eba_tC_31.00_1" />
    <label:label xlink:type="resource" xlink:label="label_eba_tC_31.00_2" xml:lang="en" xlink:role="http://www.eba.europa.eu/xbrl/role/dpm-db-id">214</label:label>
    <gen:arc xlink:type="arc" xlink:arcrole="http://xbrl.org/arcrole/2008/element-label" xlink:from="loc_eba_tC_31.00" xlink:to="label_eba_tC_31.00_2" />
    <label:label xlink:type="resource" xlink:label="label_eba_c21567_1" xml:lang="en" xlink:role="http://www.eba.europa.eu/xbrl/role/dpm-db-id">21567</label:label>
    <gen:arc xlink:type="arc" xlink:arcrole="http://xbrl.org/arcrole/2008/element-label" xlink:from="loc_eba_c21567" xlink:to="label_eba_c21567_1" />
    <label:label xlink:type="resource" xlink:label="label_eba_c21568_1" xml:lang="en" xlink:role="http://www.eba.europa.eu/xbrl/role/dpm-db-id">21568</label:label>
    <gen:arc xlink:type="arc" xlink:arcrole="http://xbrl.org/arcrole/2008/element-label" xlink:from="loc_eba_c21568" xlink:to="label_eba_c21568_1" />
    <label:label xlink:type="resource" xlink:label="label_eba_c21569_1" xml:lang="en" xlink:role="http://www.eba.europa.eu/xbrl/role/dpm-db-id">21569</label:label>
    <gen:arc xlink:type="arc" xlink:arcrole="http://xbrl.org/arcrole/2008/element-label" xlink:from="loc_eba_c21569" xlink:to="label_eba_c21569_1" />
    <label:label xlink:type="resource" xlink:label="label_eba_c21570_1" xml:lang="en" xlink:role="http://www.eba.europa.eu/xbrl/role/dpm-db-id">21570</label:label>
    <gen:arc xlink:type="arc" xlink:arcrole="http://xbrl.org/arcrole/2008/element-label" xlink:from="loc_eba_c21570" xlink:to="label_eba_c21570_1" />
    <label:label xlink:type="resource" xlink:label="label_eba_c21571_1" xml:lang="en" xlink:role="http://www.eba.europa.eu/xbrl/role/dpm-db-id">21571</label:label>
    <gen:arc xlink:type="arc" xlink:arcrole="http://xbrl.org/arcrole/2008/element-label" xlink:from="loc_eba_c21571" xlink:to="label_eba_c21571_1" />
    <label:label xlink:type="resource" xlink:label="label_eba_c21572_1" xml:lang="en" xlink:role="http://www.eba.europa.eu/xbrl/role/dpm-db-id">21572</label:label>
    <gen:arc xlink:type="arc" xlink:arcrole="http://xbrl.org/arcrole/2008/element-label" xlink:from="loc_eba_c21572" xlink:to="label_eba_c21572_1" />
    <label:label xlink:type="resource" xlink:label="label_eba_c21573_1" xml:lang="en" xlink:role="http://www.eba.europa.eu/xbrl/role/dpm-db-id">21573</label:label>
    <gen:arc xlink:type="arc" xlink:arcrole="http://xbrl.org/arcrole/2008/element-label" xlink:from="loc_eba_c21573" xlink:to="label_eba_c21573_1" />
    <label:label xlink:type="resource" xlink:label="label_eba_c21574_1" xml:lang="en" xlink:role="http://www.eba.europa.eu/xbrl/role/dpm-db-id">21574</label:label>
    <gen:arc xlink:type="arc" xlink:arcrole="http://xbrl.org/arcrole/2008/element-label" xlink:from="loc_eba_c21574" xlink:to="label_eba_c21574_1" />
    <label:label xlink:type="resource" xlink:label="label_eba_c21575_1" xml:lang="en" xlink:role="http://www.eba.europa.eu/xbrl/role/dpm-db-id">21575</label:label>
    <gen:arc xlink:type="arc" xlink:arcrole="http://xbrl.org/arcrole/2008/element-label" xlink:from="loc_eba_c21575" xlink:to="label_eba_c21575_1" />
    <label:label xlink:type="resource" xlink:label="label_eba_c21576_1" xml:lang="en" xlink:role="http://www.eba.europa.eu/xbrl/role/dpm-db-id">21576</label:label>
    <gen:arc xlink:type="arc" xlink:arcrole="http://xbrl.org/arcrole/2008/element-label" xlink:from="loc_eba_c21576" xlink:to="label_eba_c21576_1" />
    <label:label xlink:type="resource" xlink:label="label_eba_c21577_1" xml:lang="en" xlink:role="http://www.eba.europa.eu/xbrl/role/dpm-db-id">21577</label:label>
    <gen:arc xlink:type="arc" xlink:arcrole="http://xbrl.org/arcrole/2008/element-label" xlink:from="loc_eba_c21577" xlink:to="label_eba_c21577_1" />
    <label:label xlink:type="resource" xlink:label="label_eba_c21578_1" xml:lang="en" xlink:role="http://www.eba.europa.eu/xbrl/role/dpm-db-id">21578</label:label>
    <gen:arc xlink:type="arc" xlink:arcrole="http://xbrl.org/arcrole/2008/element-label" xlink:from="loc_eba_c21578" xlink:to="label_eba_c21578_1" />
    <label:label xlink:type="resource" xlink:label="label_eba_c21579_1" xml:lang="en" xlink:role="http://www.eba.europa.eu/xbrl/role/dpm-db-id">21579</label:label>
    <gen:arc xlink:type="arc" xlink:arcrole="http://xbrl.org/arcrole/2008/element-label" xlink:from="loc_eba_c21579" xlink:to="label_eba_c21579_1" />
    <label:label xlink:type="resource" xlink:label="label_eba_c21580_1" xml:lang="en" xlink:role="http://www.eba.europa.eu/xbrl/role/dpm-db-id">21580</label:label>
    <gen:arc xlink:type="arc" xlink:arcrole="http://xbrl.org/arcrole/2008/element-label" xlink:from="loc_eba_c21580" xlink:to="label_eba_c21580_1" />
    <label:label xlink:type="resource" xlink:label="label_eba_c21581_1" xml:lang="en" xlink:role="http://www.eba.europa.eu/xbrl/role/dpm-db-id">21581</label:label>
    <gen:arc xlink:type="arc" xlink:arcrole="http://xbrl.org/arcrole/2008/element-label" xlink:from="loc_eba_c21581" xlink:to="label_eba_c21581_1" />
    <label:label xlink:type="resource" xlink:label="label_eba_c21582_1" xml:lang="en" xlink:role="http://www.eba.europa.eu/xbrl/role/dpm-db-id">21582</label:label>
    <gen:arc xlink:type="arc" xlink:arcrole="http://xbrl.org/arcrole/2008/element-label" xlink:from="loc_eba_c21582" xlink:to="label_eba_c21582_1" />
    <label:label xlink:type="resource" xlink:label="label_eba_c21583_1" xml:lang="en" xlink:role="http://www.eba.europa.eu/xbrl/role/dpm-db-id">21583</label:label>
    <gen:arc xlink:type="arc" xlink:arcrole="http://xbrl.org/arcrole/2008/element-label" xlink:from="loc_eba_c21583" xlink:to="label_eba_c21583_1" />
    <label:label xlink:type="resource" xlink:label="label_eba_c21584_1" xml:lang="en" xlink:role="http://www.eba.europa.eu/xbrl/role/dpm-db-id">21584</label:label>
    <gen:arc xlink:type="arc" xlink:arcrole="http://xbrl.org/arcrole/2008/element-label" xlink:from="loc_eba_c21584" xlink:to="label_eba_c21584_1" />
    <label:label xlink:type="resource" xlink:label="label_eba_c21585_1" xml:lang="en" xlink:role="http://www.eba.europa.eu/xbrl/role/dpm-db-id">21585</label:label>
    <gen:arc xlink:type="arc" xlink:arcrole="http://xbrl.org/arcrole/2008/element-label" xlink:from="loc_eba_c21585" xlink:to="label_eba_c21585_1" />
    <label:label xlink:type="resource" xlink:label="label_eba_c21586_1" xml:lang="en" xlink:role="http://www.eba.europa.eu/xbrl/role/dpm-db-id">21586</label:label>
    <gen:arc xlink:type="arc" xlink:arcrole="http://xbrl.org/arcrole/2008/element-label" xlink:from="loc_eba_c21586" xlink:to="label_eba_c21586_1" />
    <label:label xlink:type="resource" xlink:label="label_eba_c21587_1" xml:lang="en" xlink:role="http://www.eba.europa.eu/xbrl/role/dpm-db-id">21587</label:label>
    <gen:arc xlink:type="arc" xlink:arcrole="http://xbrl.org/arcrole/2008/element-label" xlink:from="loc_eba_c21587" xlink:to="label_eba_c21587_1" />
    <label:label xlink:type="resource" xlink:label="label_eba_c21588_1" xml:lang="en" xlink:role="http://www.eba.europa.eu/xbrl/role/dpm-db-id">21588</label:label>
    <gen:arc xlink:type="arc" xlink:arcrole="http://xbrl.org/arcrole/2008/element-label" xlink:from="loc_eba_c21588" xlink:to="label_eba_c21588_1" />
    <label:label xlink:type="resource" xlink:label="label_eba_c21589_1" xml:lang="en" xlink:role="http://www.eba.europa.eu/xbrl/role/dpm-db-id">21589</label:label>
    <gen:arc xlink:type="arc" xlink:arcrole="http://xbrl.org/arcrole/2008/element-label" xlink:from="loc_eba_c21589" xlink:to="label_eba_c21589_1" />
    <label:label xlink:type="resource" xlink:label="label_eba_c21590_1" xml:lang="en" xlink:role="http://www.eba.europa.eu/xbrl/role/dpm-db-id">21590</label:label>
    <gen:arc xlink:type="arc" xlink:arcrole="http://xbrl.org/arcrole/2008/element-label" xlink:from="loc_eba_c21590" xlink:to="label_eba_c21590_1" />
    <label:label xlink:type="resource" xlink:label="label_eba_c21591_1" xml:lang="en" xlink:role="http://www.eba.europa.eu/xbrl/role/dpm-db-id">21591</label:label>
    <gen:arc xlink:type="arc" xlink:arcrole="http://xbrl.org/arcrole/2008/element-label" xlink:from="loc_eba_c21591" xlink:to="label_eba_c21591_1" />
    <label:label xlink:type="resource" xlink:label="label_eba_a2_1" xml:lang="en" xlink:role="http://www.eba.europa.eu/xbrl/role/dpm-db-id">21565</label:label>
    <gen:arc xlink:type="arc" xlink:arcrole="http://xbrl.org/arcrole/2008/element-label" xlink:from="loc_eba_a2" xlink:to="label_eba_a2_1" />
    <label:label xlink:type="resource" xlink:label="label_eba_a3_1" xml:lang="en" xlink:role="http://www.eba.europa.eu/xbrl/role/dpm-db-id">21566</label:label>
    <gen:arc xlink:type="arc" xlink:arcrole="http://xbrl.org/arcrole/2008/element-label" xlink:from="loc_eba_a3" xlink:to="label_eba_a3_1" />
  </gen:link>
</link:linkbase>