﻿<?xml version="1.0" encoding="utf-8"?>
<?taxonomy-version 2.0.0?>
<!--(C) EBA-->
<link:linkbase xmlns:xsi="http://www.w3.org/2001/XMLSchema-instance" xmlns:xlink="http://www.w3.org/1999/xlink" xmlns:link="http://www.xbrl.org/2003/linkbase" xmlns:gen="http://xbrl.org/2008/generic" xmlns:label="http://xbrl.org/2008/label" xsi:schemaLocation="http://www.xbrl.org/2003/linkbase http://www.xbrl.org/2003/xbrl-linkbase-2003-12-31.xsd http://xbrl.org/2008/generic http://www.xbrl.org/2008/generic-link.xsd http://xbrl.org/2008/label http://www.xbrl.org/2008/generic-label.xsd">
  <link:arcroleRef arcroleURI="http://xbrl.org/arcrole/2008/element-label" xlink:type="simple" xlink:href="http://www.xbrl.org/2008/generic-label.xsd#element-label" />
  <link:roleRef roleURI="http://www.xbrl.org/2008/role/label" xlink:type="simple" xlink:href="http://www.xbrl.org/2008/generic-label.xsd#standard-label" />
  <link:roleRef roleURI="http://www.xbrl.org/2008/role/verboseLabel" xlink:type="simple" xlink:href="http://www.xbrl.org/2008/generic-label.xsd#verbose-label" />
  <gen:link xlink:type="extended" xlink:role="http://www.xbrl.org/2003/role/link">
    <link:loc xlink:type="locator" xlink:href="c_23.00-rend.xml#eba_tC_23.00" xlink:label="loc_eba_tC_23.00" />
    <label:label xlink:type="resource" xlink:label="label_eba_tC_23.00" xml:lang="en" xlink:role="http://www.xbrl.org/2008/role/label">C 23.00 (MKR SA COM)</label:label>
    <gen:arc xlink:type="arc" xlink:arcrole="http://xbrl.org/arcrole/2008/element-label" xlink:from="loc_eba_tC_23.00" xlink:to="label_eba_tC_23.00" />
    <label:label xlink:type="resource" xlink:label="label_eba_tC_23.00_1" xml:lang="en" xlink:role="http://www.xbrl.org/2008/role/verboseLabel">C 23.00 (MKR SA COM) Market risk: Standardised Approach for position risk in commodities</label:label>
    <gen:arc xlink:type="arc" xlink:arcrole="http://xbrl.org/arcrole/2008/element-label" xlink:from="loc_eba_tC_23.00" xlink:to="label_eba_tC_23.00_1" />
    <link:loc xlink:type="locator" xlink:href="c_23.00-rend.xml#eba_a1" xlink:label="loc_eba_a1" />
    <label:label xlink:type="resource" xlink:label="label_eba_a1" xml:lang="en" xlink:role="http://www.xbrl.org/2008/role/label">Columns</label:label>
    <gen:arc xlink:type="arc" xlink:arcrole="http://xbrl.org/arcrole/2008/element-label" xlink:from="loc_eba_a1" xlink:to="label_eba_a1" />
    <link:loc xlink:type="locator" xlink:href="c_23.00-rend.xml#eba_c20924" xlink:label="loc_eba_c20924" />
    <label:label xlink:type="resource" xlink:label="label_eba_c20924" xml:lang="en" xlink:role="http://www.xbrl.org/2008/role/label">All positions</label:label>
    <gen:arc xlink:type="arc" xlink:arcrole="http://xbrl.org/arcrole/2008/element-label" xlink:from="loc_eba_c20924" xlink:to="label_eba_c20924" />
    <link:loc xlink:type="locator" xlink:href="c_23.00-rend.xml#eba_c20925" xlink:label="loc_eba_c20925" />
    <label:label xlink:type="resource" xlink:label="label_eba_c20925" xml:lang="en" xlink:role="http://www.xbrl.org/2008/role/label">Long</label:label>
    <gen:arc xlink:type="arc" xlink:arcrole="http://xbrl.org/arcrole/2008/element-label" xlink:from="loc_eba_c20925" xlink:to="label_eba_c20925" />
    <link:loc xlink:type="locator" xlink:href="c_23.00-rend.xml#eba_c20926" xlink:label="loc_eba_c20926" />
    <label:label xlink:type="resource" xlink:label="label_eba_c20926" xml:lang="en" xlink:role="http://www.xbrl.org/2008/role/label">Short</label:label>
    <gen:arc xlink:type="arc" xlink:arcrole="http://xbrl.org/arcrole/2008/element-label" xlink:from="loc_eba_c20926" xlink:to="label_eba_c20926" />
    <link:loc xlink:type="locator" xlink:href="c_23.00-rend.xml#eba_c20927" xlink:label="loc_eba_c20927" />
    <label:label xlink:type="resource" xlink:label="label_eba_c20927" xml:lang="en" xlink:role="http://www.xbrl.org/2008/role/label">Net positions</label:label>
    <gen:arc xlink:type="arc" xlink:arcrole="http://xbrl.org/arcrole/2008/element-label" xlink:from="loc_eba_c20927" xlink:to="label_eba_c20927" />
    <link:loc xlink:type="locator" xlink:href="c_23.00-rend.xml#eba_c20928" xlink:label="loc_eba_c20928" />
    <label:label xlink:type="resource" xlink:label="label_eba_c20928" xml:lang="en" xlink:role="http://www.xbrl.org/2008/role/label">Long</label:label>
    <gen:arc xlink:type="arc" xlink:arcrole="http://xbrl.org/arcrole/2008/element-label" xlink:from="loc_eba_c20928" xlink:to="label_eba_c20928" />
    <link:loc xlink:type="locator" xlink:href="c_23.00-rend.xml#eba_c20929" xlink:label="loc_eba_c20929" />
    <label:label xlink:type="resource" xlink:label="label_eba_c20929" xml:lang="en" xlink:role="http://www.xbrl.org/2008/role/label">Short</label:label>
    <gen:arc xlink:type="arc" xlink:arcrole="http://xbrl.org/arcrole/2008/element-label" xlink:from="loc_eba_c20929" xlink:to="label_eba_c20929" />
    <link:loc xlink:type="locator" xlink:href="c_23.00-rend.xml#eba_c20930" xlink:label="loc_eba_c20930" />
    <label:label xlink:type="resource" xlink:label="label_eba_c20930" xml:lang="en" xlink:role="http://www.xbrl.org/2008/role/label">Positions subject to capital charge</label:label>
    <gen:arc xlink:type="arc" xlink:arcrole="http://xbrl.org/arcrole/2008/element-label" xlink:from="loc_eba_c20930" xlink:to="label_eba_c20930" />
    <link:loc xlink:type="locator" xlink:href="c_23.00-rend.xml#eba_c20931" xlink:label="loc_eba_c20931" />
    <label:label xlink:type="resource" xlink:label="label_eba_c20931" xml:lang="en" xlink:role="http://www.xbrl.org/2008/role/label">Capital requirements</label:label>
    <gen:arc xlink:type="arc" xlink:arcrole="http://xbrl.org/arcrole/2008/element-label" xlink:from="loc_eba_c20931" xlink:to="label_eba_c20931" />
    <link:loc xlink:type="locator" xlink:href="c_23.00-rend.xml#eba_c20932" xlink:label="loc_eba_c20932" />
    <label:label xlink:type="resource" xlink:label="label_eba_c20932" xml:lang="en" xlink:role="http://www.xbrl.org/2008/role/label">Total risk exposure amount</label:label>
    <gen:arc xlink:type="arc" xlink:arcrole="http://xbrl.org/arcrole/2008/element-label" xlink:from="loc_eba_c20932" xlink:to="label_eba_c20932" />
    <link:loc xlink:type="locator" xlink:href="c_23.00-rend.xml#eba_a2" xlink:label="loc_eba_a2" />
    <label:label xlink:type="resource" xlink:label="label_eba_a2" xml:lang="en" xlink:role="http://www.xbrl.org/2008/role/label">Rows</label:label>
    <gen:arc xlink:type="arc" xlink:arcrole="http://xbrl.org/arcrole/2008/element-label" xlink:from="loc_eba_a2" xlink:to="label_eba_a2" />
    <link:loc xlink:type="locator" xlink:href="c_23.00-rend.xml#eba_c20933" xlink:label="loc_eba_c20933" />
    <label:label xlink:type="resource" xlink:label="label_eba_c20933" xml:lang="en" xlink:role="http://www.xbrl.org/2008/role/label">TOTAL POSITIONS IN COMMODITIES</label:label>
    <gen:arc xlink:type="arc" xlink:arcrole="http://xbrl.org/arcrole/2008/element-label" xlink:from="loc_eba_c20933" xlink:to="label_eba_c20933" />
    <link:loc xlink:type="locator" xlink:href="c_23.00-rend.xml#eba_c20934" xlink:label="loc_eba_c20934" />
    <label:label xlink:type="resource" xlink:label="label_eba_c20934" xml:lang="en" xlink:role="http://www.xbrl.org/2008/role/label">Precious metals (except gold)</label:label>
    <gen:arc xlink:type="arc" xlink:arcrole="http://xbrl.org/arcrole/2008/element-label" xlink:from="loc_eba_c20934" xlink:to="label_eba_c20934" />
    <link:loc xlink:type="locator" xlink:href="c_23.00-rend.xml#eba_c20935" xlink:label="loc_eba_c20935" />
    <label:label xlink:type="resource" xlink:label="label_eba_c20935" xml:lang="en" xlink:role="http://www.xbrl.org/2008/role/label">Base metals</label:label>
    <gen:arc xlink:type="arc" xlink:arcrole="http://xbrl.org/arcrole/2008/element-label" xlink:from="loc_eba_c20935" xlink:to="label_eba_c20935" />
    <link:loc xlink:type="locator" xlink:href="c_23.00-rend.xml#eba_c20936" xlink:label="loc_eba_c20936" />
    <label:label xlink:type="resource" xlink:label="label_eba_c20936" xml:lang="en" xlink:role="http://www.xbrl.org/2008/role/label">Agricultural products (softs)</label:label>
    <gen:arc xlink:type="arc" xlink:arcrole="http://xbrl.org/arcrole/2008/element-label" xlink:from="loc_eba_c20936" xlink:to="label_eba_c20936" />
    <link:loc xlink:type="locator" xlink:href="c_23.00-rend.xml#eba_c20937" xlink:label="loc_eba_c20937" />
    <label:label xlink:type="resource" xlink:label="label_eba_c20937" xml:lang="en" xlink:role="http://www.xbrl.org/2008/role/label">Others</label:label>
    <gen:arc xlink:type="arc" xlink:arcrole="http://xbrl.org/arcrole/2008/element-label" xlink:from="loc_eba_c20937" xlink:to="label_eba_c20937" />
    <link:loc xlink:type="locator" xlink:href="c_23.00-rend.xml#eba_c20938" xlink:label="loc_eba_c20938" />
    <label:label xlink:type="resource" xlink:label="label_eba_c20938" xml:lang="en" xlink:role="http://www.xbrl.org/2008/role/label">Of which energy products (oil, gas)</label:label>
    <gen:arc xlink:type="arc" xlink:arcrole="http://xbrl.org/arcrole/2008/element-label" xlink:from="loc_eba_c20938" xlink:to="label_eba_c20938" />
    <link:loc xlink:type="locator" xlink:href="c_23.00-rend.xml#eba_c20939" xlink:label="loc_eba_c20939" />
    <label:label xlink:type="resource" xlink:label="label_eba_c20939" xml:lang="en" xlink:role="http://www.xbrl.org/2008/role/label">Maturity ladder approach</label:label>
    <gen:arc xlink:type="arc" xlink:arcrole="http://xbrl.org/arcrole/2008/element-label" xlink:from="loc_eba_c20939" xlink:to="label_eba_c20939" />
    <link:loc xlink:type="locator" xlink:href="c_23.00-rend.xml#eba_c20940" xlink:label="loc_eba_c20940" />
    <label:label xlink:type="resource" xlink:label="label_eba_c20940" xml:lang="en" xlink:role="http://www.xbrl.org/2008/role/label">Extended maturity ladder approach</label:label>
    <gen:arc xlink:type="arc" xlink:arcrole="http://xbrl.org/arcrole/2008/element-label" xlink:from="loc_eba_c20940" xlink:to="label_eba_c20940" />
    <link:loc xlink:type="locator" xlink:href="c_23.00-rend.xml#eba_c20941" xlink:label="loc_eba_c20941" />
    <label:label xlink:type="resource" xlink:label="label_eba_c20941" xml:lang="en" xlink:role="http://www.xbrl.org/2008/role/label">Simplified approach: All positions</label:label>
    <gen:arc xlink:type="arc" xlink:arcrole="http://xbrl.org/arcrole/2008/element-label" xlink:from="loc_eba_c20941" xlink:to="label_eba_c20941" />
    <link:loc xlink:type="locator" xlink:href="c_23.00-rend.xml#eba_c20942" xlink:label="loc_eba_c20942" />
    <label:label xlink:type="resource" xlink:label="label_eba_c20942" xml:lang="en" xlink:role="http://www.xbrl.org/2008/role/label">Other non-delta risks for commodity options</label:label>
    <gen:arc xlink:type="arc" xlink:arcrole="http://xbrl.org/arcrole/2008/element-label" xlink:from="loc_eba_c20942" xlink:to="label_eba_c20942" />
    <link:loc xlink:type="locator" xlink:href="c_23.00-rend.xml#eba_c20943" xlink:label="loc_eba_c20943" />
    <label:label xlink:type="resource" xlink:label="label_eba_c20943" xml:lang="en" xlink:role="http://www.xbrl.org/2008/role/label">Simplified method</label:label>
    <gen:arc xlink:type="arc" xlink:arcrole="http://xbrl.org/arcrole/2008/element-label" xlink:from="loc_eba_c20943" xlink:to="label_eba_c20943" />
    <link:loc xlink:type="locator" xlink:href="c_23.00-rend.xml#eba_c20944" xlink:label="loc_eba_c20944" />
    <label:label xlink:type="resource" xlink:label="label_eba_c20944" xml:lang="en" xlink:role="http://www.xbrl.org/2008/role/label">Delta plus approach - additional requirements for gamma risk</label:label>
    <gen:arc xlink:type="arc" xlink:arcrole="http://xbrl.org/arcrole/2008/element-label" xlink:from="loc_eba_c20944" xlink:to="label_eba_c20944" />
    <link:loc xlink:type="locator" xlink:href="c_23.00-rend.xml#eba_c20945" xlink:label="loc_eba_c20945" />
    <label:label xlink:type="resource" xlink:label="label_eba_c20945" xml:lang="en" xlink:role="http://www.xbrl.org/2008/role/label">Delta plus approach - additional requirements for vega risk</label:label>
    <gen:arc xlink:type="arc" xlink:arcrole="http://xbrl.org/arcrole/2008/element-label" xlink:from="loc_eba_c20945" xlink:to="label_eba_c20945" />
    <link:loc xlink:type="locator" xlink:href="c_23.00-rend.xml#eba_c20946" xlink:label="loc_eba_c20946" />
    <label:label xlink:type="resource" xlink:label="label_eba_c20946" xml:lang="en" xlink:role="http://www.xbrl.org/2008/role/label">Scenario matrix approach</label:label>
    <gen:arc xlink:type="arc" xlink:arcrole="http://xbrl.org/arcrole/2008/element-label" xlink:from="loc_eba_c20946" xlink:to="label_eba_c20946" />
  </gen:link>
</link:linkbase>