﻿<?xml version="1.0" encoding="utf-8"?>
<?taxonomy-version 2.0.0?>
<!--(C) EBA-->
<link:linkbase xmlns:xsi="http://www.w3.org/2001/XMLSchema-instance" xmlns:xlink="http://www.w3.org/1999/xlink" xmlns:link="http://www.xbrl.org/2003/linkbase" xmlns:gen="http://xbrl.org/2008/generic" xmlns:label="http://xbrl.org/2008/label" xsi:schemaLocation="http://www.xbrl.org/2003/linkbase http://www.xbrl.org/2003/xbrl-linkbase-2003-12-31.xsd http://xbrl.org/2008/generic http://www.xbrl.org/2008/generic-link.xsd http://xbrl.org/2008/label http://www.xbrl.org/2008/generic-label.xsd">
  <link:arcroleRef arcroleURI="http://xbrl.org/arcrole/2008/element-label" xlink:type="simple" xlink:href="http://www.xbrl.org/2008/generic-label.xsd#element-label" />
  <link:roleRef roleURI="http://www.xbrl.org/2008/role/label" xlink:type="simple" xlink:href="http://www.xbrl.org/2008/generic-label.xsd#standard-label" />
  <link:roleRef roleURI="http://www.xbrl.org/2008/role/verboseLabel" xlink:type="simple" xlink:href="http://www.xbrl.org/2008/generic-label.xsd#verbose-label" />
  <gen:link xlink:type="extended" xlink:role="http://www.xbrl.org/2003/role/link">
    <link:loc xlink:type="locator" xlink:href="c_09.03-rend.xml#eba_tC_09.03" xlink:label="loc_eba_tC_09.03" />
    <label:label xlink:type="resource" xlink:label="label_eba_tC_09.03" xml:lang="en" xlink:role="http://www.xbrl.org/2008/role/label">C 09.03 (CR GB 3)</label:label>
    <gen:arc xlink:type="arc" xlink:arcrole="http://xbrl.org/arcrole/2008/element-label" xlink:from="loc_eba_tC_09.03" xlink:to="label_eba_tC_09.03" />
    <label:label xlink:type="resource" xlink:label="label_eba_tC_09.03_1" xml:lang="en" xlink:role="http://www.xbrl.org/2008/role/verboseLabel">C 09.03 (CR GB 3) Breakdown of total own funds requirements for credit risk of relevant credit exposures by country</label:label>
    <gen:arc xlink:type="arc" xlink:arcrole="http://xbrl.org/arcrole/2008/element-label" xlink:from="loc_eba_tC_09.03" xlink:to="label_eba_tC_09.03_1" />
    <link:loc xlink:type="locator" xlink:href="c_09.03-rend.xml#eba_a1" xlink:label="loc_eba_a1" />
    <label:label xlink:type="resource" xlink:label="label_eba_a1" xml:lang="en" xlink:role="http://www.xbrl.org/2008/role/label">Columns</label:label>
    <gen:arc xlink:type="arc" xlink:arcrole="http://xbrl.org/arcrole/2008/element-label" xlink:from="loc_eba_a1" xlink:to="label_eba_a1" />
    <link:loc xlink:type="locator" xlink:href="c_09.03-rend.xml#eba_c20106" xlink:label="loc_eba_c20106" />
    <label:label xlink:type="resource" xlink:label="label_eba_c20106" xml:lang="en" xlink:role="http://www.xbrl.org/2008/role/label">Amount</label:label>
    <gen:arc xlink:type="arc" xlink:arcrole="http://xbrl.org/arcrole/2008/element-label" xlink:from="loc_eba_c20106" xlink:to="label_eba_c20106" />
    <link:loc xlink:type="locator" xlink:href="c_09.03-rend.xml#eba_a2" xlink:label="loc_eba_a2" />
    <label:label xlink:type="resource" xlink:label="label_eba_a2" xml:lang="en" xlink:role="http://www.xbrl.org/2008/role/label">Rows</label:label>
    <gen:arc xlink:type="arc" xlink:arcrole="http://xbrl.org/arcrole/2008/element-label" xlink:from="loc_eba_a2" xlink:to="label_eba_a2" />
    <link:loc xlink:type="locator" xlink:href="c_09.03-rend.xml#eba_c20107" xlink:label="loc_eba_c20107" />
    <label:label xlink:type="resource" xlink:label="label_eba_c20107" xml:lang="en" xlink:role="http://www.xbrl.org/2008/role/label">Own fund requirements for credit risk</label:label>
    <gen:arc xlink:type="arc" xlink:arcrole="http://xbrl.org/arcrole/2008/element-label" xlink:from="loc_eba_c20107" xlink:to="label_eba_c20107" />
    <link:loc xlink:type="locator" xlink:href="c_09.03-rend.xml#eba_a3" xlink:label="loc_eba_a3" />
    <label:label xlink:type="resource" xlink:label="label_eba_a3" xml:lang="en" xlink:role="http://www.xbrl.org/2008/role/label">Country</label:label>
    <gen:arc xlink:type="arc" xlink:arcrole="http://xbrl.org/arcrole/2008/element-label" xlink:from="loc_eba_a3" xlink:to="label_eba_a3" />
  </gen:link>
</link:linkbase>