﻿<?xml version="1.0" encoding="utf-8"?>
<?taxonomy-version 2.0.0?>
<!--(C) EBA-->
<link:linkbase xmlns:xsi="http://www.w3.org/2001/XMLSchema-instance" xmlns:xlink="http://www.w3.org/1999/xlink" xmlns:link="http://www.xbrl.org/2003/linkbase" xmlns:xbrldt="http://xbrl.org/2005/xbrldt" xsi:schemaLocation="http://www.xbrl.org/2003/linkbase http://www.xbrl.org/2003/xbrl-linkbase-2003-12-31.xsd http://xbrl.org/2005/xbrldt http://www.xbrl.org/2005/xbrldt-2005.xsd">
  <link:arcroleRef arcroleURI="http://xbrl.org/int/dim/arcrole/all" xlink:type="simple" xlink:href="http://www.xbrl.org/2005/xbrldt-2005.xsd#all" />
  <link:arcroleRef arcroleURI="http://xbrl.org/int/dim/arcrole/dimension-domain" xlink:type="simple" xlink:href="http://www.xbrl.org/2005/xbrldt-2005.xsd#dimension-domain" />
  <link:arcroleRef arcroleURI="http://xbrl.org/int/dim/arcrole/domain-member" xlink:type="simple" xlink:href="http://www.xbrl.org/2005/xbrldt-2005.xsd#domain-member" />
  <link:arcroleRef arcroleURI="http://xbrl.org/int/dim/arcrole/hypercube-dimension" xlink:type="simple" xlink:href="http://www.xbrl.org/2005/xbrldt-2005.xsd#hypercube-dimension" />
  <link:roleRef roleURI="http://www.eba.europa.eu/xbrl/crr/role/fws/COREP/ITS-2013-02/2013-12-01/tab/C_09.03/1" xlink:type="simple" xlink:href="c_09.03.xsd#role1" />
  <link:definitionLink xlink:type="extended" xlink:role="http://www.eba.europa.eu/xbrl/crr/role/fws/COREP/ITS-2013-02/2013-12-01/tab/C_09.03/1">
    <link:loc xlink:type="locator" xlink:href="../../../../../../dict/met/met.xsd#eba_mi184" xlink:label="loc_eba_mi184" />
    <link:loc xlink:type="locator" xlink:href="http://www.eurofiling.info/eu/fr/xbrl/ext/model.xsd#hyp" xlink:label="loc_hyp" />
    <link:definitionArc xlink:type="arc" xlink:arcrole="http://xbrl.org/int/dim/arcrole/all" xlink:from="loc_eba_mi184" xlink:to="loc_hyp" xbrldt:closed="true" xbrldt:contextElement="scenario" order="1" />
    <link:loc xlink:type="locator" xlink:href="../../../../../../dict/dim/dim.xsd#eba_BAS" xlink:label="loc_eba_BAS" />
    <link:definitionArc xlink:type="arc" xlink:arcrole="http://xbrl.org/int/dim/arcrole/hypercube-dimension" xlink:from="loc_hyp" xlink:to="loc_eba_BAS" order="1" />
    <link:loc xlink:type="locator" xlink:href="../../../../../../dict/dom/exp.xsd#eba_BA" xlink:label="loc_eba_BA" />
    <link:definitionArc xlink:type="arc" xlink:arcrole="http://xbrl.org/int/dim/arcrole/dimension-domain" xlink:from="loc_eba_BAS" xlink:to="loc_eba_BA" xbrldt:usable="false" order="1" />
    <link:loc xlink:type="locator" xlink:href="../../../../../../dict/dom/ba/mem.xsd#eba_x9" xlink:label="loc_eba_x9" />
    <link:definitionArc xlink:type="arc" xlink:arcrole="http://xbrl.org/int/dim/arcrole/domain-member" xlink:from="loc_eba_BA" xlink:to="loc_eba_x9" order="1" />
    <link:loc xlink:type="locator" xlink:href="../../../../../../dict/dim/dim.xsd#eba_TRI" xlink:label="loc_eba_TRI" />
    <link:definitionArc xlink:type="arc" xlink:arcrole="http://xbrl.org/int/dim/arcrole/hypercube-dimension" xlink:from="loc_hyp" xlink:to="loc_eba_TRI" order="2" />
    <link:loc xlink:type="locator" xlink:href="../../../../../../dict/dom/exp.xsd#eba_TR" xlink:label="loc_eba_TR" />
    <link:definitionArc xlink:type="arc" xlink:arcrole="http://xbrl.org/int/dim/arcrole/dimension-domain" xlink:from="loc_eba_TRI" xlink:to="loc_eba_TR" xbrldt:usable="false" order="1" />
    <link:loc xlink:type="locator" xlink:href="../../../../../../dict/dom/tr/mem.xsd#eba_x4" xlink:label="loc_eba_x4" />
    <link:definitionArc xlink:type="arc" xlink:arcrole="http://xbrl.org/int/dim/arcrole/domain-member" xlink:from="loc_eba_TR" xlink:to="loc_eba_x4" order="1" />
    <link:loc xlink:type="locator" xlink:href="../../../../../../dict/dim/dim.xsd#eba_CEG" xlink:label="loc_eba_CEG" />
    <link:definitionArc xlink:type="arc" xlink:arcrole="http://xbrl.org/int/dim/arcrole/hypercube-dimension" xlink:from="loc_hyp" xlink:to="loc_eba_CEG" order="3" />
    <link:loc xlink:type="locator" xlink:href="../../../../../../dict/dom/exp.xsd#eba_GA" xlink:label="loc_eba_GA" />
    <link:definitionArc xlink:type="arc" xlink:arcrole="http://xbrl.org/int/dim/arcrole/dimension-domain" xlink:from="loc_eba_CEG" xlink:to="loc_eba_GA" xbrldt:usable="false" order="1" />
    <link:loc xlink:type="locator" xlink:href="../../../../../../dict/dom/ga/mem.xsd#eba_x0" xlink:label="loc_eba_x0" />
    <link:definitionArc xlink:type="arc" xlink:arcrole="http://xbrl.org/int/dim/arcrole/domain-member" xlink:from="loc_eba_GA" xlink:to="loc_eba_x0" order="1" />
    <link:loc xlink:type="locator" xlink:href="../../../../../../dict/dom/ga/mem.xsd#eba_AL" xlink:label="loc_eba_AL" />
    <link:definitionArc xlink:type="arc" xlink:arcrole="http://xbrl.org/int/dim/arcrole/domain-member" xlink:from="loc_eba_GA" xlink:to="loc_eba_AL" order="2" />
    <link:loc xlink:type="locator" xlink:href="../../../../../../dict/dom/ga/mem.xsd#eba_AT" xlink:label="loc_eba_AT" />
    <link:definitionArc xlink:type="arc" xlink:arcrole="http://xbrl.org/int/dim/arcrole/domain-member" xlink:from="loc_eba_GA" xlink:to="loc_eba_AT" order="3" />
    <link:loc xlink:type="locator" xlink:href="../../../../../../dict/dom/ga/mem.xsd#eba_BE" xlink:label="loc_eba_BE" />
    <link:definitionArc xlink:type="arc" xlink:arcrole="http://xbrl.org/int/dim/arcrole/domain-member" xlink:from="loc_eba_GA" xlink:to="loc_eba_BE" order="4" />
    <link:loc xlink:type="locator" xlink:href="../../../../../../dict/dom/ga/mem.xsd#eba_BG" xlink:label="loc_eba_BG" />
    <link:definitionArc xlink:type="arc" xlink:arcrole="http://xbrl.org/int/dim/arcrole/domain-member" xlink:from="loc_eba_GA" xlink:to="loc_eba_BG" order="5" />
    <link:loc xlink:type="locator" xlink:href="../../../../../../dict/dom/ga/mem.xsd#eba_CY" xlink:label="loc_eba_CY" />
    <link:definitionArc xlink:type="arc" xlink:arcrole="http://xbrl.org/int/dim/arcrole/domain-member" xlink:from="loc_eba_GA" xlink:to="loc_eba_CY" order="6" />
    <link:loc xlink:type="locator" xlink:href="../../../../../../dict/dom/ga/mem.xsd#eba_CZ" xlink:label="loc_eba_CZ" />
    <link:definitionArc xlink:type="arc" xlink:arcrole="http://xbrl.org/int/dim/arcrole/domain-member" xlink:from="loc_eba_GA" xlink:to="loc_eba_CZ" order="7" />
    <link:loc xlink:type="locator" xlink:href="../../../../../../dict/dom/ga/mem.xsd#eba_DK" xlink:label="loc_eba_DK" />
    <link:definitionArc xlink:type="arc" xlink:arcrole="http://xbrl.org/int/dim/arcrole/domain-member" xlink:from="loc_eba_GA" xlink:to="loc_eba_DK" order="8" />
    <link:loc xlink:type="locator" xlink:href="../../../../../../dict/dom/ga/mem.xsd#eba_EE" xlink:label="loc_eba_EE" />
    <link:definitionArc xlink:type="arc" xlink:arcrole="http://xbrl.org/int/dim/arcrole/domain-member" xlink:from="loc_eba_GA" xlink:to="loc_eba_EE" order="9" />
    <link:loc xlink:type="locator" xlink:href="../../../../../../dict/dom/ga/mem.xsd#eba_FI" xlink:label="loc_eba_FI" />
    <link:definitionArc xlink:type="arc" xlink:arcrole="http://xbrl.org/int/dim/arcrole/domain-member" xlink:from="loc_eba_GA" xlink:to="loc_eba_FI" order="10" />
    <link:loc xlink:type="locator" xlink:href="../../../../../../dict/dom/ga/mem.xsd#eba_FR" xlink:label="loc_eba_FR" />
    <link:definitionArc xlink:type="arc" xlink:arcrole="http://xbrl.org/int/dim/arcrole/domain-member" xlink:from="loc_eba_GA" xlink:to="loc_eba_FR" order="11" />
    <link:loc xlink:type="locator" xlink:href="../../../../../../dict/dom/ga/mem.xsd#eba_DE" xlink:label="loc_eba_DE" />
    <link:definitionArc xlink:type="arc" xlink:arcrole="http://xbrl.org/int/dim/arcrole/domain-member" xlink:from="loc_eba_GA" xlink:to="loc_eba_DE" order="12" />
    <link:loc xlink:type="locator" xlink:href="../../../../../../dict/dom/ga/mem.xsd#eba_GR" xlink:label="loc_eba_GR" />
    <link:definitionArc xlink:type="arc" xlink:arcrole="http://xbrl.org/int/dim/arcrole/domain-member" xlink:from="loc_eba_GA" xlink:to="loc_eba_GR" order="13" />
    <link:loc xlink:type="locator" xlink:href="../../../../../../dict/dom/ga/mem.xsd#eba_HU" xlink:label="loc_eba_HU" />
    <link:definitionArc xlink:type="arc" xlink:arcrole="http://xbrl.org/int/dim/arcrole/domain-member" xlink:from="loc_eba_GA" xlink:to="loc_eba_HU" order="14" />
    <link:loc xlink:type="locator" xlink:href="../../../../../../dict/dom/ga/mem.xsd#eba_IE" xlink:label="loc_eba_IE" />
    <link:definitionArc xlink:type="arc" xlink:arcrole="http://xbrl.org/int/dim/arcrole/domain-member" xlink:from="loc_eba_GA" xlink:to="loc_eba_IE" order="15" />
    <link:loc xlink:type="locator" xlink:href="../../../../../../dict/dom/ga/mem.xsd#eba_IT" xlink:label="loc_eba_IT" />
    <link:definitionArc xlink:type="arc" xlink:arcrole="http://xbrl.org/int/dim/arcrole/domain-member" xlink:from="loc_eba_GA" xlink:to="loc_eba_IT" order="16" />
    <link:loc xlink:type="locator" xlink:href="../../../../../../dict/dom/ga/mem.xsd#eba_JP" xlink:label="loc_eba_JP" />
    <link:definitionArc xlink:type="arc" xlink:arcrole="http://xbrl.org/int/dim/arcrole/domain-member" xlink:from="loc_eba_GA" xlink:to="loc_eba_JP" order="17" />
    <link:loc xlink:type="locator" xlink:href="../../../../../../dict/dom/ga/mem.xsd#eba_LV" xlink:label="loc_eba_LV" />
    <link:definitionArc xlink:type="arc" xlink:arcrole="http://xbrl.org/int/dim/arcrole/domain-member" xlink:from="loc_eba_GA" xlink:to="loc_eba_LV" order="18" />
    <link:loc xlink:type="locator" xlink:href="../../../../../../dict/dom/ga/mem.xsd#eba_LT" xlink:label="loc_eba_LT" />
    <link:definitionArc xlink:type="arc" xlink:arcrole="http://xbrl.org/int/dim/arcrole/domain-member" xlink:from="loc_eba_GA" xlink:to="loc_eba_LT" order="19" />
    <link:loc xlink:type="locator" xlink:href="../../../../../../dict/dom/ga/mem.xsd#eba_LU" xlink:label="loc_eba_LU" />
    <link:definitionArc xlink:type="arc" xlink:arcrole="http://xbrl.org/int/dim/arcrole/domain-member" xlink:from="loc_eba_GA" xlink:to="loc_eba_LU" order="20" />
    <link:loc xlink:type="locator" xlink:href="../../../../../../dict/dom/ga/mem.xsd#eba_MK" xlink:label="loc_eba_MK" />
    <link:definitionArc xlink:type="arc" xlink:arcrole="http://xbrl.org/int/dim/arcrole/domain-member" xlink:from="loc_eba_GA" xlink:to="loc_eba_MK" order="21" />
    <link:loc xlink:type="locator" xlink:href="../../../../../../dict/dom/ga/mem.xsd#eba_MT" xlink:label="loc_eba_MT" />
    <link:definitionArc xlink:type="arc" xlink:arcrole="http://xbrl.org/int/dim/arcrole/domain-member" xlink:from="loc_eba_GA" xlink:to="loc_eba_MT" order="22" />
    <link:loc xlink:type="locator" xlink:href="../../../../../../dict/dom/ga/mem.xsd#eba_NL" xlink:label="loc_eba_NL" />
    <link:definitionArc xlink:type="arc" xlink:arcrole="http://xbrl.org/int/dim/arcrole/domain-member" xlink:from="loc_eba_GA" xlink:to="loc_eba_NL" order="23" />
    <link:loc xlink:type="locator" xlink:href="../../../../../../dict/dom/ga/mem.xsd#eba_NO" xlink:label="loc_eba_NO" />
    <link:definitionArc xlink:type="arc" xlink:arcrole="http://xbrl.org/int/dim/arcrole/domain-member" xlink:from="loc_eba_GA" xlink:to="loc_eba_NO" order="24" />
    <link:loc xlink:type="locator" xlink:href="../../../../../../dict/dom/ga/mem.xsd#eba_PL" xlink:label="loc_eba_PL" />
    <link:definitionArc xlink:type="arc" xlink:arcrole="http://xbrl.org/int/dim/arcrole/domain-member" xlink:from="loc_eba_GA" xlink:to="loc_eba_PL" order="25" />
    <link:loc xlink:type="locator" xlink:href="../../../../../../dict/dom/ga/mem.xsd#eba_PT" xlink:label="loc_eba_PT" />
    <link:definitionArc xlink:type="arc" xlink:arcrole="http://xbrl.org/int/dim/arcrole/domain-member" xlink:from="loc_eba_GA" xlink:to="loc_eba_PT" order="26" />
    <link:loc xlink:type="locator" xlink:href="../../../../../../dict/dom/ga/mem.xsd#eba_RO" xlink:label="loc_eba_RO" />
    <link:definitionArc xlink:type="arc" xlink:arcrole="http://xbrl.org/int/dim/arcrole/domain-member" xlink:from="loc_eba_GA" xlink:to="loc_eba_RO" order="27" />
    <link:loc xlink:type="locator" xlink:href="../../../../../../dict/dom/ga/mem.xsd#eba_RU" xlink:label="loc_eba_RU" />
    <link:definitionArc xlink:type="arc" xlink:arcrole="http://xbrl.org/int/dim/arcrole/domain-member" xlink:from="loc_eba_GA" xlink:to="loc_eba_RU" order="28" />
    <link:loc xlink:type="locator" xlink:href="../../../../../../dict/dom/ga/mem.xsd#eba_RS" xlink:label="loc_eba_RS" />
    <link:definitionArc xlink:type="arc" xlink:arcrole="http://xbrl.org/int/dim/arcrole/domain-member" xlink:from="loc_eba_GA" xlink:to="loc_eba_RS" order="29" />
    <link:loc xlink:type="locator" xlink:href="../../../../../../dict/dom/ga/mem.xsd#eba_SK" xlink:label="loc_eba_SK" />
    <link:definitionArc xlink:type="arc" xlink:arcrole="http://xbrl.org/int/dim/arcrole/domain-member" xlink:from="loc_eba_GA" xlink:to="loc_eba_SK" order="30" />
    <link:loc xlink:type="locator" xlink:href="../../../../../../dict/dom/ga/mem.xsd#eba_SI" xlink:label="loc_eba_SI" />
    <link:definitionArc xlink:type="arc" xlink:arcrole="http://xbrl.org/int/dim/arcrole/domain-member" xlink:from="loc_eba_GA" xlink:to="loc_eba_SI" order="31" />
    <link:loc xlink:type="locator" xlink:href="../../../../../../dict/dom/ga/mem.xsd#eba_ES" xlink:label="loc_eba_ES" />
    <link:definitionArc xlink:type="arc" xlink:arcrole="http://xbrl.org/int/dim/arcrole/domain-member" xlink:from="loc_eba_GA" xlink:to="loc_eba_ES" order="32" />
    <link:loc xlink:type="locator" xlink:href="../../../../../../dict/dom/ga/mem.xsd#eba_SE" xlink:label="loc_eba_SE" />
    <link:definitionArc xlink:type="arc" xlink:arcrole="http://xbrl.org/int/dim/arcrole/domain-member" xlink:from="loc_eba_GA" xlink:to="loc_eba_SE" order="33" />
    <link:loc xlink:type="locator" xlink:href="../../../../../../dict/dom/ga/mem.xsd#eba_CH" xlink:label="loc_eba_CH" />
    <link:definitionArc xlink:type="arc" xlink:arcrole="http://xbrl.org/int/dim/arcrole/domain-member" xlink:from="loc_eba_GA" xlink:to="loc_eba_CH" order="34" />
    <link:loc xlink:type="locator" xlink:href="../../../../../../dict/dom/ga/mem.xsd#eba_TR" xlink:label="loc_eba_TR_1" />
    <link:definitionArc xlink:type="arc" xlink:arcrole="http://xbrl.org/int/dim/arcrole/domain-member" xlink:from="loc_eba_GA" xlink:to="loc_eba_TR_1" order="35" />
    <link:loc xlink:type="locator" xlink:href="../../../../../../dict/dom/ga/mem.xsd#eba_UA" xlink:label="loc_eba_UA" />
    <link:definitionArc xlink:type="arc" xlink:arcrole="http://xbrl.org/int/dim/arcrole/domain-member" xlink:from="loc_eba_GA" xlink:to="loc_eba_UA" order="36" />
    <link:loc xlink:type="locator" xlink:href="../../../../../../dict/dom/ga/mem.xsd#eba_GB" xlink:label="loc_eba_GB" />
    <link:definitionArc xlink:type="arc" xlink:arcrole="http://xbrl.org/int/dim/arcrole/domain-member" xlink:from="loc_eba_GA" xlink:to="loc_eba_GB" order="37" />
    <link:loc xlink:type="locator" xlink:href="../../../../../../dict/dom/ga/mem.xsd#eba_US" xlink:label="loc_eba_US" />
    <link:definitionArc xlink:type="arc" xlink:arcrole="http://xbrl.org/int/dim/arcrole/domain-member" xlink:from="loc_eba_GA" xlink:to="loc_eba_US" order="38" />
    <link:loc xlink:type="locator" xlink:href="../../../../../../dict/dom/ga/mem.xsd#eba_AF" xlink:label="loc_eba_AF" />
    <link:definitionArc xlink:type="arc" xlink:arcrole="http://xbrl.org/int/dim/arcrole/domain-member" xlink:from="loc_eba_GA" xlink:to="loc_eba_AF" order="39" />
    <link:loc xlink:type="locator" xlink:href="../../../../../../dict/dom/ga/mem.xsd#eba_AX" xlink:label="loc_eba_AX" />
    <link:definitionArc xlink:type="arc" xlink:arcrole="http://xbrl.org/int/dim/arcrole/domain-member" xlink:from="loc_eba_GA" xlink:to="loc_eba_AX" order="40" />
    <link:loc xlink:type="locator" xlink:href="../../../../../../dict/dom/ga/mem.xsd#eba_DZ" xlink:label="loc_eba_DZ" />
    <link:definitionArc xlink:type="arc" xlink:arcrole="http://xbrl.org/int/dim/arcrole/domain-member" xlink:from="loc_eba_GA" xlink:to="loc_eba_DZ" order="41" />
    <link:loc xlink:type="locator" xlink:href="../../../../../../dict/dom/ga/mem.xsd#eba_AS" xlink:label="loc_eba_AS" />
    <link:definitionArc xlink:type="arc" xlink:arcrole="http://xbrl.org/int/dim/arcrole/domain-member" xlink:from="loc_eba_GA" xlink:to="loc_eba_AS" order="42" />
    <link:loc xlink:type="locator" xlink:href="../../../../../../dict/dom/ga/mem.xsd#eba_AD" xlink:label="loc_eba_AD" />
    <link:definitionArc xlink:type="arc" xlink:arcrole="http://xbrl.org/int/dim/arcrole/domain-member" xlink:from="loc_eba_GA" xlink:to="loc_eba_AD" order="43" />
    <link:loc xlink:type="locator" xlink:href="../../../../../../dict/dom/ga/mem.xsd#eba_AO" xlink:label="loc_eba_AO" />
    <link:definitionArc xlink:type="arc" xlink:arcrole="http://xbrl.org/int/dim/arcrole/domain-member" xlink:from="loc_eba_GA" xlink:to="loc_eba_AO" order="44" />
    <link:loc xlink:type="locator" xlink:href="../../../../../../dict/dom/ga/mem.xsd#eba_AI" xlink:label="loc_eba_AI" />
    <link:definitionArc xlink:type="arc" xlink:arcrole="http://xbrl.org/int/dim/arcrole/domain-member" xlink:from="loc_eba_GA" xlink:to="loc_eba_AI" order="45" />
    <link:loc xlink:type="locator" xlink:href="../../../../../../dict/dom/ga/mem.xsd#eba_AQ" xlink:label="loc_eba_AQ" />
    <link:definitionArc xlink:type="arc" xlink:arcrole="http://xbrl.org/int/dim/arcrole/domain-member" xlink:from="loc_eba_GA" xlink:to="loc_eba_AQ" order="46" />
    <link:loc xlink:type="locator" xlink:href="../../../../../../dict/dom/ga/mem.xsd#eba_AG" xlink:label="loc_eba_AG" />
    <link:definitionArc xlink:type="arc" xlink:arcrole="http://xbrl.org/int/dim/arcrole/domain-member" xlink:from="loc_eba_GA" xlink:to="loc_eba_AG" order="47" />
    <link:loc xlink:type="locator" xlink:href="../../../../../../dict/dom/ga/mem.xsd#eba_AR" xlink:label="loc_eba_AR" />
    <link:definitionArc xlink:type="arc" xlink:arcrole="http://xbrl.org/int/dim/arcrole/domain-member" xlink:from="loc_eba_GA" xlink:to="loc_eba_AR" order="48" />
    <link:loc xlink:type="locator" xlink:href="../../../../../../dict/dom/ga/mem.xsd#eba_AM" xlink:label="loc_eba_AM" />
    <link:definitionArc xlink:type="arc" xlink:arcrole="http://xbrl.org/int/dim/arcrole/domain-member" xlink:from="loc_eba_GA" xlink:to="loc_eba_AM" order="49" />
    <link:loc xlink:type="locator" xlink:href="../../../../../../dict/dom/ga/mem.xsd#eba_AW" xlink:label="loc_eba_AW" />
    <link:definitionArc xlink:type="arc" xlink:arcrole="http://xbrl.org/int/dim/arcrole/domain-member" xlink:from="loc_eba_GA" xlink:to="loc_eba_AW" order="50" />
    <link:loc xlink:type="locator" xlink:href="../../../../../../dict/dom/ga/mem.xsd#eba_AU" xlink:label="loc_eba_AU" />
    <link:definitionArc xlink:type="arc" xlink:arcrole="http://xbrl.org/int/dim/arcrole/domain-member" xlink:from="loc_eba_GA" xlink:to="loc_eba_AU" order="51" />
    <link:loc xlink:type="locator" xlink:href="../../../../../../dict/dom/ga/mem.xsd#eba_AZ" xlink:label="loc_eba_AZ" />
    <link:definitionArc xlink:type="arc" xlink:arcrole="http://xbrl.org/int/dim/arcrole/domain-member" xlink:from="loc_eba_GA" xlink:to="loc_eba_AZ" order="52" />
    <link:loc xlink:type="locator" xlink:href="../../../../../../dict/dom/ga/mem.xsd#eba_BS" xlink:label="loc_eba_BS" />
    <link:definitionArc xlink:type="arc" xlink:arcrole="http://xbrl.org/int/dim/arcrole/domain-member" xlink:from="loc_eba_GA" xlink:to="loc_eba_BS" order="53" />
    <link:loc xlink:type="locator" xlink:href="../../../../../../dict/dom/ga/mem.xsd#eba_BH" xlink:label="loc_eba_BH" />
    <link:definitionArc xlink:type="arc" xlink:arcrole="http://xbrl.org/int/dim/arcrole/domain-member" xlink:from="loc_eba_GA" xlink:to="loc_eba_BH" order="54" />
    <link:loc xlink:type="locator" xlink:href="../../../../../../dict/dom/ga/mem.xsd#eba_BD" xlink:label="loc_eba_BD" />
    <link:definitionArc xlink:type="arc" xlink:arcrole="http://xbrl.org/int/dim/arcrole/domain-member" xlink:from="loc_eba_GA" xlink:to="loc_eba_BD" order="55" />
    <link:loc xlink:type="locator" xlink:href="../../../../../../dict/dom/ga/mem.xsd#eba_BB" xlink:label="loc_eba_BB" />
    <link:definitionArc xlink:type="arc" xlink:arcrole="http://xbrl.org/int/dim/arcrole/domain-member" xlink:from="loc_eba_GA" xlink:to="loc_eba_BB" order="56" />
    <link:loc xlink:type="locator" xlink:href="../../../../../../dict/dom/ga/mem.xsd#eba_BY" xlink:label="loc_eba_BY" />
    <link:definitionArc xlink:type="arc" xlink:arcrole="http://xbrl.org/int/dim/arcrole/domain-member" xlink:from="loc_eba_GA" xlink:to="loc_eba_BY" order="57" />
    <link:loc xlink:type="locator" xlink:href="../../../../../../dict/dom/ga/mem.xsd#eba_BZ" xlink:label="loc_eba_BZ" />
    <link:definitionArc xlink:type="arc" xlink:arcrole="http://xbrl.org/int/dim/arcrole/domain-member" xlink:from="loc_eba_GA" xlink:to="loc_eba_BZ" order="58" />
    <link:loc xlink:type="locator" xlink:href="../../../../../../dict/dom/ga/mem.xsd#eba_BJ" xlink:label="loc_eba_BJ" />
    <link:definitionArc xlink:type="arc" xlink:arcrole="http://xbrl.org/int/dim/arcrole/domain-member" xlink:from="loc_eba_GA" xlink:to="loc_eba_BJ" order="59" />
    <link:loc xlink:type="locator" xlink:href="../../../../../../dict/dom/ga/mem.xsd#eba_BM" xlink:label="loc_eba_BM" />
    <link:definitionArc xlink:type="arc" xlink:arcrole="http://xbrl.org/int/dim/arcrole/domain-member" xlink:from="loc_eba_GA" xlink:to="loc_eba_BM" order="60" />
    <link:loc xlink:type="locator" xlink:href="../../../../../../dict/dom/ga/mem.xsd#eba_BT" xlink:label="loc_eba_BT" />
    <link:definitionArc xlink:type="arc" xlink:arcrole="http://xbrl.org/int/dim/arcrole/domain-member" xlink:from="loc_eba_GA" xlink:to="loc_eba_BT" order="61" />
    <link:loc xlink:type="locator" xlink:href="../../../../../../dict/dom/ga/mem.xsd#eba_BO" xlink:label="loc_eba_BO" />
    <link:definitionArc xlink:type="arc" xlink:arcrole="http://xbrl.org/int/dim/arcrole/domain-member" xlink:from="loc_eba_GA" xlink:to="loc_eba_BO" order="62" />
    <link:loc xlink:type="locator" xlink:href="../../../../../../dict/dom/ga/mem.xsd#eba_BQ" xlink:label="loc_eba_BQ" />
    <link:definitionArc xlink:type="arc" xlink:arcrole="http://xbrl.org/int/dim/arcrole/domain-member" xlink:from="loc_eba_GA" xlink:to="loc_eba_BQ" order="63" />
    <link:loc xlink:type="locator" xlink:href="../../../../../../dict/dom/ga/mem.xsd#eba_BA" xlink:label="loc_eba_BA_1" />
    <link:definitionArc xlink:type="arc" xlink:arcrole="http://xbrl.org/int/dim/arcrole/domain-member" xlink:from="loc_eba_GA" xlink:to="loc_eba_BA_1" order="64" />
    <link:loc xlink:type="locator" xlink:href="../../../../../../dict/dom/ga/mem.xsd#eba_BW" xlink:label="loc_eba_BW" />
    <link:definitionArc xlink:type="arc" xlink:arcrole="http://xbrl.org/int/dim/arcrole/domain-member" xlink:from="loc_eba_GA" xlink:to="loc_eba_BW" order="65" />
    <link:loc xlink:type="locator" xlink:href="../../../../../../dict/dom/ga/mem.xsd#eba_BV" xlink:label="loc_eba_BV" />
    <link:definitionArc xlink:type="arc" xlink:arcrole="http://xbrl.org/int/dim/arcrole/domain-member" xlink:from="loc_eba_GA" xlink:to="loc_eba_BV" order="66" />
    <link:loc xlink:type="locator" xlink:href="../../../../../../dict/dom/ga/mem.xsd#eba_BR" xlink:label="loc_eba_BR" />
    <link:definitionArc xlink:type="arc" xlink:arcrole="http://xbrl.org/int/dim/arcrole/domain-member" xlink:from="loc_eba_GA" xlink:to="loc_eba_BR" order="67" />
    <link:loc xlink:type="locator" xlink:href="../../../../../../dict/dom/ga/mem.xsd#eba_IO" xlink:label="loc_eba_IO" />
    <link:definitionArc xlink:type="arc" xlink:arcrole="http://xbrl.org/int/dim/arcrole/domain-member" xlink:from="loc_eba_GA" xlink:to="loc_eba_IO" order="68" />
    <link:loc xlink:type="locator" xlink:href="../../../../../../dict/dom/ga/mem.xsd#eba_BN" xlink:label="loc_eba_BN" />
    <link:definitionArc xlink:type="arc" xlink:arcrole="http://xbrl.org/int/dim/arcrole/domain-member" xlink:from="loc_eba_GA" xlink:to="loc_eba_BN" order="69" />
    <link:loc xlink:type="locator" xlink:href="../../../../../../dict/dom/ga/mem.xsd#eba_BF" xlink:label="loc_eba_BF" />
    <link:definitionArc xlink:type="arc" xlink:arcrole="http://xbrl.org/int/dim/arcrole/domain-member" xlink:from="loc_eba_GA" xlink:to="loc_eba_BF" order="70" />
    <link:loc xlink:type="locator" xlink:href="../../../../../../dict/dom/ga/mem.xsd#eba_BI" xlink:label="loc_eba_BI" />
    <link:definitionArc xlink:type="arc" xlink:arcrole="http://xbrl.org/int/dim/arcrole/domain-member" xlink:from="loc_eba_GA" xlink:to="loc_eba_BI" order="71" />
    <link:loc xlink:type="locator" xlink:href="../../../../../../dict/dom/ga/mem.xsd#eba_KH" xlink:label="loc_eba_KH" />
    <link:definitionArc xlink:type="arc" xlink:arcrole="http://xbrl.org/int/dim/arcrole/domain-member" xlink:from="loc_eba_GA" xlink:to="loc_eba_KH" order="72" />
    <link:loc xlink:type="locator" xlink:href="../../../../../../dict/dom/ga/mem.xsd#eba_CM" xlink:label="loc_eba_CM" />
    <link:definitionArc xlink:type="arc" xlink:arcrole="http://xbrl.org/int/dim/arcrole/domain-member" xlink:from="loc_eba_GA" xlink:to="loc_eba_CM" order="73" />
    <link:loc xlink:type="locator" xlink:href="../../../../../../dict/dom/ga/mem.xsd#eba_CA" xlink:label="loc_eba_CA" />
    <link:definitionArc xlink:type="arc" xlink:arcrole="http://xbrl.org/int/dim/arcrole/domain-member" xlink:from="loc_eba_GA" xlink:to="loc_eba_CA" order="74" />
    <link:loc xlink:type="locator" xlink:href="../../../../../../dict/dom/ga/mem.xsd#eba_CV" xlink:label="loc_eba_CV" />
    <link:definitionArc xlink:type="arc" xlink:arcrole="http://xbrl.org/int/dim/arcrole/domain-member" xlink:from="loc_eba_GA" xlink:to="loc_eba_CV" order="75" />
    <link:loc xlink:type="locator" xlink:href="../../../../../../dict/dom/ga/mem.xsd#eba_KY" xlink:label="loc_eba_KY" />
    <link:definitionArc xlink:type="arc" xlink:arcrole="http://xbrl.org/int/dim/arcrole/domain-member" xlink:from="loc_eba_GA" xlink:to="loc_eba_KY" order="76" />
    <link:loc xlink:type="locator" xlink:href="../../../../../../dict/dom/ga/mem.xsd#eba_CF" xlink:label="loc_eba_CF" />
    <link:definitionArc xlink:type="arc" xlink:arcrole="http://xbrl.org/int/dim/arcrole/domain-member" xlink:from="loc_eba_GA" xlink:to="loc_eba_CF" order="77" />
    <link:loc xlink:type="locator" xlink:href="../../../../../../dict/dom/ga/mem.xsd#eba_TD" xlink:label="loc_eba_TD" />
    <link:definitionArc xlink:type="arc" xlink:arcrole="http://xbrl.org/int/dim/arcrole/domain-member" xlink:from="loc_eba_GA" xlink:to="loc_eba_TD" order="78" />
    <link:loc xlink:type="locator" xlink:href="../../../../../../dict/dom/ga/mem.xsd#eba_CL" xlink:label="loc_eba_CL" />
    <link:definitionArc xlink:type="arc" xlink:arcrole="http://xbrl.org/int/dim/arcrole/domain-member" xlink:from="loc_eba_GA" xlink:to="loc_eba_CL" order="79" />
    <link:loc xlink:type="locator" xlink:href="../../../../../../dict/dom/ga/mem.xsd#eba_CN" xlink:label="loc_eba_CN" />
    <link:definitionArc xlink:type="arc" xlink:arcrole="http://xbrl.org/int/dim/arcrole/domain-member" xlink:from="loc_eba_GA" xlink:to="loc_eba_CN" order="80" />
    <link:loc xlink:type="locator" xlink:href="../../../../../../dict/dom/ga/mem.xsd#eba_CX" xlink:label="loc_eba_CX" />
    <link:definitionArc xlink:type="arc" xlink:arcrole="http://xbrl.org/int/dim/arcrole/domain-member" xlink:from="loc_eba_GA" xlink:to="loc_eba_CX" order="81" />
    <link:loc xlink:type="locator" xlink:href="../../../../../../dict/dom/ga/mem.xsd#eba_CC" xlink:label="loc_eba_CC" />
    <link:definitionArc xlink:type="arc" xlink:arcrole="http://xbrl.org/int/dim/arcrole/domain-member" xlink:from="loc_eba_GA" xlink:to="loc_eba_CC" order="82" />
    <link:loc xlink:type="locator" xlink:href="../../../../../../dict/dom/ga/mem.xsd#eba_CO" xlink:label="loc_eba_CO" />
    <link:definitionArc xlink:type="arc" xlink:arcrole="http://xbrl.org/int/dim/arcrole/domain-member" xlink:from="loc_eba_GA" xlink:to="loc_eba_CO" order="83" />
    <link:loc xlink:type="locator" xlink:href="../../../../../../dict/dom/ga/mem.xsd#eba_KM" xlink:label="loc_eba_KM" />
    <link:definitionArc xlink:type="arc" xlink:arcrole="http://xbrl.org/int/dim/arcrole/domain-member" xlink:from="loc_eba_GA" xlink:to="loc_eba_KM" order="84" />
    <link:loc xlink:type="locator" xlink:href="../../../../../../dict/dom/ga/mem.xsd#eba_CG" xlink:label="loc_eba_CG" />
    <link:definitionArc xlink:type="arc" xlink:arcrole="http://xbrl.org/int/dim/arcrole/domain-member" xlink:from="loc_eba_GA" xlink:to="loc_eba_CG" order="85" />
    <link:loc xlink:type="locator" xlink:href="../../../../../../dict/dom/ga/mem.xsd#eba_CD" xlink:label="loc_eba_CD" />
    <link:definitionArc xlink:type="arc" xlink:arcrole="http://xbrl.org/int/dim/arcrole/domain-member" xlink:from="loc_eba_GA" xlink:to="loc_eba_CD" order="86" />
    <link:loc xlink:type="locator" xlink:href="../../../../../../dict/dom/ga/mem.xsd#eba_CK" xlink:label="loc_eba_CK" />
    <link:definitionArc xlink:type="arc" xlink:arcrole="http://xbrl.org/int/dim/arcrole/domain-member" xlink:from="loc_eba_GA" xlink:to="loc_eba_CK" order="87" />
    <link:loc xlink:type="locator" xlink:href="../../../../../../dict/dom/ga/mem.xsd#eba_CR" xlink:label="loc_eba_CR" />
    <link:definitionArc xlink:type="arc" xlink:arcrole="http://xbrl.org/int/dim/arcrole/domain-member" xlink:from="loc_eba_GA" xlink:to="loc_eba_CR" order="88" />
    <link:loc xlink:type="locator" xlink:href="../../../../../../dict/dom/ga/mem.xsd#eba_CI" xlink:label="loc_eba_CI" />
    <link:definitionArc xlink:type="arc" xlink:arcrole="http://xbrl.org/int/dim/arcrole/domain-member" xlink:from="loc_eba_GA" xlink:to="loc_eba_CI" order="89" />
    <link:loc xlink:type="locator" xlink:href="../../../../../../dict/dom/ga/mem.xsd#eba_HR" xlink:label="loc_eba_HR" />
    <link:definitionArc xlink:type="arc" xlink:arcrole="http://xbrl.org/int/dim/arcrole/domain-member" xlink:from="loc_eba_GA" xlink:to="loc_eba_HR" order="90" />
    <link:loc xlink:type="locator" xlink:href="../../../../../../dict/dom/ga/mem.xsd#eba_CU" xlink:label="loc_eba_CU" />
    <link:definitionArc xlink:type="arc" xlink:arcrole="http://xbrl.org/int/dim/arcrole/domain-member" xlink:from="loc_eba_GA" xlink:to="loc_eba_CU" order="91" />
    <link:loc xlink:type="locator" xlink:href="../../../../../../dict/dom/ga/mem.xsd#eba_CW" xlink:label="loc_eba_CW" />
    <link:definitionArc xlink:type="arc" xlink:arcrole="http://xbrl.org/int/dim/arcrole/domain-member" xlink:from="loc_eba_GA" xlink:to="loc_eba_CW" order="92" />
    <link:loc xlink:type="locator" xlink:href="../../../../../../dict/dom/ga/mem.xsd#eba_DJ" xlink:label="loc_eba_DJ" />
    <link:definitionArc xlink:type="arc" xlink:arcrole="http://xbrl.org/int/dim/arcrole/domain-member" xlink:from="loc_eba_GA" xlink:to="loc_eba_DJ" order="93" />
    <link:loc xlink:type="locator" xlink:href="../../../../../../dict/dom/ga/mem.xsd#eba_DM" xlink:label="loc_eba_DM" />
    <link:definitionArc xlink:type="arc" xlink:arcrole="http://xbrl.org/int/dim/arcrole/domain-member" xlink:from="loc_eba_GA" xlink:to="loc_eba_DM" order="94" />
    <link:loc xlink:type="locator" xlink:href="../../../../../../dict/dom/ga/mem.xsd#eba_DO" xlink:label="loc_eba_DO" />
    <link:definitionArc xlink:type="arc" xlink:arcrole="http://xbrl.org/int/dim/arcrole/domain-member" xlink:from="loc_eba_GA" xlink:to="loc_eba_DO" order="95" />
    <link:loc xlink:type="locator" xlink:href="../../../../../../dict/dom/ga/mem.xsd#eba_EC" xlink:label="loc_eba_EC" />
    <link:definitionArc xlink:type="arc" xlink:arcrole="http://xbrl.org/int/dim/arcrole/domain-member" xlink:from="loc_eba_GA" xlink:to="loc_eba_EC" order="96" />
    <link:loc xlink:type="locator" xlink:href="../../../../../../dict/dom/ga/mem.xsd#eba_EG" xlink:label="loc_eba_EG" />
    <link:definitionArc xlink:type="arc" xlink:arcrole="http://xbrl.org/int/dim/arcrole/domain-member" xlink:from="loc_eba_GA" xlink:to="loc_eba_EG" order="97" />
    <link:loc xlink:type="locator" xlink:href="../../../../../../dict/dom/ga/mem.xsd#eba_SV" xlink:label="loc_eba_SV" />
    <link:definitionArc xlink:type="arc" xlink:arcrole="http://xbrl.org/int/dim/arcrole/domain-member" xlink:from="loc_eba_GA" xlink:to="loc_eba_SV" order="98" />
    <link:loc xlink:type="locator" xlink:href="../../../../../../dict/dom/ga/mem.xsd#eba_GQ" xlink:label="loc_eba_GQ" />
    <link:definitionArc xlink:type="arc" xlink:arcrole="http://xbrl.org/int/dim/arcrole/domain-member" xlink:from="loc_eba_GA" xlink:to="loc_eba_GQ" order="99" />
    <link:loc xlink:type="locator" xlink:href="../../../../../../dict/dom/ga/mem.xsd#eba_ER" xlink:label="loc_eba_ER" />
    <link:definitionArc xlink:type="arc" xlink:arcrole="http://xbrl.org/int/dim/arcrole/domain-member" xlink:from="loc_eba_GA" xlink:to="loc_eba_ER" order="100" />
    <link:loc xlink:type="locator" xlink:href="../../../../../../dict/dom/ga/mem.xsd#eba_ET" xlink:label="loc_eba_ET" />
    <link:definitionArc xlink:type="arc" xlink:arcrole="http://xbrl.org/int/dim/arcrole/domain-member" xlink:from="loc_eba_GA" xlink:to="loc_eba_ET" order="101" />
    <link:loc xlink:type="locator" xlink:href="../../../../../../dict/dom/ga/mem.xsd#eba_FK" xlink:label="loc_eba_FK" />
    <link:definitionArc xlink:type="arc" xlink:arcrole="http://xbrl.org/int/dim/arcrole/domain-member" xlink:from="loc_eba_GA" xlink:to="loc_eba_FK" order="102" />
    <link:loc xlink:type="locator" xlink:href="../../../../../../dict/dom/ga/mem.xsd#eba_FO" xlink:label="loc_eba_FO" />
    <link:definitionArc xlink:type="arc" xlink:arcrole="http://xbrl.org/int/dim/arcrole/domain-member" xlink:from="loc_eba_GA" xlink:to="loc_eba_FO" order="103" />
    <link:loc xlink:type="locator" xlink:href="../../../../../../dict/dom/ga/mem.xsd#eba_FJ" xlink:label="loc_eba_FJ" />
    <link:definitionArc xlink:type="arc" xlink:arcrole="http://xbrl.org/int/dim/arcrole/domain-member" xlink:from="loc_eba_GA" xlink:to="loc_eba_FJ" order="104" />
    <link:loc xlink:type="locator" xlink:href="../../../../../../dict/dom/ga/mem.xsd#eba_GF" xlink:label="loc_eba_GF" />
    <link:definitionArc xlink:type="arc" xlink:arcrole="http://xbrl.org/int/dim/arcrole/domain-member" xlink:from="loc_eba_GA" xlink:to="loc_eba_GF" order="105" />
    <link:loc xlink:type="locator" xlink:href="../../../../../../dict/dom/ga/mem.xsd#eba_PF" xlink:label="loc_eba_PF" />
    <link:definitionArc xlink:type="arc" xlink:arcrole="http://xbrl.org/int/dim/arcrole/domain-member" xlink:from="loc_eba_GA" xlink:to="loc_eba_PF" order="106" />
    <link:loc xlink:type="locator" xlink:href="../../../../../../dict/dom/ga/mem.xsd#eba_TF" xlink:label="loc_eba_TF" />
    <link:definitionArc xlink:type="arc" xlink:arcrole="http://xbrl.org/int/dim/arcrole/domain-member" xlink:from="loc_eba_GA" xlink:to="loc_eba_TF" order="107" />
    <link:loc xlink:type="locator" xlink:href="../../../../../../dict/dom/ga/mem.xsd#eba_GA" xlink:label="loc_eba_GA_1" />
    <link:definitionArc xlink:type="arc" xlink:arcrole="http://xbrl.org/int/dim/arcrole/domain-member" xlink:from="loc_eba_GA" xlink:to="loc_eba_GA_1" order="108" />
    <link:loc xlink:type="locator" xlink:href="../../../../../../dict/dom/ga/mem.xsd#eba_GM" xlink:label="loc_eba_GM" />
    <link:definitionArc xlink:type="arc" xlink:arcrole="http://xbrl.org/int/dim/arcrole/domain-member" xlink:from="loc_eba_GA" xlink:to="loc_eba_GM" order="109" />
    <link:loc xlink:type="locator" xlink:href="../../../../../../dict/dom/ga/mem.xsd#eba_GE" xlink:label="loc_eba_GE" />
    <link:definitionArc xlink:type="arc" xlink:arcrole="http://xbrl.org/int/dim/arcrole/domain-member" xlink:from="loc_eba_GA" xlink:to="loc_eba_GE" order="110" />
    <link:loc xlink:type="locator" xlink:href="../../../../../../dict/dom/ga/mem.xsd#eba_GH" xlink:label="loc_eba_GH" />
    <link:definitionArc xlink:type="arc" xlink:arcrole="http://xbrl.org/int/dim/arcrole/domain-member" xlink:from="loc_eba_GA" xlink:to="loc_eba_GH" order="111" />
    <link:loc xlink:type="locator" xlink:href="../../../../../../dict/dom/ga/mem.xsd#eba_GI" xlink:label="loc_eba_GI" />
    <link:definitionArc xlink:type="arc" xlink:arcrole="http://xbrl.org/int/dim/arcrole/domain-member" xlink:from="loc_eba_GA" xlink:to="loc_eba_GI" order="112" />
    <link:loc xlink:type="locator" xlink:href="../../../../../../dict/dom/ga/mem.xsd#eba_GL" xlink:label="loc_eba_GL" />
    <link:definitionArc xlink:type="arc" xlink:arcrole="http://xbrl.org/int/dim/arcrole/domain-member" xlink:from="loc_eba_GA" xlink:to="loc_eba_GL" order="113" />
    <link:loc xlink:type="locator" xlink:href="../../../../../../dict/dom/ga/mem.xsd#eba_GD" xlink:label="loc_eba_GD" />
    <link:definitionArc xlink:type="arc" xlink:arcrole="http://xbrl.org/int/dim/arcrole/domain-member" xlink:from="loc_eba_GA" xlink:to="loc_eba_GD" order="114" />
    <link:loc xlink:type="locator" xlink:href="../../../../../../dict/dom/ga/mem.xsd#eba_GP" xlink:label="loc_eba_GP" />
    <link:definitionArc xlink:type="arc" xlink:arcrole="http://xbrl.org/int/dim/arcrole/domain-member" xlink:from="loc_eba_GA" xlink:to="loc_eba_GP" order="115" />
    <link:loc xlink:type="locator" xlink:href="../../../../../../dict/dom/ga/mem.xsd#eba_GU" xlink:label="loc_eba_GU" />
    <link:definitionArc xlink:type="arc" xlink:arcrole="http://xbrl.org/int/dim/arcrole/domain-member" xlink:from="loc_eba_GA" xlink:to="loc_eba_GU" order="116" />
    <link:loc xlink:type="locator" xlink:href="../../../../../../dict/dom/ga/mem.xsd#eba_GT" xlink:label="loc_eba_GT" />
    <link:definitionArc xlink:type="arc" xlink:arcrole="http://xbrl.org/int/dim/arcrole/domain-member" xlink:from="loc_eba_GA" xlink:to="loc_eba_GT" order="117" />
    <link:loc xlink:type="locator" xlink:href="../../../../../../dict/dom/ga/mem.xsd#eba_GG" xlink:label="loc_eba_GG" />
    <link:definitionArc xlink:type="arc" xlink:arcrole="http://xbrl.org/int/dim/arcrole/domain-member" xlink:from="loc_eba_GA" xlink:to="loc_eba_GG" order="118" />
    <link:loc xlink:type="locator" xlink:href="../../../../../../dict/dom/ga/mem.xsd#eba_GN" xlink:label="loc_eba_GN" />
    <link:definitionArc xlink:type="arc" xlink:arcrole="http://xbrl.org/int/dim/arcrole/domain-member" xlink:from="loc_eba_GA" xlink:to="loc_eba_GN" order="119" />
    <link:loc xlink:type="locator" xlink:href="../../../../../../dict/dom/ga/mem.xsd#eba_GW" xlink:label="loc_eba_GW" />
    <link:definitionArc xlink:type="arc" xlink:arcrole="http://xbrl.org/int/dim/arcrole/domain-member" xlink:from="loc_eba_GA" xlink:to="loc_eba_GW" order="120" />
    <link:loc xlink:type="locator" xlink:href="../../../../../../dict/dom/ga/mem.xsd#eba_GY" xlink:label="loc_eba_GY" />
    <link:definitionArc xlink:type="arc" xlink:arcrole="http://xbrl.org/int/dim/arcrole/domain-member" xlink:from="loc_eba_GA" xlink:to="loc_eba_GY" order="121" />
    <link:loc xlink:type="locator" xlink:href="../../../../../../dict/dom/ga/mem.xsd#eba_HT" xlink:label="loc_eba_HT" />
    <link:definitionArc xlink:type="arc" xlink:arcrole="http://xbrl.org/int/dim/arcrole/domain-member" xlink:from="loc_eba_GA" xlink:to="loc_eba_HT" order="122" />
    <link:loc xlink:type="locator" xlink:href="../../../../../../dict/dom/ga/mem.xsd#eba_HM" xlink:label="loc_eba_HM" />
    <link:definitionArc xlink:type="arc" xlink:arcrole="http://xbrl.org/int/dim/arcrole/domain-member" xlink:from="loc_eba_GA" xlink:to="loc_eba_HM" order="123" />
    <link:loc xlink:type="locator" xlink:href="../../../../../../dict/dom/ga/mem.xsd#eba_VA" xlink:label="loc_eba_VA" />
    <link:definitionArc xlink:type="arc" xlink:arcrole="http://xbrl.org/int/dim/arcrole/domain-member" xlink:from="loc_eba_GA" xlink:to="loc_eba_VA" order="124" />
    <link:loc xlink:type="locator" xlink:href="../../../../../../dict/dom/ga/mem.xsd#eba_HN" xlink:label="loc_eba_HN" />
    <link:definitionArc xlink:type="arc" xlink:arcrole="http://xbrl.org/int/dim/arcrole/domain-member" xlink:from="loc_eba_GA" xlink:to="loc_eba_HN" order="125" />
    <link:loc xlink:type="locator" xlink:href="../../../../../../dict/dom/ga/mem.xsd#eba_HK" xlink:label="loc_eba_HK" />
    <link:definitionArc xlink:type="arc" xlink:arcrole="http://xbrl.org/int/dim/arcrole/domain-member" xlink:from="loc_eba_GA" xlink:to="loc_eba_HK" order="126" />
    <link:loc xlink:type="locator" xlink:href="../../../../../../dict/dom/ga/mem.xsd#eba_IS" xlink:label="loc_eba_IS" />
    <link:definitionArc xlink:type="arc" xlink:arcrole="http://xbrl.org/int/dim/arcrole/domain-member" xlink:from="loc_eba_GA" xlink:to="loc_eba_IS" order="127" />
    <link:loc xlink:type="locator" xlink:href="../../../../../../dict/dom/ga/mem.xsd#eba_IN" xlink:label="loc_eba_IN" />
    <link:definitionArc xlink:type="arc" xlink:arcrole="http://xbrl.org/int/dim/arcrole/domain-member" xlink:from="loc_eba_GA" xlink:to="loc_eba_IN" order="128" />
    <link:loc xlink:type="locator" xlink:href="../../../../../../dict/dom/ga/mem.xsd#eba_ID" xlink:label="loc_eba_ID" />
    <link:definitionArc xlink:type="arc" xlink:arcrole="http://xbrl.org/int/dim/arcrole/domain-member" xlink:from="loc_eba_GA" xlink:to="loc_eba_ID" order="129" />
    <link:loc xlink:type="locator" xlink:href="../../../../../../dict/dom/ga/mem.xsd#eba_IR" xlink:label="loc_eba_IR" />
    <link:definitionArc xlink:type="arc" xlink:arcrole="http://xbrl.org/int/dim/arcrole/domain-member" xlink:from="loc_eba_GA" xlink:to="loc_eba_IR" order="130" />
    <link:loc xlink:type="locator" xlink:href="../../../../../../dict/dom/ga/mem.xsd#eba_IQ" xlink:label="loc_eba_IQ" />
    <link:definitionArc xlink:type="arc" xlink:arcrole="http://xbrl.org/int/dim/arcrole/domain-member" xlink:from="loc_eba_GA" xlink:to="loc_eba_IQ" order="131" />
    <link:loc xlink:type="locator" xlink:href="../../../../../../dict/dom/ga/mem.xsd#eba_IM" xlink:label="loc_eba_IM" />
    <link:definitionArc xlink:type="arc" xlink:arcrole="http://xbrl.org/int/dim/arcrole/domain-member" xlink:from="loc_eba_GA" xlink:to="loc_eba_IM" order="132" />
    <link:loc xlink:type="locator" xlink:href="../../../../../../dict/dom/ga/mem.xsd#eba_IL" xlink:label="loc_eba_IL" />
    <link:definitionArc xlink:type="arc" xlink:arcrole="http://xbrl.org/int/dim/arcrole/domain-member" xlink:from="loc_eba_GA" xlink:to="loc_eba_IL" order="133" />
    <link:loc xlink:type="locator" xlink:href="../../../../../../dict/dom/ga/mem.xsd#eba_JM" xlink:label="loc_eba_JM" />
    <link:definitionArc xlink:type="arc" xlink:arcrole="http://xbrl.org/int/dim/arcrole/domain-member" xlink:from="loc_eba_GA" xlink:to="loc_eba_JM" order="134" />
    <link:loc xlink:type="locator" xlink:href="../../../../../../dict/dom/ga/mem.xsd#eba_JE" xlink:label="loc_eba_JE" />
    <link:definitionArc xlink:type="arc" xlink:arcrole="http://xbrl.org/int/dim/arcrole/domain-member" xlink:from="loc_eba_GA" xlink:to="loc_eba_JE" order="135" />
    <link:loc xlink:type="locator" xlink:href="../../../../../../dict/dom/ga/mem.xsd#eba_JO" xlink:label="loc_eba_JO" />
    <link:definitionArc xlink:type="arc" xlink:arcrole="http://xbrl.org/int/dim/arcrole/domain-member" xlink:from="loc_eba_GA" xlink:to="loc_eba_JO" order="136" />
    <link:loc xlink:type="locator" xlink:href="../../../../../../dict/dom/ga/mem.xsd#eba_KZ" xlink:label="loc_eba_KZ" />
    <link:definitionArc xlink:type="arc" xlink:arcrole="http://xbrl.org/int/dim/arcrole/domain-member" xlink:from="loc_eba_GA" xlink:to="loc_eba_KZ" order="137" />
    <link:loc xlink:type="locator" xlink:href="../../../../../../dict/dom/ga/mem.xsd#eba_KE" xlink:label="loc_eba_KE" />
    <link:definitionArc xlink:type="arc" xlink:arcrole="http://xbrl.org/int/dim/arcrole/domain-member" xlink:from="loc_eba_GA" xlink:to="loc_eba_KE" order="138" />
    <link:loc xlink:type="locator" xlink:href="../../../../../../dict/dom/ga/mem.xsd#eba_KI" xlink:label="loc_eba_KI" />
    <link:definitionArc xlink:type="arc" xlink:arcrole="http://xbrl.org/int/dim/arcrole/domain-member" xlink:from="loc_eba_GA" xlink:to="loc_eba_KI" order="139" />
    <link:loc xlink:type="locator" xlink:href="../../../../../../dict/dom/ga/mem.xsd#eba_KP" xlink:label="loc_eba_KP" />
    <link:definitionArc xlink:type="arc" xlink:arcrole="http://xbrl.org/int/dim/arcrole/domain-member" xlink:from="loc_eba_GA" xlink:to="loc_eba_KP" order="140" />
    <link:loc xlink:type="locator" xlink:href="../../../../../../dict/dom/ga/mem.xsd#eba_KR" xlink:label="loc_eba_KR" />
    <link:definitionArc xlink:type="arc" xlink:arcrole="http://xbrl.org/int/dim/arcrole/domain-member" xlink:from="loc_eba_GA" xlink:to="loc_eba_KR" order="141" />
    <link:loc xlink:type="locator" xlink:href="../../../../../../dict/dom/ga/mem.xsd#eba_KW" xlink:label="loc_eba_KW" />
    <link:definitionArc xlink:type="arc" xlink:arcrole="http://xbrl.org/int/dim/arcrole/domain-member" xlink:from="loc_eba_GA" xlink:to="loc_eba_KW" order="142" />
    <link:loc xlink:type="locator" xlink:href="../../../../../../dict/dom/ga/mem.xsd#eba_KG" xlink:label="loc_eba_KG" />
    <link:definitionArc xlink:type="arc" xlink:arcrole="http://xbrl.org/int/dim/arcrole/domain-member" xlink:from="loc_eba_GA" xlink:to="loc_eba_KG" order="143" />
    <link:loc xlink:type="locator" xlink:href="../../../../../../dict/dom/ga/mem.xsd#eba_LA" xlink:label="loc_eba_LA" />
    <link:definitionArc xlink:type="arc" xlink:arcrole="http://xbrl.org/int/dim/arcrole/domain-member" xlink:from="loc_eba_GA" xlink:to="loc_eba_LA" order="144" />
    <link:loc xlink:type="locator" xlink:href="../../../../../../dict/dom/ga/mem.xsd#eba_LB" xlink:label="loc_eba_LB" />
    <link:definitionArc xlink:type="arc" xlink:arcrole="http://xbrl.org/int/dim/arcrole/domain-member" xlink:from="loc_eba_GA" xlink:to="loc_eba_LB" order="145" />
    <link:loc xlink:type="locator" xlink:href="../../../../../../dict/dom/ga/mem.xsd#eba_LS" xlink:label="loc_eba_LS" />
    <link:definitionArc xlink:type="arc" xlink:arcrole="http://xbrl.org/int/dim/arcrole/domain-member" xlink:from="loc_eba_GA" xlink:to="loc_eba_LS" order="146" />
    <link:loc xlink:type="locator" xlink:href="../../../../../../dict/dom/ga/mem.xsd#eba_LR" xlink:label="loc_eba_LR" />
    <link:definitionArc xlink:type="arc" xlink:arcrole="http://xbrl.org/int/dim/arcrole/domain-member" xlink:from="loc_eba_GA" xlink:to="loc_eba_LR" order="147" />
    <link:loc xlink:type="locator" xlink:href="../../../../../../dict/dom/ga/mem.xsd#eba_LY" xlink:label="loc_eba_LY" />
    <link:definitionArc xlink:type="arc" xlink:arcrole="http://xbrl.org/int/dim/arcrole/domain-member" xlink:from="loc_eba_GA" xlink:to="loc_eba_LY" order="148" />
    <link:loc xlink:type="locator" xlink:href="../../../../../../dict/dom/ga/mem.xsd#eba_LI" xlink:label="loc_eba_LI" />
    <link:definitionArc xlink:type="arc" xlink:arcrole="http://xbrl.org/int/dim/arcrole/domain-member" xlink:from="loc_eba_GA" xlink:to="loc_eba_LI" order="149" />
    <link:loc xlink:type="locator" xlink:href="../../../../../../dict/dom/ga/mem.xsd#eba_MO" xlink:label="loc_eba_MO" />
    <link:definitionArc xlink:type="arc" xlink:arcrole="http://xbrl.org/int/dim/arcrole/domain-member" xlink:from="loc_eba_GA" xlink:to="loc_eba_MO" order="150" />
    <link:loc xlink:type="locator" xlink:href="../../../../../../dict/dom/ga/mem.xsd#eba_MG" xlink:label="loc_eba_MG" />
    <link:definitionArc xlink:type="arc" xlink:arcrole="http://xbrl.org/int/dim/arcrole/domain-member" xlink:from="loc_eba_GA" xlink:to="loc_eba_MG" order="151" />
    <link:loc xlink:type="locator" xlink:href="../../../../../../dict/dom/ga/mem.xsd#eba_MW" xlink:label="loc_eba_MW" />
    <link:definitionArc xlink:type="arc" xlink:arcrole="http://xbrl.org/int/dim/arcrole/domain-member" xlink:from="loc_eba_GA" xlink:to="loc_eba_MW" order="152" />
    <link:loc xlink:type="locator" xlink:href="../../../../../../dict/dom/ga/mem.xsd#eba_MY" xlink:label="loc_eba_MY" />
    <link:definitionArc xlink:type="arc" xlink:arcrole="http://xbrl.org/int/dim/arcrole/domain-member" xlink:from="loc_eba_GA" xlink:to="loc_eba_MY" order="153" />
    <link:loc xlink:type="locator" xlink:href="../../../../../../dict/dom/ga/mem.xsd#eba_MV" xlink:label="loc_eba_MV" />
    <link:definitionArc xlink:type="arc" xlink:arcrole="http://xbrl.org/int/dim/arcrole/domain-member" xlink:from="loc_eba_GA" xlink:to="loc_eba_MV" order="154" />
    <link:loc xlink:type="locator" xlink:href="../../../../../../dict/dom/ga/mem.xsd#eba_ML" xlink:label="loc_eba_ML" />
    <link:definitionArc xlink:type="arc" xlink:arcrole="http://xbrl.org/int/dim/arcrole/domain-member" xlink:from="loc_eba_GA" xlink:to="loc_eba_ML" order="155" />
    <link:loc xlink:type="locator" xlink:href="../../../../../../dict/dom/ga/mem.xsd#eba_MH" xlink:label="loc_eba_MH" />
    <link:definitionArc xlink:type="arc" xlink:arcrole="http://xbrl.org/int/dim/arcrole/domain-member" xlink:from="loc_eba_GA" xlink:to="loc_eba_MH" order="156" />
    <link:loc xlink:type="locator" xlink:href="../../../../../../dict/dom/ga/mem.xsd#eba_MQ" xlink:label="loc_eba_MQ" />
    <link:definitionArc xlink:type="arc" xlink:arcrole="http://xbrl.org/int/dim/arcrole/domain-member" xlink:from="loc_eba_GA" xlink:to="loc_eba_MQ" order="157" />
    <link:loc xlink:type="locator" xlink:href="../../../../../../dict/dom/ga/mem.xsd#eba_MR" xlink:label="loc_eba_MR" />
    <link:definitionArc xlink:type="arc" xlink:arcrole="http://xbrl.org/int/dim/arcrole/domain-member" xlink:from="loc_eba_GA" xlink:to="loc_eba_MR" order="158" />
    <link:loc xlink:type="locator" xlink:href="../../../../../../dict/dom/ga/mem.xsd#eba_MU" xlink:label="loc_eba_MU" />
    <link:definitionArc xlink:type="arc" xlink:arcrole="http://xbrl.org/int/dim/arcrole/domain-member" xlink:from="loc_eba_GA" xlink:to="loc_eba_MU" order="159" />
    <link:loc xlink:type="locator" xlink:href="../../../../../../dict/dom/ga/mem.xsd#eba_YT" xlink:label="loc_eba_YT" />
    <link:definitionArc xlink:type="arc" xlink:arcrole="http://xbrl.org/int/dim/arcrole/domain-member" xlink:from="loc_eba_GA" xlink:to="loc_eba_YT" order="160" />
    <link:loc xlink:type="locator" xlink:href="../../../../../../dict/dom/ga/mem.xsd#eba_MX" xlink:label="loc_eba_MX" />
    <link:definitionArc xlink:type="arc" xlink:arcrole="http://xbrl.org/int/dim/arcrole/domain-member" xlink:from="loc_eba_GA" xlink:to="loc_eba_MX" order="161" />
    <link:loc xlink:type="locator" xlink:href="../../../../../../dict/dom/ga/mem.xsd#eba_FM" xlink:label="loc_eba_FM" />
    <link:definitionArc xlink:type="arc" xlink:arcrole="http://xbrl.org/int/dim/arcrole/domain-member" xlink:from="loc_eba_GA" xlink:to="loc_eba_FM" order="162" />
    <link:loc xlink:type="locator" xlink:href="../../../../../../dict/dom/ga/mem.xsd#eba_MD" xlink:label="loc_eba_MD" />
    <link:definitionArc xlink:type="arc" xlink:arcrole="http://xbrl.org/int/dim/arcrole/domain-member" xlink:from="loc_eba_GA" xlink:to="loc_eba_MD" order="163" />
    <link:loc xlink:type="locator" xlink:href="../../../../../../dict/dom/ga/mem.xsd#eba_MC" xlink:label="loc_eba_MC" />
    <link:definitionArc xlink:type="arc" xlink:arcrole="http://xbrl.org/int/dim/arcrole/domain-member" xlink:from="loc_eba_GA" xlink:to="loc_eba_MC" order="164" />
    <link:loc xlink:type="locator" xlink:href="../../../../../../dict/dom/ga/mem.xsd#eba_MN" xlink:label="loc_eba_MN" />
    <link:definitionArc xlink:type="arc" xlink:arcrole="http://xbrl.org/int/dim/arcrole/domain-member" xlink:from="loc_eba_GA" xlink:to="loc_eba_MN" order="165" />
    <link:loc xlink:type="locator" xlink:href="../../../../../../dict/dom/ga/mem.xsd#eba_ME" xlink:label="loc_eba_ME" />
    <link:definitionArc xlink:type="arc" xlink:arcrole="http://xbrl.org/int/dim/arcrole/domain-member" xlink:from="loc_eba_GA" xlink:to="loc_eba_ME" order="166" />
    <link:loc xlink:type="locator" xlink:href="../../../../../../dict/dom/ga/mem.xsd#eba_MS" xlink:label="loc_eba_MS" />
    <link:definitionArc xlink:type="arc" xlink:arcrole="http://xbrl.org/int/dim/arcrole/domain-member" xlink:from="loc_eba_GA" xlink:to="loc_eba_MS" order="167" />
    <link:loc xlink:type="locator" xlink:href="../../../../../../dict/dom/ga/mem.xsd#eba_MA" xlink:label="loc_eba_MA" />
    <link:definitionArc xlink:type="arc" xlink:arcrole="http://xbrl.org/int/dim/arcrole/domain-member" xlink:from="loc_eba_GA" xlink:to="loc_eba_MA" order="168" />
    <link:loc xlink:type="locator" xlink:href="../../../../../../dict/dom/ga/mem.xsd#eba_MZ" xlink:label="loc_eba_MZ" />
    <link:definitionArc xlink:type="arc" xlink:arcrole="http://xbrl.org/int/dim/arcrole/domain-member" xlink:from="loc_eba_GA" xlink:to="loc_eba_MZ" order="169" />
    <link:loc xlink:type="locator" xlink:href="../../../../../../dict/dom/ga/mem.xsd#eba_MM" xlink:label="loc_eba_MM" />
    <link:definitionArc xlink:type="arc" xlink:arcrole="http://xbrl.org/int/dim/arcrole/domain-member" xlink:from="loc_eba_GA" xlink:to="loc_eba_MM" order="170" />
    <link:loc xlink:type="locator" xlink:href="../../../../../../dict/dom/ga/mem.xsd#eba_NA" xlink:label="loc_eba_NA" />
    <link:definitionArc xlink:type="arc" xlink:arcrole="http://xbrl.org/int/dim/arcrole/domain-member" xlink:from="loc_eba_GA" xlink:to="loc_eba_NA" order="171" />
    <link:loc xlink:type="locator" xlink:href="../../../../../../dict/dom/ga/mem.xsd#eba_NR" xlink:label="loc_eba_NR" />
    <link:definitionArc xlink:type="arc" xlink:arcrole="http://xbrl.org/int/dim/arcrole/domain-member" xlink:from="loc_eba_GA" xlink:to="loc_eba_NR" order="172" />
    <link:loc xlink:type="locator" xlink:href="../../../../../../dict/dom/ga/mem.xsd#eba_NP" xlink:label="loc_eba_NP" />
    <link:definitionArc xlink:type="arc" xlink:arcrole="http://xbrl.org/int/dim/arcrole/domain-member" xlink:from="loc_eba_GA" xlink:to="loc_eba_NP" order="173" />
    <link:loc xlink:type="locator" xlink:href="../../../../../../dict/dom/ga/mem.xsd#eba_NC" xlink:label="loc_eba_NC" />
    <link:definitionArc xlink:type="arc" xlink:arcrole="http://xbrl.org/int/dim/arcrole/domain-member" xlink:from="loc_eba_GA" xlink:to="loc_eba_NC" order="174" />
    <link:loc xlink:type="locator" xlink:href="../../../../../../dict/dom/ga/mem.xsd#eba_NZ" xlink:label="loc_eba_NZ" />
    <link:definitionArc xlink:type="arc" xlink:arcrole="http://xbrl.org/int/dim/arcrole/domain-member" xlink:from="loc_eba_GA" xlink:to="loc_eba_NZ" order="175" />
    <link:loc xlink:type="locator" xlink:href="../../../../../../dict/dom/ga/mem.xsd#eba_NI" xlink:label="loc_eba_NI" />
    <link:definitionArc xlink:type="arc" xlink:arcrole="http://xbrl.org/int/dim/arcrole/domain-member" xlink:from="loc_eba_GA" xlink:to="loc_eba_NI" order="176" />
    <link:loc xlink:type="locator" xlink:href="../../../../../../dict/dom/ga/mem.xsd#eba_NE" xlink:label="loc_eba_NE" />
    <link:definitionArc xlink:type="arc" xlink:arcrole="http://xbrl.org/int/dim/arcrole/domain-member" xlink:from="loc_eba_GA" xlink:to="loc_eba_NE" order="177" />
    <link:loc xlink:type="locator" xlink:href="../../../../../../dict/dom/ga/mem.xsd#eba_NG" xlink:label="loc_eba_NG" />
    <link:definitionArc xlink:type="arc" xlink:arcrole="http://xbrl.org/int/dim/arcrole/domain-member" xlink:from="loc_eba_GA" xlink:to="loc_eba_NG" order="178" />
    <link:loc xlink:type="locator" xlink:href="../../../../../../dict/dom/ga/mem.xsd#eba_NU" xlink:label="loc_eba_NU" />
    <link:definitionArc xlink:type="arc" xlink:arcrole="http://xbrl.org/int/dim/arcrole/domain-member" xlink:from="loc_eba_GA" xlink:to="loc_eba_NU" order="179" />
    <link:loc xlink:type="locator" xlink:href="../../../../../../dict/dom/ga/mem.xsd#eba_NF" xlink:label="loc_eba_NF" />
    <link:definitionArc xlink:type="arc" xlink:arcrole="http://xbrl.org/int/dim/arcrole/domain-member" xlink:from="loc_eba_GA" xlink:to="loc_eba_NF" order="180" />
    <link:loc xlink:type="locator" xlink:href="../../../../../../dict/dom/ga/mem.xsd#eba_MP" xlink:label="loc_eba_MP" />
    <link:definitionArc xlink:type="arc" xlink:arcrole="http://xbrl.org/int/dim/arcrole/domain-member" xlink:from="loc_eba_GA" xlink:to="loc_eba_MP" order="181" />
    <link:loc xlink:type="locator" xlink:href="../../../../../../dict/dom/ga/mem.xsd#eba_OM" xlink:label="loc_eba_OM" />
    <link:definitionArc xlink:type="arc" xlink:arcrole="http://xbrl.org/int/dim/arcrole/domain-member" xlink:from="loc_eba_GA" xlink:to="loc_eba_OM" order="182" />
    <link:loc xlink:type="locator" xlink:href="../../../../../../dict/dom/ga/mem.xsd#eba_PK" xlink:label="loc_eba_PK" />
    <link:definitionArc xlink:type="arc" xlink:arcrole="http://xbrl.org/int/dim/arcrole/domain-member" xlink:from="loc_eba_GA" xlink:to="loc_eba_PK" order="183" />
    <link:loc xlink:type="locator" xlink:href="../../../../../../dict/dom/ga/mem.xsd#eba_PW" xlink:label="loc_eba_PW" />
    <link:definitionArc xlink:type="arc" xlink:arcrole="http://xbrl.org/int/dim/arcrole/domain-member" xlink:from="loc_eba_GA" xlink:to="loc_eba_PW" order="184" />
    <link:loc xlink:type="locator" xlink:href="../../../../../../dict/dom/ga/mem.xsd#eba_PS" xlink:label="loc_eba_PS" />
    <link:definitionArc xlink:type="arc" xlink:arcrole="http://xbrl.org/int/dim/arcrole/domain-member" xlink:from="loc_eba_GA" xlink:to="loc_eba_PS" order="185" />
    <link:loc xlink:type="locator" xlink:href="../../../../../../dict/dom/ga/mem.xsd#eba_PA" xlink:label="loc_eba_PA" />
    <link:definitionArc xlink:type="arc" xlink:arcrole="http://xbrl.org/int/dim/arcrole/domain-member" xlink:from="loc_eba_GA" xlink:to="loc_eba_PA" order="186" />
    <link:loc xlink:type="locator" xlink:href="../../../../../../dict/dom/ga/mem.xsd#eba_PG" xlink:label="loc_eba_PG" />
    <link:definitionArc xlink:type="arc" xlink:arcrole="http://xbrl.org/int/dim/arcrole/domain-member" xlink:from="loc_eba_GA" xlink:to="loc_eba_PG" order="187" />
    <link:loc xlink:type="locator" xlink:href="../../../../../../dict/dom/ga/mem.xsd#eba_PY" xlink:label="loc_eba_PY" />
    <link:definitionArc xlink:type="arc" xlink:arcrole="http://xbrl.org/int/dim/arcrole/domain-member" xlink:from="loc_eba_GA" xlink:to="loc_eba_PY" order="188" />
    <link:loc xlink:type="locator" xlink:href="../../../../../../dict/dom/ga/mem.xsd#eba_PE" xlink:label="loc_eba_PE" />
    <link:definitionArc xlink:type="arc" xlink:arcrole="http://xbrl.org/int/dim/arcrole/domain-member" xlink:from="loc_eba_GA" xlink:to="loc_eba_PE" order="189" />
    <link:loc xlink:type="locator" xlink:href="../../../../../../dict/dom/ga/mem.xsd#eba_PH" xlink:label="loc_eba_PH" />
    <link:definitionArc xlink:type="arc" xlink:arcrole="http://xbrl.org/int/dim/arcrole/domain-member" xlink:from="loc_eba_GA" xlink:to="loc_eba_PH" order="190" />
    <link:loc xlink:type="locator" xlink:href="../../../../../../dict/dom/ga/mem.xsd#eba_PN" xlink:label="loc_eba_PN" />
    <link:definitionArc xlink:type="arc" xlink:arcrole="http://xbrl.org/int/dim/arcrole/domain-member" xlink:from="loc_eba_GA" xlink:to="loc_eba_PN" order="191" />
    <link:loc xlink:type="locator" xlink:href="../../../../../../dict/dom/ga/mem.xsd#eba_PR" xlink:label="loc_eba_PR" />
    <link:definitionArc xlink:type="arc" xlink:arcrole="http://xbrl.org/int/dim/arcrole/domain-member" xlink:from="loc_eba_GA" xlink:to="loc_eba_PR" order="192" />
    <link:loc xlink:type="locator" xlink:href="../../../../../../dict/dom/ga/mem.xsd#eba_QA" xlink:label="loc_eba_QA" />
    <link:definitionArc xlink:type="arc" xlink:arcrole="http://xbrl.org/int/dim/arcrole/domain-member" xlink:from="loc_eba_GA" xlink:to="loc_eba_QA" order="193" />
    <link:loc xlink:type="locator" xlink:href="../../../../../../dict/dom/ga/mem.xsd#eba_RE" xlink:label="loc_eba_RE" />
    <link:definitionArc xlink:type="arc" xlink:arcrole="http://xbrl.org/int/dim/arcrole/domain-member" xlink:from="loc_eba_GA" xlink:to="loc_eba_RE" order="194" />
    <link:loc xlink:type="locator" xlink:href="../../../../../../dict/dom/ga/mem.xsd#eba_RW" xlink:label="loc_eba_RW" />
    <link:definitionArc xlink:type="arc" xlink:arcrole="http://xbrl.org/int/dim/arcrole/domain-member" xlink:from="loc_eba_GA" xlink:to="loc_eba_RW" order="195" />
    <link:loc xlink:type="locator" xlink:href="../../../../../../dict/dom/ga/mem.xsd#eba_BL" xlink:label="loc_eba_BL" />
    <link:definitionArc xlink:type="arc" xlink:arcrole="http://xbrl.org/int/dim/arcrole/domain-member" xlink:from="loc_eba_GA" xlink:to="loc_eba_BL" order="196" />
    <link:loc xlink:type="locator" xlink:href="../../../../../../dict/dom/ga/mem.xsd#eba_SH" xlink:label="loc_eba_SH" />
    <link:definitionArc xlink:type="arc" xlink:arcrole="http://xbrl.org/int/dim/arcrole/domain-member" xlink:from="loc_eba_GA" xlink:to="loc_eba_SH" order="197" />
    <link:loc xlink:type="locator" xlink:href="../../../../../../dict/dom/ga/mem.xsd#eba_KN" xlink:label="loc_eba_KN" />
    <link:definitionArc xlink:type="arc" xlink:arcrole="http://xbrl.org/int/dim/arcrole/domain-member" xlink:from="loc_eba_GA" xlink:to="loc_eba_KN" order="198" />
    <link:loc xlink:type="locator" xlink:href="../../../../../../dict/dom/ga/mem.xsd#eba_LC" xlink:label="loc_eba_LC" />
    <link:definitionArc xlink:type="arc" xlink:arcrole="http://xbrl.org/int/dim/arcrole/domain-member" xlink:from="loc_eba_GA" xlink:to="loc_eba_LC" order="199" />
    <link:loc xlink:type="locator" xlink:href="../../../../../../dict/dom/ga/mem.xsd#eba_MF" xlink:label="loc_eba_MF" />
    <link:definitionArc xlink:type="arc" xlink:arcrole="http://xbrl.org/int/dim/arcrole/domain-member" xlink:from="loc_eba_GA" xlink:to="loc_eba_MF" order="200" />
    <link:loc xlink:type="locator" xlink:href="../../../../../../dict/dom/ga/mem.xsd#eba_PM" xlink:label="loc_eba_PM" />
    <link:definitionArc xlink:type="arc" xlink:arcrole="http://xbrl.org/int/dim/arcrole/domain-member" xlink:from="loc_eba_GA" xlink:to="loc_eba_PM" order="201" />
    <link:loc xlink:type="locator" xlink:href="../../../../../../dict/dom/ga/mem.xsd#eba_VC" xlink:label="loc_eba_VC" />
    <link:definitionArc xlink:type="arc" xlink:arcrole="http://xbrl.org/int/dim/arcrole/domain-member" xlink:from="loc_eba_GA" xlink:to="loc_eba_VC" order="202" />
    <link:loc xlink:type="locator" xlink:href="../../../../../../dict/dom/ga/mem.xsd#eba_WS" xlink:label="loc_eba_WS" />
    <link:definitionArc xlink:type="arc" xlink:arcrole="http://xbrl.org/int/dim/arcrole/domain-member" xlink:from="loc_eba_GA" xlink:to="loc_eba_WS" order="203" />
    <link:loc xlink:type="locator" xlink:href="../../../../../../dict/dom/ga/mem.xsd#eba_SM" xlink:label="loc_eba_SM" />
    <link:definitionArc xlink:type="arc" xlink:arcrole="http://xbrl.org/int/dim/arcrole/domain-member" xlink:from="loc_eba_GA" xlink:to="loc_eba_SM" order="204" />
    <link:loc xlink:type="locator" xlink:href="../../../../../../dict/dom/ga/mem.xsd#eba_ST" xlink:label="loc_eba_ST" />
    <link:definitionArc xlink:type="arc" xlink:arcrole="http://xbrl.org/int/dim/arcrole/domain-member" xlink:from="loc_eba_GA" xlink:to="loc_eba_ST" order="205" />
    <link:loc xlink:type="locator" xlink:href="../../../../../../dict/dom/ga/mem.xsd#eba_SA" xlink:label="loc_eba_SA" />
    <link:definitionArc xlink:type="arc" xlink:arcrole="http://xbrl.org/int/dim/arcrole/domain-member" xlink:from="loc_eba_GA" xlink:to="loc_eba_SA" order="206" />
    <link:loc xlink:type="locator" xlink:href="../../../../../../dict/dom/ga/mem.xsd#eba_SN" xlink:label="loc_eba_SN" />
    <link:definitionArc xlink:type="arc" xlink:arcrole="http://xbrl.org/int/dim/arcrole/domain-member" xlink:from="loc_eba_GA" xlink:to="loc_eba_SN" order="207" />
    <link:loc xlink:type="locator" xlink:href="../../../../../../dict/dom/ga/mem.xsd#eba_SC" xlink:label="loc_eba_SC" />
    <link:definitionArc xlink:type="arc" xlink:arcrole="http://xbrl.org/int/dim/arcrole/domain-member" xlink:from="loc_eba_GA" xlink:to="loc_eba_SC" order="208" />
    <link:loc xlink:type="locator" xlink:href="../../../../../../dict/dom/ga/mem.xsd#eba_SL" xlink:label="loc_eba_SL" />
    <link:definitionArc xlink:type="arc" xlink:arcrole="http://xbrl.org/int/dim/arcrole/domain-member" xlink:from="loc_eba_GA" xlink:to="loc_eba_SL" order="209" />
    <link:loc xlink:type="locator" xlink:href="../../../../../../dict/dom/ga/mem.xsd#eba_SG" xlink:label="loc_eba_SG" />
    <link:definitionArc xlink:type="arc" xlink:arcrole="http://xbrl.org/int/dim/arcrole/domain-member" xlink:from="loc_eba_GA" xlink:to="loc_eba_SG" order="210" />
    <link:loc xlink:type="locator" xlink:href="../../../../../../dict/dom/ga/mem.xsd#eba_SX" xlink:label="loc_eba_SX" />
    <link:definitionArc xlink:type="arc" xlink:arcrole="http://xbrl.org/int/dim/arcrole/domain-member" xlink:from="loc_eba_GA" xlink:to="loc_eba_SX" order="211" />
    <link:loc xlink:type="locator" xlink:href="../../../../../../dict/dom/ga/mem.xsd#eba_SB" xlink:label="loc_eba_SB" />
    <link:definitionArc xlink:type="arc" xlink:arcrole="http://xbrl.org/int/dim/arcrole/domain-member" xlink:from="loc_eba_GA" xlink:to="loc_eba_SB" order="212" />
    <link:loc xlink:type="locator" xlink:href="../../../../../../dict/dom/ga/mem.xsd#eba_SO" xlink:label="loc_eba_SO" />
    <link:definitionArc xlink:type="arc" xlink:arcrole="http://xbrl.org/int/dim/arcrole/domain-member" xlink:from="loc_eba_GA" xlink:to="loc_eba_SO" order="213" />
    <link:loc xlink:type="locator" xlink:href="../../../../../../dict/dom/ga/mem.xsd#eba_ZA" xlink:label="loc_eba_ZA" />
    <link:definitionArc xlink:type="arc" xlink:arcrole="http://xbrl.org/int/dim/arcrole/domain-member" xlink:from="loc_eba_GA" xlink:to="loc_eba_ZA" order="214" />
    <link:loc xlink:type="locator" xlink:href="../../../../../../dict/dom/ga/mem.xsd#eba_GS" xlink:label="loc_eba_GS" />
    <link:definitionArc xlink:type="arc" xlink:arcrole="http://xbrl.org/int/dim/arcrole/domain-member" xlink:from="loc_eba_GA" xlink:to="loc_eba_GS" order="215" />
    <link:loc xlink:type="locator" xlink:href="../../../../../../dict/dom/ga/mem.xsd#eba_SS" xlink:label="loc_eba_SS" />
    <link:definitionArc xlink:type="arc" xlink:arcrole="http://xbrl.org/int/dim/arcrole/domain-member" xlink:from="loc_eba_GA" xlink:to="loc_eba_SS" order="216" />
    <link:loc xlink:type="locator" xlink:href="../../../../../../dict/dom/ga/mem.xsd#eba_LK" xlink:label="loc_eba_LK" />
    <link:definitionArc xlink:type="arc" xlink:arcrole="http://xbrl.org/int/dim/arcrole/domain-member" xlink:from="loc_eba_GA" xlink:to="loc_eba_LK" order="217" />
    <link:loc xlink:type="locator" xlink:href="../../../../../../dict/dom/ga/mem.xsd#eba_SD" xlink:label="loc_eba_SD" />
    <link:definitionArc xlink:type="arc" xlink:arcrole="http://xbrl.org/int/dim/arcrole/domain-member" xlink:from="loc_eba_GA" xlink:to="loc_eba_SD" order="218" />
    <link:loc xlink:type="locator" xlink:href="../../../../../../dict/dom/ga/mem.xsd#eba_SR" xlink:label="loc_eba_SR" />
    <link:definitionArc xlink:type="arc" xlink:arcrole="http://xbrl.org/int/dim/arcrole/domain-member" xlink:from="loc_eba_GA" xlink:to="loc_eba_SR" order="219" />
    <link:loc xlink:type="locator" xlink:href="../../../../../../dict/dom/ga/mem.xsd#eba_SJ" xlink:label="loc_eba_SJ" />
    <link:definitionArc xlink:type="arc" xlink:arcrole="http://xbrl.org/int/dim/arcrole/domain-member" xlink:from="loc_eba_GA" xlink:to="loc_eba_SJ" order="220" />
    <link:loc xlink:type="locator" xlink:href="../../../../../../dict/dom/ga/mem.xsd#eba_SZ" xlink:label="loc_eba_SZ" />
    <link:definitionArc xlink:type="arc" xlink:arcrole="http://xbrl.org/int/dim/arcrole/domain-member" xlink:from="loc_eba_GA" xlink:to="loc_eba_SZ" order="221" />
    <link:loc xlink:type="locator" xlink:href="../../../../../../dict/dom/ga/mem.xsd#eba_SY" xlink:label="loc_eba_SY" />
    <link:definitionArc xlink:type="arc" xlink:arcrole="http://xbrl.org/int/dim/arcrole/domain-member" xlink:from="loc_eba_GA" xlink:to="loc_eba_SY" order="222" />
    <link:loc xlink:type="locator" xlink:href="../../../../../../dict/dom/ga/mem.xsd#eba_TW" xlink:label="loc_eba_TW" />
    <link:definitionArc xlink:type="arc" xlink:arcrole="http://xbrl.org/int/dim/arcrole/domain-member" xlink:from="loc_eba_GA" xlink:to="loc_eba_TW" order="223" />
    <link:loc xlink:type="locator" xlink:href="../../../../../../dict/dom/ga/mem.xsd#eba_TJ" xlink:label="loc_eba_TJ" />
    <link:definitionArc xlink:type="arc" xlink:arcrole="http://xbrl.org/int/dim/arcrole/domain-member" xlink:from="loc_eba_GA" xlink:to="loc_eba_TJ" order="224" />
    <link:loc xlink:type="locator" xlink:href="../../../../../../dict/dom/ga/mem.xsd#eba_TZ" xlink:label="loc_eba_TZ" />
    <link:definitionArc xlink:type="arc" xlink:arcrole="http://xbrl.org/int/dim/arcrole/domain-member" xlink:from="loc_eba_GA" xlink:to="loc_eba_TZ" order="225" />
    <link:loc xlink:type="locator" xlink:href="../../../../../../dict/dom/ga/mem.xsd#eba_TH" xlink:label="loc_eba_TH" />
    <link:definitionArc xlink:type="arc" xlink:arcrole="http://xbrl.org/int/dim/arcrole/domain-member" xlink:from="loc_eba_GA" xlink:to="loc_eba_TH" order="226" />
    <link:loc xlink:type="locator" xlink:href="../../../../../../dict/dom/ga/mem.xsd#eba_TL" xlink:label="loc_eba_TL" />
    <link:definitionArc xlink:type="arc" xlink:arcrole="http://xbrl.org/int/dim/arcrole/domain-member" xlink:from="loc_eba_GA" xlink:to="loc_eba_TL" order="227" />
    <link:loc xlink:type="locator" xlink:href="../../../../../../dict/dom/ga/mem.xsd#eba_TG" xlink:label="loc_eba_TG" />
    <link:definitionArc xlink:type="arc" xlink:arcrole="http://xbrl.org/int/dim/arcrole/domain-member" xlink:from="loc_eba_GA" xlink:to="loc_eba_TG" order="228" />
    <link:loc xlink:type="locator" xlink:href="../../../../../../dict/dom/ga/mem.xsd#eba_TK" xlink:label="loc_eba_TK" />
    <link:definitionArc xlink:type="arc" xlink:arcrole="http://xbrl.org/int/dim/arcrole/domain-member" xlink:from="loc_eba_GA" xlink:to="loc_eba_TK" order="229" />
    <link:loc xlink:type="locator" xlink:href="../../../../../../dict/dom/ga/mem.xsd#eba_TO" xlink:label="loc_eba_TO" />
    <link:definitionArc xlink:type="arc" xlink:arcrole="http://xbrl.org/int/dim/arcrole/domain-member" xlink:from="loc_eba_GA" xlink:to="loc_eba_TO" order="230" />
    <link:loc xlink:type="locator" xlink:href="../../../../../../dict/dom/ga/mem.xsd#eba_TT" xlink:label="loc_eba_TT" />
    <link:definitionArc xlink:type="arc" xlink:arcrole="http://xbrl.org/int/dim/arcrole/domain-member" xlink:from="loc_eba_GA" xlink:to="loc_eba_TT" order="231" />
    <link:loc xlink:type="locator" xlink:href="../../../../../../dict/dom/ga/mem.xsd#eba_TN" xlink:label="loc_eba_TN" />
    <link:definitionArc xlink:type="arc" xlink:arcrole="http://xbrl.org/int/dim/arcrole/domain-member" xlink:from="loc_eba_GA" xlink:to="loc_eba_TN" order="232" />
    <link:loc xlink:type="locator" xlink:href="../../../../../../dict/dom/ga/mem.xsd#eba_TM" xlink:label="loc_eba_TM" />
    <link:definitionArc xlink:type="arc" xlink:arcrole="http://xbrl.org/int/dim/arcrole/domain-member" xlink:from="loc_eba_GA" xlink:to="loc_eba_TM" order="233" />
    <link:loc xlink:type="locator" xlink:href="../../../../../../dict/dom/ga/mem.xsd#eba_TC" xlink:label="loc_eba_TC" />
    <link:definitionArc xlink:type="arc" xlink:arcrole="http://xbrl.org/int/dim/arcrole/domain-member" xlink:from="loc_eba_GA" xlink:to="loc_eba_TC" order="234" />
    <link:loc xlink:type="locator" xlink:href="../../../../../../dict/dom/ga/mem.xsd#eba_TV" xlink:label="loc_eba_TV" />
    <link:definitionArc xlink:type="arc" xlink:arcrole="http://xbrl.org/int/dim/arcrole/domain-member" xlink:from="loc_eba_GA" xlink:to="loc_eba_TV" order="235" />
    <link:loc xlink:type="locator" xlink:href="../../../../../../dict/dom/ga/mem.xsd#eba_UG" xlink:label="loc_eba_UG" />
    <link:definitionArc xlink:type="arc" xlink:arcrole="http://xbrl.org/int/dim/arcrole/domain-member" xlink:from="loc_eba_GA" xlink:to="loc_eba_UG" order="236" />
    <link:loc xlink:type="locator" xlink:href="../../../../../../dict/dom/ga/mem.xsd#eba_AE" xlink:label="loc_eba_AE" />
    <link:definitionArc xlink:type="arc" xlink:arcrole="http://xbrl.org/int/dim/arcrole/domain-member" xlink:from="loc_eba_GA" xlink:to="loc_eba_AE" order="237" />
    <link:loc xlink:type="locator" xlink:href="../../../../../../dict/dom/ga/mem.xsd#eba_UM" xlink:label="loc_eba_UM" />
    <link:definitionArc xlink:type="arc" xlink:arcrole="http://xbrl.org/int/dim/arcrole/domain-member" xlink:from="loc_eba_GA" xlink:to="loc_eba_UM" order="238" />
    <link:loc xlink:type="locator" xlink:href="../../../../../../dict/dom/ga/mem.xsd#eba_UY" xlink:label="loc_eba_UY" />
    <link:definitionArc xlink:type="arc" xlink:arcrole="http://xbrl.org/int/dim/arcrole/domain-member" xlink:from="loc_eba_GA" xlink:to="loc_eba_UY" order="239" />
    <link:loc xlink:type="locator" xlink:href="../../../../../../dict/dom/ga/mem.xsd#eba_UZ" xlink:label="loc_eba_UZ" />
    <link:definitionArc xlink:type="arc" xlink:arcrole="http://xbrl.org/int/dim/arcrole/domain-member" xlink:from="loc_eba_GA" xlink:to="loc_eba_UZ" order="240" />
    <link:loc xlink:type="locator" xlink:href="../../../../../../dict/dom/ga/mem.xsd#eba_VU" xlink:label="loc_eba_VU" />
    <link:definitionArc xlink:type="arc" xlink:arcrole="http://xbrl.org/int/dim/arcrole/domain-member" xlink:from="loc_eba_GA" xlink:to="loc_eba_VU" order="241" />
    <link:loc xlink:type="locator" xlink:href="../../../../../../dict/dom/ga/mem.xsd#eba_VE" xlink:label="loc_eba_VE" />
    <link:definitionArc xlink:type="arc" xlink:arcrole="http://xbrl.org/int/dim/arcrole/domain-member" xlink:from="loc_eba_GA" xlink:to="loc_eba_VE" order="242" />
    <link:loc xlink:type="locator" xlink:href="../../../../../../dict/dom/ga/mem.xsd#eba_VN" xlink:label="loc_eba_VN" />
    <link:definitionArc xlink:type="arc" xlink:arcrole="http://xbrl.org/int/dim/arcrole/domain-member" xlink:from="loc_eba_GA" xlink:to="loc_eba_VN" order="243" />
    <link:loc xlink:type="locator" xlink:href="../../../../../../dict/dom/ga/mem.xsd#eba_VG" xlink:label="loc_eba_VG" />
    <link:definitionArc xlink:type="arc" xlink:arcrole="http://xbrl.org/int/dim/arcrole/domain-member" xlink:from="loc_eba_GA" xlink:to="loc_eba_VG" order="244" />
    <link:loc xlink:type="locator" xlink:href="../../../../../../dict/dom/ga/mem.xsd#eba_VI" xlink:label="loc_eba_VI" />
    <link:definitionArc xlink:type="arc" xlink:arcrole="http://xbrl.org/int/dim/arcrole/domain-member" xlink:from="loc_eba_GA" xlink:to="loc_eba_VI" order="245" />
    <link:loc xlink:type="locator" xlink:href="../../../../../../dict/dom/ga/mem.xsd#eba_WF" xlink:label="loc_eba_WF" />
    <link:definitionArc xlink:type="arc" xlink:arcrole="http://xbrl.org/int/dim/arcrole/domain-member" xlink:from="loc_eba_GA" xlink:to="loc_eba_WF" order="246" />
    <link:loc xlink:type="locator" xlink:href="../../../../../../dict/dom/ga/mem.xsd#eba_EH" xlink:label="loc_eba_EH" />
    <link:definitionArc xlink:type="arc" xlink:arcrole="http://xbrl.org/int/dim/arcrole/domain-member" xlink:from="loc_eba_GA" xlink:to="loc_eba_EH" order="247" />
    <link:loc xlink:type="locator" xlink:href="../../../../../../dict/dom/ga/mem.xsd#eba_YE" xlink:label="loc_eba_YE" />
    <link:definitionArc xlink:type="arc" xlink:arcrole="http://xbrl.org/int/dim/arcrole/domain-member" xlink:from="loc_eba_GA" xlink:to="loc_eba_YE" order="248" />
    <link:loc xlink:type="locator" xlink:href="../../../../../../dict/dom/ga/mem.xsd#eba_ZM" xlink:label="loc_eba_ZM" />
    <link:definitionArc xlink:type="arc" xlink:arcrole="http://xbrl.org/int/dim/arcrole/domain-member" xlink:from="loc_eba_GA" xlink:to="loc_eba_ZM" order="249" />
    <link:loc xlink:type="locator" xlink:href="../../../../../../dict/dom/ga/mem.xsd#eba_ZW" xlink:label="loc_eba_ZW" />
    <link:definitionArc xlink:type="arc" xlink:arcrole="http://xbrl.org/int/dim/arcrole/domain-member" xlink:from="loc_eba_GA" xlink:to="loc_eba_ZW" order="250" />
  </link:definitionLink>
</link:linkbase>