﻿<?xml version="1.0" encoding="utf-8"?>
<?taxonomy-version 2.0.0?>
<!--(C) EBA-->
<link:linkbase xmlns:xsi="http://www.w3.org/2001/XMLSchema-instance" xmlns:xlink="http://www.w3.org/1999/xlink" xmlns:link="http://www.xbrl.org/2003/linkbase" xmlns:gen="http://xbrl.org/2008/generic" xmlns:label="http://xbrl.org/2008/label" xsi:schemaLocation="http://www.xbrl.org/2003/linkbase http://www.xbrl.org/2003/xbrl-linkbase-2003-12-31.xsd http://xbrl.org/2008/generic http://www.xbrl.org/2008/generic-link.xsd http://xbrl.org/2008/label http://www.xbrl.org/2008/generic-label.xsd">
  <link:arcroleRef arcroleURI="http://xbrl.org/arcrole/2008/element-label" xlink:type="simple" xlink:href="http://www.xbrl.org/2008/generic-label.xsd#element-label" />
  <link:roleRef roleURI="http://www.eba.europa.eu/xbrl/role/dpm-db-id" xlink:type="simple" xlink:href="http://www.eba.europa.eu/eu/fr/xbrl/ext/model.xsd#dpm-db-id" />
  <gen:link xlink:type="extended" xlink:role="http://www.xbrl.org/2003/role/link">
    <link:loc xlink:type="locator" xlink:href="hier.xsd#eba_IM30" xlink:label="loc_eba_IM30" />
    <label:label xlink:type="resource" xlink:label="label_eba_IM30" xml:lang="en" xlink:role="http://www.eba.europa.eu/xbrl/role/dpm-db-id">2935</label:label>
    <gen:arc xlink:type="arc" xlink:arcrole="http://xbrl.org/arcrole/2008/element-label" xlink:from="loc_eba_IM30" xlink:to="label_eba_IM30" />
    <link:loc xlink:type="locator" xlink:href="hier.xsd#eba_IM31" xlink:label="loc_eba_IM31" />
    <label:label xlink:type="resource" xlink:label="label_eba_IM31" xml:lang="en" xlink:role="http://www.eba.europa.eu/xbrl/role/dpm-db-id">2975</label:label>
    <gen:arc xlink:type="arc" xlink:arcrole="http://xbrl.org/arcrole/2008/element-label" xlink:from="loc_eba_IM31" xlink:to="label_eba_IM31" />
    <link:loc xlink:type="locator" xlink:href="hier.xsd#eba_IM32" xlink:label="loc_eba_IM32" />
    <label:label xlink:type="resource" xlink:label="label_eba_IM32" xml:lang="en" xlink:role="http://www.eba.europa.eu/xbrl/role/dpm-db-id">2995</label:label>
    <gen:arc xlink:type="arc" xlink:arcrole="http://xbrl.org/arcrole/2008/element-label" xlink:from="loc_eba_IM32" xlink:to="label_eba_IM32" />
    <link:loc xlink:type="locator" xlink:href="hier.xsd#eba_IM33" xlink:label="loc_eba_IM33" />
    <label:label xlink:type="resource" xlink:label="label_eba_IM33" xml:lang="en" xlink:role="http://www.eba.europa.eu/xbrl/role/dpm-db-id">3020</label:label>
    <gen:arc xlink:type="arc" xlink:arcrole="http://xbrl.org/arcrole/2008/element-label" xlink:from="loc_eba_IM33" xlink:to="label_eba_IM33" />
  </gen:link>
</link:linkbase>