﻿<?xml version="1.0" encoding="utf-8"?>
<?taxonomy-version 2.0.0?>
<!--(C) EBA-->
<link:linkbase xmlns:xsi="http://www.w3.org/2001/XMLSchema-instance" xmlns:xlink="http://www.w3.org/1999/xlink" xmlns:link="http://www.xbrl.org/2003/linkbase" xsi:schemaLocation="http://www.xbrl.org/2003/linkbase http://www.xbrl.org/2003/xbrl-linkbase-2003-12-31.xsd">
  <link:labelLink xlink:type="extended" xlink:role="http://www.xbrl.org/2003/role/link">
    <link:loc xlink:type="locator" xlink:href="mem.xsd#eba_x1" xlink:label="loc_eba_x1" />
    <link:label xlink:type="resource" xlink:label="label_eba_x1" xml:lang="en" xlink:role="http://www.xbrl.org/2003/role/label">All allowances</link:label>
    <link:labelArc xlink:type="arc" xlink:arcrole="http://www.xbrl.org/2003/arcrole/concept-label" xlink:from="loc_eba_x1" xlink:to="label_eba_x1" />
    <link:loc xlink:type="locator" xlink:href="mem.xsd#eba_x2" xlink:label="loc_eba_x2" />
    <link:label xlink:type="resource" xlink:label="label_eba_x2" xml:lang="en" xlink:role="http://www.xbrl.org/2003/role/label">Collective allowances for incurred but not reported losses</link:label>
    <link:labelArc xlink:type="arc" xlink:arcrole="http://www.xbrl.org/2003/arcrole/concept-label" xlink:from="loc_eba_x2" xlink:to="label_eba_x2" />
    <link:loc xlink:type="locator" xlink:href="mem.xsd#eba_x3" xlink:label="loc_eba_x3" />
    <link:label xlink:type="resource" xlink:label="label_eba_x3" xml:lang="en" xlink:role="http://www.xbrl.org/2003/role/label">Defaulted</link:label>
    <link:labelArc xlink:type="arc" xlink:arcrole="http://www.xbrl.org/2003/arcrole/concept-label" xlink:from="loc_eba_x3" xlink:to="label_eba_x3" />
    <link:loc xlink:type="locator" xlink:href="mem.xsd#eba_x4" xlink:label="loc_eba_x4" />
    <link:label xlink:type="resource" xlink:label="label_eba_x4" xml:lang="en" xlink:role="http://www.xbrl.org/2003/role/label">Impaired</link:label>
    <link:labelArc xlink:type="arc" xlink:arcrole="http://www.xbrl.org/2003/arcrole/concept-label" xlink:from="loc_eba_x4" xlink:to="label_eba_x4" />
    <link:loc xlink:type="locator" xlink:href="mem.xsd#eba_x5" xlink:label="loc_eba_x5" />
    <link:label xlink:type="resource" xlink:label="label_eba_x5" xml:lang="en" xlink:role="http://www.xbrl.org/2003/role/label">Non defaulted</link:label>
    <link:labelArc xlink:type="arc" xlink:arcrole="http://www.xbrl.org/2003/arcrole/concept-label" xlink:from="loc_eba_x5" xlink:to="label_eba_x5" />
    <link:loc xlink:type="locator" xlink:href="mem.xsd#eba_x6" xlink:label="loc_eba_x6" />
    <link:label xlink:type="resource" xlink:label="label_eba_x6" xml:lang="en" xlink:role="http://www.xbrl.org/2003/role/label">Non-impaired</link:label>
    <link:labelArc xlink:type="arc" xlink:arcrole="http://www.xbrl.org/2003/arcrole/concept-label" xlink:from="loc_eba_x6" xlink:to="label_eba_x6" />
    <link:loc xlink:type="locator" xlink:href="mem.xsd#eba_x7" xlink:label="loc_eba_x7" />
    <link:label xlink:type="resource" xlink:label="label_eba_x7" xml:lang="en" xlink:role="http://www.xbrl.org/2003/role/label">Past due</link:label>
    <link:labelArc xlink:type="arc" xlink:arcrole="http://www.xbrl.org/2003/arcrole/concept-label" xlink:from="loc_eba_x7" xlink:to="label_eba_x7" />
    <link:loc xlink:type="locator" xlink:href="mem.xsd#eba_x8" xlink:label="loc_eba_x8" />
    <link:label xlink:type="resource" xlink:label="label_eba_x8" xml:lang="en" xlink:role="http://www.xbrl.org/2003/role/label">Specific allowances. Collectively assessed financial assets</link:label>
    <link:labelArc xlink:type="arc" xlink:arcrole="http://www.xbrl.org/2003/arcrole/concept-label" xlink:from="loc_eba_x8" xlink:to="label_eba_x8" />
    <link:loc xlink:type="locator" xlink:href="mem.xsd#eba_x9" xlink:label="loc_eba_x9" />
    <link:label xlink:type="resource" xlink:label="label_eba_x9" xml:lang="en" xlink:role="http://www.xbrl.org/2003/role/label">Specific allowances. Individually assessed financial assets</link:label>
    <link:labelArc xlink:type="arc" xlink:arcrole="http://www.xbrl.org/2003/arcrole/concept-label" xlink:from="loc_eba_x9" xlink:to="label_eba_x9" />
    <link:loc xlink:type="locator" xlink:href="mem.xsd#eba_x10" xlink:label="loc_eba_x10" />
    <link:label xlink:type="resource" xlink:label="label_eba_x10" xml:lang="en" xlink:role="http://www.xbrl.org/2003/role/label">Written-off</link:label>
    <link:labelArc xlink:type="arc" xlink:arcrole="http://www.xbrl.org/2003/arcrole/concept-label" xlink:from="loc_eba_x10" xlink:to="label_eba_x10" />
    <link:loc xlink:type="locator" xlink:href="mem.xsd#eba_x12" xlink:label="loc_eba_x12" />
    <link:label xlink:type="resource" xlink:label="label_eba_x12" xml:lang="en" xlink:role="http://www.xbrl.org/2003/role/label">Exposure with forbearance measures</link:label>
    <link:labelArc xlink:type="arc" xlink:arcrole="http://www.xbrl.org/2003/arcrole/concept-label" xlink:from="loc_eba_x12" xlink:to="label_eba_x12" />
    <link:loc xlink:type="locator" xlink:href="mem.xsd#eba_x13" xlink:label="loc_eba_x13" />
    <link:label xlink:type="resource" xlink:label="label_eba_x13" xml:lang="en" xlink:role="http://www.xbrl.org/2003/role/label">Exposure with forbearance measures. Debt totally or partially refinanced</link:label>
    <link:labelArc xlink:type="arc" xlink:arcrole="http://www.xbrl.org/2003/arcrole/concept-label" xlink:from="loc_eba_x13" xlink:to="label_eba_x13" />
    <link:loc xlink:type="locator" xlink:href="mem.xsd#eba_x14" xlink:label="loc_eba_x14" />
    <link:label xlink:type="resource" xlink:label="label_eba_x14" xml:lang="en" xlink:role="http://www.xbrl.org/2003/role/label">Exposure with forbearance measures. Instruments with modified terms and conditions</link:label>
    <link:labelArc xlink:type="arc" xlink:arcrole="http://www.xbrl.org/2003/arcrole/concept-label" xlink:from="loc_eba_x14" xlink:to="label_eba_x14" />
    <link:loc xlink:type="locator" xlink:href="mem.xsd#eba_x15" xlink:label="loc_eba_x15" />
    <link:label xlink:type="resource" xlink:label="label_eba_x15" xml:lang="en" xlink:role="http://www.xbrl.org/2003/role/label">Exposure with forbearance measures. Refinancing debt</link:label>
    <link:labelArc xlink:type="arc" xlink:arcrole="http://www.xbrl.org/2003/arcrole/concept-label" xlink:from="loc_eba_x15" xlink:to="label_eba_x15" />
    <link:loc xlink:type="locator" xlink:href="mem.xsd#eba_x16" xlink:label="loc_eba_x16" />
    <link:label xlink:type="resource" xlink:label="label_eba_x16" xml:lang="en" xlink:role="http://www.xbrl.org/2003/role/label">Non-performing exposures</link:label>
    <link:labelArc xlink:type="arc" xlink:arcrole="http://www.xbrl.org/2003/arcrole/concept-label" xlink:from="loc_eba_x16" xlink:to="label_eba_x16" />
    <link:loc xlink:type="locator" xlink:href="mem.xsd#eba_x17" xlink:label="loc_eba_x17" />
    <link:label xlink:type="resource" xlink:label="label_eba_x17" xml:lang="en" xlink:role="http://www.xbrl.org/2003/role/label">Performing exposures</link:label>
    <link:labelArc xlink:type="arc" xlink:arcrole="http://www.xbrl.org/2003/arcrole/concept-label" xlink:from="loc_eba_x17" xlink:to="label_eba_x17" />
    <link:loc xlink:type="locator" xlink:href="mem.xsd#eba_x0" xlink:label="loc_eba_x0" />
    <link:label xlink:type="resource" xlink:label="label_eba_x0" xml:lang="en" xlink:role="http://www.xbrl.org/2003/role/label">Not applicable/ Total exposures</link:label>
    <link:labelArc xlink:type="arc" xlink:arcrole="http://www.xbrl.org/2003/arcrole/concept-label" xlink:from="loc_eba_x0" xlink:to="label_eba_x0" />
    <link:loc xlink:type="locator" xlink:href="mem.xsd#eba_x20" xlink:label="loc_eba_x20" />
    <link:label xlink:type="resource" xlink:label="label_eba_x20" xml:lang="en" xlink:role="http://www.xbrl.org/2003/role/label">Impaired or defaulted</link:label>
    <link:labelArc xlink:type="arc" xlink:arcrole="http://www.xbrl.org/2003/arcrole/concept-label" xlink:from="loc_eba_x20" xlink:to="label_eba_x20" />
    <link:loc xlink:type="locator" xlink:href="mem.xsd#eba_x21" xlink:label="loc_eba_x21" />
    <link:label xlink:type="resource" xlink:label="label_eba_x21" xml:lang="en" xlink:role="http://www.xbrl.org/2003/role/label">General allowances</link:label>
    <link:labelArc xlink:type="arc" xlink:arcrole="http://www.xbrl.org/2003/arcrole/concept-label" xlink:from="loc_eba_x21" xlink:to="label_eba_x21" />
    <link:loc xlink:type="locator" xlink:href="mem.xsd#eba_x22" xlink:label="loc_eba_x22" />
    <link:label xlink:type="resource" xlink:label="label_eba_x22" xml:lang="en" xlink:role="http://www.xbrl.org/2003/role/label">Specific allowances for credit risk</link:label>
    <link:labelArc xlink:type="arc" xlink:arcrole="http://www.xbrl.org/2003/arcrole/concept-label" xlink:from="loc_eba_x22" xlink:to="label_eba_x22" />
    <link:loc xlink:type="locator" xlink:href="mem.xsd#eba_x23" xlink:label="loc_eba_x23" />
    <link:label xlink:type="resource" xlink:label="label_eba_x23" xml:lang="en" xlink:role="http://www.xbrl.org/2003/role/label">General allowances for credit risk</link:label>
    <link:labelArc xlink:type="arc" xlink:arcrole="http://www.xbrl.org/2003/arcrole/concept-label" xlink:from="loc_eba_x23" xlink:to="label_eba_x23" />
    <link:loc xlink:type="locator" xlink:href="mem.xsd#eba_x24" xlink:label="loc_eba_x24" />
    <link:label xlink:type="resource" xlink:label="label_eba_x24" xml:lang="en" xlink:role="http://www.xbrl.org/2003/role/label">General allowances for banking risks</link:label>
    <link:labelArc xlink:type="arc" xlink:arcrole="http://www.xbrl.org/2003/arcrole/concept-label" xlink:from="loc_eba_x24" xlink:to="label_eba_x24" />
    <link:loc xlink:type="locator" xlink:href="mem.xsd#eba_x26" xlink:label="loc_eba_x26" />
    <link:label xlink:type="resource" xlink:label="label_eba_x26" xml:lang="en" xlink:role="http://www.xbrl.org/2003/role/label">Non past due. Non expected non-performance within 30 days</link:label>
    <link:labelArc xlink:type="arc" xlink:arcrole="http://www.xbrl.org/2003/arcrole/concept-label" xlink:from="loc_eba_x26" xlink:to="label_eba_x26" />
  </link:labelLink>
</link:linkbase>