﻿<?xml version="1.0" encoding="utf-8"?>
<?taxonomy-version 2.0.1?>
<!--(C) EBA-->
<link:linkbase xmlns:xsi="http://www.w3.org/2001/XMLSchema-instance" xmlns:xlink="http://www.w3.org/1999/xlink" xmlns:link="http://www.xbrl.org/2003/linkbase" xmlns:gen="http://xbrl.org/2008/generic" xmlns:label="http://xbrl.org/2008/label" xsi:schemaLocation="http://www.xbrl.org/2003/linkbase http://www.xbrl.org/2003/xbrl-linkbase-2003-12-31.xsd http://xbrl.org/2008/generic http://www.xbrl.org/2008/generic-link.xsd http://xbrl.org/2008/label http://www.xbrl.org/2008/generic-label.xsd">
  <link:arcroleRef arcroleURI="http://xbrl.org/arcrole/2008/element-label" xlink:type="simple" xlink:href="http://www.xbrl.org/2008/generic-label.xsd#element-label" />
  <link:roleRef roleURI="http://www.eba.europa.eu/xbrl/role/dpm-db-id" xlink:type="simple" xlink:href="http://www.eba.europa.eu/eu/fr/xbrl/ext/model.xsd#dpm-db-id" />
  <link:roleRef roleURI="http://www.eurofiling.info/xbrl/role/filing-indicator-code" xlink:type="simple" xlink:href="http://www.eurofiling.info/eu/fr/xbrl/ext/model.xsd#filing-indicator-code" />
  <link:roleRef roleURI="http://www.eurofiling.info/xbrl/role/rc-code" xlink:type="simple" xlink:href="http://www.eurofiling.info/eu/fr/xbrl/ext/model.xsd#rc-code" />
  <gen:link xlink:type="extended" xlink:role="http://www.xbrl.org/2003/role/link">
    <link:loc xlink:type="locator" xlink:href="c_22.00-rend.xml#eba_tC_22.00" xlink:label="loc_eba_tC_22.00" />
    <label:label xlink:type="resource" xlink:label="label_eba_tC_22.00" xml:lang="en" xlink:role="http://www.eurofiling.info/xbrl/role/rc-code">C 22.00</label:label>
    <gen:arc xlink:type="arc" xlink:arcrole="http://xbrl.org/arcrole/2008/element-label" xlink:from="loc_eba_tC_22.00" xlink:to="label_eba_tC_22.00" />
    <link:loc xlink:type="locator" xlink:href="c_22.00-rend.xml#eba_c20863" xlink:label="loc_eba_c20863" />
    <label:label xlink:type="resource" xlink:label="label_eba_c20863" xml:lang="en" xlink:role="http://www.eurofiling.info/xbrl/role/rc-code">019</label:label>
    <gen:arc xlink:type="arc" xlink:arcrole="http://xbrl.org/arcrole/2008/element-label" xlink:from="loc_eba_c20863" xlink:to="label_eba_c20863" />
    <link:loc xlink:type="locator" xlink:href="c_22.00-rend.xml#eba_c20864" xlink:label="loc_eba_c20864" />
    <label:label xlink:type="resource" xlink:label="label_eba_c20864" xml:lang="en" xlink:role="http://www.eurofiling.info/xbrl/role/rc-code">020</label:label>
    <gen:arc xlink:type="arc" xlink:arcrole="http://xbrl.org/arcrole/2008/element-label" xlink:from="loc_eba_c20864" xlink:to="label_eba_c20864" />
    <link:loc xlink:type="locator" xlink:href="c_22.00-rend.xml#eba_c20865" xlink:label="loc_eba_c20865" />
    <label:label xlink:type="resource" xlink:label="label_eba_c20865" xml:lang="en" xlink:role="http://www.eurofiling.info/xbrl/role/rc-code">030</label:label>
    <gen:arc xlink:type="arc" xlink:arcrole="http://xbrl.org/arcrole/2008/element-label" xlink:from="loc_eba_c20865" xlink:to="label_eba_c20865" />
    <link:loc xlink:type="locator" xlink:href="c_22.00-rend.xml#eba_c20866" xlink:label="loc_eba_c20866" />
    <label:label xlink:type="resource" xlink:label="label_eba_c20866" xml:lang="en" xlink:role="http://www.eurofiling.info/xbrl/role/rc-code">039</label:label>
    <gen:arc xlink:type="arc" xlink:arcrole="http://xbrl.org/arcrole/2008/element-label" xlink:from="loc_eba_c20866" xlink:to="label_eba_c20866" />
    <link:loc xlink:type="locator" xlink:href="c_22.00-rend.xml#eba_c20867" xlink:label="loc_eba_c20867" />
    <label:label xlink:type="resource" xlink:label="label_eba_c20867" xml:lang="en" xlink:role="http://www.eurofiling.info/xbrl/role/rc-code">040</label:label>
    <gen:arc xlink:type="arc" xlink:arcrole="http://xbrl.org/arcrole/2008/element-label" xlink:from="loc_eba_c20867" xlink:to="label_eba_c20867" />
    <link:loc xlink:type="locator" xlink:href="c_22.00-rend.xml#eba_c20868" xlink:label="loc_eba_c20868" />
    <label:label xlink:type="resource" xlink:label="label_eba_c20868" xml:lang="en" xlink:role="http://www.eurofiling.info/xbrl/role/rc-code">050</label:label>
    <gen:arc xlink:type="arc" xlink:arcrole="http://xbrl.org/arcrole/2008/element-label" xlink:from="loc_eba_c20868" xlink:to="label_eba_c20868" />
    <link:loc xlink:type="locator" xlink:href="c_22.00-rend.xml#eba_c20869" xlink:label="loc_eba_c20869" />
    <label:label xlink:type="resource" xlink:label="label_eba_c20869" xml:lang="en" xlink:role="http://www.eurofiling.info/xbrl/role/rc-code">059</label:label>
    <gen:arc xlink:type="arc" xlink:arcrole="http://xbrl.org/arcrole/2008/element-label" xlink:from="loc_eba_c20869" xlink:to="label_eba_c20869" />
    <link:loc xlink:type="locator" xlink:href="c_22.00-rend.xml#eba_c20870" xlink:label="loc_eba_c20870" />
    <label:label xlink:type="resource" xlink:label="label_eba_c20870" xml:lang="en" xlink:role="http://www.eurofiling.info/xbrl/role/rc-code">060</label:label>
    <gen:arc xlink:type="arc" xlink:arcrole="http://xbrl.org/arcrole/2008/element-label" xlink:from="loc_eba_c20870" xlink:to="label_eba_c20870" />
    <link:loc xlink:type="locator" xlink:href="c_22.00-rend.xml#eba_c20871" xlink:label="loc_eba_c20871" />
    <label:label xlink:type="resource" xlink:label="label_eba_c20871" xml:lang="en" xlink:role="http://www.eurofiling.info/xbrl/role/rc-code">070</label:label>
    <gen:arc xlink:type="arc" xlink:arcrole="http://xbrl.org/arcrole/2008/element-label" xlink:from="loc_eba_c20871" xlink:to="label_eba_c20871" />
    <link:loc xlink:type="locator" xlink:href="c_22.00-rend.xml#eba_c20872" xlink:label="loc_eba_c20872" />
    <label:label xlink:type="resource" xlink:label="label_eba_c20872" xml:lang="en" xlink:role="http://www.eurofiling.info/xbrl/role/rc-code">080</label:label>
    <gen:arc xlink:type="arc" xlink:arcrole="http://xbrl.org/arcrole/2008/element-label" xlink:from="loc_eba_c20872" xlink:to="label_eba_c20872" />
    <link:loc xlink:type="locator" xlink:href="c_22.00-rend.xml#eba_c20873" xlink:label="loc_eba_c20873" />
    <label:label xlink:type="resource" xlink:label="label_eba_c20873" xml:lang="en" xlink:role="http://www.eurofiling.info/xbrl/role/rc-code">090</label:label>
    <gen:arc xlink:type="arc" xlink:arcrole="http://xbrl.org/arcrole/2008/element-label" xlink:from="loc_eba_c20873" xlink:to="label_eba_c20873" />
    <link:loc xlink:type="locator" xlink:href="c_22.00-rend.xml#eba_c20874" xlink:label="loc_eba_c20874" />
    <label:label xlink:type="resource" xlink:label="label_eba_c20874" xml:lang="en" xlink:role="http://www.eurofiling.info/xbrl/role/rc-code">100</label:label>
    <gen:arc xlink:type="arc" xlink:arcrole="http://xbrl.org/arcrole/2008/element-label" xlink:from="loc_eba_c20874" xlink:to="label_eba_c20874" />
    <link:loc xlink:type="locator" xlink:href="c_22.00-rend.xml#eba_c20875" xlink:label="loc_eba_c20875" />
    <label:label xlink:type="resource" xlink:label="label_eba_c20875" xml:lang="en" xlink:role="http://www.eurofiling.info/xbrl/role/rc-code">010</label:label>
    <gen:arc xlink:type="arc" xlink:arcrole="http://xbrl.org/arcrole/2008/element-label" xlink:from="loc_eba_c20875" xlink:to="label_eba_c20875" />
    <link:loc xlink:type="locator" xlink:href="c_22.00-rend.xml#eba_c20876" xlink:label="loc_eba_c20876" />
    <label:label xlink:type="resource" xlink:label="label_eba_c20876" xml:lang="en" xlink:role="http://www.eurofiling.info/xbrl/role/rc-code">020</label:label>
    <gen:arc xlink:type="arc" xlink:arcrole="http://xbrl.org/arcrole/2008/element-label" xlink:from="loc_eba_c20876" xlink:to="label_eba_c20876" />
    <link:loc xlink:type="locator" xlink:href="c_22.00-rend.xml#eba_c20877" xlink:label="loc_eba_c20877" />
    <label:label xlink:type="resource" xlink:label="label_eba_c20877" xml:lang="en" xlink:role="http://www.eurofiling.info/xbrl/role/rc-code">030</label:label>
    <gen:arc xlink:type="arc" xlink:arcrole="http://xbrl.org/arcrole/2008/element-label" xlink:from="loc_eba_c20877" xlink:to="label_eba_c20877" />
    <link:loc xlink:type="locator" xlink:href="c_22.00-rend.xml#eba_c20878" xlink:label="loc_eba_c20878" />
    <label:label xlink:type="resource" xlink:label="label_eba_c20878" xml:lang="en" xlink:role="http://www.eurofiling.info/xbrl/role/rc-code">040</label:label>
    <gen:arc xlink:type="arc" xlink:arcrole="http://xbrl.org/arcrole/2008/element-label" xlink:from="loc_eba_c20878" xlink:to="label_eba_c20878" />
    <link:loc xlink:type="locator" xlink:href="c_22.00-rend.xml#eba_c20879" xlink:label="loc_eba_c20879" />
    <label:label xlink:type="resource" xlink:label="label_eba_c20879" xml:lang="en" xlink:role="http://www.eurofiling.info/xbrl/role/rc-code">050</label:label>
    <gen:arc xlink:type="arc" xlink:arcrole="http://xbrl.org/arcrole/2008/element-label" xlink:from="loc_eba_c20879" xlink:to="label_eba_c20879" />
    <link:loc xlink:type="locator" xlink:href="c_22.00-rend.xml#eba_c20880" xlink:label="loc_eba_c20880" />
    <label:label xlink:type="resource" xlink:label="label_eba_c20880" xml:lang="en" xlink:role="http://www.eurofiling.info/xbrl/role/rc-code">060</label:label>
    <gen:arc xlink:type="arc" xlink:arcrole="http://xbrl.org/arcrole/2008/element-label" xlink:from="loc_eba_c20880" xlink:to="label_eba_c20880" />
    <link:loc xlink:type="locator" xlink:href="c_22.00-rend.xml#eba_c20881" xlink:label="loc_eba_c20881" />
    <label:label xlink:type="resource" xlink:label="label_eba_c20881" xml:lang="en" xlink:role="http://www.eurofiling.info/xbrl/role/rc-code">070</label:label>
    <gen:arc xlink:type="arc" xlink:arcrole="http://xbrl.org/arcrole/2008/element-label" xlink:from="loc_eba_c20881" xlink:to="label_eba_c20881" />
    <link:loc xlink:type="locator" xlink:href="c_22.00-rend.xml#eba_c20882" xlink:label="loc_eba_c20882" />
    <label:label xlink:type="resource" xlink:label="label_eba_c20882" xml:lang="en" xlink:role="http://www.eurofiling.info/xbrl/role/rc-code">080</label:label>
    <gen:arc xlink:type="arc" xlink:arcrole="http://xbrl.org/arcrole/2008/element-label" xlink:from="loc_eba_c20882" xlink:to="label_eba_c20882" />
    <link:loc xlink:type="locator" xlink:href="c_22.00-rend.xml#eba_c20883" xlink:label="loc_eba_c20883" />
    <label:label xlink:type="resource" xlink:label="label_eba_c20883" xml:lang="en" xlink:role="http://www.eurofiling.info/xbrl/role/rc-code">090</label:label>
    <gen:arc xlink:type="arc" xlink:arcrole="http://xbrl.org/arcrole/2008/element-label" xlink:from="loc_eba_c20883" xlink:to="label_eba_c20883" />
    <link:loc xlink:type="locator" xlink:href="c_22.00-rend.xml#eba_c20884" xlink:label="loc_eba_c20884" />
    <label:label xlink:type="resource" xlink:label="label_eba_c20884" xml:lang="en" xlink:role="http://www.eurofiling.info/xbrl/role/rc-code">095</label:label>
    <gen:arc xlink:type="arc" xlink:arcrole="http://xbrl.org/arcrole/2008/element-label" xlink:from="loc_eba_c20884" xlink:to="label_eba_c20884" />
    <link:loc xlink:type="locator" xlink:href="c_22.00-rend.xml#eba_c20885" xlink:label="loc_eba_c20885" />
    <label:label xlink:type="resource" xlink:label="label_eba_c20885" xml:lang="en" xlink:role="http://www.eurofiling.info/xbrl/role/rc-code">100</label:label>
    <gen:arc xlink:type="arc" xlink:arcrole="http://xbrl.org/arcrole/2008/element-label" xlink:from="loc_eba_c20885" xlink:to="label_eba_c20885" />
    <link:loc xlink:type="locator" xlink:href="c_22.00-rend.xml#eba_c20886" xlink:label="loc_eba_c20886" />
    <label:label xlink:type="resource" xlink:label="label_eba_c20886" xml:lang="en" xlink:role="http://www.eurofiling.info/xbrl/role/rc-code">110</label:label>
    <gen:arc xlink:type="arc" xlink:arcrole="http://xbrl.org/arcrole/2008/element-label" xlink:from="loc_eba_c20886" xlink:to="label_eba_c20886" />
    <link:loc xlink:type="locator" xlink:href="c_22.00-rend.xml#eba_c20887" xlink:label="loc_eba_c20887" />
    <label:label xlink:type="resource" xlink:label="label_eba_c20887" xml:lang="en" xlink:role="http://www.eurofiling.info/xbrl/role/rc-code">120</label:label>
    <gen:arc xlink:type="arc" xlink:arcrole="http://xbrl.org/arcrole/2008/element-label" xlink:from="loc_eba_c20887" xlink:to="label_eba_c20887" />
    <link:loc xlink:type="locator" xlink:href="c_22.00-rend.xml#eba_c20888" xlink:label="loc_eba_c20888" />
    <label:label xlink:type="resource" xlink:label="label_eba_c20888" xml:lang="en" xlink:role="http://www.eurofiling.info/xbrl/role/rc-code">125</label:label>
    <gen:arc xlink:type="arc" xlink:arcrole="http://xbrl.org/arcrole/2008/element-label" xlink:from="loc_eba_c20888" xlink:to="label_eba_c20888" />
    <link:loc xlink:type="locator" xlink:href="c_22.00-rend.xml#eba_c20889" xlink:label="loc_eba_c20889" />
    <label:label xlink:type="resource" xlink:label="label_eba_c20889" xml:lang="en" xlink:role="http://www.eurofiling.info/xbrl/role/rc-code">130</label:label>
    <gen:arc xlink:type="arc" xlink:arcrole="http://xbrl.org/arcrole/2008/element-label" xlink:from="loc_eba_c20889" xlink:to="label_eba_c20889" />
    <link:loc xlink:type="locator" xlink:href="c_22.00-rend.xml#eba_c20890" xlink:label="loc_eba_c20890" />
    <label:label xlink:type="resource" xlink:label="label_eba_c20890" xml:lang="en" xlink:role="http://www.eurofiling.info/xbrl/role/rc-code">140</label:label>
    <gen:arc xlink:type="arc" xlink:arcrole="http://xbrl.org/arcrole/2008/element-label" xlink:from="loc_eba_c20890" xlink:to="label_eba_c20890" />
    <link:loc xlink:type="locator" xlink:href="c_22.00-rend.xml#eba_c20891" xlink:label="loc_eba_c20891" />
    <label:label xlink:type="resource" xlink:label="label_eba_c20891" xml:lang="en" xlink:role="http://www.eurofiling.info/xbrl/role/rc-code">150</label:label>
    <gen:arc xlink:type="arc" xlink:arcrole="http://xbrl.org/arcrole/2008/element-label" xlink:from="loc_eba_c20891" xlink:to="label_eba_c20891" />
    <link:loc xlink:type="locator" xlink:href="c_22.00-rend.xml#eba_c20892" xlink:label="loc_eba_c20892" />
    <label:label xlink:type="resource" xlink:label="label_eba_c20892" xml:lang="en" xlink:role="http://www.eurofiling.info/xbrl/role/rc-code">160</label:label>
    <gen:arc xlink:type="arc" xlink:arcrole="http://xbrl.org/arcrole/2008/element-label" xlink:from="loc_eba_c20892" xlink:to="label_eba_c20892" />
    <link:loc xlink:type="locator" xlink:href="c_22.00-rend.xml#eba_c20893" xlink:label="loc_eba_c20893" />
    <label:label xlink:type="resource" xlink:label="label_eba_c20893" xml:lang="en" xlink:role="http://www.eurofiling.info/xbrl/role/rc-code">170</label:label>
    <gen:arc xlink:type="arc" xlink:arcrole="http://xbrl.org/arcrole/2008/element-label" xlink:from="loc_eba_c20893" xlink:to="label_eba_c20893" />
    <link:loc xlink:type="locator" xlink:href="c_22.00-rend.xml#eba_c20894" xlink:label="loc_eba_c20894" />
    <label:label xlink:type="resource" xlink:label="label_eba_c20894" xml:lang="en" xlink:role="http://www.eurofiling.info/xbrl/role/rc-code">180</label:label>
    <gen:arc xlink:type="arc" xlink:arcrole="http://xbrl.org/arcrole/2008/element-label" xlink:from="loc_eba_c20894" xlink:to="label_eba_c20894" />
    <link:loc xlink:type="locator" xlink:href="c_22.00-rend.xml#eba_c20895" xlink:label="loc_eba_c20895" />
    <label:label xlink:type="resource" xlink:label="label_eba_c20895" xml:lang="en" xlink:role="http://www.eurofiling.info/xbrl/role/rc-code">190</label:label>
    <gen:arc xlink:type="arc" xlink:arcrole="http://xbrl.org/arcrole/2008/element-label" xlink:from="loc_eba_c20895" xlink:to="label_eba_c20895" />
    <link:loc xlink:type="locator" xlink:href="c_22.00-rend.xml#eba_c20896" xlink:label="loc_eba_c20896" />
    <label:label xlink:type="resource" xlink:label="label_eba_c20896" xml:lang="en" xlink:role="http://www.eurofiling.info/xbrl/role/rc-code">200</label:label>
    <gen:arc xlink:type="arc" xlink:arcrole="http://xbrl.org/arcrole/2008/element-label" xlink:from="loc_eba_c20896" xlink:to="label_eba_c20896" />
    <link:loc xlink:type="locator" xlink:href="c_22.00-rend.xml#eba_c20897" xlink:label="loc_eba_c20897" />
    <label:label xlink:type="resource" xlink:label="label_eba_c20897" xml:lang="en" xlink:role="http://www.eurofiling.info/xbrl/role/rc-code">210</label:label>
    <gen:arc xlink:type="arc" xlink:arcrole="http://xbrl.org/arcrole/2008/element-label" xlink:from="loc_eba_c20897" xlink:to="label_eba_c20897" />
    <link:loc xlink:type="locator" xlink:href="c_22.00-rend.xml#eba_c20898" xlink:label="loc_eba_c20898" />
    <label:label xlink:type="resource" xlink:label="label_eba_c20898" xml:lang="en" xlink:role="http://www.eurofiling.info/xbrl/role/rc-code">220</label:label>
    <gen:arc xlink:type="arc" xlink:arcrole="http://xbrl.org/arcrole/2008/element-label" xlink:from="loc_eba_c20898" xlink:to="label_eba_c20898" />
    <link:loc xlink:type="locator" xlink:href="c_22.00-rend.xml#eba_c20899" xlink:label="loc_eba_c20899" />
    <label:label xlink:type="resource" xlink:label="label_eba_c20899" xml:lang="en" xlink:role="http://www.eurofiling.info/xbrl/role/rc-code">230</label:label>
    <gen:arc xlink:type="arc" xlink:arcrole="http://xbrl.org/arcrole/2008/element-label" xlink:from="loc_eba_c20899" xlink:to="label_eba_c20899" />
    <link:loc xlink:type="locator" xlink:href="c_22.00-rend.xml#eba_c20900" xlink:label="loc_eba_c20900" />
    <label:label xlink:type="resource" xlink:label="label_eba_c20900" xml:lang="en" xlink:role="http://www.eurofiling.info/xbrl/role/rc-code">240</label:label>
    <gen:arc xlink:type="arc" xlink:arcrole="http://xbrl.org/arcrole/2008/element-label" xlink:from="loc_eba_c20900" xlink:to="label_eba_c20900" />
    <link:loc xlink:type="locator" xlink:href="c_22.00-rend.xml#eba_c20901" xlink:label="loc_eba_c20901" />
    <label:label xlink:type="resource" xlink:label="label_eba_c20901" xml:lang="en" xlink:role="http://www.eurofiling.info/xbrl/role/rc-code">250</label:label>
    <gen:arc xlink:type="arc" xlink:arcrole="http://xbrl.org/arcrole/2008/element-label" xlink:from="loc_eba_c20901" xlink:to="label_eba_c20901" />
    <link:loc xlink:type="locator" xlink:href="c_22.00-rend.xml#eba_c20902" xlink:label="loc_eba_c20902" />
    <label:label xlink:type="resource" xlink:label="label_eba_c20902" xml:lang="en" xlink:role="http://www.eurofiling.info/xbrl/role/rc-code">260</label:label>
    <gen:arc xlink:type="arc" xlink:arcrole="http://xbrl.org/arcrole/2008/element-label" xlink:from="loc_eba_c20902" xlink:to="label_eba_c20902" />
    <link:loc xlink:type="locator" xlink:href="c_22.00-rend.xml#eba_c20903" xlink:label="loc_eba_c20903" />
    <label:label xlink:type="resource" xlink:label="label_eba_c20903" xml:lang="en" xlink:role="http://www.eurofiling.info/xbrl/role/rc-code">270</label:label>
    <gen:arc xlink:type="arc" xlink:arcrole="http://xbrl.org/arcrole/2008/element-label" xlink:from="loc_eba_c20903" xlink:to="label_eba_c20903" />
    <link:loc xlink:type="locator" xlink:href="c_22.00-rend.xml#eba_c20904" xlink:label="loc_eba_c20904" />
    <label:label xlink:type="resource" xlink:label="label_eba_c20904" xml:lang="en" xlink:role="http://www.eurofiling.info/xbrl/role/rc-code">280</label:label>
    <gen:arc xlink:type="arc" xlink:arcrole="http://xbrl.org/arcrole/2008/element-label" xlink:from="loc_eba_c20904" xlink:to="label_eba_c20904" />
    <link:loc xlink:type="locator" xlink:href="c_22.00-rend.xml#eba_c20905" xlink:label="loc_eba_c20905" />
    <label:label xlink:type="resource" xlink:label="label_eba_c20905" xml:lang="en" xlink:role="http://www.eurofiling.info/xbrl/role/rc-code">290</label:label>
    <gen:arc xlink:type="arc" xlink:arcrole="http://xbrl.org/arcrole/2008/element-label" xlink:from="loc_eba_c20905" xlink:to="label_eba_c20905" />
    <link:loc xlink:type="locator" xlink:href="c_22.00-rend.xml#eba_c20906" xlink:label="loc_eba_c20906" />
    <label:label xlink:type="resource" xlink:label="label_eba_c20906" xml:lang="en" xlink:role="http://www.eurofiling.info/xbrl/role/rc-code">300</label:label>
    <gen:arc xlink:type="arc" xlink:arcrole="http://xbrl.org/arcrole/2008/element-label" xlink:from="loc_eba_c20906" xlink:to="label_eba_c20906" />
    <link:loc xlink:type="locator" xlink:href="c_22.00-rend.xml#eba_c20907" xlink:label="loc_eba_c20907" />
    <label:label xlink:type="resource" xlink:label="label_eba_c20907" xml:lang="en" xlink:role="http://www.eurofiling.info/xbrl/role/rc-code">310</label:label>
    <gen:arc xlink:type="arc" xlink:arcrole="http://xbrl.org/arcrole/2008/element-label" xlink:from="loc_eba_c20907" xlink:to="label_eba_c20907" />
    <link:loc xlink:type="locator" xlink:href="c_22.00-rend.xml#eba_c20908" xlink:label="loc_eba_c20908" />
    <label:label xlink:type="resource" xlink:label="label_eba_c20908" xml:lang="en" xlink:role="http://www.eurofiling.info/xbrl/role/rc-code">320</label:label>
    <gen:arc xlink:type="arc" xlink:arcrole="http://xbrl.org/arcrole/2008/element-label" xlink:from="loc_eba_c20908" xlink:to="label_eba_c20908" />
    <link:loc xlink:type="locator" xlink:href="c_22.00-rend.xml#eba_c20909" xlink:label="loc_eba_c20909" />
    <label:label xlink:type="resource" xlink:label="label_eba_c20909" xml:lang="en" xlink:role="http://www.eurofiling.info/xbrl/role/rc-code">330</label:label>
    <gen:arc xlink:type="arc" xlink:arcrole="http://xbrl.org/arcrole/2008/element-label" xlink:from="loc_eba_c20909" xlink:to="label_eba_c20909" />
    <link:loc xlink:type="locator" xlink:href="c_22.00-rend.xml#eba_c20910" xlink:label="loc_eba_c20910" />
    <label:label xlink:type="resource" xlink:label="label_eba_c20910" xml:lang="en" xlink:role="http://www.eurofiling.info/xbrl/role/rc-code">340</label:label>
    <gen:arc xlink:type="arc" xlink:arcrole="http://xbrl.org/arcrole/2008/element-label" xlink:from="loc_eba_c20910" xlink:to="label_eba_c20910" />
    <link:loc xlink:type="locator" xlink:href="c_22.00-rend.xml#eba_c20911" xlink:label="loc_eba_c20911" />
    <label:label xlink:type="resource" xlink:label="label_eba_c20911" xml:lang="en" xlink:role="http://www.eurofiling.info/xbrl/role/rc-code">350</label:label>
    <gen:arc xlink:type="arc" xlink:arcrole="http://xbrl.org/arcrole/2008/element-label" xlink:from="loc_eba_c20911" xlink:to="label_eba_c20911" />
    <link:loc xlink:type="locator" xlink:href="c_22.00-rend.xml#eba_c20912" xlink:label="loc_eba_c20912" />
    <label:label xlink:type="resource" xlink:label="label_eba_c20912" xml:lang="en" xlink:role="http://www.eurofiling.info/xbrl/role/rc-code">360</label:label>
    <gen:arc xlink:type="arc" xlink:arcrole="http://xbrl.org/arcrole/2008/element-label" xlink:from="loc_eba_c20912" xlink:to="label_eba_c20912" />
    <link:loc xlink:type="locator" xlink:href="c_22.00-rend.xml#eba_c20913" xlink:label="loc_eba_c20913" />
    <label:label xlink:type="resource" xlink:label="label_eba_c20913" xml:lang="en" xlink:role="http://www.eurofiling.info/xbrl/role/rc-code">370</label:label>
    <gen:arc xlink:type="arc" xlink:arcrole="http://xbrl.org/arcrole/2008/element-label" xlink:from="loc_eba_c20913" xlink:to="label_eba_c20913" />
    <link:loc xlink:type="locator" xlink:href="c_22.00-rend.xml#eba_c20914" xlink:label="loc_eba_c20914" />
    <label:label xlink:type="resource" xlink:label="label_eba_c20914" xml:lang="en" xlink:role="http://www.eurofiling.info/xbrl/role/rc-code">380</label:label>
    <gen:arc xlink:type="arc" xlink:arcrole="http://xbrl.org/arcrole/2008/element-label" xlink:from="loc_eba_c20914" xlink:to="label_eba_c20914" />
    <link:loc xlink:type="locator" xlink:href="c_22.00-rend.xml#eba_c20915" xlink:label="loc_eba_c20915" />
    <label:label xlink:type="resource" xlink:label="label_eba_c20915" xml:lang="en" xlink:role="http://www.eurofiling.info/xbrl/role/rc-code">390</label:label>
    <gen:arc xlink:type="arc" xlink:arcrole="http://xbrl.org/arcrole/2008/element-label" xlink:from="loc_eba_c20915" xlink:to="label_eba_c20915" />
    <link:loc xlink:type="locator" xlink:href="c_22.00-rend.xml#eba_c20916" xlink:label="loc_eba_c20916" />
    <label:label xlink:type="resource" xlink:label="label_eba_c20916" xml:lang="en" xlink:role="http://www.eurofiling.info/xbrl/role/rc-code">400</label:label>
    <gen:arc xlink:type="arc" xlink:arcrole="http://xbrl.org/arcrole/2008/element-label" xlink:from="loc_eba_c20916" xlink:to="label_eba_c20916" />
    <link:loc xlink:type="locator" xlink:href="c_22.00-rend.xml#eba_c20917" xlink:label="loc_eba_c20917" />
    <label:label xlink:type="resource" xlink:label="label_eba_c20917" xml:lang="en" xlink:role="http://www.eurofiling.info/xbrl/role/rc-code">410</label:label>
    <gen:arc xlink:type="arc" xlink:arcrole="http://xbrl.org/arcrole/2008/element-label" xlink:from="loc_eba_c20917" xlink:to="label_eba_c20917" />
    <link:loc xlink:type="locator" xlink:href="c_22.00-rend.xml#eba_c20918" xlink:label="loc_eba_c20918" />
    <label:label xlink:type="resource" xlink:label="label_eba_c20918" xml:lang="en" xlink:role="http://www.eurofiling.info/xbrl/role/rc-code">420</label:label>
    <gen:arc xlink:type="arc" xlink:arcrole="http://xbrl.org/arcrole/2008/element-label" xlink:from="loc_eba_c20918" xlink:to="label_eba_c20918" />
    <link:loc xlink:type="locator" xlink:href="c_22.00-rend.xml#eba_c20919" xlink:label="loc_eba_c20919" />
    <label:label xlink:type="resource" xlink:label="label_eba_c20919" xml:lang="en" xlink:role="http://www.eurofiling.info/xbrl/role/rc-code">430</label:label>
    <gen:arc xlink:type="arc" xlink:arcrole="http://xbrl.org/arcrole/2008/element-label" xlink:from="loc_eba_c20919" xlink:to="label_eba_c20919" />
    <link:loc xlink:type="locator" xlink:href="c_22.00-rend.xml#eba_c20920" xlink:label="loc_eba_c20920" />
    <label:label xlink:type="resource" xlink:label="label_eba_c20920" xml:lang="en" xlink:role="http://www.eurofiling.info/xbrl/role/rc-code">440</label:label>
    <gen:arc xlink:type="arc" xlink:arcrole="http://xbrl.org/arcrole/2008/element-label" xlink:from="loc_eba_c20920" xlink:to="label_eba_c20920" />
    <link:loc xlink:type="locator" xlink:href="c_22.00-rend.xml#eba_c20921" xlink:label="loc_eba_c20921" />
    <label:label xlink:type="resource" xlink:label="label_eba_c20921" xml:lang="en" xlink:role="http://www.eurofiling.info/xbrl/role/rc-code">450</label:label>
    <gen:arc xlink:type="arc" xlink:arcrole="http://xbrl.org/arcrole/2008/element-label" xlink:from="loc_eba_c20921" xlink:to="label_eba_c20921" />
    <link:loc xlink:type="locator" xlink:href="c_22.00-rend.xml#eba_c20922" xlink:label="loc_eba_c20922" />
    <label:label xlink:type="resource" xlink:label="label_eba_c20922" xml:lang="en" xlink:role="http://www.eurofiling.info/xbrl/role/rc-code">460</label:label>
    <gen:arc xlink:type="arc" xlink:arcrole="http://xbrl.org/arcrole/2008/element-label" xlink:from="loc_eba_c20922" xlink:to="label_eba_c20922" />
    <link:loc xlink:type="locator" xlink:href="c_22.00-rend.xml#eba_c20923" xlink:label="loc_eba_c20923" />
    <label:label xlink:type="resource" xlink:label="label_eba_c20923" xml:lang="en" xlink:role="http://www.eurofiling.info/xbrl/role/rc-code">470</label:label>
    <gen:arc xlink:type="arc" xlink:arcrole="http://xbrl.org/arcrole/2008/element-label" xlink:from="loc_eba_c20923" xlink:to="label_eba_c20923" />
    <label:label xlink:type="resource" xlink:label="label_eba_tC_22.00_1" xml:lang="en" xlink:role="http://www.eurofiling.info/xbrl/role/filing-indicator-code">C_22.00</label:label>
    <gen:arc xlink:type="arc" xlink:arcrole="http://xbrl.org/arcrole/2008/element-label" xlink:from="loc_eba_tC_22.00" xlink:to="label_eba_tC_22.00_1" />
    <label:label xlink:type="resource" xlink:label="label_eba_tC_22.00_2" xml:lang="en" xlink:role="http://www.eba.europa.eu/xbrl/role/dpm-db-id">107</label:label>
    <gen:arc xlink:type="arc" xlink:arcrole="http://xbrl.org/arcrole/2008/element-label" xlink:from="loc_eba_tC_22.00" xlink:to="label_eba_tC_22.00_2" />
    <label:label xlink:type="resource" xlink:label="label_eba_c20863_1" xml:lang="en" xlink:role="http://www.eba.europa.eu/xbrl/role/dpm-db-id">20863</label:label>
    <gen:arc xlink:type="arc" xlink:arcrole="http://xbrl.org/arcrole/2008/element-label" xlink:from="loc_eba_c20863" xlink:to="label_eba_c20863_1" />
    <label:label xlink:type="resource" xlink:label="label_eba_c20864_1" xml:lang="en" xlink:role="http://www.eba.europa.eu/xbrl/role/dpm-db-id">20864</label:label>
    <gen:arc xlink:type="arc" xlink:arcrole="http://xbrl.org/arcrole/2008/element-label" xlink:from="loc_eba_c20864" xlink:to="label_eba_c20864_1" />
    <label:label xlink:type="resource" xlink:label="label_eba_c20865_1" xml:lang="en" xlink:role="http://www.eba.europa.eu/xbrl/role/dpm-db-id">20865</label:label>
    <gen:arc xlink:type="arc" xlink:arcrole="http://xbrl.org/arcrole/2008/element-label" xlink:from="loc_eba_c20865" xlink:to="label_eba_c20865_1" />
    <label:label xlink:type="resource" xlink:label="label_eba_c20866_1" xml:lang="en" xlink:role="http://www.eba.europa.eu/xbrl/role/dpm-db-id">20866</label:label>
    <gen:arc xlink:type="arc" xlink:arcrole="http://xbrl.org/arcrole/2008/element-label" xlink:from="loc_eba_c20866" xlink:to="label_eba_c20866_1" />
    <label:label xlink:type="resource" xlink:label="label_eba_c20867_1" xml:lang="en" xlink:role="http://www.eba.europa.eu/xbrl/role/dpm-db-id">20867</label:label>
    <gen:arc xlink:type="arc" xlink:arcrole="http://xbrl.org/arcrole/2008/element-label" xlink:from="loc_eba_c20867" xlink:to="label_eba_c20867_1" />
    <label:label xlink:type="resource" xlink:label="label_eba_c20868_1" xml:lang="en" xlink:role="http://www.eba.europa.eu/xbrl/role/dpm-db-id">20868</label:label>
    <gen:arc xlink:type="arc" xlink:arcrole="http://xbrl.org/arcrole/2008/element-label" xlink:from="loc_eba_c20868" xlink:to="label_eba_c20868_1" />
    <label:label xlink:type="resource" xlink:label="label_eba_c20869_1" xml:lang="en" xlink:role="http://www.eba.europa.eu/xbrl/role/dpm-db-id">20869</label:label>
    <gen:arc xlink:type="arc" xlink:arcrole="http://xbrl.org/arcrole/2008/element-label" xlink:from="loc_eba_c20869" xlink:to="label_eba_c20869_1" />
    <label:label xlink:type="resource" xlink:label="label_eba_c20870_1" xml:lang="en" xlink:role="http://www.eba.europa.eu/xbrl/role/dpm-db-id">20870</label:label>
    <gen:arc xlink:type="arc" xlink:arcrole="http://xbrl.org/arcrole/2008/element-label" xlink:from="loc_eba_c20870" xlink:to="label_eba_c20870_1" />
    <label:label xlink:type="resource" xlink:label="label_eba_c20871_1" xml:lang="en" xlink:role="http://www.eba.europa.eu/xbrl/role/dpm-db-id">20871</label:label>
    <gen:arc xlink:type="arc" xlink:arcrole="http://xbrl.org/arcrole/2008/element-label" xlink:from="loc_eba_c20871" xlink:to="label_eba_c20871_1" />
    <label:label xlink:type="resource" xlink:label="label_eba_c20872_1" xml:lang="en" xlink:role="http://www.eba.europa.eu/xbrl/role/dpm-db-id">20872</label:label>
    <gen:arc xlink:type="arc" xlink:arcrole="http://xbrl.org/arcrole/2008/element-label" xlink:from="loc_eba_c20872" xlink:to="label_eba_c20872_1" />
    <label:label xlink:type="resource" xlink:label="label_eba_c20873_1" xml:lang="en" xlink:role="http://www.eba.europa.eu/xbrl/role/dpm-db-id">20873</label:label>
    <gen:arc xlink:type="arc" xlink:arcrole="http://xbrl.org/arcrole/2008/element-label" xlink:from="loc_eba_c20873" xlink:to="label_eba_c20873_1" />
    <label:label xlink:type="resource" xlink:label="label_eba_c20874_1" xml:lang="en" xlink:role="http://www.eba.europa.eu/xbrl/role/dpm-db-id">20874</label:label>
    <gen:arc xlink:type="arc" xlink:arcrole="http://xbrl.org/arcrole/2008/element-label" xlink:from="loc_eba_c20874" xlink:to="label_eba_c20874_1" />
    <label:label xlink:type="resource" xlink:label="label_eba_c20875_1" xml:lang="en" xlink:role="http://www.eba.europa.eu/xbrl/role/dpm-db-id">20875</label:label>
    <gen:arc xlink:type="arc" xlink:arcrole="http://xbrl.org/arcrole/2008/element-label" xlink:from="loc_eba_c20875" xlink:to="label_eba_c20875_1" />
    <label:label xlink:type="resource" xlink:label="label_eba_c20876_1" xml:lang="en" xlink:role="http://www.eba.europa.eu/xbrl/role/dpm-db-id">20876</label:label>
    <gen:arc xlink:type="arc" xlink:arcrole="http://xbrl.org/arcrole/2008/element-label" xlink:from="loc_eba_c20876" xlink:to="label_eba_c20876_1" />
    <label:label xlink:type="resource" xlink:label="label_eba_c20877_1" xml:lang="en" xlink:role="http://www.eba.europa.eu/xbrl/role/dpm-db-id">20877</label:label>
    <gen:arc xlink:type="arc" xlink:arcrole="http://xbrl.org/arcrole/2008/element-label" xlink:from="loc_eba_c20877" xlink:to="label_eba_c20877_1" />
    <label:label xlink:type="resource" xlink:label="label_eba_c20878_1" xml:lang="en" xlink:role="http://www.eba.europa.eu/xbrl/role/dpm-db-id">20878</label:label>
    <gen:arc xlink:type="arc" xlink:arcrole="http://xbrl.org/arcrole/2008/element-label" xlink:from="loc_eba_c20878" xlink:to="label_eba_c20878_1" />
    <label:label xlink:type="resource" xlink:label="label_eba_c20879_1" xml:lang="en" xlink:role="http://www.eba.europa.eu/xbrl/role/dpm-db-id">20879</label:label>
    <gen:arc xlink:type="arc" xlink:arcrole="http://xbrl.org/arcrole/2008/element-label" xlink:from="loc_eba_c20879" xlink:to="label_eba_c20879_1" />
    <label:label xlink:type="resource" xlink:label="label_eba_c20880_1" xml:lang="en" xlink:role="http://www.eba.europa.eu/xbrl/role/dpm-db-id">20880</label:label>
    <gen:arc xlink:type="arc" xlink:arcrole="http://xbrl.org/arcrole/2008/element-label" xlink:from="loc_eba_c20880" xlink:to="label_eba_c20880_1" />
    <label:label xlink:type="resource" xlink:label="label_eba_c20881_1" xml:lang="en" xlink:role="http://www.eba.europa.eu/xbrl/role/dpm-db-id">20881</label:label>
    <gen:arc xlink:type="arc" xlink:arcrole="http://xbrl.org/arcrole/2008/element-label" xlink:from="loc_eba_c20881" xlink:to="label_eba_c20881_1" />
    <label:label xlink:type="resource" xlink:label="label_eba_c20882_1" xml:lang="en" xlink:role="http://www.eba.europa.eu/xbrl/role/dpm-db-id">20882</label:label>
    <gen:arc xlink:type="arc" xlink:arcrole="http://xbrl.org/arcrole/2008/element-label" xlink:from="loc_eba_c20882" xlink:to="label_eba_c20882_1" />
    <label:label xlink:type="resource" xlink:label="label_eba_c20883_1" xml:lang="en" xlink:role="http://www.eba.europa.eu/xbrl/role/dpm-db-id">20883</label:label>
    <gen:arc xlink:type="arc" xlink:arcrole="http://xbrl.org/arcrole/2008/element-label" xlink:from="loc_eba_c20883" xlink:to="label_eba_c20883_1" />
    <label:label xlink:type="resource" xlink:label="label_eba_c20884_1" xml:lang="en" xlink:role="http://www.eba.europa.eu/xbrl/role/dpm-db-id">20884</label:label>
    <gen:arc xlink:type="arc" xlink:arcrole="http://xbrl.org/arcrole/2008/element-label" xlink:from="loc_eba_c20884" xlink:to="label_eba_c20884_1" />
    <label:label xlink:type="resource" xlink:label="label_eba_c20885_1" xml:lang="en" xlink:role="http://www.eba.europa.eu/xbrl/role/dpm-db-id">20885</label:label>
    <gen:arc xlink:type="arc" xlink:arcrole="http://xbrl.org/arcrole/2008/element-label" xlink:from="loc_eba_c20885" xlink:to="label_eba_c20885_1" />
    <label:label xlink:type="resource" xlink:label="label_eba_c20886_1" xml:lang="en" xlink:role="http://www.eba.europa.eu/xbrl/role/dpm-db-id">20886</label:label>
    <gen:arc xlink:type="arc" xlink:arcrole="http://xbrl.org/arcrole/2008/element-label" xlink:from="loc_eba_c20886" xlink:to="label_eba_c20886_1" />
    <label:label xlink:type="resource" xlink:label="label_eba_c20887_1" xml:lang="en" xlink:role="http://www.eba.europa.eu/xbrl/role/dpm-db-id">20887</label:label>
    <gen:arc xlink:type="arc" xlink:arcrole="http://xbrl.org/arcrole/2008/element-label" xlink:from="loc_eba_c20887" xlink:to="label_eba_c20887_1" />
    <label:label xlink:type="resource" xlink:label="label_eba_c20888_1" xml:lang="en" xlink:role="http://www.eba.europa.eu/xbrl/role/dpm-db-id">20888</label:label>
    <gen:arc xlink:type="arc" xlink:arcrole="http://xbrl.org/arcrole/2008/element-label" xlink:from="loc_eba_c20888" xlink:to="label_eba_c20888_1" />
    <label:label xlink:type="resource" xlink:label="label_eba_c20889_1" xml:lang="en" xlink:role="http://www.eba.europa.eu/xbrl/role/dpm-db-id">20889</label:label>
    <gen:arc xlink:type="arc" xlink:arcrole="http://xbrl.org/arcrole/2008/element-label" xlink:from="loc_eba_c20889" xlink:to="label_eba_c20889_1" />
    <label:label xlink:type="resource" xlink:label="label_eba_c20890_1" xml:lang="en" xlink:role="http://www.eba.europa.eu/xbrl/role/dpm-db-id">20890</label:label>
    <gen:arc xlink:type="arc" xlink:arcrole="http://xbrl.org/arcrole/2008/element-label" xlink:from="loc_eba_c20890" xlink:to="label_eba_c20890_1" />
    <label:label xlink:type="resource" xlink:label="label_eba_c20891_1" xml:lang="en" xlink:role="http://www.eba.europa.eu/xbrl/role/dpm-db-id">20891</label:label>
    <gen:arc xlink:type="arc" xlink:arcrole="http://xbrl.org/arcrole/2008/element-label" xlink:from="loc_eba_c20891" xlink:to="label_eba_c20891_1" />
    <label:label xlink:type="resource" xlink:label="label_eba_c20892_1" xml:lang="en" xlink:role="http://www.eba.europa.eu/xbrl/role/dpm-db-id">20892</label:label>
    <gen:arc xlink:type="arc" xlink:arcrole="http://xbrl.org/arcrole/2008/element-label" xlink:from="loc_eba_c20892" xlink:to="label_eba_c20892_1" />
    <label:label xlink:type="resource" xlink:label="label_eba_c20893_1" xml:lang="en" xlink:role="http://www.eba.europa.eu/xbrl/role/dpm-db-id">20893</label:label>
    <gen:arc xlink:type="arc" xlink:arcrole="http://xbrl.org/arcrole/2008/element-label" xlink:from="loc_eba_c20893" xlink:to="label_eba_c20893_1" />
    <label:label xlink:type="resource" xlink:label="label_eba_c20894_1" xml:lang="en" xlink:role="http://www.eba.europa.eu/xbrl/role/dpm-db-id">20894</label:label>
    <gen:arc xlink:type="arc" xlink:arcrole="http://xbrl.org/arcrole/2008/element-label" xlink:from="loc_eba_c20894" xlink:to="label_eba_c20894_1" />
    <label:label xlink:type="resource" xlink:label="label_eba_c20895_1" xml:lang="en" xlink:role="http://www.eba.europa.eu/xbrl/role/dpm-db-id">20895</label:label>
    <gen:arc xlink:type="arc" xlink:arcrole="http://xbrl.org/arcrole/2008/element-label" xlink:from="loc_eba_c20895" xlink:to="label_eba_c20895_1" />
    <label:label xlink:type="resource" xlink:label="label_eba_c20896_1" xml:lang="en" xlink:role="http://www.eba.europa.eu/xbrl/role/dpm-db-id">20896</label:label>
    <gen:arc xlink:type="arc" xlink:arcrole="http://xbrl.org/arcrole/2008/element-label" xlink:from="loc_eba_c20896" xlink:to="label_eba_c20896_1" />
    <label:label xlink:type="resource" xlink:label="label_eba_c20897_1" xml:lang="en" xlink:role="http://www.eba.europa.eu/xbrl/role/dpm-db-id">20897</label:label>
    <gen:arc xlink:type="arc" xlink:arcrole="http://xbrl.org/arcrole/2008/element-label" xlink:from="loc_eba_c20897" xlink:to="label_eba_c20897_1" />
    <label:label xlink:type="resource" xlink:label="label_eba_c20898_1" xml:lang="en" xlink:role="http://www.eba.europa.eu/xbrl/role/dpm-db-id">20898</label:label>
    <gen:arc xlink:type="arc" xlink:arcrole="http://xbrl.org/arcrole/2008/element-label" xlink:from="loc_eba_c20898" xlink:to="label_eba_c20898_1" />
    <label:label xlink:type="resource" xlink:label="label_eba_c20899_1" xml:lang="en" xlink:role="http://www.eba.europa.eu/xbrl/role/dpm-db-id">20899</label:label>
    <gen:arc xlink:type="arc" xlink:arcrole="http://xbrl.org/arcrole/2008/element-label" xlink:from="loc_eba_c20899" xlink:to="label_eba_c20899_1" />
    <label:label xlink:type="resource" xlink:label="label_eba_c20900_1" xml:lang="en" xlink:role="http://www.eba.europa.eu/xbrl/role/dpm-db-id">20900</label:label>
    <gen:arc xlink:type="arc" xlink:arcrole="http://xbrl.org/arcrole/2008/element-label" xlink:from="loc_eba_c20900" xlink:to="label_eba_c20900_1" />
    <label:label xlink:type="resource" xlink:label="label_eba_c20901_1" xml:lang="en" xlink:role="http://www.eba.europa.eu/xbrl/role/dpm-db-id">20901</label:label>
    <gen:arc xlink:type="arc" xlink:arcrole="http://xbrl.org/arcrole/2008/element-label" xlink:from="loc_eba_c20901" xlink:to="label_eba_c20901_1" />
    <label:label xlink:type="resource" xlink:label="label_eba_c20902_1" xml:lang="en" xlink:role="http://www.eba.europa.eu/xbrl/role/dpm-db-id">20902</label:label>
    <gen:arc xlink:type="arc" xlink:arcrole="http://xbrl.org/arcrole/2008/element-label" xlink:from="loc_eba_c20902" xlink:to="label_eba_c20902_1" />
    <label:label xlink:type="resource" xlink:label="label_eba_c20903_1" xml:lang="en" xlink:role="http://www.eba.europa.eu/xbrl/role/dpm-db-id">20903</label:label>
    <gen:arc xlink:type="arc" xlink:arcrole="http://xbrl.org/arcrole/2008/element-label" xlink:from="loc_eba_c20903" xlink:to="label_eba_c20903_1" />
    <label:label xlink:type="resource" xlink:label="label_eba_c20904_1" xml:lang="en" xlink:role="http://www.eba.europa.eu/xbrl/role/dpm-db-id">20904</label:label>
    <gen:arc xlink:type="arc" xlink:arcrole="http://xbrl.org/arcrole/2008/element-label" xlink:from="loc_eba_c20904" xlink:to="label_eba_c20904_1" />
    <label:label xlink:type="resource" xlink:label="label_eba_c20905_1" xml:lang="en" xlink:role="http://www.eba.europa.eu/xbrl/role/dpm-db-id">20905</label:label>
    <gen:arc xlink:type="arc" xlink:arcrole="http://xbrl.org/arcrole/2008/element-label" xlink:from="loc_eba_c20905" xlink:to="label_eba_c20905_1" />
    <label:label xlink:type="resource" xlink:label="label_eba_c20906_1" xml:lang="en" xlink:role="http://www.eba.europa.eu/xbrl/role/dpm-db-id">20906</label:label>
    <gen:arc xlink:type="arc" xlink:arcrole="http://xbrl.org/arcrole/2008/element-label" xlink:from="loc_eba_c20906" xlink:to="label_eba_c20906_1" />
    <label:label xlink:type="resource" xlink:label="label_eba_c20907_1" xml:lang="en" xlink:role="http://www.eba.europa.eu/xbrl/role/dpm-db-id">20907</label:label>
    <gen:arc xlink:type="arc" xlink:arcrole="http://xbrl.org/arcrole/2008/element-label" xlink:from="loc_eba_c20907" xlink:to="label_eba_c20907_1" />
    <label:label xlink:type="resource" xlink:label="label_eba_c20908_1" xml:lang="en" xlink:role="http://www.eba.europa.eu/xbrl/role/dpm-db-id">20908</label:label>
    <gen:arc xlink:type="arc" xlink:arcrole="http://xbrl.org/arcrole/2008/element-label" xlink:from="loc_eba_c20908" xlink:to="label_eba_c20908_1" />
    <label:label xlink:type="resource" xlink:label="label_eba_c20909_1" xml:lang="en" xlink:role="http://www.eba.europa.eu/xbrl/role/dpm-db-id">20909</label:label>
    <gen:arc xlink:type="arc" xlink:arcrole="http://xbrl.org/arcrole/2008/element-label" xlink:from="loc_eba_c20909" xlink:to="label_eba_c20909_1" />
    <label:label xlink:type="resource" xlink:label="label_eba_c20910_1" xml:lang="en" xlink:role="http://www.eba.europa.eu/xbrl/role/dpm-db-id">20910</label:label>
    <gen:arc xlink:type="arc" xlink:arcrole="http://xbrl.org/arcrole/2008/element-label" xlink:from="loc_eba_c20910" xlink:to="label_eba_c20910_1" />
    <label:label xlink:type="resource" xlink:label="label_eba_c20911_1" xml:lang="en" xlink:role="http://www.eba.europa.eu/xbrl/role/dpm-db-id">20911</label:label>
    <gen:arc xlink:type="arc" xlink:arcrole="http://xbrl.org/arcrole/2008/element-label" xlink:from="loc_eba_c20911" xlink:to="label_eba_c20911_1" />
    <label:label xlink:type="resource" xlink:label="label_eba_c20912_1" xml:lang="en" xlink:role="http://www.eba.europa.eu/xbrl/role/dpm-db-id">20912</label:label>
    <gen:arc xlink:type="arc" xlink:arcrole="http://xbrl.org/arcrole/2008/element-label" xlink:from="loc_eba_c20912" xlink:to="label_eba_c20912_1" />
    <label:label xlink:type="resource" xlink:label="label_eba_c20913_1" xml:lang="en" xlink:role="http://www.eba.europa.eu/xbrl/role/dpm-db-id">20913</label:label>
    <gen:arc xlink:type="arc" xlink:arcrole="http://xbrl.org/arcrole/2008/element-label" xlink:from="loc_eba_c20913" xlink:to="label_eba_c20913_1" />
    <label:label xlink:type="resource" xlink:label="label_eba_c20914_1" xml:lang="en" xlink:role="http://www.eba.europa.eu/xbrl/role/dpm-db-id">20914</label:label>
    <gen:arc xlink:type="arc" xlink:arcrole="http://xbrl.org/arcrole/2008/element-label" xlink:from="loc_eba_c20914" xlink:to="label_eba_c20914_1" />
    <label:label xlink:type="resource" xlink:label="label_eba_c20915_1" xml:lang="en" xlink:role="http://www.eba.europa.eu/xbrl/role/dpm-db-id">20915</label:label>
    <gen:arc xlink:type="arc" xlink:arcrole="http://xbrl.org/arcrole/2008/element-label" xlink:from="loc_eba_c20915" xlink:to="label_eba_c20915_1" />
    <label:label xlink:type="resource" xlink:label="label_eba_c20916_1" xml:lang="en" xlink:role="http://www.eba.europa.eu/xbrl/role/dpm-db-id">20916</label:label>
    <gen:arc xlink:type="arc" xlink:arcrole="http://xbrl.org/arcrole/2008/element-label" xlink:from="loc_eba_c20916" xlink:to="label_eba_c20916_1" />
    <label:label xlink:type="resource" xlink:label="label_eba_c20917_1" xml:lang="en" xlink:role="http://www.eba.europa.eu/xbrl/role/dpm-db-id">20917</label:label>
    <gen:arc xlink:type="arc" xlink:arcrole="http://xbrl.org/arcrole/2008/element-label" xlink:from="loc_eba_c20917" xlink:to="label_eba_c20917_1" />
    <label:label xlink:type="resource" xlink:label="label_eba_c20918_1" xml:lang="en" xlink:role="http://www.eba.europa.eu/xbrl/role/dpm-db-id">20918</label:label>
    <gen:arc xlink:type="arc" xlink:arcrole="http://xbrl.org/arcrole/2008/element-label" xlink:from="loc_eba_c20918" xlink:to="label_eba_c20918_1" />
    <label:label xlink:type="resource" xlink:label="label_eba_c20919_1" xml:lang="en" xlink:role="http://www.eba.europa.eu/xbrl/role/dpm-db-id">20919</label:label>
    <gen:arc xlink:type="arc" xlink:arcrole="http://xbrl.org/arcrole/2008/element-label" xlink:from="loc_eba_c20919" xlink:to="label_eba_c20919_1" />
    <label:label xlink:type="resource" xlink:label="label_eba_c20920_1" xml:lang="en" xlink:role="http://www.eba.europa.eu/xbrl/role/dpm-db-id">20920</label:label>
    <gen:arc xlink:type="arc" xlink:arcrole="http://xbrl.org/arcrole/2008/element-label" xlink:from="loc_eba_c20920" xlink:to="label_eba_c20920_1" />
    <label:label xlink:type="resource" xlink:label="label_eba_c20921_1" xml:lang="en" xlink:role="http://www.eba.europa.eu/xbrl/role/dpm-db-id">20921</label:label>
    <gen:arc xlink:type="arc" xlink:arcrole="http://xbrl.org/arcrole/2008/element-label" xlink:from="loc_eba_c20921" xlink:to="label_eba_c20921_1" />
    <label:label xlink:type="resource" xlink:label="label_eba_c20922_1" xml:lang="en" xlink:role="http://www.eba.europa.eu/xbrl/role/dpm-db-id">20922</label:label>
    <gen:arc xlink:type="arc" xlink:arcrole="http://xbrl.org/arcrole/2008/element-label" xlink:from="loc_eba_c20922" xlink:to="label_eba_c20922_1" />
    <label:label xlink:type="resource" xlink:label="label_eba_c20923_1" xml:lang="en" xlink:role="http://www.eba.europa.eu/xbrl/role/dpm-db-id">20923</label:label>
    <gen:arc xlink:type="arc" xlink:arcrole="http://xbrl.org/arcrole/2008/element-label" xlink:from="loc_eba_c20923" xlink:to="label_eba_c20923_1" />
  </gen:link>
</link:linkbase>