﻿<?xml version="1.0" encoding="utf-8"?>
<?taxonomy-version 2.0.0?>
<!--(C) EBA-->
<link:linkbase xmlns:xsi="http://www.w3.org/2001/XMLSchema-instance" xmlns:xlink="http://www.w3.org/1999/xlink" xmlns:link="http://www.xbrl.org/2003/linkbase" xmlns:gen="http://xbrl.org/2008/generic" xmlns:label="http://xbrl.org/2008/label" xsi:schemaLocation="http://www.xbrl.org/2003/linkbase http://www.xbrl.org/2003/xbrl-linkbase-2003-12-31.xsd http://xbrl.org/2008/generic http://www.xbrl.org/2008/generic-link.xsd http://xbrl.org/2008/label http://www.xbrl.org/2008/generic-label.xsd">
  <link:arcroleRef arcroleURI="http://xbrl.org/arcrole/2008/element-label" xlink:type="simple" xlink:href="http://www.xbrl.org/2008/generic-label.xsd#element-label" />
  <link:roleRef roleURI="http://www.xbrl.org/2008/role/label" xlink:type="simple" xlink:href="http://www.xbrl.org/2008/generic-label.xsd#standard-label" />
  <link:roleRef roleURI="http://www.xbrl.org/2008/role/verboseLabel" xlink:type="simple" xlink:href="http://www.xbrl.org/2008/generic-label.xsd#verbose-label" />
  <gen:link xlink:type="extended" xlink:role="http://www.xbrl.org/2003/role/link">
    <link:loc xlink:type="locator" xlink:href="c_13.00-rend.xml#eba_tC_13.00" xlink:label="loc_eba_tC_13.00" />
    <label:label xlink:type="resource" xlink:label="label_eba_tC_13.00" xml:lang="en" xlink:role="http://www.xbrl.org/2008/role/label">C 13.00 (CR SEC IRB)</label:label>
    <gen:arc xlink:type="arc" xlink:arcrole="http://xbrl.org/arcrole/2008/element-label" xlink:from="loc_eba_tC_13.00" xlink:to="label_eba_tC_13.00" />
    <label:label xlink:type="resource" xlink:label="label_eba_tC_13.00_1" xml:lang="en" xlink:role="http://www.xbrl.org/2008/role/verboseLabel">C 13.00 (CR SEC IRB) Credit risk: Securitisations - IRB Approach to own funds requirements</label:label>
    <gen:arc xlink:type="arc" xlink:arcrole="http://xbrl.org/arcrole/2008/element-label" xlink:from="loc_eba_tC_13.00" xlink:to="label_eba_tC_13.00_1" />
    <link:loc xlink:type="locator" xlink:href="c_13.00-rend.xml#eba_a1" xlink:label="loc_eba_a1" />
    <label:label xlink:type="resource" xlink:label="label_eba_a1" xml:lang="en" xlink:role="http://www.xbrl.org/2008/role/label">Columns</label:label>
    <gen:arc xlink:type="arc" xlink:arcrole="http://xbrl.org/arcrole/2008/element-label" xlink:from="loc_eba_a1" xlink:to="label_eba_a1" />
    <link:loc xlink:type="locator" xlink:href="c_13.00-rend.xml#eba_c20239" xlink:label="loc_eba_c20239" />
    <label:label xlink:type="resource" xlink:label="label_eba_c20239" xml:lang="en" xlink:role="http://www.xbrl.org/2008/role/label">TOTAL AMOUNT OF SECURITISATI0N EXPOSURES ORIGINATED</label:label>
    <gen:arc xlink:type="arc" xlink:arcrole="http://xbrl.org/arcrole/2008/element-label" xlink:from="loc_eba_c20239" xlink:to="label_eba_c20239" />
    <link:loc xlink:type="locator" xlink:href="c_13.00-rend.xml#eba_c20240" xlink:label="loc_eba_c20240" />
    <label:label xlink:type="resource" xlink:label="label_eba_c20240" xml:lang="en" xlink:role="http://www.xbrl.org/2008/role/label">SYNTHETIC SECURITISATIONS: CREDIT PROTECTION TO THE SECURITISED EXPOSURES</label:label>
    <gen:arc xlink:type="arc" xlink:arcrole="http://xbrl.org/arcrole/2008/element-label" xlink:from="loc_eba_c20240" xlink:to="label_eba_c20240" />
    <link:loc xlink:type="locator" xlink:href="c_13.00-rend.xml#eba_c20241" xlink:label="loc_eba_c20241" />
    <label:label xlink:type="resource" xlink:label="label_eba_c20241" xml:lang="en" xlink:role="http://www.xbrl.org/2008/role/label">(-) FUNDED CREDIT PROTECTION (Cva)</label:label>
    <gen:arc xlink:type="arc" xlink:arcrole="http://xbrl.org/arcrole/2008/element-label" xlink:from="loc_eba_c20241" xlink:to="label_eba_c20241" />
    <link:loc xlink:type="locator" xlink:href="c_13.00-rend.xml#eba_c20242" xlink:label="loc_eba_c20242" />
    <label:label xlink:type="resource" xlink:label="label_eba_c20242" xml:lang="en" xlink:role="http://www.xbrl.org/2008/role/label">(-) TOTAL OUTFLOWS</label:label>
    <gen:arc xlink:type="arc" xlink:arcrole="http://xbrl.org/arcrole/2008/element-label" xlink:from="loc_eba_c20242" xlink:to="label_eba_c20242" />
    <link:loc xlink:type="locator" xlink:href="c_13.00-rend.xml#eba_c20243" xlink:label="loc_eba_c20243" />
    <label:label xlink:type="resource" xlink:label="label_eba_c20243" xml:lang="en" xlink:role="http://www.xbrl.org/2008/role/label">(-) UNFUNDED CREDIT PROTECTION ADJUSTED VALUES (G*)</label:label>
    <gen:arc xlink:type="arc" xlink:arcrole="http://xbrl.org/arcrole/2008/element-label" xlink:from="loc_eba_c20243" xlink:to="label_eba_c20243" />
    <link:loc xlink:type="locator" xlink:href="c_13.00-rend.xml#eba_c20244" xlink:label="loc_eba_c20244" />
    <label:label xlink:type="resource" xlink:label="label_eba_c20244" xml:lang="en" xlink:role="http://www.xbrl.org/2008/role/label">NOTIONAL AMOUNT RETAINED OR REPURCHASED OF CREDIT PROTECTION</label:label>
    <gen:arc xlink:type="arc" xlink:arcrole="http://xbrl.org/arcrole/2008/element-label" xlink:from="loc_eba_c20244" xlink:to="label_eba_c20244" />
    <link:loc xlink:type="locator" xlink:href="c_13.00-rend.xml#eba_c20245" xlink:label="loc_eba_c20245" />
    <label:label xlink:type="resource" xlink:label="label_eba_c20245" xml:lang="en" xlink:role="http://www.xbrl.org/2008/role/label">SECURITISATION POSITIONS</label:label>
    <gen:arc xlink:type="arc" xlink:arcrole="http://xbrl.org/arcrole/2008/element-label" xlink:from="loc_eba_c20245" xlink:to="label_eba_c20245" />
    <link:loc xlink:type="locator" xlink:href="c_13.00-rend.xml#eba_c20246" xlink:label="loc_eba_c20246" />
    <label:label xlink:type="resource" xlink:label="label_eba_c20246" xml:lang="en" xlink:role="http://www.xbrl.org/2008/role/label">ORIGINAL EXPOSURE PRE CONVERSION FACTORS</label:label>
    <gen:arc xlink:type="arc" xlink:arcrole="http://xbrl.org/arcrole/2008/element-label" xlink:from="loc_eba_c20246" xlink:to="label_eba_c20246" />
    <link:loc xlink:type="locator" xlink:href="c_13.00-rend.xml#eba_c20247" xlink:label="loc_eba_c20247" />
    <label:label xlink:type="resource" xlink:label="label_eba_c20247" xml:lang="en" xlink:role="http://www.xbrl.org/2008/role/label">CREDIT RISK MITIGATION (CRM) TECHNIQUES WITH SUBSTITUTION EFFECTS ON THE EXPOSURE</label:label>
    <gen:arc xlink:type="arc" xlink:arcrole="http://xbrl.org/arcrole/2008/element-label" xlink:from="loc_eba_c20247" xlink:to="label_eba_c20247" />
    <link:loc xlink:type="locator" xlink:href="c_13.00-rend.xml#eba_c20248" xlink:label="loc_eba_c20248" />
    <label:label xlink:type="resource" xlink:label="label_eba_c20248" xml:lang="en" xlink:role="http://www.xbrl.org/2008/role/label">(-) UNFUNDED CREDIT PROTECTION: ADJUSTED VALUES (Ga)</label:label>
    <gen:arc xlink:type="arc" xlink:arcrole="http://xbrl.org/arcrole/2008/element-label" xlink:from="loc_eba_c20248" xlink:to="label_eba_c20248" />
    <link:loc xlink:type="locator" xlink:href="c_13.00-rend.xml#eba_c20249" xlink:label="loc_eba_c20249" />
    <label:label xlink:type="resource" xlink:label="label_eba_c20249" xml:lang="en" xlink:role="http://www.xbrl.org/2008/role/label">(-) FUNDED CREDIT PROTECTION</label:label>
    <gen:arc xlink:type="arc" xlink:arcrole="http://xbrl.org/arcrole/2008/element-label" xlink:from="loc_eba_c20249" xlink:to="label_eba_c20249" />
    <link:loc xlink:type="locator" xlink:href="c_13.00-rend.xml#eba_c20250" xlink:label="loc_eba_c20250" />
    <label:label xlink:type="resource" xlink:label="label_eba_c20250" xml:lang="en" xlink:role="http://www.xbrl.org/2008/role/label">SUBSTITUTION OF THE EXPOSURE DUE TO CRM</label:label>
    <gen:arc xlink:type="arc" xlink:arcrole="http://xbrl.org/arcrole/2008/element-label" xlink:from="loc_eba_c20250" xlink:to="label_eba_c20250" />
    <link:loc xlink:type="locator" xlink:href="c_13.00-rend.xml#eba_c20251" xlink:label="loc_eba_c20251" />
    <label:label xlink:type="resource" xlink:label="label_eba_c20251" xml:lang="en" xlink:role="http://www.xbrl.org/2008/role/label">(-) TOTAL OUTFLOWS</label:label>
    <gen:arc xlink:type="arc" xlink:arcrole="http://xbrl.org/arcrole/2008/element-label" xlink:from="loc_eba_c20251" xlink:to="label_eba_c20251" />
    <link:loc xlink:type="locator" xlink:href="c_13.00-rend.xml#eba_c20252" xlink:label="loc_eba_c20252" />
    <label:label xlink:type="resource" xlink:label="label_eba_c20252" xml:lang="en" xlink:role="http://www.xbrl.org/2008/role/label">TOTAL INFLOWS</label:label>
    <gen:arc xlink:type="arc" xlink:arcrole="http://xbrl.org/arcrole/2008/element-label" xlink:from="loc_eba_c20252" xlink:to="label_eba_c20252" />
    <link:loc xlink:type="locator" xlink:href="c_13.00-rend.xml#eba_c20253" xlink:label="loc_eba_c20253" />
    <label:label xlink:type="resource" xlink:label="label_eba_c20253" xml:lang="en" xlink:role="http://www.xbrl.org/2008/role/label">EXPOSURE AFTER CRM SUBSTITUTION EFFECTS PRE CONVERSION FACTORS</label:label>
    <gen:arc xlink:type="arc" xlink:arcrole="http://xbrl.org/arcrole/2008/element-label" xlink:from="loc_eba_c20253" xlink:to="label_eba_c20253" />
    <link:loc xlink:type="locator" xlink:href="c_13.00-rend.xml#eba_c20254" xlink:label="loc_eba_c20254" />
    <label:label xlink:type="resource" xlink:label="label_eba_c20254" xml:lang="en" xlink:role="http://www.xbrl.org/2008/role/label">(-) CREDIT RISK MITIGATION TECHNIQUES AFFECTING THE AMOUNT OF THE EXPOSURE: FUNDED CREDIT PROTECTION FINANCIAL COLLATERAL COMPREHENSIVE METHOD ADJUSTED VALUE (Cvam)</label:label>
    <gen:arc xlink:type="arc" xlink:arcrole="http://xbrl.org/arcrole/2008/element-label" xlink:from="loc_eba_c20254" xlink:to="label_eba_c20254" />
    <link:loc xlink:type="locator" xlink:href="c_13.00-rend.xml#eba_c20255" xlink:label="loc_eba_c20255" />
    <label:label xlink:type="resource" xlink:label="label_eba_c20255" xml:lang="en" xlink:role="http://www.xbrl.org/2008/role/label">FULLY ADJUSTED EXPOSURE VALUE (E*)</label:label>
    <gen:arc xlink:type="arc" xlink:arcrole="http://xbrl.org/arcrole/2008/element-label" xlink:from="loc_eba_c20255" xlink:to="label_eba_c20255" />
    <link:loc xlink:type="locator" xlink:href="c_13.00-rend.xml#eba_c20256" xlink:label="loc_eba_c20256" />
    <label:label xlink:type="resource" xlink:label="label_eba_c20256" xml:lang="en" xlink:role="http://www.xbrl.org/2008/role/label">BREAKDOWN OF THE FULLY ADJUSTED EXPOSURE VALUE (E*) OF OFF BALANCE SHEET ITEMS ACCORDING TO CONVERSION FACTORS</label:label>
    <gen:arc xlink:type="arc" xlink:arcrole="http://xbrl.org/arcrole/2008/element-label" xlink:from="loc_eba_c20256" xlink:to="label_eba_c20256" />
    <link:loc xlink:type="locator" xlink:href="c_13.00-rend.xml#eba_c20257" xlink:label="loc_eba_c20257" />
    <label:label xlink:type="resource" xlink:label="label_eba_c20257" xml:lang="en" xlink:role="http://www.xbrl.org/2008/role/label">0%</label:label>
    <gen:arc xlink:type="arc" xlink:arcrole="http://xbrl.org/arcrole/2008/element-label" xlink:from="loc_eba_c20257" xlink:to="label_eba_c20257" />
    <link:loc xlink:type="locator" xlink:href="c_13.00-rend.xml#eba_c20258" xlink:label="loc_eba_c20258" />
    <label:label xlink:type="resource" xlink:label="label_eba_c20258" xml:lang="en" xlink:role="http://www.xbrl.org/2008/role/label">&gt;0% and &lt;=20%</label:label>
    <gen:arc xlink:type="arc" xlink:arcrole="http://xbrl.org/arcrole/2008/element-label" xlink:from="loc_eba_c20258" xlink:to="label_eba_c20258" />
    <link:loc xlink:type="locator" xlink:href="c_13.00-rend.xml#eba_c20259" xlink:label="loc_eba_c20259" />
    <label:label xlink:type="resource" xlink:label="label_eba_c20259" xml:lang="en" xlink:role="http://www.xbrl.org/2008/role/label">&gt;20% and &lt;=50%</label:label>
    <gen:arc xlink:type="arc" xlink:arcrole="http://xbrl.org/arcrole/2008/element-label" xlink:from="loc_eba_c20259" xlink:to="label_eba_c20259" />
    <link:loc xlink:type="locator" xlink:href="c_13.00-rend.xml#eba_c20260" xlink:label="loc_eba_c20260" />
    <label:label xlink:type="resource" xlink:label="label_eba_c20260" xml:lang="en" xlink:role="http://www.xbrl.org/2008/role/label">&gt;50% and &lt;=100%</label:label>
    <gen:arc xlink:type="arc" xlink:arcrole="http://xbrl.org/arcrole/2008/element-label" xlink:from="loc_eba_c20260" xlink:to="label_eba_c20260" />
    <link:loc xlink:type="locator" xlink:href="c_13.00-rend.xml#eba_c20261" xlink:label="loc_eba_c20261" />
    <label:label xlink:type="resource" xlink:label="label_eba_c20261" xml:lang="en" xlink:role="http://www.xbrl.org/2008/role/label">EXPOSURE VALUE</label:label>
    <gen:arc xlink:type="arc" xlink:arcrole="http://xbrl.org/arcrole/2008/element-label" xlink:from="loc_eba_c20261" xlink:to="label_eba_c20261" />
    <link:loc xlink:type="locator" xlink:href="c_13.00-rend.xml#eba_c20262" xlink:label="loc_eba_c20262" />
    <label:label xlink:type="resource" xlink:label="label_eba_c20262" xml:lang="en" xlink:role="http://www.xbrl.org/2008/role/label">(-) DEDUCTED FROM OWN FUNDS</label:label>
    <gen:arc xlink:type="arc" xlink:arcrole="http://xbrl.org/arcrole/2008/element-label" xlink:from="loc_eba_c20262" xlink:to="label_eba_c20262" />
    <link:loc xlink:type="locator" xlink:href="c_13.00-rend.xml#eba_c20263" xlink:label="loc_eba_c20263" />
    <label:label xlink:type="resource" xlink:label="label_eba_c20263" xml:lang="en" xlink:role="http://www.xbrl.org/2008/role/label">SUBJECT TO RISK WEIGHTS</label:label>
    <gen:arc xlink:type="arc" xlink:arcrole="http://xbrl.org/arcrole/2008/element-label" xlink:from="loc_eba_c20263" xlink:to="label_eba_c20263" />
    <link:loc xlink:type="locator" xlink:href="c_13.00-rend.xml#eba_c20264" xlink:label="loc_eba_c20264" />
    <label:label xlink:type="resource" xlink:label="label_eba_c20264" xml:lang="en" xlink:role="http://www.xbrl.org/2008/role/label">BREAKDOWN OF THE EXPOSURE VALUE SUBJECT TO RISK WEIGHTS</label:label>
    <gen:arc xlink:type="arc" xlink:arcrole="http://xbrl.org/arcrole/2008/element-label" xlink:from="loc_eba_c20264" xlink:to="label_eba_c20264" />
    <link:loc xlink:type="locator" xlink:href="c_13.00-rend.xml#eba_c20265" xlink:label="loc_eba_c20265" />
    <label:label xlink:type="resource" xlink:label="label_eba_c20265" xml:lang="en" xlink:role="http://www.xbrl.org/2008/role/label">RATED (CREDIT QUALITY STEPS)</label:label>
    <gen:arc xlink:type="arc" xlink:arcrole="http://xbrl.org/arcrole/2008/element-label" xlink:from="loc_eba_c20265" xlink:to="label_eba_c20265" />
    <link:loc xlink:type="locator" xlink:href="c_13.00-rend.xml#eba_c20266" xlink:label="loc_eba_c20266" />
    <label:label xlink:type="resource" xlink:label="label_eba_c20266" xml:lang="en" xlink:role="http://www.xbrl.org/2008/role/label">CQS 1 &amp; S/T CQS 1</label:label>
    <gen:arc xlink:type="arc" xlink:arcrole="http://xbrl.org/arcrole/2008/element-label" xlink:from="loc_eba_c20266" xlink:to="label_eba_c20266" />
    <link:loc xlink:type="locator" xlink:href="c_13.00-rend.xml#eba_c20267" xlink:label="loc_eba_c20267" />
    <label:label xlink:type="resource" xlink:label="label_eba_c20267" xml:lang="en" xlink:role="http://www.xbrl.org/2008/role/label">CQS 2</label:label>
    <gen:arc xlink:type="arc" xlink:arcrole="http://xbrl.org/arcrole/2008/element-label" xlink:from="loc_eba_c20267" xlink:to="label_eba_c20267" />
    <link:loc xlink:type="locator" xlink:href="c_13.00-rend.xml#eba_c20268" xlink:label="loc_eba_c20268" />
    <label:label xlink:type="resource" xlink:label="label_eba_c20268" xml:lang="en" xlink:role="http://www.xbrl.org/2008/role/label">CQS 3</label:label>
    <gen:arc xlink:type="arc" xlink:arcrole="http://xbrl.org/arcrole/2008/element-label" xlink:from="loc_eba_c20268" xlink:to="label_eba_c20268" />
    <link:loc xlink:type="locator" xlink:href="c_13.00-rend.xml#eba_c20269" xlink:label="loc_eba_c20269" />
    <label:label xlink:type="resource" xlink:label="label_eba_c20269" xml:lang="en" xlink:role="http://www.xbrl.org/2008/role/label">CQS 4 &amp; S/T CQS 2</label:label>
    <gen:arc xlink:type="arc" xlink:arcrole="http://xbrl.org/arcrole/2008/element-label" xlink:from="loc_eba_c20269" xlink:to="label_eba_c20269" />
    <link:loc xlink:type="locator" xlink:href="c_13.00-rend.xml#eba_c20270" xlink:label="loc_eba_c20270" />
    <label:label xlink:type="resource" xlink:label="label_eba_c20270" xml:lang="en" xlink:role="http://www.xbrl.org/2008/role/label">CQS 5</label:label>
    <gen:arc xlink:type="arc" xlink:arcrole="http://xbrl.org/arcrole/2008/element-label" xlink:from="loc_eba_c20270" xlink:to="label_eba_c20270" />
    <link:loc xlink:type="locator" xlink:href="c_13.00-rend.xml#eba_c20271" xlink:label="loc_eba_c20271" />
    <label:label xlink:type="resource" xlink:label="label_eba_c20271" xml:lang="en" xlink:role="http://www.xbrl.org/2008/role/label">CQS 6</label:label>
    <gen:arc xlink:type="arc" xlink:arcrole="http://xbrl.org/arcrole/2008/element-label" xlink:from="loc_eba_c20271" xlink:to="label_eba_c20271" />
    <link:loc xlink:type="locator" xlink:href="c_13.00-rend.xml#eba_c20272" xlink:label="loc_eba_c20272" />
    <label:label xlink:type="resource" xlink:label="label_eba_c20272" xml:lang="en" xlink:role="http://www.xbrl.org/2008/role/label">CQS 7 &amp; S/T CQS 3</label:label>
    <gen:arc xlink:type="arc" xlink:arcrole="http://xbrl.org/arcrole/2008/element-label" xlink:from="loc_eba_c20272" xlink:to="label_eba_c20272" />
    <link:loc xlink:type="locator" xlink:href="c_13.00-rend.xml#eba_c20273" xlink:label="loc_eba_c20273" />
    <label:label xlink:type="resource" xlink:label="label_eba_c20273" xml:lang="en" xlink:role="http://www.xbrl.org/2008/role/label">CQS 8</label:label>
    <gen:arc xlink:type="arc" xlink:arcrole="http://xbrl.org/arcrole/2008/element-label" xlink:from="loc_eba_c20273" xlink:to="label_eba_c20273" />
    <link:loc xlink:type="locator" xlink:href="c_13.00-rend.xml#eba_c20274" xlink:label="loc_eba_c20274" />
    <label:label xlink:type="resource" xlink:label="label_eba_c20274" xml:lang="en" xlink:role="http://www.xbrl.org/2008/role/label">CQS 9</label:label>
    <gen:arc xlink:type="arc" xlink:arcrole="http://xbrl.org/arcrole/2008/element-label" xlink:from="loc_eba_c20274" xlink:to="label_eba_c20274" />
    <link:loc xlink:type="locator" xlink:href="c_13.00-rend.xml#eba_c20275" xlink:label="loc_eba_c20275" />
    <label:label xlink:type="resource" xlink:label="label_eba_c20275" xml:lang="en" xlink:role="http://www.xbrl.org/2008/role/label">CQS 10</label:label>
    <gen:arc xlink:type="arc" xlink:arcrole="http://xbrl.org/arcrole/2008/element-label" xlink:from="loc_eba_c20275" xlink:to="label_eba_c20275" />
    <link:loc xlink:type="locator" xlink:href="c_13.00-rend.xml#eba_c20276" xlink:label="loc_eba_c20276" />
    <label:label xlink:type="resource" xlink:label="label_eba_c20276" xml:lang="en" xlink:role="http://www.xbrl.org/2008/role/label">CQS 11</label:label>
    <gen:arc xlink:type="arc" xlink:arcrole="http://xbrl.org/arcrole/2008/element-label" xlink:from="loc_eba_c20276" xlink:to="label_eba_c20276" />
    <link:loc xlink:type="locator" xlink:href="c_13.00-rend.xml#eba_c20277" xlink:label="loc_eba_c20277" />
    <label:label xlink:type="resource" xlink:label="label_eba_c20277" xml:lang="en" xlink:role="http://www.xbrl.org/2008/role/label">ALL OTHER CQS</label:label>
    <gen:arc xlink:type="arc" xlink:arcrole="http://xbrl.org/arcrole/2008/element-label" xlink:from="loc_eba_c20277" xlink:to="label_eba_c20277" />
    <link:loc xlink:type="locator" xlink:href="c_13.00-rend.xml#eba_c20278" xlink:label="loc_eba_c20278" />
    <label:label xlink:type="resource" xlink:label="label_eba_c20278" xml:lang="en" xlink:role="http://www.xbrl.org/2008/role/label">1250%</label:label>
    <gen:arc xlink:type="arc" xlink:arcrole="http://xbrl.org/arcrole/2008/element-label" xlink:from="loc_eba_c20278" xlink:to="label_eba_c20278" />
    <link:loc xlink:type="locator" xlink:href="c_13.00-rend.xml#eba_c20279" xlink:label="loc_eba_c20279" />
    <label:label xlink:type="resource" xlink:label="label_eba_c20279" xml:lang="en" xlink:role="http://www.xbrl.org/2008/role/label">UNRATED</label:label>
    <gen:arc xlink:type="arc" xlink:arcrole="http://xbrl.org/arcrole/2008/element-label" xlink:from="loc_eba_c20279" xlink:to="label_eba_c20279" />
    <link:loc xlink:type="locator" xlink:href="c_13.00-rend.xml#eba_c20280" xlink:label="loc_eba_c20280" />
    <label:label xlink:type="resource" xlink:label="label_eba_c20280" xml:lang="en" xlink:role="http://www.xbrl.org/2008/role/label">SUPERVISORY FORMULA METHOD</label:label>
    <gen:arc xlink:type="arc" xlink:arcrole="http://xbrl.org/arcrole/2008/element-label" xlink:from="loc_eba_c20280" xlink:to="label_eba_c20280" />
    <link:loc xlink:type="locator" xlink:href="c_13.00-rend.xml#eba_c20281" xlink:label="loc_eba_c20281" />
    <label:label xlink:type="resource" xlink:label="label_eba_c20281" xml:lang="en" xlink:role="http://www.xbrl.org/2008/role/label">AVERAGE RISK WEIGHT (%)</label:label>
    <gen:arc xlink:type="arc" xlink:arcrole="http://xbrl.org/arcrole/2008/element-label" xlink:from="loc_eba_c20281" xlink:to="label_eba_c20281" />
    <link:loc xlink:type="locator" xlink:href="c_13.00-rend.xml#eba_c20282" xlink:label="loc_eba_c20282" />
    <label:label xlink:type="resource" xlink:label="label_eba_c20282" xml:lang="en" xlink:role="http://www.xbrl.org/2008/role/label">LOOK-THROUGH</label:label>
    <gen:arc xlink:type="arc" xlink:arcrole="http://xbrl.org/arcrole/2008/element-label" xlink:from="loc_eba_c20282" xlink:to="label_eba_c20282" />
    <link:loc xlink:type="locator" xlink:href="c_13.00-rend.xml#eba_c20283" xlink:label="loc_eba_c20283" />
    <label:label xlink:type="resource" xlink:label="label_eba_c20283" xml:lang="en" xlink:role="http://www.xbrl.org/2008/role/label">OF WHICH: AVERAGE RISK WEIGHT (%)</label:label>
    <gen:arc xlink:type="arc" xlink:arcrole="http://xbrl.org/arcrole/2008/element-label" xlink:from="loc_eba_c20283" xlink:to="label_eba_c20283" />
    <link:loc xlink:type="locator" xlink:href="c_13.00-rend.xml#eba_c20284" xlink:label="loc_eba_c20284" />
    <label:label xlink:type="resource" xlink:label="label_eba_c20284" xml:lang="en" xlink:role="http://www.xbrl.org/2008/role/label">INTERNAL ASSESSMENT APPROACH</label:label>
    <gen:arc xlink:type="arc" xlink:arcrole="http://xbrl.org/arcrole/2008/element-label" xlink:from="loc_eba_c20284" xlink:to="label_eba_c20284" />
    <link:loc xlink:type="locator" xlink:href="c_13.00-rend.xml#eba_c20285" xlink:label="loc_eba_c20285" />
    <label:label xlink:type="resource" xlink:label="label_eba_c20285" xml:lang="en" xlink:role="http://www.xbrl.org/2008/role/label">OF WHICH: AVERAGE RISK WEIGHT (%)</label:label>
    <gen:arc xlink:type="arc" xlink:arcrole="http://xbrl.org/arcrole/2008/element-label" xlink:from="loc_eba_c20285" xlink:to="label_eba_c20285" />
    <link:loc xlink:type="locator" xlink:href="c_13.00-rend.xml#eba_c20286" xlink:label="loc_eba_c20286" />
    <label:label xlink:type="resource" xlink:label="label_eba_c20286" xml:lang="en" xlink:role="http://www.xbrl.org/2008/role/label">(-) REDUCTION IN RISK WEIGHTED EXPOSURE AMOUNT DUE TO VALUE ADJUSTMENTS AND PROVISIONS</label:label>
    <gen:arc xlink:type="arc" xlink:arcrole="http://xbrl.org/arcrole/2008/element-label" xlink:from="loc_eba_c20286" xlink:to="label_eba_c20286" />
    <link:loc xlink:type="locator" xlink:href="c_13.00-rend.xml#eba_c20287" xlink:label="loc_eba_c20287" />
    <label:label xlink:type="resource" xlink:label="label_eba_c20287" xml:lang="en" xlink:role="http://www.xbrl.org/2008/role/label">RISK-WEIGHTED EXPOSURE AMOUNT</label:label>
    <gen:arc xlink:type="arc" xlink:arcrole="http://xbrl.org/arcrole/2008/element-label" xlink:from="loc_eba_c20287" xlink:to="label_eba_c20287" />
    <link:loc xlink:type="locator" xlink:href="c_13.00-rend.xml#eba_c20288" xlink:label="loc_eba_c20288" />
    <label:label xlink:type="resource" xlink:label="label_eba_c20288" xml:lang="en" xlink:role="http://www.xbrl.org/2008/role/label">OF WHICH: SYNTHETIC SECURITISATIONS</label:label>
    <gen:arc xlink:type="arc" xlink:arcrole="http://xbrl.org/arcrole/2008/element-label" xlink:from="loc_eba_c20288" xlink:to="label_eba_c20288" />
    <link:loc xlink:type="locator" xlink:href="c_13.00-rend.xml#eba_c20289" xlink:label="loc_eba_c20289" />
    <label:label xlink:type="resource" xlink:label="label_eba_c20289" xml:lang="en" xlink:role="http://www.xbrl.org/2008/role/label">OVERALL EFFECT (ADJUSTMENT) DUE TO INFRINGEMENT OF THE DUE DILIGENCE PROVISIONS</label:label>
    <gen:arc xlink:type="arc" xlink:arcrole="http://xbrl.org/arcrole/2008/element-label" xlink:from="loc_eba_c20289" xlink:to="label_eba_c20289" />
    <link:loc xlink:type="locator" xlink:href="c_13.00-rend.xml#eba_c20290" xlink:label="loc_eba_c20290" />
    <label:label xlink:type="resource" xlink:label="label_eba_c20290" xml:lang="en" xlink:role="http://www.xbrl.org/2008/role/label">ADJUSTMENT TO THE RISK-WEIGHTED EXPOSURE AMOUNT DUE TO MATURITY MISMATCHES</label:label>
    <gen:arc xlink:type="arc" xlink:arcrole="http://xbrl.org/arcrole/2008/element-label" xlink:from="loc_eba_c20290" xlink:to="label_eba_c20290" />
    <link:loc xlink:type="locator" xlink:href="c_13.00-rend.xml#eba_c20291" xlink:label="loc_eba_c20291" />
    <label:label xlink:type="resource" xlink:label="label_eba_c20291" xml:lang="en" xlink:role="http://www.xbrl.org/2008/role/label">TOTAL RISK-WEIGHTED EXPOSURE AMOUNT</label:label>
    <gen:arc xlink:type="arc" xlink:arcrole="http://xbrl.org/arcrole/2008/element-label" xlink:from="loc_eba_c20291" xlink:to="label_eba_c20291" />
    <link:loc xlink:type="locator" xlink:href="c_13.00-rend.xml#eba_c20292" xlink:label="loc_eba_c20292" />
    <label:label xlink:type="resource" xlink:label="label_eba_c20292" xml:lang="en" xlink:role="http://www.xbrl.org/2008/role/label">BEFORE CAP</label:label>
    <gen:arc xlink:type="arc" xlink:arcrole="http://xbrl.org/arcrole/2008/element-label" xlink:from="loc_eba_c20292" xlink:to="label_eba_c20292" />
    <link:loc xlink:type="locator" xlink:href="c_13.00-rend.xml#eba_c20293" xlink:label="loc_eba_c20293" />
    <label:label xlink:type="resource" xlink:label="label_eba_c20293" xml:lang="en" xlink:role="http://www.xbrl.org/2008/role/label">AFTER CAP</label:label>
    <gen:arc xlink:type="arc" xlink:arcrole="http://xbrl.org/arcrole/2008/element-label" xlink:from="loc_eba_c20293" xlink:to="label_eba_c20293" />
    <link:loc xlink:type="locator" xlink:href="c_13.00-rend.xml#eba_c20294" xlink:label="loc_eba_c20294" />
    <label:label xlink:type="resource" xlink:label="label_eba_c20294" xml:lang="en" xlink:role="http://www.xbrl.org/2008/role/label">MEMORANDUM ITEM: RISK WEIGHTED EXPOSURE AMOUNT CORRESPONDING TO THE OUTFLOWS FROM THE IRB SECURITISATION TO OTHER EXPOSURE CLASSES</label:label>
    <gen:arc xlink:type="arc" xlink:arcrole="http://xbrl.org/arcrole/2008/element-label" xlink:from="loc_eba_c20294" xlink:to="label_eba_c20294" />
    <link:loc xlink:type="locator" xlink:href="c_13.00-rend.xml#eba_a2" xlink:label="loc_eba_a2" />
    <label:label xlink:type="resource" xlink:label="label_eba_a2" xml:lang="en" xlink:role="http://www.xbrl.org/2008/role/label">Rows</label:label>
    <gen:arc xlink:type="arc" xlink:arcrole="http://xbrl.org/arcrole/2008/element-label" xlink:from="loc_eba_a2" xlink:to="label_eba_a2" />
    <link:loc xlink:type="locator" xlink:href="c_13.00-rend.xml#eba_c20295" xlink:label="loc_eba_c20295" />
    <label:label xlink:type="resource" xlink:label="label_eba_c20295" xml:lang="en" xlink:role="http://www.xbrl.org/2008/role/label">TOTAL EXPOSURES</label:label>
    <gen:arc xlink:type="arc" xlink:arcrole="http://xbrl.org/arcrole/2008/element-label" xlink:from="loc_eba_c20295" xlink:to="label_eba_c20295" />
    <link:loc xlink:type="locator" xlink:href="c_13.00-rend.xml#eba_c20296" xlink:label="loc_eba_c20296" />
    <label:label xlink:type="resource" xlink:label="label_eba_c20296" xml:lang="en" xlink:role="http://www.xbrl.org/2008/role/label">OF WHICH: RE-SECURITISATIONS</label:label>
    <gen:arc xlink:type="arc" xlink:arcrole="http://xbrl.org/arcrole/2008/element-label" xlink:from="loc_eba_c20296" xlink:to="label_eba_c20296" />
    <link:loc xlink:type="locator" xlink:href="c_13.00-rend.xml#eba_c20297" xlink:label="loc_eba_c20297" />
    <label:label xlink:type="resource" xlink:label="label_eba_c20297" xml:lang="en" xlink:role="http://www.xbrl.org/2008/role/label">ORIGINATOR: TOTAL EXPOSURES</label:label>
    <gen:arc xlink:type="arc" xlink:arcrole="http://xbrl.org/arcrole/2008/element-label" xlink:from="loc_eba_c20297" xlink:to="label_eba_c20297" />
    <link:loc xlink:type="locator" xlink:href="c_13.00-rend.xml#eba_c20298" xlink:label="loc_eba_c20298" />
    <label:label xlink:type="resource" xlink:label="label_eba_c20298" xml:lang="en" xlink:role="http://www.xbrl.org/2008/role/label">ON-BALANCE SHEET ITEMS</label:label>
    <gen:arc xlink:type="arc" xlink:arcrole="http://xbrl.org/arcrole/2008/element-label" xlink:from="loc_eba_c20298" xlink:to="label_eba_c20298" />
    <link:loc xlink:type="locator" xlink:href="c_13.00-rend.xml#eba_c20299" xlink:label="loc_eba_c20299" />
    <label:label xlink:type="resource" xlink:label="label_eba_c20299" xml:lang="en" xlink:role="http://www.xbrl.org/2008/role/label">SECURITISATIONS</label:label>
    <gen:arc xlink:type="arc" xlink:arcrole="http://xbrl.org/arcrole/2008/element-label" xlink:from="loc_eba_c20299" xlink:to="label_eba_c20299" />
    <link:loc xlink:type="locator" xlink:href="c_13.00-rend.xml#eba_c20300" xlink:label="loc_eba_c20300" />
    <label:label xlink:type="resource" xlink:label="label_eba_c20300" xml:lang="en" xlink:role="http://www.xbrl.org/2008/role/label">A</label:label>
    <gen:arc xlink:type="arc" xlink:arcrole="http://xbrl.org/arcrole/2008/element-label" xlink:from="loc_eba_c20300" xlink:to="label_eba_c20300" />
    <link:loc xlink:type="locator" xlink:href="c_13.00-rend.xml#eba_c20301" xlink:label="loc_eba_c20301" />
    <label:label xlink:type="resource" xlink:label="label_eba_c20301" xml:lang="en" xlink:role="http://www.xbrl.org/2008/role/label">B</label:label>
    <gen:arc xlink:type="arc" xlink:arcrole="http://xbrl.org/arcrole/2008/element-label" xlink:from="loc_eba_c20301" xlink:to="label_eba_c20301" />
    <link:loc xlink:type="locator" xlink:href="c_13.00-rend.xml#eba_c20302" xlink:label="loc_eba_c20302" />
    <label:label xlink:type="resource" xlink:label="label_eba_c20302" xml:lang="en" xlink:role="http://www.xbrl.org/2008/role/label">C</label:label>
    <gen:arc xlink:type="arc" xlink:arcrole="http://xbrl.org/arcrole/2008/element-label" xlink:from="loc_eba_c20302" xlink:to="label_eba_c20302" />
    <link:loc xlink:type="locator" xlink:href="c_13.00-rend.xml#eba_c20303" xlink:label="loc_eba_c20303" />
    <label:label xlink:type="resource" xlink:label="label_eba_c20303" xml:lang="en" xlink:role="http://www.xbrl.org/2008/role/label">RE-SECURITISATIONS</label:label>
    <gen:arc xlink:type="arc" xlink:arcrole="http://xbrl.org/arcrole/2008/element-label" xlink:from="loc_eba_c20303" xlink:to="label_eba_c20303" />
    <link:loc xlink:type="locator" xlink:href="c_13.00-rend.xml#eba_c20304" xlink:label="loc_eba_c20304" />
    <label:label xlink:type="resource" xlink:label="label_eba_c20304" xml:lang="en" xlink:role="http://www.xbrl.org/2008/role/label">D</label:label>
    <gen:arc xlink:type="arc" xlink:arcrole="http://xbrl.org/arcrole/2008/element-label" xlink:from="loc_eba_c20304" xlink:to="label_eba_c20304" />
    <link:loc xlink:type="locator" xlink:href="c_13.00-rend.xml#eba_c20305" xlink:label="loc_eba_c20305" />
    <label:label xlink:type="resource" xlink:label="label_eba_c20305" xml:lang="en" xlink:role="http://www.xbrl.org/2008/role/label">E</label:label>
    <gen:arc xlink:type="arc" xlink:arcrole="http://xbrl.org/arcrole/2008/element-label" xlink:from="loc_eba_c20305" xlink:to="label_eba_c20305" />
    <link:loc xlink:type="locator" xlink:href="c_13.00-rend.xml#eba_c20306" xlink:label="loc_eba_c20306" />
    <label:label xlink:type="resource" xlink:label="label_eba_c20306" xml:lang="en" xlink:role="http://www.xbrl.org/2008/role/label">OFF-BALANCE SHEET ITEMS AND DERIVATIVES</label:label>
    <gen:arc xlink:type="arc" xlink:arcrole="http://xbrl.org/arcrole/2008/element-label" xlink:from="loc_eba_c20306" xlink:to="label_eba_c20306" />
    <link:loc xlink:type="locator" xlink:href="c_13.00-rend.xml#eba_c20307" xlink:label="loc_eba_c20307" />
    <label:label xlink:type="resource" xlink:label="label_eba_c20307" xml:lang="en" xlink:role="http://www.xbrl.org/2008/role/label">SECURITISATIONS</label:label>
    <gen:arc xlink:type="arc" xlink:arcrole="http://xbrl.org/arcrole/2008/element-label" xlink:from="loc_eba_c20307" xlink:to="label_eba_c20307" />
    <link:loc xlink:type="locator" xlink:href="c_13.00-rend.xml#eba_c20308" xlink:label="loc_eba_c20308" />
    <label:label xlink:type="resource" xlink:label="label_eba_c20308" xml:lang="en" xlink:role="http://www.xbrl.org/2008/role/label">A</label:label>
    <gen:arc xlink:type="arc" xlink:arcrole="http://xbrl.org/arcrole/2008/element-label" xlink:from="loc_eba_c20308" xlink:to="label_eba_c20308" />
    <link:loc xlink:type="locator" xlink:href="c_13.00-rend.xml#eba_c20309" xlink:label="loc_eba_c20309" />
    <label:label xlink:type="resource" xlink:label="label_eba_c20309" xml:lang="en" xlink:role="http://www.xbrl.org/2008/role/label">B</label:label>
    <gen:arc xlink:type="arc" xlink:arcrole="http://xbrl.org/arcrole/2008/element-label" xlink:from="loc_eba_c20309" xlink:to="label_eba_c20309" />
    <link:loc xlink:type="locator" xlink:href="c_13.00-rend.xml#eba_c20310" xlink:label="loc_eba_c20310" />
    <label:label xlink:type="resource" xlink:label="label_eba_c20310" xml:lang="en" xlink:role="http://www.xbrl.org/2008/role/label">C</label:label>
    <gen:arc xlink:type="arc" xlink:arcrole="http://xbrl.org/arcrole/2008/element-label" xlink:from="loc_eba_c20310" xlink:to="label_eba_c20310" />
    <link:loc xlink:type="locator" xlink:href="c_13.00-rend.xml#eba_c20311" xlink:label="loc_eba_c20311" />
    <label:label xlink:type="resource" xlink:label="label_eba_c20311" xml:lang="en" xlink:role="http://www.xbrl.org/2008/role/label">RE-SECURITISATIONS</label:label>
    <gen:arc xlink:type="arc" xlink:arcrole="http://xbrl.org/arcrole/2008/element-label" xlink:from="loc_eba_c20311" xlink:to="label_eba_c20311" />
    <link:loc xlink:type="locator" xlink:href="c_13.00-rend.xml#eba_c20312" xlink:label="loc_eba_c20312" />
    <label:label xlink:type="resource" xlink:label="label_eba_c20312" xml:lang="en" xlink:role="http://www.xbrl.org/2008/role/label">D</label:label>
    <gen:arc xlink:type="arc" xlink:arcrole="http://xbrl.org/arcrole/2008/element-label" xlink:from="loc_eba_c20312" xlink:to="label_eba_c20312" />
    <link:loc xlink:type="locator" xlink:href="c_13.00-rend.xml#eba_c20313" xlink:label="loc_eba_c20313" />
    <label:label xlink:type="resource" xlink:label="label_eba_c20313" xml:lang="en" xlink:role="http://www.xbrl.org/2008/role/label">E</label:label>
    <gen:arc xlink:type="arc" xlink:arcrole="http://xbrl.org/arcrole/2008/element-label" xlink:from="loc_eba_c20313" xlink:to="label_eba_c20313" />
    <link:loc xlink:type="locator" xlink:href="c_13.00-rend.xml#eba_c20314" xlink:label="loc_eba_c20314" />
    <label:label xlink:type="resource" xlink:label="label_eba_c20314" xml:lang="en" xlink:role="http://www.xbrl.org/2008/role/label">EARLY AMORTISATION</label:label>
    <gen:arc xlink:type="arc" xlink:arcrole="http://xbrl.org/arcrole/2008/element-label" xlink:from="loc_eba_c20314" xlink:to="label_eba_c20314" />
    <link:loc xlink:type="locator" xlink:href="c_13.00-rend.xml#eba_c20315" xlink:label="loc_eba_c20315" />
    <label:label xlink:type="resource" xlink:label="label_eba_c20315" xml:lang="en" xlink:role="http://www.xbrl.org/2008/role/label">INVESTOR: TOTAL EXPOSURES</label:label>
    <gen:arc xlink:type="arc" xlink:arcrole="http://xbrl.org/arcrole/2008/element-label" xlink:from="loc_eba_c20315" xlink:to="label_eba_c20315" />
    <link:loc xlink:type="locator" xlink:href="c_13.00-rend.xml#eba_c20316" xlink:label="loc_eba_c20316" />
    <label:label xlink:type="resource" xlink:label="label_eba_c20316" xml:lang="en" xlink:role="http://www.xbrl.org/2008/role/label">ON-BALANCE SHEET ITEMS</label:label>
    <gen:arc xlink:type="arc" xlink:arcrole="http://xbrl.org/arcrole/2008/element-label" xlink:from="loc_eba_c20316" xlink:to="label_eba_c20316" />
    <link:loc xlink:type="locator" xlink:href="c_13.00-rend.xml#eba_c20317" xlink:label="loc_eba_c20317" />
    <label:label xlink:type="resource" xlink:label="label_eba_c20317" xml:lang="en" xlink:role="http://www.xbrl.org/2008/role/label">SECURITISATIONS</label:label>
    <gen:arc xlink:type="arc" xlink:arcrole="http://xbrl.org/arcrole/2008/element-label" xlink:from="loc_eba_c20317" xlink:to="label_eba_c20317" />
    <link:loc xlink:type="locator" xlink:href="c_13.00-rend.xml#eba_c20318" xlink:label="loc_eba_c20318" />
    <label:label xlink:type="resource" xlink:label="label_eba_c20318" xml:lang="en" xlink:role="http://www.xbrl.org/2008/role/label">A</label:label>
    <gen:arc xlink:type="arc" xlink:arcrole="http://xbrl.org/arcrole/2008/element-label" xlink:from="loc_eba_c20318" xlink:to="label_eba_c20318" />
    <link:loc xlink:type="locator" xlink:href="c_13.00-rend.xml#eba_c20319" xlink:label="loc_eba_c20319" />
    <label:label xlink:type="resource" xlink:label="label_eba_c20319" xml:lang="en" xlink:role="http://www.xbrl.org/2008/role/label">B</label:label>
    <gen:arc xlink:type="arc" xlink:arcrole="http://xbrl.org/arcrole/2008/element-label" xlink:from="loc_eba_c20319" xlink:to="label_eba_c20319" />
    <link:loc xlink:type="locator" xlink:href="c_13.00-rend.xml#eba_c20320" xlink:label="loc_eba_c20320" />
    <label:label xlink:type="resource" xlink:label="label_eba_c20320" xml:lang="en" xlink:role="http://www.xbrl.org/2008/role/label">C</label:label>
    <gen:arc xlink:type="arc" xlink:arcrole="http://xbrl.org/arcrole/2008/element-label" xlink:from="loc_eba_c20320" xlink:to="label_eba_c20320" />
    <link:loc xlink:type="locator" xlink:href="c_13.00-rend.xml#eba_c20321" xlink:label="loc_eba_c20321" />
    <label:label xlink:type="resource" xlink:label="label_eba_c20321" xml:lang="en" xlink:role="http://www.xbrl.org/2008/role/label">RE-SECURITISATIONS</label:label>
    <gen:arc xlink:type="arc" xlink:arcrole="http://xbrl.org/arcrole/2008/element-label" xlink:from="loc_eba_c20321" xlink:to="label_eba_c20321" />
    <link:loc xlink:type="locator" xlink:href="c_13.00-rend.xml#eba_c20322" xlink:label="loc_eba_c20322" />
    <label:label xlink:type="resource" xlink:label="label_eba_c20322" xml:lang="en" xlink:role="http://www.xbrl.org/2008/role/label">D</label:label>
    <gen:arc xlink:type="arc" xlink:arcrole="http://xbrl.org/arcrole/2008/element-label" xlink:from="loc_eba_c20322" xlink:to="label_eba_c20322" />
    <link:loc xlink:type="locator" xlink:href="c_13.00-rend.xml#eba_c20323" xlink:label="loc_eba_c20323" />
    <label:label xlink:type="resource" xlink:label="label_eba_c20323" xml:lang="en" xlink:role="http://www.xbrl.org/2008/role/label">E</label:label>
    <gen:arc xlink:type="arc" xlink:arcrole="http://xbrl.org/arcrole/2008/element-label" xlink:from="loc_eba_c20323" xlink:to="label_eba_c20323" />
    <link:loc xlink:type="locator" xlink:href="c_13.00-rend.xml#eba_c20324" xlink:label="loc_eba_c20324" />
    <label:label xlink:type="resource" xlink:label="label_eba_c20324" xml:lang="en" xlink:role="http://www.xbrl.org/2008/role/label">OFF-BALANCE SHEET ITEMS AND DERIVATIVES</label:label>
    <gen:arc xlink:type="arc" xlink:arcrole="http://xbrl.org/arcrole/2008/element-label" xlink:from="loc_eba_c20324" xlink:to="label_eba_c20324" />
    <link:loc xlink:type="locator" xlink:href="c_13.00-rend.xml#eba_c20325" xlink:label="loc_eba_c20325" />
    <label:label xlink:type="resource" xlink:label="label_eba_c20325" xml:lang="en" xlink:role="http://www.xbrl.org/2008/role/label">SECURITISATIONS</label:label>
    <gen:arc xlink:type="arc" xlink:arcrole="http://xbrl.org/arcrole/2008/element-label" xlink:from="loc_eba_c20325" xlink:to="label_eba_c20325" />
    <link:loc xlink:type="locator" xlink:href="c_13.00-rend.xml#eba_c20326" xlink:label="loc_eba_c20326" />
    <label:label xlink:type="resource" xlink:label="label_eba_c20326" xml:lang="en" xlink:role="http://www.xbrl.org/2008/role/label">A</label:label>
    <gen:arc xlink:type="arc" xlink:arcrole="http://xbrl.org/arcrole/2008/element-label" xlink:from="loc_eba_c20326" xlink:to="label_eba_c20326" />
    <link:loc xlink:type="locator" xlink:href="c_13.00-rend.xml#eba_c20327" xlink:label="loc_eba_c20327" />
    <label:label xlink:type="resource" xlink:label="label_eba_c20327" xml:lang="en" xlink:role="http://www.xbrl.org/2008/role/label">B</label:label>
    <gen:arc xlink:type="arc" xlink:arcrole="http://xbrl.org/arcrole/2008/element-label" xlink:from="loc_eba_c20327" xlink:to="label_eba_c20327" />
    <link:loc xlink:type="locator" xlink:href="c_13.00-rend.xml#eba_c20328" xlink:label="loc_eba_c20328" />
    <label:label xlink:type="resource" xlink:label="label_eba_c20328" xml:lang="en" xlink:role="http://www.xbrl.org/2008/role/label">C</label:label>
    <gen:arc xlink:type="arc" xlink:arcrole="http://xbrl.org/arcrole/2008/element-label" xlink:from="loc_eba_c20328" xlink:to="label_eba_c20328" />
    <link:loc xlink:type="locator" xlink:href="c_13.00-rend.xml#eba_c20329" xlink:label="loc_eba_c20329" />
    <label:label xlink:type="resource" xlink:label="label_eba_c20329" xml:lang="en" xlink:role="http://www.xbrl.org/2008/role/label">RE-SECURITISATIONS</label:label>
    <gen:arc xlink:type="arc" xlink:arcrole="http://xbrl.org/arcrole/2008/element-label" xlink:from="loc_eba_c20329" xlink:to="label_eba_c20329" />
    <link:loc xlink:type="locator" xlink:href="c_13.00-rend.xml#eba_c20330" xlink:label="loc_eba_c20330" />
    <label:label xlink:type="resource" xlink:label="label_eba_c20330" xml:lang="en" xlink:role="http://www.xbrl.org/2008/role/label">D</label:label>
    <gen:arc xlink:type="arc" xlink:arcrole="http://xbrl.org/arcrole/2008/element-label" xlink:from="loc_eba_c20330" xlink:to="label_eba_c20330" />
    <link:loc xlink:type="locator" xlink:href="c_13.00-rend.xml#eba_c20331" xlink:label="loc_eba_c20331" />
    <label:label xlink:type="resource" xlink:label="label_eba_c20331" xml:lang="en" xlink:role="http://www.xbrl.org/2008/role/label">E</label:label>
    <gen:arc xlink:type="arc" xlink:arcrole="http://xbrl.org/arcrole/2008/element-label" xlink:from="loc_eba_c20331" xlink:to="label_eba_c20331" />
    <link:loc xlink:type="locator" xlink:href="c_13.00-rend.xml#eba_c20332" xlink:label="loc_eba_c20332" />
    <label:label xlink:type="resource" xlink:label="label_eba_c20332" xml:lang="en" xlink:role="http://www.xbrl.org/2008/role/label">SPONSOR: TOTAL EXPOSURES</label:label>
    <gen:arc xlink:type="arc" xlink:arcrole="http://xbrl.org/arcrole/2008/element-label" xlink:from="loc_eba_c20332" xlink:to="label_eba_c20332" />
    <link:loc xlink:type="locator" xlink:href="c_13.00-rend.xml#eba_c20333" xlink:label="loc_eba_c20333" />
    <label:label xlink:type="resource" xlink:label="label_eba_c20333" xml:lang="en" xlink:role="http://www.xbrl.org/2008/role/label">ON-BALANCE SHEET ITEMS</label:label>
    <gen:arc xlink:type="arc" xlink:arcrole="http://xbrl.org/arcrole/2008/element-label" xlink:from="loc_eba_c20333" xlink:to="label_eba_c20333" />
    <link:loc xlink:type="locator" xlink:href="c_13.00-rend.xml#eba_c20334" xlink:label="loc_eba_c20334" />
    <label:label xlink:type="resource" xlink:label="label_eba_c20334" xml:lang="en" xlink:role="http://www.xbrl.org/2008/role/label">SECURITISATIONS</label:label>
    <gen:arc xlink:type="arc" xlink:arcrole="http://xbrl.org/arcrole/2008/element-label" xlink:from="loc_eba_c20334" xlink:to="label_eba_c20334" />
    <link:loc xlink:type="locator" xlink:href="c_13.00-rend.xml#eba_c20335" xlink:label="loc_eba_c20335" />
    <label:label xlink:type="resource" xlink:label="label_eba_c20335" xml:lang="en" xlink:role="http://www.xbrl.org/2008/role/label">A</label:label>
    <gen:arc xlink:type="arc" xlink:arcrole="http://xbrl.org/arcrole/2008/element-label" xlink:from="loc_eba_c20335" xlink:to="label_eba_c20335" />
    <link:loc xlink:type="locator" xlink:href="c_13.00-rend.xml#eba_c20336" xlink:label="loc_eba_c20336" />
    <label:label xlink:type="resource" xlink:label="label_eba_c20336" xml:lang="en" xlink:role="http://www.xbrl.org/2008/role/label">B</label:label>
    <gen:arc xlink:type="arc" xlink:arcrole="http://xbrl.org/arcrole/2008/element-label" xlink:from="loc_eba_c20336" xlink:to="label_eba_c20336" />
    <link:loc xlink:type="locator" xlink:href="c_13.00-rend.xml#eba_c20337" xlink:label="loc_eba_c20337" />
    <label:label xlink:type="resource" xlink:label="label_eba_c20337" xml:lang="en" xlink:role="http://www.xbrl.org/2008/role/label">C</label:label>
    <gen:arc xlink:type="arc" xlink:arcrole="http://xbrl.org/arcrole/2008/element-label" xlink:from="loc_eba_c20337" xlink:to="label_eba_c20337" />
    <link:loc xlink:type="locator" xlink:href="c_13.00-rend.xml#eba_c20338" xlink:label="loc_eba_c20338" />
    <label:label xlink:type="resource" xlink:label="label_eba_c20338" xml:lang="en" xlink:role="http://www.xbrl.org/2008/role/label">RE-SECURITISATIONS</label:label>
    <gen:arc xlink:type="arc" xlink:arcrole="http://xbrl.org/arcrole/2008/element-label" xlink:from="loc_eba_c20338" xlink:to="label_eba_c20338" />
    <link:loc xlink:type="locator" xlink:href="c_13.00-rend.xml#eba_c20339" xlink:label="loc_eba_c20339" />
    <label:label xlink:type="resource" xlink:label="label_eba_c20339" xml:lang="en" xlink:role="http://www.xbrl.org/2008/role/label">D</label:label>
    <gen:arc xlink:type="arc" xlink:arcrole="http://xbrl.org/arcrole/2008/element-label" xlink:from="loc_eba_c20339" xlink:to="label_eba_c20339" />
    <link:loc xlink:type="locator" xlink:href="c_13.00-rend.xml#eba_c20340" xlink:label="loc_eba_c20340" />
    <label:label xlink:type="resource" xlink:label="label_eba_c20340" xml:lang="en" xlink:role="http://www.xbrl.org/2008/role/label">E</label:label>
    <gen:arc xlink:type="arc" xlink:arcrole="http://xbrl.org/arcrole/2008/element-label" xlink:from="loc_eba_c20340" xlink:to="label_eba_c20340" />
    <link:loc xlink:type="locator" xlink:href="c_13.00-rend.xml#eba_c20341" xlink:label="loc_eba_c20341" />
    <label:label xlink:type="resource" xlink:label="label_eba_c20341" xml:lang="en" xlink:role="http://www.xbrl.org/2008/role/label">OFF-BALANCE SHEET ITEMS AND DERIVATIVES</label:label>
    <gen:arc xlink:type="arc" xlink:arcrole="http://xbrl.org/arcrole/2008/element-label" xlink:from="loc_eba_c20341" xlink:to="label_eba_c20341" />
    <link:loc xlink:type="locator" xlink:href="c_13.00-rend.xml#eba_c20342" xlink:label="loc_eba_c20342" />
    <label:label xlink:type="resource" xlink:label="label_eba_c20342" xml:lang="en" xlink:role="http://www.xbrl.org/2008/role/label">SECURITISATIONS</label:label>
    <gen:arc xlink:type="arc" xlink:arcrole="http://xbrl.org/arcrole/2008/element-label" xlink:from="loc_eba_c20342" xlink:to="label_eba_c20342" />
    <link:loc xlink:type="locator" xlink:href="c_13.00-rend.xml#eba_c20343" xlink:label="loc_eba_c20343" />
    <label:label xlink:type="resource" xlink:label="label_eba_c20343" xml:lang="en" xlink:role="http://www.xbrl.org/2008/role/label">A</label:label>
    <gen:arc xlink:type="arc" xlink:arcrole="http://xbrl.org/arcrole/2008/element-label" xlink:from="loc_eba_c20343" xlink:to="label_eba_c20343" />
    <link:loc xlink:type="locator" xlink:href="c_13.00-rend.xml#eba_c20344" xlink:label="loc_eba_c20344" />
    <label:label xlink:type="resource" xlink:label="label_eba_c20344" xml:lang="en" xlink:role="http://www.xbrl.org/2008/role/label">B</label:label>
    <gen:arc xlink:type="arc" xlink:arcrole="http://xbrl.org/arcrole/2008/element-label" xlink:from="loc_eba_c20344" xlink:to="label_eba_c20344" />
    <link:loc xlink:type="locator" xlink:href="c_13.00-rend.xml#eba_c20345" xlink:label="loc_eba_c20345" />
    <label:label xlink:type="resource" xlink:label="label_eba_c20345" xml:lang="en" xlink:role="http://www.xbrl.org/2008/role/label">C</label:label>
    <gen:arc xlink:type="arc" xlink:arcrole="http://xbrl.org/arcrole/2008/element-label" xlink:from="loc_eba_c20345" xlink:to="label_eba_c20345" />
    <link:loc xlink:type="locator" xlink:href="c_13.00-rend.xml#eba_c20346" xlink:label="loc_eba_c20346" />
    <label:label xlink:type="resource" xlink:label="label_eba_c20346" xml:lang="en" xlink:role="http://www.xbrl.org/2008/role/label">RE-SECURITISATIONS</label:label>
    <gen:arc xlink:type="arc" xlink:arcrole="http://xbrl.org/arcrole/2008/element-label" xlink:from="loc_eba_c20346" xlink:to="label_eba_c20346" />
    <link:loc xlink:type="locator" xlink:href="c_13.00-rend.xml#eba_c20347" xlink:label="loc_eba_c20347" />
    <label:label xlink:type="resource" xlink:label="label_eba_c20347" xml:lang="en" xlink:role="http://www.xbrl.org/2008/role/label">D</label:label>
    <gen:arc xlink:type="arc" xlink:arcrole="http://xbrl.org/arcrole/2008/element-label" xlink:from="loc_eba_c20347" xlink:to="label_eba_c20347" />
    <link:loc xlink:type="locator" xlink:href="c_13.00-rend.xml#eba_c20348" xlink:label="loc_eba_c20348" />
    <label:label xlink:type="resource" xlink:label="label_eba_c20348" xml:lang="en" xlink:role="http://www.xbrl.org/2008/role/label">E</label:label>
    <gen:arc xlink:type="arc" xlink:arcrole="http://xbrl.org/arcrole/2008/element-label" xlink:from="loc_eba_c20348" xlink:to="label_eba_c20348" />
    <link:loc xlink:type="locator" xlink:href="c_13.00-rend.xml#eba_c20349" xlink:label="loc_eba_c20349" />
    <label:label xlink:type="resource" xlink:label="label_eba_c20349" xml:lang="en" xlink:role="http://www.xbrl.org/2008/role/label">BREAKDOWN OF OUTSTANDING POSITIONS ACCORDING TO CQS AT INCEPTION:</label:label>
    <gen:arc xlink:type="arc" xlink:arcrole="http://xbrl.org/arcrole/2008/element-label" xlink:from="loc_eba_c20349" xlink:to="label_eba_c20349" />
    <link:loc xlink:type="locator" xlink:href="c_13.00-rend.xml#eba_c20350" xlink:label="loc_eba_c20350" />
    <label:label xlink:type="resource" xlink:label="label_eba_c20350" xml:lang="en" xlink:role="http://www.xbrl.org/2008/role/label">CQS 1 &amp; S/T CQS 1</label:label>
    <gen:arc xlink:type="arc" xlink:arcrole="http://xbrl.org/arcrole/2008/element-label" xlink:from="loc_eba_c20350" xlink:to="label_eba_c20350" />
    <link:loc xlink:type="locator" xlink:href="c_13.00-rend.xml#eba_c20351" xlink:label="loc_eba_c20351" />
    <label:label xlink:type="resource" xlink:label="label_eba_c20351" xml:lang="en" xlink:role="http://www.xbrl.org/2008/role/label">CQS 2</label:label>
    <gen:arc xlink:type="arc" xlink:arcrole="http://xbrl.org/arcrole/2008/element-label" xlink:from="loc_eba_c20351" xlink:to="label_eba_c20351" />
    <link:loc xlink:type="locator" xlink:href="c_13.00-rend.xml#eba_c20352" xlink:label="loc_eba_c20352" />
    <label:label xlink:type="resource" xlink:label="label_eba_c20352" xml:lang="en" xlink:role="http://www.xbrl.org/2008/role/label">CQS 3</label:label>
    <gen:arc xlink:type="arc" xlink:arcrole="http://xbrl.org/arcrole/2008/element-label" xlink:from="loc_eba_c20352" xlink:to="label_eba_c20352" />
    <link:loc xlink:type="locator" xlink:href="c_13.00-rend.xml#eba_c20353" xlink:label="loc_eba_c20353" />
    <label:label xlink:type="resource" xlink:label="label_eba_c20353" xml:lang="en" xlink:role="http://www.xbrl.org/2008/role/label">CQS 4 &amp; S/T CQS 2</label:label>
    <gen:arc xlink:type="arc" xlink:arcrole="http://xbrl.org/arcrole/2008/element-label" xlink:from="loc_eba_c20353" xlink:to="label_eba_c20353" />
    <link:loc xlink:type="locator" xlink:href="c_13.00-rend.xml#eba_c20354" xlink:label="loc_eba_c20354" />
    <label:label xlink:type="resource" xlink:label="label_eba_c20354" xml:lang="en" xlink:role="http://www.xbrl.org/2008/role/label">CQS 5</label:label>
    <gen:arc xlink:type="arc" xlink:arcrole="http://xbrl.org/arcrole/2008/element-label" xlink:from="loc_eba_c20354" xlink:to="label_eba_c20354" />
    <link:loc xlink:type="locator" xlink:href="c_13.00-rend.xml#eba_c20355" xlink:label="loc_eba_c20355" />
    <label:label xlink:type="resource" xlink:label="label_eba_c20355" xml:lang="en" xlink:role="http://www.xbrl.org/2008/role/label">CQS 6</label:label>
    <gen:arc xlink:type="arc" xlink:arcrole="http://xbrl.org/arcrole/2008/element-label" xlink:from="loc_eba_c20355" xlink:to="label_eba_c20355" />
    <link:loc xlink:type="locator" xlink:href="c_13.00-rend.xml#eba_c20356" xlink:label="loc_eba_c20356" />
    <label:label xlink:type="resource" xlink:label="label_eba_c20356" xml:lang="en" xlink:role="http://www.xbrl.org/2008/role/label">CQS 7 &amp; S/T CQS 3</label:label>
    <gen:arc xlink:type="arc" xlink:arcrole="http://xbrl.org/arcrole/2008/element-label" xlink:from="loc_eba_c20356" xlink:to="label_eba_c20356" />
    <link:loc xlink:type="locator" xlink:href="c_13.00-rend.xml#eba_c20357" xlink:label="loc_eba_c20357" />
    <label:label xlink:type="resource" xlink:label="label_eba_c20357" xml:lang="en" xlink:role="http://www.xbrl.org/2008/role/label">CQS 8</label:label>
    <gen:arc xlink:type="arc" xlink:arcrole="http://xbrl.org/arcrole/2008/element-label" xlink:from="loc_eba_c20357" xlink:to="label_eba_c20357" />
    <link:loc xlink:type="locator" xlink:href="c_13.00-rend.xml#eba_c20358" xlink:label="loc_eba_c20358" />
    <label:label xlink:type="resource" xlink:label="label_eba_c20358" xml:lang="en" xlink:role="http://www.xbrl.org/2008/role/label">CQS 9</label:label>
    <gen:arc xlink:type="arc" xlink:arcrole="http://xbrl.org/arcrole/2008/element-label" xlink:from="loc_eba_c20358" xlink:to="label_eba_c20358" />
    <link:loc xlink:type="locator" xlink:href="c_13.00-rend.xml#eba_c20359" xlink:label="loc_eba_c20359" />
    <label:label xlink:type="resource" xlink:label="label_eba_c20359" xml:lang="en" xlink:role="http://www.xbrl.org/2008/role/label">CQS 10</label:label>
    <gen:arc xlink:type="arc" xlink:arcrole="http://xbrl.org/arcrole/2008/element-label" xlink:from="loc_eba_c20359" xlink:to="label_eba_c20359" />
    <link:loc xlink:type="locator" xlink:href="c_13.00-rend.xml#eba_c20360" xlink:label="loc_eba_c20360" />
    <label:label xlink:type="resource" xlink:label="label_eba_c20360" xml:lang="en" xlink:role="http://www.xbrl.org/2008/role/label">CQS 11</label:label>
    <gen:arc xlink:type="arc" xlink:arcrole="http://xbrl.org/arcrole/2008/element-label" xlink:from="loc_eba_c20360" xlink:to="label_eba_c20360" />
    <link:loc xlink:type="locator" xlink:href="c_13.00-rend.xml#eba_c20361" xlink:label="loc_eba_c20361" />
    <label:label xlink:type="resource" xlink:label="label_eba_c20361" xml:lang="en" xlink:role="http://www.xbrl.org/2008/role/label">ALL OTHER CQS</label:label>
    <gen:arc xlink:type="arc" xlink:arcrole="http://xbrl.org/arcrole/2008/element-label" xlink:from="loc_eba_c20361" xlink:to="label_eba_c20361" />
  </gen:link>
</link:linkbase>