﻿<?xml version="1.0" encoding="utf-8"?>
<?taxonomy-version 2.0.0?>
<!--(C) EBA-->
<link:linkbase xmlns:xsi="http://www.w3.org/2001/XMLSchema-instance" xmlns:xlink="http://www.w3.org/1999/xlink" xmlns:link="http://www.xbrl.org/2003/linkbase" xmlns:gen="http://xbrl.org/2008/generic" xmlns:label="http://xbrl.org/2008/label" xsi:schemaLocation="http://www.xbrl.org/2003/linkbase http://www.xbrl.org/2003/xbrl-linkbase-2003-12-31.xsd http://xbrl.org/2008/generic http://www.xbrl.org/2008/generic-link.xsd http://xbrl.org/2008/label http://www.xbrl.org/2008/generic-label.xsd">
  <link:arcroleRef arcroleURI="http://xbrl.org/arcrole/2008/element-label" xlink:type="simple" xlink:href="http://www.xbrl.org/2008/generic-label.xsd#element-label" />
  <link:roleRef roleURI="http://www.xbrl.org/2008/role/label" xlink:type="simple" xlink:href="http://www.xbrl.org/2008/generic-label.xsd#standard-label" />
  <link:roleRef roleURI="http://www.xbrl.org/2008/role/verboseLabel" xlink:type="simple" xlink:href="http://www.xbrl.org/2008/generic-label.xsd#verbose-label" />
  <gen:link xlink:type="extended" xlink:role="http://www.xbrl.org/2003/role/link">
    <link:loc xlink:type="locator" xlink:href="c_07.00.d-rend.xml#eba_tC_07.00.d" xlink:label="loc_eba_tC_07.00.d" />
    <label:label xlink:type="resource" xlink:label="label_eba_tC_07.00.d" xml:lang="en" xlink:role="http://www.xbrl.org/2008/role/label">C 07.00.d (CR SA)</label:label>
    <gen:arc xlink:type="arc" xlink:arcrole="http://xbrl.org/arcrole/2008/element-label" xlink:from="loc_eba_tC_07.00.d" xlink:to="label_eba_tC_07.00.d" />
    <label:label xlink:type="resource" xlink:label="label_eba_tC_07.00.d_1" xml:lang="en" xlink:role="http://www.xbrl.org/2008/role/verboseLabel">C 07.00.d (CR SA) Credit and counterparty credit risks and free deliveries: Standardised Approach to capital requirements - Memorandum items - in default</label:label>
    <gen:arc xlink:type="arc" xlink:arcrole="http://xbrl.org/arcrole/2008/element-label" xlink:from="loc_eba_tC_07.00.d" xlink:to="label_eba_tC_07.00.d_1" />
    <link:loc xlink:type="locator" xlink:href="c_07.00.d-rend.xml#eba_a1" xlink:label="loc_eba_a1" />
    <label:label xlink:type="resource" xlink:label="label_eba_a1" xml:lang="en" xlink:role="http://www.xbrl.org/2008/role/label">Columns</label:label>
    <gen:arc xlink:type="arc" xlink:arcrole="http://xbrl.org/arcrole/2008/element-label" xlink:from="loc_eba_a1" xlink:to="label_eba_a1" />
    <link:loc xlink:type="locator" xlink:href="c_07.00.d-rend.xml#eba_c19813" xlink:label="loc_eba_c19813" />
    <label:label xlink:type="resource" xlink:label="label_eba_c19813" xml:lang="en" xlink:role="http://www.xbrl.org/2008/role/label">Original exposure pre conversion factors</label:label>
    <gen:arc xlink:type="arc" xlink:arcrole="http://xbrl.org/arcrole/2008/element-label" xlink:from="loc_eba_c19813" xlink:to="label_eba_c19813" />
    <link:loc xlink:type="locator" xlink:href="c_07.00.d-rend.xml#eba_c19814" xlink:label="loc_eba_c19814" />
    <label:label xlink:type="resource" xlink:label="label_eba_c19814" xml:lang="en" xlink:role="http://www.xbrl.org/2008/role/label">Of which: arising from default fund contributions</label:label>
    <gen:arc xlink:type="arc" xlink:arcrole="http://xbrl.org/arcrole/2008/element-label" xlink:from="loc_eba_c19814" xlink:to="label_eba_c19814" />
    <link:loc xlink:type="locator" xlink:href="c_07.00.d-rend.xml#eba_c19815" xlink:label="loc_eba_c19815" />
    <label:label xlink:type="resource" xlink:label="label_eba_c19815" xml:lang="en" xlink:role="http://www.xbrl.org/2008/role/label">(-) Value adjustments and provision associated with the original exposure</label:label>
    <gen:arc xlink:type="arc" xlink:arcrole="http://xbrl.org/arcrole/2008/element-label" xlink:from="loc_eba_c19815" xlink:to="label_eba_c19815" />
    <link:loc xlink:type="locator" xlink:href="c_07.00.d-rend.xml#eba_c19816" xlink:label="loc_eba_c19816" />
    <label:label xlink:type="resource" xlink:label="label_eba_c19816" xml:lang="en" xlink:role="http://www.xbrl.org/2008/role/label">Exposure net of value adjustments and provisions</label:label>
    <gen:arc xlink:type="arc" xlink:arcrole="http://xbrl.org/arcrole/2008/element-label" xlink:from="loc_eba_c19816" xlink:to="label_eba_c19816" />
    <link:loc xlink:type="locator" xlink:href="c_07.00.d-rend.xml#eba_c19817" xlink:label="loc_eba_c19817" />
    <label:label xlink:type="resource" xlink:label="label_eba_c19817" xml:lang="en" xlink:role="http://www.xbrl.org/2008/role/label">CREDIT RISK MITIGATION (CRM) TECHNIQUES WITH SUBSTITUTION EFFECTS ON THE EXPOSURE</label:label>
    <gen:arc xlink:type="arc" xlink:arcrole="http://xbrl.org/arcrole/2008/element-label" xlink:from="loc_eba_c19817" xlink:to="label_eba_c19817" />
    <link:loc xlink:type="locator" xlink:href="c_07.00.d-rend.xml#eba_c19818" xlink:label="loc_eba_c19818" />
    <label:label xlink:type="resource" xlink:label="label_eba_c19818" xml:lang="en" xlink:role="http://www.xbrl.org/2008/role/label">Unfunded credit protection: adjusted values (Ga)</label:label>
    <gen:arc xlink:type="arc" xlink:arcrole="http://xbrl.org/arcrole/2008/element-label" xlink:from="loc_eba_c19818" xlink:to="label_eba_c19818" />
    <link:loc xlink:type="locator" xlink:href="c_07.00.d-rend.xml#eba_c19819" xlink:label="loc_eba_c19819" />
    <label:label xlink:type="resource" xlink:label="label_eba_c19819" xml:lang="en" xlink:role="http://www.xbrl.org/2008/role/label">(-) Guarantees</label:label>
    <gen:arc xlink:type="arc" xlink:arcrole="http://xbrl.org/arcrole/2008/element-label" xlink:from="loc_eba_c19819" xlink:to="label_eba_c19819" />
    <link:loc xlink:type="locator" xlink:href="c_07.00.d-rend.xml#eba_c19820" xlink:label="loc_eba_c19820" />
    <label:label xlink:type="resource" xlink:label="label_eba_c19820" xml:lang="en" xlink:role="http://www.xbrl.org/2008/role/label">(-) Credit derivatives</label:label>
    <gen:arc xlink:type="arc" xlink:arcrole="http://xbrl.org/arcrole/2008/element-label" xlink:from="loc_eba_c19820" xlink:to="label_eba_c19820" />
    <link:loc xlink:type="locator" xlink:href="c_07.00.d-rend.xml#eba_c19821" xlink:label="loc_eba_c19821" />
    <label:label xlink:type="resource" xlink:label="label_eba_c19821" xml:lang="en" xlink:role="http://www.xbrl.org/2008/role/label">Funded credit protection</label:label>
    <gen:arc xlink:type="arc" xlink:arcrole="http://xbrl.org/arcrole/2008/element-label" xlink:from="loc_eba_c19821" xlink:to="label_eba_c19821" />
    <link:loc xlink:type="locator" xlink:href="c_07.00.d-rend.xml#eba_c19822" xlink:label="loc_eba_c19822" />
    <label:label xlink:type="resource" xlink:label="label_eba_c19822" xml:lang="en" xlink:role="http://www.xbrl.org/2008/role/label">(-) Financial collateral: simple method</label:label>
    <gen:arc xlink:type="arc" xlink:arcrole="http://xbrl.org/arcrole/2008/element-label" xlink:from="loc_eba_c19822" xlink:to="label_eba_c19822" />
    <link:loc xlink:type="locator" xlink:href="c_07.00.d-rend.xml#eba_c19823" xlink:label="loc_eba_c19823" />
    <label:label xlink:type="resource" xlink:label="label_eba_c19823" xml:lang="en" xlink:role="http://www.xbrl.org/2008/role/label">(-) Other funded credit protection</label:label>
    <gen:arc xlink:type="arc" xlink:arcrole="http://xbrl.org/arcrole/2008/element-label" xlink:from="loc_eba_c19823" xlink:to="label_eba_c19823" />
    <link:loc xlink:type="locator" xlink:href="c_07.00.d-rend.xml#eba_c19824" xlink:label="loc_eba_c19824" />
    <label:label xlink:type="resource" xlink:label="label_eba_c19824" xml:lang="en" xlink:role="http://www.xbrl.org/2008/role/label">Substitution of the exposure due to CRM</label:label>
    <gen:arc xlink:type="arc" xlink:arcrole="http://xbrl.org/arcrole/2008/element-label" xlink:from="loc_eba_c19824" xlink:to="label_eba_c19824" />
    <link:loc xlink:type="locator" xlink:href="c_07.00.d-rend.xml#eba_c19825" xlink:label="loc_eba_c19825" />
    <label:label xlink:type="resource" xlink:label="label_eba_c19825" xml:lang="en" xlink:role="http://www.xbrl.org/2008/role/label">(-) Total Outflows</label:label>
    <gen:arc xlink:type="arc" xlink:arcrole="http://xbrl.org/arcrole/2008/element-label" xlink:from="loc_eba_c19825" xlink:to="label_eba_c19825" />
    <link:loc xlink:type="locator" xlink:href="c_07.00.d-rend.xml#eba_c19826" xlink:label="loc_eba_c19826" />
    <label:label xlink:type="resource" xlink:label="label_eba_c19826" xml:lang="en" xlink:role="http://www.xbrl.org/2008/role/label">Total Inflows (+)</label:label>
    <gen:arc xlink:type="arc" xlink:arcrole="http://xbrl.org/arcrole/2008/element-label" xlink:from="loc_eba_c19826" xlink:to="label_eba_c19826" />
    <link:loc xlink:type="locator" xlink:href="c_07.00.d-rend.xml#eba_c19827" xlink:label="loc_eba_c19827" />
    <label:label xlink:type="resource" xlink:label="label_eba_c19827" xml:lang="en" xlink:role="http://www.xbrl.org/2008/role/label">Net exposure after CRM substitution effects pre conversion factors</label:label>
    <gen:arc xlink:type="arc" xlink:arcrole="http://xbrl.org/arcrole/2008/element-label" xlink:from="loc_eba_c19827" xlink:to="label_eba_c19827" />
    <link:loc xlink:type="locator" xlink:href="c_07.00.d-rend.xml#eba_c19828" xlink:label="loc_eba_c19828" />
    <label:label xlink:type="resource" xlink:label="label_eba_c19828" xml:lang="en" xlink:role="http://www.xbrl.org/2008/role/label">Credit risk mitigation techniques affecting the amount of the exposure: funded credit protection. Financial collateral comprehensive method</label:label>
    <gen:arc xlink:type="arc" xlink:arcrole="http://xbrl.org/arcrole/2008/element-label" xlink:from="loc_eba_c19828" xlink:to="label_eba_c19828" />
    <link:loc xlink:type="locator" xlink:href="c_07.00.d-rend.xml#eba_c19829" xlink:label="loc_eba_c19829" />
    <label:label xlink:type="resource" xlink:label="label_eba_c19829" xml:lang="en" xlink:role="http://www.xbrl.org/2008/role/label">Volatility adjustment to the exposure</label:label>
    <gen:arc xlink:type="arc" xlink:arcrole="http://xbrl.org/arcrole/2008/element-label" xlink:from="loc_eba_c19829" xlink:to="label_eba_c19829" />
    <link:loc xlink:type="locator" xlink:href="c_07.00.d-rend.xml#eba_c19830" xlink:label="loc_eba_c19830" />
    <label:label xlink:type="resource" xlink:label="label_eba_c19830" xml:lang="en" xlink:role="http://www.xbrl.org/2008/role/label">(-) Financial collateral: adjusted value (Cvam)</label:label>
    <gen:arc xlink:type="arc" xlink:arcrole="http://xbrl.org/arcrole/2008/element-label" xlink:from="loc_eba_c19830" xlink:to="label_eba_c19830" />
    <link:loc xlink:type="locator" xlink:href="c_07.00.d-rend.xml#eba_c19831" xlink:label="loc_eba_c19831" />
    <label:label xlink:type="resource" xlink:label="label_eba_c19831" xml:lang="en" xlink:role="http://www.xbrl.org/2008/role/label">Volatility and maturity adjustments</label:label>
    <gen:arc xlink:type="arc" xlink:arcrole="http://xbrl.org/arcrole/2008/element-label" xlink:from="loc_eba_c19831" xlink:to="label_eba_c19831" />
    <link:loc xlink:type="locator" xlink:href="c_07.00.d-rend.xml#eba_c19832" xlink:label="loc_eba_c19832" />
    <label:label xlink:type="resource" xlink:label="label_eba_c19832" xml:lang="en" xlink:role="http://www.xbrl.org/2008/role/label">Fully adjusted exposure value (E*)</label:label>
    <gen:arc xlink:type="arc" xlink:arcrole="http://xbrl.org/arcrole/2008/element-label" xlink:from="loc_eba_c19832" xlink:to="label_eba_c19832" />
    <link:loc xlink:type="locator" xlink:href="c_07.00.d-rend.xml#eba_c19833" xlink:label="loc_eba_c19833" />
    <label:label xlink:type="resource" xlink:label="label_eba_c19833" xml:lang="en" xlink:role="http://www.xbrl.org/2008/role/label">Breakdown of the fully adjusted exposure of off-balance sheet items by conversion factors</label:label>
    <gen:arc xlink:type="arc" xlink:arcrole="http://xbrl.org/arcrole/2008/element-label" xlink:from="loc_eba_c19833" xlink:to="label_eba_c19833" />
    <link:loc xlink:type="locator" xlink:href="c_07.00.d-rend.xml#eba_c19834" xlink:label="loc_eba_c19834" />
    <label:label xlink:type="resource" xlink:label="label_eba_c19834" xml:lang="en" xlink:role="http://www.xbrl.org/2008/role/label">0%</label:label>
    <gen:arc xlink:type="arc" xlink:arcrole="http://xbrl.org/arcrole/2008/element-label" xlink:from="loc_eba_c19834" xlink:to="label_eba_c19834" />
    <link:loc xlink:type="locator" xlink:href="c_07.00.d-rend.xml#eba_c19835" xlink:label="loc_eba_c19835" />
    <label:label xlink:type="resource" xlink:label="label_eba_c19835" xml:lang="en" xlink:role="http://www.xbrl.org/2008/role/label">20%</label:label>
    <gen:arc xlink:type="arc" xlink:arcrole="http://xbrl.org/arcrole/2008/element-label" xlink:from="loc_eba_c19835" xlink:to="label_eba_c19835" />
    <link:loc xlink:type="locator" xlink:href="c_07.00.d-rend.xml#eba_c19836" xlink:label="loc_eba_c19836" />
    <label:label xlink:type="resource" xlink:label="label_eba_c19836" xml:lang="en" xlink:role="http://www.xbrl.org/2008/role/label">50%</label:label>
    <gen:arc xlink:type="arc" xlink:arcrole="http://xbrl.org/arcrole/2008/element-label" xlink:from="loc_eba_c19836" xlink:to="label_eba_c19836" />
    <link:loc xlink:type="locator" xlink:href="c_07.00.d-rend.xml#eba_c19837" xlink:label="loc_eba_c19837" />
    <label:label xlink:type="resource" xlink:label="label_eba_c19837" xml:lang="en" xlink:role="http://www.xbrl.org/2008/role/label">100%</label:label>
    <gen:arc xlink:type="arc" xlink:arcrole="http://xbrl.org/arcrole/2008/element-label" xlink:from="loc_eba_c19837" xlink:to="label_eba_c19837" />
    <link:loc xlink:type="locator" xlink:href="c_07.00.d-rend.xml#eba_c19838" xlink:label="loc_eba_c19838" />
    <label:label xlink:type="resource" xlink:label="label_eba_c19838" xml:lang="en" xlink:role="http://www.xbrl.org/2008/role/label">Exposure value</label:label>
    <gen:arc xlink:type="arc" xlink:arcrole="http://xbrl.org/arcrole/2008/element-label" xlink:from="loc_eba_c19838" xlink:to="label_eba_c19838" />
    <link:loc xlink:type="locator" xlink:href="c_07.00.d-rend.xml#eba_c19839" xlink:label="loc_eba_c19839" />
    <label:label xlink:type="resource" xlink:label="label_eba_c19839" xml:lang="en" xlink:role="http://www.xbrl.org/2008/role/label">Of which: Arising from Counterparty Credit Risk</label:label>
    <gen:arc xlink:type="arc" xlink:arcrole="http://xbrl.org/arcrole/2008/element-label" xlink:from="loc_eba_c19839" xlink:to="label_eba_c19839" />
    <link:loc xlink:type="locator" xlink:href="c_07.00.d-rend.xml#eba_c19840" xlink:label="loc_eba_c19840" />
    <label:label xlink:type="resource" xlink:label="label_eba_c19840" xml:lang="en" xlink:role="http://www.xbrl.org/2008/role/label">Risk weighted exposure amount pre SME-supporting factor</label:label>
    <gen:arc xlink:type="arc" xlink:arcrole="http://xbrl.org/arcrole/2008/element-label" xlink:from="loc_eba_c19840" xlink:to="label_eba_c19840" />
    <link:loc xlink:type="locator" xlink:href="c_07.00.d-rend.xml#eba_c19841" xlink:label="loc_eba_c19841" />
    <label:label xlink:type="resource" xlink:label="label_eba_c19841" xml:lang="en" xlink:role="http://www.xbrl.org/2008/role/label">Risk weighted exposure amount after SME-supporting factor</label:label>
    <gen:arc xlink:type="arc" xlink:arcrole="http://xbrl.org/arcrole/2008/element-label" xlink:from="loc_eba_c19841" xlink:to="label_eba_c19841" />
    <link:loc xlink:type="locator" xlink:href="c_07.00.d-rend.xml#eba_c19842" xlink:label="loc_eba_c19842" />
    <label:label xlink:type="resource" xlink:label="label_eba_c19842" xml:lang="en" xlink:role="http://www.xbrl.org/2008/role/label">Of which: with a credit assessment by a nominated ECAI</label:label>
    <gen:arc xlink:type="arc" xlink:arcrole="http://xbrl.org/arcrole/2008/element-label" xlink:from="loc_eba_c19842" xlink:to="label_eba_c19842" />
    <link:loc xlink:type="locator" xlink:href="c_07.00.d-rend.xml#eba_c19843" xlink:label="loc_eba_c19843" />
    <label:label xlink:type="resource" xlink:label="label_eba_c19843" xml:lang="en" xlink:role="http://www.xbrl.org/2008/role/label">Of which: with a credit assessment derived from central government</label:label>
    <gen:arc xlink:type="arc" xlink:arcrole="http://xbrl.org/arcrole/2008/element-label" xlink:from="loc_eba_c19843" xlink:to="label_eba_c19843" />
    <link:loc xlink:type="locator" xlink:href="c_07.00.d-rend.xml#eba_a2" xlink:label="loc_eba_a2" />
    <label:label xlink:type="resource" xlink:label="label_eba_a2" xml:lang="en" xlink:role="http://www.xbrl.org/2008/role/label">Rows</label:label>
    <gen:arc xlink:type="arc" xlink:arcrole="http://xbrl.org/arcrole/2008/element-label" xlink:from="loc_eba_a2" xlink:to="label_eba_a2" />
    <link:loc xlink:type="locator" xlink:href="c_07.00.d-rend.xml#eba_c19844" xlink:label="loc_eba_c19844" />
    <label:label xlink:type="resource" xlink:label="label_eba_c19844" xml:lang="en" xlink:role="http://www.xbrl.org/2008/role/label">Memorandum items</label:label>
    <gen:arc xlink:type="arc" xlink:arcrole="http://xbrl.org/arcrole/2008/element-label" xlink:from="loc_eba_c19844" xlink:to="label_eba_c19844" />
    <link:loc xlink:type="locator" xlink:href="c_07.00.d-rend.xml#eba_c19845" xlink:label="loc_eba_c19845" />
    <label:label xlink:type="resource" xlink:label="label_eba_c19845" xml:lang="en" xlink:role="http://www.xbrl.org/2008/role/label">Exposures in default subject to a risk weight of 100%</label:label>
    <gen:arc xlink:type="arc" xlink:arcrole="http://xbrl.org/arcrole/2008/element-label" xlink:from="loc_eba_c19845" xlink:to="label_eba_c19845" />
    <link:loc xlink:type="locator" xlink:href="c_07.00.d-rend.xml#eba_c19846" xlink:label="loc_eba_c19846" />
    <label:label xlink:type="resource" xlink:label="label_eba_c19846" xml:lang="en" xlink:role="http://www.xbrl.org/2008/role/label">Exposures in default subject to a risk weight of 150%</label:label>
    <gen:arc xlink:type="arc" xlink:arcrole="http://xbrl.org/arcrole/2008/element-label" xlink:from="loc_eba_c19846" xlink:to="label_eba_c19846" />
    <link:loc xlink:type="locator" xlink:href="c_07.00.d-rend.xml#eba_a3" xlink:label="loc_eba_a3" />
    <label:label xlink:type="resource" xlink:label="label_eba_a3" xml:lang="en" xlink:role="http://www.xbrl.org/2008/role/label">Sheets</label:label>
    <gen:arc xlink:type="arc" xlink:arcrole="http://xbrl.org/arcrole/2008/element-label" xlink:from="loc_eba_a3" xlink:to="label_eba_a3" />
    <link:loc xlink:type="locator" xlink:href="c_07.00.d-rend.xml#eba_c19847" xlink:label="loc_eba_c19847" />
    <label:label xlink:type="resource" xlink:label="label_eba_c19847" xml:lang="en" xlink:role="http://www.xbrl.org/2008/role/label">Total</label:label>
    <gen:arc xlink:type="arc" xlink:arcrole="http://xbrl.org/arcrole/2008/element-label" xlink:from="loc_eba_c19847" xlink:to="label_eba_c19847" />
    <link:loc xlink:type="locator" xlink:href="c_07.00.d-rend.xml#eba_c19848" xlink:label="loc_eba_c19848" />
    <label:label xlink:type="resource" xlink:label="label_eba_c19848" xml:lang="en" xlink:role="http://www.xbrl.org/2008/role/label">Central governments or central banks</label:label>
    <gen:arc xlink:type="arc" xlink:arcrole="http://xbrl.org/arcrole/2008/element-label" xlink:from="loc_eba_c19848" xlink:to="label_eba_c19848" />
    <link:loc xlink:type="locator" xlink:href="c_07.00.d-rend.xml#eba_c19849" xlink:label="loc_eba_c19849" />
    <label:label xlink:type="resource" xlink:label="label_eba_c19849" xml:lang="en" xlink:role="http://www.xbrl.org/2008/role/label">Regional governments or local authorities</label:label>
    <gen:arc xlink:type="arc" xlink:arcrole="http://xbrl.org/arcrole/2008/element-label" xlink:from="loc_eba_c19849" xlink:to="label_eba_c19849" />
    <link:loc xlink:type="locator" xlink:href="c_07.00.d-rend.xml#eba_c19850" xlink:label="loc_eba_c19850" />
    <label:label xlink:type="resource" xlink:label="label_eba_c19850" xml:lang="en" xlink:role="http://www.xbrl.org/2008/role/label">Public sector entities</label:label>
    <gen:arc xlink:type="arc" xlink:arcrole="http://xbrl.org/arcrole/2008/element-label" xlink:from="loc_eba_c19850" xlink:to="label_eba_c19850" />
    <link:loc xlink:type="locator" xlink:href="c_07.00.d-rend.xml#eba_c19851" xlink:label="loc_eba_c19851" />
    <label:label xlink:type="resource" xlink:label="label_eba_c19851" xml:lang="en" xlink:role="http://www.xbrl.org/2008/role/label">Institutions</label:label>
    <gen:arc xlink:type="arc" xlink:arcrole="http://xbrl.org/arcrole/2008/element-label" xlink:from="loc_eba_c19851" xlink:to="label_eba_c19851" />
    <link:loc xlink:type="locator" xlink:href="c_07.00.d-rend.xml#eba_c19852" xlink:label="loc_eba_c19852" />
    <label:label xlink:type="resource" xlink:label="label_eba_c19852" xml:lang="en" xlink:role="http://www.xbrl.org/2008/role/label">Corporates</label:label>
    <gen:arc xlink:type="arc" xlink:arcrole="http://xbrl.org/arcrole/2008/element-label" xlink:from="loc_eba_c19852" xlink:to="label_eba_c19852" />
    <link:loc xlink:type="locator" xlink:href="c_07.00.d-rend.xml#eba_c19853" xlink:label="loc_eba_c19853" />
    <label:label xlink:type="resource" xlink:label="label_eba_c19853" xml:lang="en" xlink:role="http://www.xbrl.org/2008/role/label">Retail</label:label>
    <gen:arc xlink:type="arc" xlink:arcrole="http://xbrl.org/arcrole/2008/element-label" xlink:from="loc_eba_c19853" xlink:to="label_eba_c19853" />
  </gen:link>
</link:linkbase>