﻿<?xml version="1.0" encoding="utf-8"?>
<?taxonomy-version 2.0.1?>
<!--(C) EBA-->
<link:linkbase xmlns:xsi="http://www.w3.org/2001/XMLSchema-instance" xmlns:xlink="http://www.w3.org/1999/xlink" xmlns:link="http://www.xbrl.org/2003/linkbase" xmlns:gen="http://xbrl.org/2008/generic" xmlns:label="http://xbrl.org/2008/label" xsi:schemaLocation="http://www.xbrl.org/2003/linkbase http://www.xbrl.org/2003/xbrl-linkbase-2003-12-31.xsd http://xbrl.org/2008/generic http://www.xbrl.org/2008/generic-link.xsd http://xbrl.org/2008/label http://www.xbrl.org/2008/generic-label.xsd">
  <link:arcroleRef arcroleURI="http://xbrl.org/arcrole/2008/element-label" xlink:type="simple" xlink:href="http://www.xbrl.org/2008/generic-label.xsd#element-label" />
  <link:roleRef roleURI="http://www.eba.europa.eu/xbrl/role/dpm-db-id" xlink:type="simple" xlink:href="http://www.eba.europa.eu/eu/fr/xbrl/ext/model.xsd#dpm-db-id" />
  <link:roleRef roleURI="http://www.eurofiling.info/xbrl/role/filing-indicator-code" xlink:type="simple" xlink:href="http://www.eurofiling.info/eu/fr/xbrl/ext/model.xsd#filing-indicator-code" />
  <link:roleRef roleURI="http://www.eurofiling.info/xbrl/role/rc-code" xlink:type="simple" xlink:href="http://www.eurofiling.info/eu/fr/xbrl/ext/model.xsd#rc-code" />
  <gen:link xlink:type="extended" xlink:role="http://www.xbrl.org/2003/role/link">
    <link:loc xlink:type="locator" xlink:href="c_07.00.d-rend.xml#eba_tC_07.00.d" xlink:label="loc_eba_tC_07.00.d" />
    <label:label xlink:type="resource" xlink:label="label_eba_tC_07.00.d" xml:lang="en" xlink:role="http://www.eurofiling.info/xbrl/role/rc-code">C 07.00.d</label:label>
    <gen:arc xlink:type="arc" xlink:arcrole="http://xbrl.org/arcrole/2008/element-label" xlink:from="loc_eba_tC_07.00.d" xlink:to="label_eba_tC_07.00.d" />
    <link:loc xlink:type="locator" xlink:href="c_07.00.d-rend.xml#eba_c19813" xlink:label="loc_eba_c19813" />
    <label:label xlink:type="resource" xlink:label="label_eba_c19813" xml:lang="en" xlink:role="http://www.eurofiling.info/xbrl/role/rc-code">010</label:label>
    <gen:arc xlink:type="arc" xlink:arcrole="http://xbrl.org/arcrole/2008/element-label" xlink:from="loc_eba_c19813" xlink:to="label_eba_c19813" />
    <link:loc xlink:type="locator" xlink:href="c_07.00.d-rend.xml#eba_c19814" xlink:label="loc_eba_c19814" />
    <label:label xlink:type="resource" xlink:label="label_eba_c19814" xml:lang="en" xlink:role="http://www.eurofiling.info/xbrl/role/rc-code">020</label:label>
    <gen:arc xlink:type="arc" xlink:arcrole="http://xbrl.org/arcrole/2008/element-label" xlink:from="loc_eba_c19814" xlink:to="label_eba_c19814" />
    <link:loc xlink:type="locator" xlink:href="c_07.00.d-rend.xml#eba_c19815" xlink:label="loc_eba_c19815" />
    <label:label xlink:type="resource" xlink:label="label_eba_c19815" xml:lang="en" xlink:role="http://www.eurofiling.info/xbrl/role/rc-code">030</label:label>
    <gen:arc xlink:type="arc" xlink:arcrole="http://xbrl.org/arcrole/2008/element-label" xlink:from="loc_eba_c19815" xlink:to="label_eba_c19815" />
    <link:loc xlink:type="locator" xlink:href="c_07.00.d-rend.xml#eba_c19816" xlink:label="loc_eba_c19816" />
    <label:label xlink:type="resource" xlink:label="label_eba_c19816" xml:lang="en" xlink:role="http://www.eurofiling.info/xbrl/role/rc-code">040</label:label>
    <gen:arc xlink:type="arc" xlink:arcrole="http://xbrl.org/arcrole/2008/element-label" xlink:from="loc_eba_c19816" xlink:to="label_eba_c19816" />
    <link:loc xlink:type="locator" xlink:href="c_07.00.d-rend.xml#eba_c19817" xlink:label="loc_eba_c19817" />
    <label:label xlink:type="resource" xlink:label="label_eba_c19817" xml:lang="en" xlink:role="http://www.eurofiling.info/xbrl/role/rc-code">048</label:label>
    <gen:arc xlink:type="arc" xlink:arcrole="http://xbrl.org/arcrole/2008/element-label" xlink:from="loc_eba_c19817" xlink:to="label_eba_c19817" />
    <link:loc xlink:type="locator" xlink:href="c_07.00.d-rend.xml#eba_c19818" xlink:label="loc_eba_c19818" />
    <label:label xlink:type="resource" xlink:label="label_eba_c19818" xml:lang="en" xlink:role="http://www.eurofiling.info/xbrl/role/rc-code">049</label:label>
    <gen:arc xlink:type="arc" xlink:arcrole="http://xbrl.org/arcrole/2008/element-label" xlink:from="loc_eba_c19818" xlink:to="label_eba_c19818" />
    <link:loc xlink:type="locator" xlink:href="c_07.00.d-rend.xml#eba_c19819" xlink:label="loc_eba_c19819" />
    <label:label xlink:type="resource" xlink:label="label_eba_c19819" xml:lang="en" xlink:role="http://www.eurofiling.info/xbrl/role/rc-code">050</label:label>
    <gen:arc xlink:type="arc" xlink:arcrole="http://xbrl.org/arcrole/2008/element-label" xlink:from="loc_eba_c19819" xlink:to="label_eba_c19819" />
    <link:loc xlink:type="locator" xlink:href="c_07.00.d-rend.xml#eba_c19820" xlink:label="loc_eba_c19820" />
    <label:label xlink:type="resource" xlink:label="label_eba_c19820" xml:lang="en" xlink:role="http://www.eurofiling.info/xbrl/role/rc-code">060</label:label>
    <gen:arc xlink:type="arc" xlink:arcrole="http://xbrl.org/arcrole/2008/element-label" xlink:from="loc_eba_c19820" xlink:to="label_eba_c19820" />
    <link:loc xlink:type="locator" xlink:href="c_07.00.d-rend.xml#eba_c19821" xlink:label="loc_eba_c19821" />
    <label:label xlink:type="resource" xlink:label="label_eba_c19821" xml:lang="en" xlink:role="http://www.eurofiling.info/xbrl/role/rc-code">069</label:label>
    <gen:arc xlink:type="arc" xlink:arcrole="http://xbrl.org/arcrole/2008/element-label" xlink:from="loc_eba_c19821" xlink:to="label_eba_c19821" />
    <link:loc xlink:type="locator" xlink:href="c_07.00.d-rend.xml#eba_c19822" xlink:label="loc_eba_c19822" />
    <label:label xlink:type="resource" xlink:label="label_eba_c19822" xml:lang="en" xlink:role="http://www.eurofiling.info/xbrl/role/rc-code">070</label:label>
    <gen:arc xlink:type="arc" xlink:arcrole="http://xbrl.org/arcrole/2008/element-label" xlink:from="loc_eba_c19822" xlink:to="label_eba_c19822" />
    <link:loc xlink:type="locator" xlink:href="c_07.00.d-rend.xml#eba_c19823" xlink:label="loc_eba_c19823" />
    <label:label xlink:type="resource" xlink:label="label_eba_c19823" xml:lang="en" xlink:role="http://www.eurofiling.info/xbrl/role/rc-code">080</label:label>
    <gen:arc xlink:type="arc" xlink:arcrole="http://xbrl.org/arcrole/2008/element-label" xlink:from="loc_eba_c19823" xlink:to="label_eba_c19823" />
    <link:loc xlink:type="locator" xlink:href="c_07.00.d-rend.xml#eba_c19824" xlink:label="loc_eba_c19824" />
    <label:label xlink:type="resource" xlink:label="label_eba_c19824" xml:lang="en" xlink:role="http://www.eurofiling.info/xbrl/role/rc-code">089</label:label>
    <gen:arc xlink:type="arc" xlink:arcrole="http://xbrl.org/arcrole/2008/element-label" xlink:from="loc_eba_c19824" xlink:to="label_eba_c19824" />
    <link:loc xlink:type="locator" xlink:href="c_07.00.d-rend.xml#eba_c19825" xlink:label="loc_eba_c19825" />
    <label:label xlink:type="resource" xlink:label="label_eba_c19825" xml:lang="en" xlink:role="http://www.eurofiling.info/xbrl/role/rc-code">090</label:label>
    <gen:arc xlink:type="arc" xlink:arcrole="http://xbrl.org/arcrole/2008/element-label" xlink:from="loc_eba_c19825" xlink:to="label_eba_c19825" />
    <link:loc xlink:type="locator" xlink:href="c_07.00.d-rend.xml#eba_c19826" xlink:label="loc_eba_c19826" />
    <label:label xlink:type="resource" xlink:label="label_eba_c19826" xml:lang="en" xlink:role="http://www.eurofiling.info/xbrl/role/rc-code">100</label:label>
    <gen:arc xlink:type="arc" xlink:arcrole="http://xbrl.org/arcrole/2008/element-label" xlink:from="loc_eba_c19826" xlink:to="label_eba_c19826" />
    <link:loc xlink:type="locator" xlink:href="c_07.00.d-rend.xml#eba_c19827" xlink:label="loc_eba_c19827" />
    <label:label xlink:type="resource" xlink:label="label_eba_c19827" xml:lang="en" xlink:role="http://www.eurofiling.info/xbrl/role/rc-code">110</label:label>
    <gen:arc xlink:type="arc" xlink:arcrole="http://xbrl.org/arcrole/2008/element-label" xlink:from="loc_eba_c19827" xlink:to="label_eba_c19827" />
    <link:loc xlink:type="locator" xlink:href="c_07.00.d-rend.xml#eba_c19828" xlink:label="loc_eba_c19828" />
    <label:label xlink:type="resource" xlink:label="label_eba_c19828" xml:lang="en" xlink:role="http://www.eurofiling.info/xbrl/role/rc-code">119</label:label>
    <gen:arc xlink:type="arc" xlink:arcrole="http://xbrl.org/arcrole/2008/element-label" xlink:from="loc_eba_c19828" xlink:to="label_eba_c19828" />
    <link:loc xlink:type="locator" xlink:href="c_07.00.d-rend.xml#eba_c19829" xlink:label="loc_eba_c19829" />
    <label:label xlink:type="resource" xlink:label="label_eba_c19829" xml:lang="en" xlink:role="http://www.eurofiling.info/xbrl/role/rc-code">120</label:label>
    <gen:arc xlink:type="arc" xlink:arcrole="http://xbrl.org/arcrole/2008/element-label" xlink:from="loc_eba_c19829" xlink:to="label_eba_c19829" />
    <link:loc xlink:type="locator" xlink:href="c_07.00.d-rend.xml#eba_c19830" xlink:label="loc_eba_c19830" />
    <label:label xlink:type="resource" xlink:label="label_eba_c19830" xml:lang="en" xlink:role="http://www.eurofiling.info/xbrl/role/rc-code">130</label:label>
    <gen:arc xlink:type="arc" xlink:arcrole="http://xbrl.org/arcrole/2008/element-label" xlink:from="loc_eba_c19830" xlink:to="label_eba_c19830" />
    <link:loc xlink:type="locator" xlink:href="c_07.00.d-rend.xml#eba_c19831" xlink:label="loc_eba_c19831" />
    <label:label xlink:type="resource" xlink:label="label_eba_c19831" xml:lang="en" xlink:role="http://www.eurofiling.info/xbrl/role/rc-code">140</label:label>
    <gen:arc xlink:type="arc" xlink:arcrole="http://xbrl.org/arcrole/2008/element-label" xlink:from="loc_eba_c19831" xlink:to="label_eba_c19831" />
    <link:loc xlink:type="locator" xlink:href="c_07.00.d-rend.xml#eba_c19832" xlink:label="loc_eba_c19832" />
    <label:label xlink:type="resource" xlink:label="label_eba_c19832" xml:lang="en" xlink:role="http://www.eurofiling.info/xbrl/role/rc-code">150</label:label>
    <gen:arc xlink:type="arc" xlink:arcrole="http://xbrl.org/arcrole/2008/element-label" xlink:from="loc_eba_c19832" xlink:to="label_eba_c19832" />
    <link:loc xlink:type="locator" xlink:href="c_07.00.d-rend.xml#eba_c19833" xlink:label="loc_eba_c19833" />
    <label:label xlink:type="resource" xlink:label="label_eba_c19833" xml:lang="en" xlink:role="http://www.eurofiling.info/xbrl/role/rc-code">159</label:label>
    <gen:arc xlink:type="arc" xlink:arcrole="http://xbrl.org/arcrole/2008/element-label" xlink:from="loc_eba_c19833" xlink:to="label_eba_c19833" />
    <link:loc xlink:type="locator" xlink:href="c_07.00.d-rend.xml#eba_c19834" xlink:label="loc_eba_c19834" />
    <label:label xlink:type="resource" xlink:label="label_eba_c19834" xml:lang="en" xlink:role="http://www.eurofiling.info/xbrl/role/rc-code">160</label:label>
    <gen:arc xlink:type="arc" xlink:arcrole="http://xbrl.org/arcrole/2008/element-label" xlink:from="loc_eba_c19834" xlink:to="label_eba_c19834" />
    <link:loc xlink:type="locator" xlink:href="c_07.00.d-rend.xml#eba_c19835" xlink:label="loc_eba_c19835" />
    <label:label xlink:type="resource" xlink:label="label_eba_c19835" xml:lang="en" xlink:role="http://www.eurofiling.info/xbrl/role/rc-code">170</label:label>
    <gen:arc xlink:type="arc" xlink:arcrole="http://xbrl.org/arcrole/2008/element-label" xlink:from="loc_eba_c19835" xlink:to="label_eba_c19835" />
    <link:loc xlink:type="locator" xlink:href="c_07.00.d-rend.xml#eba_c19836" xlink:label="loc_eba_c19836" />
    <label:label xlink:type="resource" xlink:label="label_eba_c19836" xml:lang="en" xlink:role="http://www.eurofiling.info/xbrl/role/rc-code">180</label:label>
    <gen:arc xlink:type="arc" xlink:arcrole="http://xbrl.org/arcrole/2008/element-label" xlink:from="loc_eba_c19836" xlink:to="label_eba_c19836" />
    <link:loc xlink:type="locator" xlink:href="c_07.00.d-rend.xml#eba_c19837" xlink:label="loc_eba_c19837" />
    <label:label xlink:type="resource" xlink:label="label_eba_c19837" xml:lang="en" xlink:role="http://www.eurofiling.info/xbrl/role/rc-code">190</label:label>
    <gen:arc xlink:type="arc" xlink:arcrole="http://xbrl.org/arcrole/2008/element-label" xlink:from="loc_eba_c19837" xlink:to="label_eba_c19837" />
    <link:loc xlink:type="locator" xlink:href="c_07.00.d-rend.xml#eba_c19838" xlink:label="loc_eba_c19838" />
    <label:label xlink:type="resource" xlink:label="label_eba_c19838" xml:lang="en" xlink:role="http://www.eurofiling.info/xbrl/role/rc-code">200</label:label>
    <gen:arc xlink:type="arc" xlink:arcrole="http://xbrl.org/arcrole/2008/element-label" xlink:from="loc_eba_c19838" xlink:to="label_eba_c19838" />
    <link:loc xlink:type="locator" xlink:href="c_07.00.d-rend.xml#eba_c19839" xlink:label="loc_eba_c19839" />
    <label:label xlink:type="resource" xlink:label="label_eba_c19839" xml:lang="en" xlink:role="http://www.eurofiling.info/xbrl/role/rc-code">210</label:label>
    <gen:arc xlink:type="arc" xlink:arcrole="http://xbrl.org/arcrole/2008/element-label" xlink:from="loc_eba_c19839" xlink:to="label_eba_c19839" />
    <link:loc xlink:type="locator" xlink:href="c_07.00.d-rend.xml#eba_c19840" xlink:label="loc_eba_c19840" />
    <label:label xlink:type="resource" xlink:label="label_eba_c19840" xml:lang="en" xlink:role="http://www.eurofiling.info/xbrl/role/rc-code">215</label:label>
    <gen:arc xlink:type="arc" xlink:arcrole="http://xbrl.org/arcrole/2008/element-label" xlink:from="loc_eba_c19840" xlink:to="label_eba_c19840" />
    <link:loc xlink:type="locator" xlink:href="c_07.00.d-rend.xml#eba_c19841" xlink:label="loc_eba_c19841" />
    <label:label xlink:type="resource" xlink:label="label_eba_c19841" xml:lang="en" xlink:role="http://www.eurofiling.info/xbrl/role/rc-code">220</label:label>
    <gen:arc xlink:type="arc" xlink:arcrole="http://xbrl.org/arcrole/2008/element-label" xlink:from="loc_eba_c19841" xlink:to="label_eba_c19841" />
    <link:loc xlink:type="locator" xlink:href="c_07.00.d-rend.xml#eba_c19842" xlink:label="loc_eba_c19842" />
    <label:label xlink:type="resource" xlink:label="label_eba_c19842" xml:lang="en" xlink:role="http://www.eurofiling.info/xbrl/role/rc-code">230</label:label>
    <gen:arc xlink:type="arc" xlink:arcrole="http://xbrl.org/arcrole/2008/element-label" xlink:from="loc_eba_c19842" xlink:to="label_eba_c19842" />
    <link:loc xlink:type="locator" xlink:href="c_07.00.d-rend.xml#eba_c19843" xlink:label="loc_eba_c19843" />
    <label:label xlink:type="resource" xlink:label="label_eba_c19843" xml:lang="en" xlink:role="http://www.eurofiling.info/xbrl/role/rc-code">240</label:label>
    <gen:arc xlink:type="arc" xlink:arcrole="http://xbrl.org/arcrole/2008/element-label" xlink:from="loc_eba_c19843" xlink:to="label_eba_c19843" />
    <link:loc xlink:type="locator" xlink:href="c_07.00.d-rend.xml#eba_c19844" xlink:label="loc_eba_c19844" />
    <label:label xlink:type="resource" xlink:label="label_eba_c19844" xml:lang="en" xlink:role="http://www.eurofiling.info/xbrl/role/rc-code">285</label:label>
    <gen:arc xlink:type="arc" xlink:arcrole="http://xbrl.org/arcrole/2008/element-label" xlink:from="loc_eba_c19844" xlink:to="label_eba_c19844" />
    <link:loc xlink:type="locator" xlink:href="c_07.00.d-rend.xml#eba_c19845" xlink:label="loc_eba_c19845" />
    <label:label xlink:type="resource" xlink:label="label_eba_c19845" xml:lang="en" xlink:role="http://www.eurofiling.info/xbrl/role/rc-code">300</label:label>
    <gen:arc xlink:type="arc" xlink:arcrole="http://xbrl.org/arcrole/2008/element-label" xlink:from="loc_eba_c19845" xlink:to="label_eba_c19845" />
    <link:loc xlink:type="locator" xlink:href="c_07.00.d-rend.xml#eba_c19846" xlink:label="loc_eba_c19846" />
    <label:label xlink:type="resource" xlink:label="label_eba_c19846" xml:lang="en" xlink:role="http://www.eurofiling.info/xbrl/role/rc-code">320</label:label>
    <gen:arc xlink:type="arc" xlink:arcrole="http://xbrl.org/arcrole/2008/element-label" xlink:from="loc_eba_c19846" xlink:to="label_eba_c19846" />
    <link:loc xlink:type="locator" xlink:href="c_07.00.d-rend.xml#eba_c19847" xlink:label="loc_eba_c19847" />
    <label:label xlink:type="resource" xlink:label="label_eba_c19847" xml:lang="en" xlink:role="http://www.eurofiling.info/xbrl/role/rc-code">001</label:label>
    <gen:arc xlink:type="arc" xlink:arcrole="http://xbrl.org/arcrole/2008/element-label" xlink:from="loc_eba_c19847" xlink:to="label_eba_c19847" />
    <link:loc xlink:type="locator" xlink:href="c_07.00.d-rend.xml#eba_c19848" xlink:label="loc_eba_c19848" />
    <label:label xlink:type="resource" xlink:label="label_eba_c19848" xml:lang="en" xlink:role="http://www.eurofiling.info/xbrl/role/rc-code">002</label:label>
    <gen:arc xlink:type="arc" xlink:arcrole="http://xbrl.org/arcrole/2008/element-label" xlink:from="loc_eba_c19848" xlink:to="label_eba_c19848" />
    <link:loc xlink:type="locator" xlink:href="c_07.00.d-rend.xml#eba_c19849" xlink:label="loc_eba_c19849" />
    <label:label xlink:type="resource" xlink:label="label_eba_c19849" xml:lang="en" xlink:role="http://www.eurofiling.info/xbrl/role/rc-code">003</label:label>
    <gen:arc xlink:type="arc" xlink:arcrole="http://xbrl.org/arcrole/2008/element-label" xlink:from="loc_eba_c19849" xlink:to="label_eba_c19849" />
    <link:loc xlink:type="locator" xlink:href="c_07.00.d-rend.xml#eba_c19850" xlink:label="loc_eba_c19850" />
    <label:label xlink:type="resource" xlink:label="label_eba_c19850" xml:lang="en" xlink:role="http://www.eurofiling.info/xbrl/role/rc-code">004</label:label>
    <gen:arc xlink:type="arc" xlink:arcrole="http://xbrl.org/arcrole/2008/element-label" xlink:from="loc_eba_c19850" xlink:to="label_eba_c19850" />
    <link:loc xlink:type="locator" xlink:href="c_07.00.d-rend.xml#eba_c19851" xlink:label="loc_eba_c19851" />
    <label:label xlink:type="resource" xlink:label="label_eba_c19851" xml:lang="en" xlink:role="http://www.eurofiling.info/xbrl/role/rc-code">007</label:label>
    <gen:arc xlink:type="arc" xlink:arcrole="http://xbrl.org/arcrole/2008/element-label" xlink:from="loc_eba_c19851" xlink:to="label_eba_c19851" />
    <link:loc xlink:type="locator" xlink:href="c_07.00.d-rend.xml#eba_c19852" xlink:label="loc_eba_c19852" />
    <label:label xlink:type="resource" xlink:label="label_eba_c19852" xml:lang="en" xlink:role="http://www.eurofiling.info/xbrl/role/rc-code">008</label:label>
    <gen:arc xlink:type="arc" xlink:arcrole="http://xbrl.org/arcrole/2008/element-label" xlink:from="loc_eba_c19852" xlink:to="label_eba_c19852" />
    <link:loc xlink:type="locator" xlink:href="c_07.00.d-rend.xml#eba_c19853" xlink:label="loc_eba_c19853" />
    <label:label xlink:type="resource" xlink:label="label_eba_c19853" xml:lang="en" xlink:role="http://www.eurofiling.info/xbrl/role/rc-code">009</label:label>
    <gen:arc xlink:type="arc" xlink:arcrole="http://xbrl.org/arcrole/2008/element-label" xlink:from="loc_eba_c19853" xlink:to="label_eba_c19853" />
    <label:label xlink:type="resource" xlink:label="label_eba_tC_07.00.d_1" xml:lang="en" xlink:role="http://www.eurofiling.info/xbrl/role/filing-indicator-code">C_07.00</label:label>
    <gen:arc xlink:type="arc" xlink:arcrole="http://xbrl.org/arcrole/2008/element-label" xlink:from="loc_eba_tC_07.00.d" xlink:to="label_eba_tC_07.00.d_1" />
    <label:label xlink:type="resource" xlink:label="label_eba_tC_07.00.d_2" xml:lang="en" xlink:role="http://www.eba.europa.eu/xbrl/role/dpm-db-id">84</label:label>
    <gen:arc xlink:type="arc" xlink:arcrole="http://xbrl.org/arcrole/2008/element-label" xlink:from="loc_eba_tC_07.00.d" xlink:to="label_eba_tC_07.00.d_2" />
    <label:label xlink:type="resource" xlink:label="label_eba_c19813_1" xml:lang="en" xlink:role="http://www.eba.europa.eu/xbrl/role/dpm-db-id">19813</label:label>
    <gen:arc xlink:type="arc" xlink:arcrole="http://xbrl.org/arcrole/2008/element-label" xlink:from="loc_eba_c19813" xlink:to="label_eba_c19813_1" />
    <label:label xlink:type="resource" xlink:label="label_eba_c19814_1" xml:lang="en" xlink:role="http://www.eba.europa.eu/xbrl/role/dpm-db-id">19814</label:label>
    <gen:arc xlink:type="arc" xlink:arcrole="http://xbrl.org/arcrole/2008/element-label" xlink:from="loc_eba_c19814" xlink:to="label_eba_c19814_1" />
    <label:label xlink:type="resource" xlink:label="label_eba_c19815_1" xml:lang="en" xlink:role="http://www.eba.europa.eu/xbrl/role/dpm-db-id">19815</label:label>
    <gen:arc xlink:type="arc" xlink:arcrole="http://xbrl.org/arcrole/2008/element-label" xlink:from="loc_eba_c19815" xlink:to="label_eba_c19815_1" />
    <label:label xlink:type="resource" xlink:label="label_eba_c19816_1" xml:lang="en" xlink:role="http://www.eba.europa.eu/xbrl/role/dpm-db-id">19816</label:label>
    <gen:arc xlink:type="arc" xlink:arcrole="http://xbrl.org/arcrole/2008/element-label" xlink:from="loc_eba_c19816" xlink:to="label_eba_c19816_1" />
    <label:label xlink:type="resource" xlink:label="label_eba_c19817_1" xml:lang="en" xlink:role="http://www.eba.europa.eu/xbrl/role/dpm-db-id">19817</label:label>
    <gen:arc xlink:type="arc" xlink:arcrole="http://xbrl.org/arcrole/2008/element-label" xlink:from="loc_eba_c19817" xlink:to="label_eba_c19817_1" />
    <label:label xlink:type="resource" xlink:label="label_eba_c19818_1" xml:lang="en" xlink:role="http://www.eba.europa.eu/xbrl/role/dpm-db-id">19818</label:label>
    <gen:arc xlink:type="arc" xlink:arcrole="http://xbrl.org/arcrole/2008/element-label" xlink:from="loc_eba_c19818" xlink:to="label_eba_c19818_1" />
    <label:label xlink:type="resource" xlink:label="label_eba_c19819_1" xml:lang="en" xlink:role="http://www.eba.europa.eu/xbrl/role/dpm-db-id">19819</label:label>
    <gen:arc xlink:type="arc" xlink:arcrole="http://xbrl.org/arcrole/2008/element-label" xlink:from="loc_eba_c19819" xlink:to="label_eba_c19819_1" />
    <label:label xlink:type="resource" xlink:label="label_eba_c19820_1" xml:lang="en" xlink:role="http://www.eba.europa.eu/xbrl/role/dpm-db-id">19820</label:label>
    <gen:arc xlink:type="arc" xlink:arcrole="http://xbrl.org/arcrole/2008/element-label" xlink:from="loc_eba_c19820" xlink:to="label_eba_c19820_1" />
    <label:label xlink:type="resource" xlink:label="label_eba_c19821_1" xml:lang="en" xlink:role="http://www.eba.europa.eu/xbrl/role/dpm-db-id">19821</label:label>
    <gen:arc xlink:type="arc" xlink:arcrole="http://xbrl.org/arcrole/2008/element-label" xlink:from="loc_eba_c19821" xlink:to="label_eba_c19821_1" />
    <label:label xlink:type="resource" xlink:label="label_eba_c19822_1" xml:lang="en" xlink:role="http://www.eba.europa.eu/xbrl/role/dpm-db-id">19822</label:label>
    <gen:arc xlink:type="arc" xlink:arcrole="http://xbrl.org/arcrole/2008/element-label" xlink:from="loc_eba_c19822" xlink:to="label_eba_c19822_1" />
    <label:label xlink:type="resource" xlink:label="label_eba_c19823_1" xml:lang="en" xlink:role="http://www.eba.europa.eu/xbrl/role/dpm-db-id">19823</label:label>
    <gen:arc xlink:type="arc" xlink:arcrole="http://xbrl.org/arcrole/2008/element-label" xlink:from="loc_eba_c19823" xlink:to="label_eba_c19823_1" />
    <label:label xlink:type="resource" xlink:label="label_eba_c19824_1" xml:lang="en" xlink:role="http://www.eba.europa.eu/xbrl/role/dpm-db-id">19824</label:label>
    <gen:arc xlink:type="arc" xlink:arcrole="http://xbrl.org/arcrole/2008/element-label" xlink:from="loc_eba_c19824" xlink:to="label_eba_c19824_1" />
    <label:label xlink:type="resource" xlink:label="label_eba_c19825_1" xml:lang="en" xlink:role="http://www.eba.europa.eu/xbrl/role/dpm-db-id">19825</label:label>
    <gen:arc xlink:type="arc" xlink:arcrole="http://xbrl.org/arcrole/2008/element-label" xlink:from="loc_eba_c19825" xlink:to="label_eba_c19825_1" />
    <label:label xlink:type="resource" xlink:label="label_eba_c19826_1" xml:lang="en" xlink:role="http://www.eba.europa.eu/xbrl/role/dpm-db-id">19826</label:label>
    <gen:arc xlink:type="arc" xlink:arcrole="http://xbrl.org/arcrole/2008/element-label" xlink:from="loc_eba_c19826" xlink:to="label_eba_c19826_1" />
    <label:label xlink:type="resource" xlink:label="label_eba_c19827_1" xml:lang="en" xlink:role="http://www.eba.europa.eu/xbrl/role/dpm-db-id">19827</label:label>
    <gen:arc xlink:type="arc" xlink:arcrole="http://xbrl.org/arcrole/2008/element-label" xlink:from="loc_eba_c19827" xlink:to="label_eba_c19827_1" />
    <label:label xlink:type="resource" xlink:label="label_eba_c19828_1" xml:lang="en" xlink:role="http://www.eba.europa.eu/xbrl/role/dpm-db-id">19828</label:label>
    <gen:arc xlink:type="arc" xlink:arcrole="http://xbrl.org/arcrole/2008/element-label" xlink:from="loc_eba_c19828" xlink:to="label_eba_c19828_1" />
    <label:label xlink:type="resource" xlink:label="label_eba_c19829_1" xml:lang="en" xlink:role="http://www.eba.europa.eu/xbrl/role/dpm-db-id">19829</label:label>
    <gen:arc xlink:type="arc" xlink:arcrole="http://xbrl.org/arcrole/2008/element-label" xlink:from="loc_eba_c19829" xlink:to="label_eba_c19829_1" />
    <label:label xlink:type="resource" xlink:label="label_eba_c19830_1" xml:lang="en" xlink:role="http://www.eba.europa.eu/xbrl/role/dpm-db-id">19830</label:label>
    <gen:arc xlink:type="arc" xlink:arcrole="http://xbrl.org/arcrole/2008/element-label" xlink:from="loc_eba_c19830" xlink:to="label_eba_c19830_1" />
    <label:label xlink:type="resource" xlink:label="label_eba_c19831_1" xml:lang="en" xlink:role="http://www.eba.europa.eu/xbrl/role/dpm-db-id">19831</label:label>
    <gen:arc xlink:type="arc" xlink:arcrole="http://xbrl.org/arcrole/2008/element-label" xlink:from="loc_eba_c19831" xlink:to="label_eba_c19831_1" />
    <label:label xlink:type="resource" xlink:label="label_eba_c19832_1" xml:lang="en" xlink:role="http://www.eba.europa.eu/xbrl/role/dpm-db-id">19832</label:label>
    <gen:arc xlink:type="arc" xlink:arcrole="http://xbrl.org/arcrole/2008/element-label" xlink:from="loc_eba_c19832" xlink:to="label_eba_c19832_1" />
    <label:label xlink:type="resource" xlink:label="label_eba_c19833_1" xml:lang="en" xlink:role="http://www.eba.europa.eu/xbrl/role/dpm-db-id">19833</label:label>
    <gen:arc xlink:type="arc" xlink:arcrole="http://xbrl.org/arcrole/2008/element-label" xlink:from="loc_eba_c19833" xlink:to="label_eba_c19833_1" />
    <label:label xlink:type="resource" xlink:label="label_eba_c19834_1" xml:lang="en" xlink:role="http://www.eba.europa.eu/xbrl/role/dpm-db-id">19834</label:label>
    <gen:arc xlink:type="arc" xlink:arcrole="http://xbrl.org/arcrole/2008/element-label" xlink:from="loc_eba_c19834" xlink:to="label_eba_c19834_1" />
    <label:label xlink:type="resource" xlink:label="label_eba_c19835_1" xml:lang="en" xlink:role="http://www.eba.europa.eu/xbrl/role/dpm-db-id">19835</label:label>
    <gen:arc xlink:type="arc" xlink:arcrole="http://xbrl.org/arcrole/2008/element-label" xlink:from="loc_eba_c19835" xlink:to="label_eba_c19835_1" />
    <label:label xlink:type="resource" xlink:label="label_eba_c19836_1" xml:lang="en" xlink:role="http://www.eba.europa.eu/xbrl/role/dpm-db-id">19836</label:label>
    <gen:arc xlink:type="arc" xlink:arcrole="http://xbrl.org/arcrole/2008/element-label" xlink:from="loc_eba_c19836" xlink:to="label_eba_c19836_1" />
    <label:label xlink:type="resource" xlink:label="label_eba_c19837_1" xml:lang="en" xlink:role="http://www.eba.europa.eu/xbrl/role/dpm-db-id">19837</label:label>
    <gen:arc xlink:type="arc" xlink:arcrole="http://xbrl.org/arcrole/2008/element-label" xlink:from="loc_eba_c19837" xlink:to="label_eba_c19837_1" />
    <label:label xlink:type="resource" xlink:label="label_eba_c19838_1" xml:lang="en" xlink:role="http://www.eba.europa.eu/xbrl/role/dpm-db-id">19838</label:label>
    <gen:arc xlink:type="arc" xlink:arcrole="http://xbrl.org/arcrole/2008/element-label" xlink:from="loc_eba_c19838" xlink:to="label_eba_c19838_1" />
    <label:label xlink:type="resource" xlink:label="label_eba_c19839_1" xml:lang="en" xlink:role="http://www.eba.europa.eu/xbrl/role/dpm-db-id">19839</label:label>
    <gen:arc xlink:type="arc" xlink:arcrole="http://xbrl.org/arcrole/2008/element-label" xlink:from="loc_eba_c19839" xlink:to="label_eba_c19839_1" />
    <label:label xlink:type="resource" xlink:label="label_eba_c19840_1" xml:lang="en" xlink:role="http://www.eba.europa.eu/xbrl/role/dpm-db-id">19840</label:label>
    <gen:arc xlink:type="arc" xlink:arcrole="http://xbrl.org/arcrole/2008/element-label" xlink:from="loc_eba_c19840" xlink:to="label_eba_c19840_1" />
    <label:label xlink:type="resource" xlink:label="label_eba_c19841_1" xml:lang="en" xlink:role="http://www.eba.europa.eu/xbrl/role/dpm-db-id">19841</label:label>
    <gen:arc xlink:type="arc" xlink:arcrole="http://xbrl.org/arcrole/2008/element-label" xlink:from="loc_eba_c19841" xlink:to="label_eba_c19841_1" />
    <label:label xlink:type="resource" xlink:label="label_eba_c19842_1" xml:lang="en" xlink:role="http://www.eba.europa.eu/xbrl/role/dpm-db-id">19842</label:label>
    <gen:arc xlink:type="arc" xlink:arcrole="http://xbrl.org/arcrole/2008/element-label" xlink:from="loc_eba_c19842" xlink:to="label_eba_c19842_1" />
    <label:label xlink:type="resource" xlink:label="label_eba_c19843_1" xml:lang="en" xlink:role="http://www.eba.europa.eu/xbrl/role/dpm-db-id">19843</label:label>
    <gen:arc xlink:type="arc" xlink:arcrole="http://xbrl.org/arcrole/2008/element-label" xlink:from="loc_eba_c19843" xlink:to="label_eba_c19843_1" />
    <label:label xlink:type="resource" xlink:label="label_eba_c19844_1" xml:lang="en" xlink:role="http://www.eba.europa.eu/xbrl/role/dpm-db-id">19844</label:label>
    <gen:arc xlink:type="arc" xlink:arcrole="http://xbrl.org/arcrole/2008/element-label" xlink:from="loc_eba_c19844" xlink:to="label_eba_c19844_1" />
    <label:label xlink:type="resource" xlink:label="label_eba_c19845_1" xml:lang="en" xlink:role="http://www.eba.europa.eu/xbrl/role/dpm-db-id">19845</label:label>
    <gen:arc xlink:type="arc" xlink:arcrole="http://xbrl.org/arcrole/2008/element-label" xlink:from="loc_eba_c19845" xlink:to="label_eba_c19845_1" />
    <label:label xlink:type="resource" xlink:label="label_eba_c19846_1" xml:lang="en" xlink:role="http://www.eba.europa.eu/xbrl/role/dpm-db-id">19846</label:label>
    <gen:arc xlink:type="arc" xlink:arcrole="http://xbrl.org/arcrole/2008/element-label" xlink:from="loc_eba_c19846" xlink:to="label_eba_c19846_1" />
    <label:label xlink:type="resource" xlink:label="label_eba_c19847_1" xml:lang="en" xlink:role="http://www.eba.europa.eu/xbrl/role/dpm-db-id">19847</label:label>
    <gen:arc xlink:type="arc" xlink:arcrole="http://xbrl.org/arcrole/2008/element-label" xlink:from="loc_eba_c19847" xlink:to="label_eba_c19847_1" />
    <label:label xlink:type="resource" xlink:label="label_eba_c19848_1" xml:lang="en" xlink:role="http://www.eba.europa.eu/xbrl/role/dpm-db-id">19848</label:label>
    <gen:arc xlink:type="arc" xlink:arcrole="http://xbrl.org/arcrole/2008/element-label" xlink:from="loc_eba_c19848" xlink:to="label_eba_c19848_1" />
    <label:label xlink:type="resource" xlink:label="label_eba_c19849_1" xml:lang="en" xlink:role="http://www.eba.europa.eu/xbrl/role/dpm-db-id">19849</label:label>
    <gen:arc xlink:type="arc" xlink:arcrole="http://xbrl.org/arcrole/2008/element-label" xlink:from="loc_eba_c19849" xlink:to="label_eba_c19849_1" />
    <label:label xlink:type="resource" xlink:label="label_eba_c19850_1" xml:lang="en" xlink:role="http://www.eba.europa.eu/xbrl/role/dpm-db-id">19850</label:label>
    <gen:arc xlink:type="arc" xlink:arcrole="http://xbrl.org/arcrole/2008/element-label" xlink:from="loc_eba_c19850" xlink:to="label_eba_c19850_1" />
    <label:label xlink:type="resource" xlink:label="label_eba_c19851_1" xml:lang="en" xlink:role="http://www.eba.europa.eu/xbrl/role/dpm-db-id">19851</label:label>
    <gen:arc xlink:type="arc" xlink:arcrole="http://xbrl.org/arcrole/2008/element-label" xlink:from="loc_eba_c19851" xlink:to="label_eba_c19851_1" />
    <label:label xlink:type="resource" xlink:label="label_eba_c19852_1" xml:lang="en" xlink:role="http://www.eba.europa.eu/xbrl/role/dpm-db-id">19852</label:label>
    <gen:arc xlink:type="arc" xlink:arcrole="http://xbrl.org/arcrole/2008/element-label" xlink:from="loc_eba_c19852" xlink:to="label_eba_c19852_1" />
    <label:label xlink:type="resource" xlink:label="label_eba_c19853_1" xml:lang="en" xlink:role="http://www.eba.europa.eu/xbrl/role/dpm-db-id">19853</label:label>
    <gen:arc xlink:type="arc" xlink:arcrole="http://xbrl.org/arcrole/2008/element-label" xlink:from="loc_eba_c19853" xlink:to="label_eba_c19853_1" />
  </gen:link>
</link:linkbase>