﻿<?xml version="1.0" encoding="utf-8"?>
<?taxonomy-version 2.0.0?>
<!--(C) EBA-->
<link:linkbase xmlns:xsi="http://www.w3.org/2001/XMLSchema-instance" xmlns:xlink="http://www.w3.org/1999/xlink" xmlns:link="http://www.xbrl.org/2003/linkbase" xmlns:gen="http://xbrl.org/2008/generic" xmlns:label="http://xbrl.org/2008/label" xmlns:formula="http://xbrl.org/2008/formula" xmlns:df="http://xbrl.org/2008/filter/dimension" xmlns:table="http://xbrl.org/PWD/2013-05-17/table" xmlns:model="http://www.eurofiling.info/xbrl/ext/model" xmlns:eba_dim="http://www.eba.europa.eu/xbrl/crr/dict/dim" xmlns:eba_BA="http://www.eba.europa.eu/xbrl/crr/dict/dom/BA" xmlns:eba_TR="http://www.eba.europa.eu/xbrl/crr/dict/dom/TR" xmlns:eba_met="http://www.eba.europa.eu/xbrl/crr/dict/met" xmlns:eba_PU="http://www.eba.europa.eu/xbrl/crr/dict/dom/PU" xmlns:eba_CP="http://www.eba.europa.eu/xbrl/crr/dict/dom/CP" xmlns:eba_PC="http://www.eba.europa.eu/xbrl/crr/dict/dom/PC" xmlns:eba_ER="http://www.eba.europa.eu/xbrl/crr/dict/dom/ER" xmlns:eba_MC="http://www.eba.europa.eu/xbrl/crr/dict/dom/MC" xmlns:eba_EC="http://www.eba.europa.eu/xbrl/crr/dict/dom/EC" xmlns:eba_IM="http://www.eba.europa.eu/xbrl/crr/dict/dom/IM" xmlns:eba_PL="http://www.eba.europa.eu/xbrl/crr/dict/dom/PL" xmlns:eba_AP="http://www.eba.europa.eu/xbrl/crr/dict/dom/AP" xmlns:eba_CT="http://www.eba.europa.eu/xbrl/crr/dict/dom/CT" xsi:schemaLocation="http://www.xbrl.org/2003/linkbase http://www.xbrl.org/2003/xbrl-linkbase-2003-12-31.xsd http://xbrl.org/2008/generic http://www.xbrl.org/2008/generic-link.xsd http://xbrl.org/2008/label http://www.xbrl.org/2008/generic-label.xsd http://xbrl.org/2008/formula http://www.xbrl.org/2008/formula.xsd http://xbrl.org/2008/filter/dimension http://www.xbrl.org/2008/dimension-filter.xsd http://xbrl.org/PWD/2013-05-17/table http://www.xbrl.org/PWD/2013-05-17/table.xsd http://www.eurofiling.info/xbrl/ext/model http://www.eurofiling.info/eu/fr/xbrl/ext/model.xsd">
  <link:arcroleRef arcroleURI="http://xbrl.org/arcrole/PWD/2013-05-17/breakdown-tree" xlink:type="simple" xlink:href="http://www.xbrl.org/PWD/2013-05-17/table.xsd#breakdown-tree" />
  <link:arcroleRef arcroleURI="http://xbrl.org/arcrole/PWD/2013-05-17/definition-node-subtree" xlink:type="simple" xlink:href="http://www.xbrl.org/PWD/2013-05-17/table.xsd#definition-node-subtree" />
  <link:arcroleRef arcroleURI="http://xbrl.org/arcrole/PWD/2013-05-17/table-breakdown" xlink:type="simple" xlink:href="http://www.xbrl.org/PWD/2013-05-17/table.xsd#table-breakdown" />
  <link:roleRef roleURI="http://www.eba.europa.eu/xbrl/crr/role/fws/COREP/ITS-2013-02/2013-12-01/tab/C_07.00.d" xlink:type="simple" xlink:href="c_07.00.d.xsd#role" />
  <gen:link xlink:type="extended" xlink:role="http://www.eba.europa.eu/xbrl/crr/role/fws/COREP/ITS-2013-02/2013-12-01/tab/C_07.00.d">
    <table:table xlink:type="resource" xlink:label="eba_tC_07.00.d" aspectModel="dimensional" id="eba_tC_07.00.d" />
    <table:breakdown xlink:type="resource" xlink:label="eba_a1" parentChildOrder="parent-first" id="eba_a1" />
    <table:ruleNode xlink:type="resource" xlink:label="eba_a1.root" abstract="true" id="eba_a1.root">
      <formula:explicitDimension dimension="eba_dim:BAS">
        <formula:member>
          <formula:qname>eba_BA:x9</formula:qname>
        </formula:member>
      </formula:explicitDimension>
      <formula:explicitDimension dimension="eba_dim:TRI">
        <formula:member>
          <formula:qname>eba_TR:x4</formula:qname>
        </formula:member>
      </formula:explicitDimension>
    </table:ruleNode>
    <table:breakdownTreeArc xlink:type="arc" xlink:arcrole="http://xbrl.org/arcrole/PWD/2013-05-17/breakdown-tree" xlink:from="eba_a1" xlink:to="eba_a1.root" order="0" />
    <table:ruleNode xlink:type="resource" xlink:label="eba_c19813" id="eba_c19813">
      <formula:concept>
        <formula:qname>eba_met:mi180</formula:qname>
      </formula:concept>
    </table:ruleNode>
    <table:ruleNode xlink:type="resource" xlink:label="eba_c19814" id="eba_c19814">
      <formula:concept>
        <formula:qname>eba_met:mi180</formula:qname>
      </formula:concept>
      <formula:explicitDimension dimension="eba_dim:PUR">
        <formula:member>
          <formula:qname>eba_PU:x17</formula:qname>
        </formula:member>
      </formula:explicitDimension>
    </table:ruleNode>
    <table:definitionNodeSubtreeArc xlink:type="arc" xlink:arcrole="http://xbrl.org/arcrole/PWD/2013-05-17/definition-node-subtree" xlink:from="eba_c19813" xlink:to="eba_c19814" order="1" />
    <table:definitionNodeSubtreeArc xlink:type="arc" xlink:arcrole="http://xbrl.org/arcrole/PWD/2013-05-17/definition-node-subtree" xlink:from="eba_a1.root" xlink:to="eba_c19813" order="1" />
    <table:ruleNode xlink:type="resource" xlink:label="eba_c19815" id="eba_c19815">
      <formula:concept>
        <formula:qname>eba_met:mi253</formula:qname>
      </formula:concept>
    </table:ruleNode>
    <table:definitionNodeSubtreeArc xlink:type="arc" xlink:arcrole="http://xbrl.org/arcrole/PWD/2013-05-17/definition-node-subtree" xlink:from="eba_a1.root" xlink:to="eba_c19815" order="2" />
    <table:ruleNode xlink:type="resource" xlink:label="eba_c19816" id="eba_c19816">
      <formula:concept>
        <formula:qname>eba_met:mi118</formula:qname>
      </formula:concept>
    </table:ruleNode>
    <table:definitionNodeSubtreeArc xlink:type="arc" xlink:arcrole="http://xbrl.org/arcrole/PWD/2013-05-17/definition-node-subtree" xlink:from="eba_a1.root" xlink:to="eba_c19816" order="3" />
    <table:ruleNode xlink:type="resource" xlink:label="eba_c19817" abstract="true" id="eba_c19817" />
    <table:ruleNode xlink:type="resource" xlink:label="eba_c19818" abstract="true" id="eba_c19818" />
    <table:ruleNode xlink:type="resource" xlink:label="eba_c19819" id="eba_c19819">
      <formula:concept>
        <formula:qname>eba_met:mi96</formula:qname>
      </formula:concept>
      <formula:explicitDimension dimension="eba_dim:CRM">
        <formula:member>
          <formula:qname>eba_CP:x22</formula:qname>
        </formula:member>
      </formula:explicitDimension>
    </table:ruleNode>
    <table:definitionNodeSubtreeArc xlink:type="arc" xlink:arcrole="http://xbrl.org/arcrole/PWD/2013-05-17/definition-node-subtree" xlink:from="eba_c19818" xlink:to="eba_c19819" order="1" />
    <table:ruleNode xlink:type="resource" xlink:label="eba_c19820" id="eba_c19820">
      <formula:concept>
        <formula:qname>eba_met:mi94</formula:qname>
      </formula:concept>
      <formula:explicitDimension dimension="eba_dim:CRM">
        <formula:member>
          <formula:qname>eba_CP:x3</formula:qname>
        </formula:member>
      </formula:explicitDimension>
    </table:ruleNode>
    <table:definitionNodeSubtreeArc xlink:type="arc" xlink:arcrole="http://xbrl.org/arcrole/PWD/2013-05-17/definition-node-subtree" xlink:from="eba_c19818" xlink:to="eba_c19820" order="2" />
    <table:definitionNodeSubtreeArc xlink:type="arc" xlink:arcrole="http://xbrl.org/arcrole/PWD/2013-05-17/definition-node-subtree" xlink:from="eba_c19817" xlink:to="eba_c19818" order="1" />
    <table:ruleNode xlink:type="resource" xlink:label="eba_c19821" abstract="true" id="eba_c19821" />
    <table:ruleNode xlink:type="resource" xlink:label="eba_c19822" id="eba_c19822">
      <formula:concept>
        <formula:qname>eba_met:mi95</formula:qname>
      </formula:concept>
      <formula:explicitDimension dimension="eba_dim:CRM">
        <formula:member>
          <formula:qname>eba_CP:x13</formula:qname>
        </formula:member>
      </formula:explicitDimension>
    </table:ruleNode>
    <table:definitionNodeSubtreeArc xlink:type="arc" xlink:arcrole="http://xbrl.org/arcrole/PWD/2013-05-17/definition-node-subtree" xlink:from="eba_c19821" xlink:to="eba_c19822" order="1" />
    <table:ruleNode xlink:type="resource" xlink:label="eba_c19823" id="eba_c19823">
      <formula:concept>
        <formula:qname>eba_met:mi97</formula:qname>
      </formula:concept>
      <formula:explicitDimension dimension="eba_dim:CRM">
        <formula:member>
          <formula:qname>eba_CP:x19</formula:qname>
        </formula:member>
      </formula:explicitDimension>
    </table:ruleNode>
    <table:definitionNodeSubtreeArc xlink:type="arc" xlink:arcrole="http://xbrl.org/arcrole/PWD/2013-05-17/definition-node-subtree" xlink:from="eba_c19821" xlink:to="eba_c19823" order="2" />
    <table:definitionNodeSubtreeArc xlink:type="arc" xlink:arcrole="http://xbrl.org/arcrole/PWD/2013-05-17/definition-node-subtree" xlink:from="eba_c19817" xlink:to="eba_c19821" order="2" />
    <table:ruleNode xlink:type="resource" xlink:label="eba_c19824" abstract="true" id="eba_c19824">
      <formula:explicitDimension dimension="eba_dim:CRM">
        <formula:member>
          <formula:qname>eba_CP:x10</formula:qname>
        </formula:member>
      </formula:explicitDimension>
    </table:ruleNode>
    <table:ruleNode xlink:type="resource" xlink:label="eba_c19825" id="eba_c19825">
      <formula:concept>
        <formula:qname>eba_met:mi100</formula:qname>
      </formula:concept>
    </table:ruleNode>
    <table:definitionNodeSubtreeArc xlink:type="arc" xlink:arcrole="http://xbrl.org/arcrole/PWD/2013-05-17/definition-node-subtree" xlink:from="eba_c19824" xlink:to="eba_c19825" order="1" />
    <table:ruleNode xlink:type="resource" xlink:label="eba_c19826" id="eba_c19826">
      <formula:concept>
        <formula:qname>eba_met:mi88</formula:qname>
      </formula:concept>
    </table:ruleNode>
    <table:definitionNodeSubtreeArc xlink:type="arc" xlink:arcrole="http://xbrl.org/arcrole/PWD/2013-05-17/definition-node-subtree" xlink:from="eba_c19824" xlink:to="eba_c19826" order="2" />
    <table:definitionNodeSubtreeArc xlink:type="arc" xlink:arcrole="http://xbrl.org/arcrole/PWD/2013-05-17/definition-node-subtree" xlink:from="eba_c19817" xlink:to="eba_c19824" order="3" />
    <table:definitionNodeSubtreeArc xlink:type="arc" xlink:arcrole="http://xbrl.org/arcrole/PWD/2013-05-17/definition-node-subtree" xlink:from="eba_a1.root" xlink:to="eba_c19817" order="4" />
    <table:ruleNode xlink:type="resource" xlink:label="eba_c19827" id="eba_c19827">
      <formula:concept>
        <formula:qname>eba_met:mi117</formula:qname>
      </formula:concept>
    </table:ruleNode>
    <table:definitionNodeSubtreeArc xlink:type="arc" xlink:arcrole="http://xbrl.org/arcrole/PWD/2013-05-17/definition-node-subtree" xlink:from="eba_a1.root" xlink:to="eba_c19827" order="5" />
    <table:ruleNode xlink:type="resource" xlink:label="eba_c19828" abstract="true" id="eba_c19828">
      <formula:explicitDimension dimension="eba_dim:CRM">
        <formula:member>
          <formula:qname>eba_CP:x6</formula:qname>
        </formula:member>
      </formula:explicitDimension>
    </table:ruleNode>
    <table:ruleNode xlink:type="resource" xlink:label="eba_c19829" id="eba_c19829">
      <formula:concept>
        <formula:qname>eba_met:mi101</formula:qname>
      </formula:concept>
    </table:ruleNode>
    <table:definitionNodeSubtreeArc xlink:type="arc" xlink:arcrole="http://xbrl.org/arcrole/PWD/2013-05-17/definition-node-subtree" xlink:from="eba_c19828" xlink:to="eba_c19829" order="1" />
    <table:ruleNode xlink:type="resource" xlink:label="eba_c19830" id="eba_c19830">
      <formula:concept>
        <formula:qname>eba_met:mi90</formula:qname>
      </formula:concept>
    </table:ruleNode>
    <table:ruleNode xlink:type="resource" xlink:label="eba_c19831" id="eba_c19831">
      <formula:concept>
        <formula:qname>eba_met:mi102</formula:qname>
      </formula:concept>
    </table:ruleNode>
    <table:definitionNodeSubtreeArc xlink:type="arc" xlink:arcrole="http://xbrl.org/arcrole/PWD/2013-05-17/definition-node-subtree" xlink:from="eba_c19830" xlink:to="eba_c19831" order="1" />
    <table:definitionNodeSubtreeArc xlink:type="arc" xlink:arcrole="http://xbrl.org/arcrole/PWD/2013-05-17/definition-node-subtree" xlink:from="eba_c19828" xlink:to="eba_c19830" order="2" />
    <table:definitionNodeSubtreeArc xlink:type="arc" xlink:arcrole="http://xbrl.org/arcrole/PWD/2013-05-17/definition-node-subtree" xlink:from="eba_a1.root" xlink:to="eba_c19828" order="6" />
    <table:ruleNode xlink:type="resource" xlink:label="eba_c19832" id="eba_c19832">
      <formula:concept>
        <formula:qname>eba_met:mi132</formula:qname>
      </formula:concept>
    </table:ruleNode>
    <table:definitionNodeSubtreeArc xlink:type="arc" xlink:arcrole="http://xbrl.org/arcrole/PWD/2013-05-17/definition-node-subtree" xlink:from="eba_a1.root" xlink:to="eba_c19832" order="7" />
    <table:ruleNode xlink:type="resource" xlink:label="eba_c19833" abstract="true" id="eba_c19833" />
    <table:ruleNode xlink:type="resource" xlink:label="eba_c19834" id="eba_c19834">
      <formula:concept>
        <formula:qname>eba_met:mi132</formula:qname>
      </formula:concept>
      <formula:explicitDimension dimension="eba_dim:CFO">
        <formula:member>
          <formula:qname>eba_PC:x1</formula:qname>
        </formula:member>
      </formula:explicitDimension>
    </table:ruleNode>
    <table:definitionNodeSubtreeArc xlink:type="arc" xlink:arcrole="http://xbrl.org/arcrole/PWD/2013-05-17/definition-node-subtree" xlink:from="eba_c19833" xlink:to="eba_c19834" order="1" />
    <table:ruleNode xlink:type="resource" xlink:label="eba_c19835" id="eba_c19835">
      <formula:concept>
        <formula:qname>eba_met:mi132</formula:qname>
      </formula:concept>
      <formula:explicitDimension dimension="eba_dim:CFO">
        <formula:member>
          <formula:qname>eba_PC:x8</formula:qname>
        </formula:member>
      </formula:explicitDimension>
    </table:ruleNode>
    <table:definitionNodeSubtreeArc xlink:type="arc" xlink:arcrole="http://xbrl.org/arcrole/PWD/2013-05-17/definition-node-subtree" xlink:from="eba_c19833" xlink:to="eba_c19835" order="2" />
    <table:ruleNode xlink:type="resource" xlink:label="eba_c19836" id="eba_c19836">
      <formula:concept>
        <formula:qname>eba_met:mi132</formula:qname>
      </formula:concept>
      <formula:explicitDimension dimension="eba_dim:CFO">
        <formula:member>
          <formula:qname>eba_PC:x10</formula:qname>
        </formula:member>
      </formula:explicitDimension>
    </table:ruleNode>
    <table:definitionNodeSubtreeArc xlink:type="arc" xlink:arcrole="http://xbrl.org/arcrole/PWD/2013-05-17/definition-node-subtree" xlink:from="eba_c19833" xlink:to="eba_c19836" order="3" />
    <table:ruleNode xlink:type="resource" xlink:label="eba_c19837" id="eba_c19837">
      <formula:concept>
        <formula:qname>eba_met:mi132</formula:qname>
      </formula:concept>
      <formula:explicitDimension dimension="eba_dim:CFO">
        <formula:member>
          <formula:qname>eba_PC:x14</formula:qname>
        </formula:member>
      </formula:explicitDimension>
    </table:ruleNode>
    <table:definitionNodeSubtreeArc xlink:type="arc" xlink:arcrole="http://xbrl.org/arcrole/PWD/2013-05-17/definition-node-subtree" xlink:from="eba_c19833" xlink:to="eba_c19837" order="4" />
    <table:definitionNodeSubtreeArc xlink:type="arc" xlink:arcrole="http://xbrl.org/arcrole/PWD/2013-05-17/definition-node-subtree" xlink:from="eba_a1.root" xlink:to="eba_c19833" order="8" />
    <table:ruleNode xlink:type="resource" xlink:label="eba_c19838" id="eba_c19838">
      <formula:concept>
        <formula:qname>eba_met:mi125</formula:qname>
      </formula:concept>
    </table:ruleNode>
    <table:ruleNode xlink:type="resource" xlink:label="eba_c19839" id="eba_c19839">
      <formula:concept>
        <formula:qname>eba_met:mi119</formula:qname>
      </formula:concept>
      <formula:explicitDimension dimension="eba_dim:TRI">
        <formula:member>
          <formula:qname>eba_TR:x1</formula:qname>
        </formula:member>
      </formula:explicitDimension>
    </table:ruleNode>
    <table:definitionNodeSubtreeArc xlink:type="arc" xlink:arcrole="http://xbrl.org/arcrole/PWD/2013-05-17/definition-node-subtree" xlink:from="eba_c19838" xlink:to="eba_c19839" order="1" />
    <table:definitionNodeSubtreeArc xlink:type="arc" xlink:arcrole="http://xbrl.org/arcrole/PWD/2013-05-17/definition-node-subtree" xlink:from="eba_a1.root" xlink:to="eba_c19838" order="9" />
    <table:ruleNode xlink:type="resource" xlink:label="eba_c19840" id="eba_c19840">
      <formula:concept>
        <formula:qname>eba_met:mi309</formula:qname>
      </formula:concept>
    </table:ruleNode>
    <table:definitionNodeSubtreeArc xlink:type="arc" xlink:arcrole="http://xbrl.org/arcrole/PWD/2013-05-17/definition-node-subtree" xlink:from="eba_a1.root" xlink:to="eba_c19840" order="10" />
    <table:ruleNode xlink:type="resource" xlink:label="eba_c19841" id="eba_c19841">
      <formula:concept>
        <formula:qname>eba_met:mi310</formula:qname>
      </formula:concept>
    </table:ruleNode>
    <table:ruleNode xlink:type="resource" xlink:label="eba_c19842" id="eba_c19842">
      <formula:concept>
        <formula:qname>eba_met:mi310</formula:qname>
      </formula:concept>
      <formula:explicitDimension dimension="eba_dim:EXT">
        <formula:member>
          <formula:qname>eba_ER:x7</formula:qname>
        </formula:member>
      </formula:explicitDimension>
    </table:ruleNode>
    <table:definitionNodeSubtreeArc xlink:type="arc" xlink:arcrole="http://xbrl.org/arcrole/PWD/2013-05-17/definition-node-subtree" xlink:from="eba_c19841" xlink:to="eba_c19842" order="1" />
    <table:ruleNode xlink:type="resource" xlink:label="eba_c19843" id="eba_c19843">
      <formula:concept>
        <formula:qname>eba_met:mi310</formula:qname>
      </formula:concept>
      <formula:explicitDimension dimension="eba_dim:EXT">
        <formula:member>
          <formula:qname>eba_ER:x10</formula:qname>
        </formula:member>
      </formula:explicitDimension>
    </table:ruleNode>
    <table:definitionNodeSubtreeArc xlink:type="arc" xlink:arcrole="http://xbrl.org/arcrole/PWD/2013-05-17/definition-node-subtree" xlink:from="eba_c19841" xlink:to="eba_c19843" order="2" />
    <table:definitionNodeSubtreeArc xlink:type="arc" xlink:arcrole="http://xbrl.org/arcrole/PWD/2013-05-17/definition-node-subtree" xlink:from="eba_a1.root" xlink:to="eba_c19841" order="11" />
    <table:tableBreakdownArc xlink:type="arc" xlink:arcrole="http://xbrl.org/arcrole/PWD/2013-05-17/table-breakdown" xlink:from="eba_tC_07.00.d" xlink:to="eba_a1" axis="x" order="1" />
    <table:breakdown xlink:type="resource" xlink:label="eba_a2" parentChildOrder="parent-first" id="eba_a2" />
    <table:ruleNode xlink:type="resource" xlink:label="eba_a2.root" abstract="true" id="eba_a2.root">
      <formula:explicitDimension dimension="eba_dim:MCY">
        <formula:member>
          <formula:qname>eba_MC:x195</formula:qname>
        </formula:member>
      </formula:explicitDimension>
      <formula:explicitDimension dimension="eba_dim:EXC">
        <formula:member>
          <formula:qname>eba_EC:x12</formula:qname>
        </formula:member>
      </formula:explicitDimension>
      <formula:explicitDimension dimension="eba_dim:IMS">
        <formula:member>
          <formula:qname>eba_IM:x3</formula:qname>
        </formula:member>
      </formula:explicitDimension>
      <formula:explicitDimension dimension="eba_dim:PRP">
        <formula:member>
          <formula:qname>eba_PL:x10</formula:qname>
        </formula:member>
      </formula:explicitDimension>
    </table:ruleNode>
    <table:breakdownTreeArc xlink:type="arc" xlink:arcrole="http://xbrl.org/arcrole/PWD/2013-05-17/breakdown-tree" xlink:from="eba_a2" xlink:to="eba_a2.root" order="0" />
    <table:ruleNode xlink:type="resource" xlink:label="eba_c19844" abstract="true" id="eba_c19844" />
    <table:ruleNode xlink:type="resource" xlink:label="eba_c19845" id="eba_c19845">
      <formula:explicitDimension dimension="eba_dim:RWS">
        <formula:member>
          <formula:qname>eba_PC:x14</formula:qname>
        </formula:member>
      </formula:explicitDimension>
    </table:ruleNode>
    <table:definitionNodeSubtreeArc xlink:type="arc" xlink:arcrole="http://xbrl.org/arcrole/PWD/2013-05-17/definition-node-subtree" xlink:from="eba_c19844" xlink:to="eba_c19845" order="1" />
    <table:ruleNode xlink:type="resource" xlink:label="eba_c19846" id="eba_c19846">
      <formula:explicitDimension dimension="eba_dim:RWS">
        <formula:member>
          <formula:qname>eba_PC:x16</formula:qname>
        </formula:member>
      </formula:explicitDimension>
    </table:ruleNode>
    <table:definitionNodeSubtreeArc xlink:type="arc" xlink:arcrole="http://xbrl.org/arcrole/PWD/2013-05-17/definition-node-subtree" xlink:from="eba_c19844" xlink:to="eba_c19846" order="2" />
    <table:definitionNodeSubtreeArc xlink:type="arc" xlink:arcrole="http://xbrl.org/arcrole/PWD/2013-05-17/definition-node-subtree" xlink:from="eba_a2.root" xlink:to="eba_c19844" order="1" />
    <table:tableBreakdownArc xlink:type="arc" xlink:arcrole="http://xbrl.org/arcrole/PWD/2013-05-17/table-breakdown" xlink:from="eba_tC_07.00.d" xlink:to="eba_a2" axis="y" order="2" />
    <table:breakdown xlink:type="resource" xlink:label="eba_a3" parentChildOrder="parent-first" id="eba_a3" />
    <table:ruleNode xlink:type="resource" xlink:label="eba_a3.root" abstract="true" id="eba_a3.root">
      <formula:explicitDimension dimension="eba_dim:APR">
        <formula:member>
          <formula:qname>eba_AP:x42</formula:qname>
        </formula:member>
      </formula:explicitDimension>
    </table:ruleNode>
    <table:breakdownTreeArc xlink:type="arc" xlink:arcrole="http://xbrl.org/arcrole/PWD/2013-05-17/breakdown-tree" xlink:from="eba_a3" xlink:to="eba_a3.root" order="0" />
    <table:ruleNode xlink:type="resource" xlink:label="eba_c19847" id="eba_c19847" />
    <table:definitionNodeSubtreeArc xlink:type="arc" xlink:arcrole="http://xbrl.org/arcrole/PWD/2013-05-17/definition-node-subtree" xlink:from="eba_a3.root" xlink:to="eba_c19847" order="1" />
    <table:ruleNode xlink:type="resource" xlink:label="eba_c19848" id="eba_c19848">
      <formula:explicitDimension dimension="eba_dim:CPS">
        <formula:member>
          <formula:qname>eba_CT:x2</formula:qname>
        </formula:member>
      </formula:explicitDimension>
      <formula:explicitDimension dimension="eba_dim:ECB">
        <formula:member>
          <formula:qname>eba_EC:x16</formula:qname>
        </formula:member>
      </formula:explicitDimension>
    </table:ruleNode>
    <table:definitionNodeSubtreeArc xlink:type="arc" xlink:arcrole="http://xbrl.org/arcrole/PWD/2013-05-17/definition-node-subtree" xlink:from="eba_a3.root" xlink:to="eba_c19848" order="2" />
    <table:ruleNode xlink:type="resource" xlink:label="eba_c19849" id="eba_c19849">
      <formula:explicitDimension dimension="eba_dim:CPS">
        <formula:member>
          <formula:qname>eba_CT:x16</formula:qname>
        </formula:member>
      </formula:explicitDimension>
      <formula:explicitDimension dimension="eba_dim:ECB">
        <formula:member>
          <formula:qname>eba_EC:x23</formula:qname>
        </formula:member>
      </formula:explicitDimension>
    </table:ruleNode>
    <table:definitionNodeSubtreeArc xlink:type="arc" xlink:arcrole="http://xbrl.org/arcrole/PWD/2013-05-17/definition-node-subtree" xlink:from="eba_a3.root" xlink:to="eba_c19849" order="3" />
    <table:ruleNode xlink:type="resource" xlink:label="eba_c19850" id="eba_c19850">
      <formula:explicitDimension dimension="eba_dim:CPS">
        <formula:member>
          <formula:qname>eba_CT:x19</formula:qname>
        </formula:member>
      </formula:explicitDimension>
      <formula:explicitDimension dimension="eba_dim:ECB">
        <formula:member>
          <formula:qname>eba_EC:x22</formula:qname>
        </formula:member>
      </formula:explicitDimension>
    </table:ruleNode>
    <table:definitionNodeSubtreeArc xlink:type="arc" xlink:arcrole="http://xbrl.org/arcrole/PWD/2013-05-17/definition-node-subtree" xlink:from="eba_a3.root" xlink:to="eba_c19850" order="4" />
    <table:ruleNode xlink:type="resource" xlink:label="eba_c19851" id="eba_c19851">
      <formula:explicitDimension dimension="eba_dim:CPS">
        <formula:member>
          <formula:qname>eba_CT:x6</formula:qname>
        </formula:member>
      </formula:explicitDimension>
      <formula:explicitDimension dimension="eba_dim:ECB">
        <formula:member>
          <formula:qname>eba_EC:x19</formula:qname>
        </formula:member>
      </formula:explicitDimension>
    </table:ruleNode>
    <table:definitionNodeSubtreeArc xlink:type="arc" xlink:arcrole="http://xbrl.org/arcrole/PWD/2013-05-17/definition-node-subtree" xlink:from="eba_a3.root" xlink:to="eba_c19851" order="5" />
    <table:ruleNode xlink:type="resource" xlink:label="eba_c19852" id="eba_c19852">
      <formula:explicitDimension dimension="eba_dim:CPS">
        <formula:member>
          <formula:qname>eba_CT:x51</formula:qname>
        </formula:member>
      </formula:explicitDimension>
      <formula:explicitDimension dimension="eba_dim:ECB">
        <formula:member>
          <formula:qname>eba_EC:x17</formula:qname>
        </formula:member>
      </formula:explicitDimension>
    </table:ruleNode>
    <table:definitionNodeSubtreeArc xlink:type="arc" xlink:arcrole="http://xbrl.org/arcrole/PWD/2013-05-17/definition-node-subtree" xlink:from="eba_a3.root" xlink:to="eba_c19852" order="6" />
    <table:ruleNode xlink:type="resource" xlink:label="eba_c19853" id="eba_c19853">
      <formula:explicitDimension dimension="eba_dim:CPS">
        <formula:member>
          <formula:qname>eba_CT:x22</formula:qname>
        </formula:member>
      </formula:explicitDimension>
      <formula:explicitDimension dimension="eba_dim:ECB">
        <formula:member>
          <formula:qname>eba_EC:x26</formula:qname>
        </formula:member>
      </formula:explicitDimension>
    </table:ruleNode>
    <table:definitionNodeSubtreeArc xlink:type="arc" xlink:arcrole="http://xbrl.org/arcrole/PWD/2013-05-17/definition-node-subtree" xlink:from="eba_a3.root" xlink:to="eba_c19853" order="7" />
    <table:tableBreakdownArc xlink:type="arc" xlink:arcrole="http://xbrl.org/arcrole/PWD/2013-05-17/table-breakdown" xlink:from="eba_tC_07.00.d" xlink:to="eba_a3" axis="z" order="3" />
  </gen:link>
</link:linkbase>