﻿<?xml version="1.0" encoding="utf-8"?>
<?taxonomy-version 2.0.1?>
<!--(C) EBA-->
<link:linkbase xmlns:xsi="http://www.w3.org/2001/XMLSchema-instance" xmlns:xlink="http://www.w3.org/1999/xlink" xmlns:link="http://www.xbrl.org/2003/linkbase" xmlns:gen="http://xbrl.org/2008/generic" xmlns:label="http://xbrl.org/2008/label" xsi:schemaLocation="http://www.xbrl.org/2003/linkbase http://www.xbrl.org/2003/xbrl-linkbase-2003-12-31.xsd http://xbrl.org/2008/generic http://www.xbrl.org/2008/generic-link.xsd http://xbrl.org/2008/label http://www.xbrl.org/2008/generic-label.xsd">
  <link:arcroleRef arcroleURI="http://xbrl.org/arcrole/2008/element-label" xlink:type="simple" xlink:href="http://www.xbrl.org/2008/generic-label.xsd#element-label" />
  <link:roleRef roleURI="http://www.eba.europa.eu/xbrl/role/dpm-db-id" xlink:type="simple" xlink:href="http://www.eba.europa.eu/eu/fr/xbrl/ext/model.xsd#dpm-db-id" />
  <link:roleRef roleURI="http://www.eurofiling.info/xbrl/role/filing-indicator-code" xlink:type="simple" xlink:href="http://www.eurofiling.info/eu/fr/xbrl/ext/model.xsd#filing-indicator-code" />
  <link:roleRef roleURI="http://www.eurofiling.info/xbrl/role/rc-code" xlink:type="simple" xlink:href="http://www.eurofiling.info/eu/fr/xbrl/ext/model.xsd#rc-code" />
  <gen:link xlink:type="extended" xlink:role="http://www.xbrl.org/2003/role/link">
    <link:loc xlink:type="locator" xlink:href="c_08.01.c-rend.xml#eba_tC_08.01.c" xlink:label="loc_eba_tC_08.01.c" />
    <label:label xlink:type="resource" xlink:label="label_eba_tC_08.01.c" xml:lang="en" xlink:role="http://www.eurofiling.info/xbrl/role/rc-code">C 08.01.c</label:label>
    <gen:arc xlink:type="arc" xlink:arcrole="http://xbrl.org/arcrole/2008/element-label" xlink:from="loc_eba_tC_08.01.c" xlink:to="label_eba_tC_08.01.c" />
    <link:loc xlink:type="locator" xlink:href="c_08.01.c-rend.xml#eba_c21480" xlink:label="loc_eba_c21480" />
    <label:label xlink:type="resource" xlink:label="label_eba_c21480" xml:lang="en" xlink:role="http://www.eurofiling.info/xbrl/role/rc-code">010</label:label>
    <gen:arc xlink:type="arc" xlink:arcrole="http://xbrl.org/arcrole/2008/element-label" xlink:from="loc_eba_c21480" xlink:to="label_eba_c21480" />
    <link:loc xlink:type="locator" xlink:href="c_08.01.c-rend.xml#eba_c21481" xlink:label="loc_eba_c21481" />
    <label:label xlink:type="resource" xlink:label="label_eba_c21481" xml:lang="en" xlink:role="http://www.eurofiling.info/xbrl/role/rc-code">020</label:label>
    <gen:arc xlink:type="arc" xlink:arcrole="http://xbrl.org/arcrole/2008/element-label" xlink:from="loc_eba_c21481" xlink:to="label_eba_c21481" />
    <link:loc xlink:type="locator" xlink:href="c_08.01.c-rend.xml#eba_c21482" xlink:label="loc_eba_c21482" />
    <label:label xlink:type="resource" xlink:label="label_eba_c21482" xml:lang="en" xlink:role="http://www.eurofiling.info/xbrl/role/rc-code">030</label:label>
    <gen:arc xlink:type="arc" xlink:arcrole="http://xbrl.org/arcrole/2008/element-label" xlink:from="loc_eba_c21482" xlink:to="label_eba_c21482" />
    <link:loc xlink:type="locator" xlink:href="c_08.01.c-rend.xml#eba_c21483" xlink:label="loc_eba_c21483" />
    <label:label xlink:type="resource" xlink:label="label_eba_c21483" xml:lang="en" xlink:role="http://www.eurofiling.info/xbrl/role/rc-code">038</label:label>
    <gen:arc xlink:type="arc" xlink:arcrole="http://xbrl.org/arcrole/2008/element-label" xlink:from="loc_eba_c21483" xlink:to="label_eba_c21483" />
    <link:loc xlink:type="locator" xlink:href="c_08.01.c-rend.xml#eba_c21484" xlink:label="loc_eba_c21484" />
    <label:label xlink:type="resource" xlink:label="label_eba_c21484" xml:lang="en" xlink:role="http://www.eurofiling.info/xbrl/role/rc-code">039</label:label>
    <gen:arc xlink:type="arc" xlink:arcrole="http://xbrl.org/arcrole/2008/element-label" xlink:from="loc_eba_c21484" xlink:to="label_eba_c21484" />
    <link:loc xlink:type="locator" xlink:href="c_08.01.c-rend.xml#eba_c21485" xlink:label="loc_eba_c21485" />
    <label:label xlink:type="resource" xlink:label="label_eba_c21485" xml:lang="en" xlink:role="http://www.eurofiling.info/xbrl/role/rc-code">040</label:label>
    <gen:arc xlink:type="arc" xlink:arcrole="http://xbrl.org/arcrole/2008/element-label" xlink:from="loc_eba_c21485" xlink:to="label_eba_c21485" />
    <link:loc xlink:type="locator" xlink:href="c_08.01.c-rend.xml#eba_c21486" xlink:label="loc_eba_c21486" />
    <label:label xlink:type="resource" xlink:label="label_eba_c21486" xml:lang="en" xlink:role="http://www.eurofiling.info/xbrl/role/rc-code">050</label:label>
    <gen:arc xlink:type="arc" xlink:arcrole="http://xbrl.org/arcrole/2008/element-label" xlink:from="loc_eba_c21486" xlink:to="label_eba_c21486" />
    <link:loc xlink:type="locator" xlink:href="c_08.01.c-rend.xml#eba_c21487" xlink:label="loc_eba_c21487" />
    <label:label xlink:type="resource" xlink:label="label_eba_c21487" xml:lang="en" xlink:role="http://www.eurofiling.info/xbrl/role/rc-code">060</label:label>
    <gen:arc xlink:type="arc" xlink:arcrole="http://xbrl.org/arcrole/2008/element-label" xlink:from="loc_eba_c21487" xlink:to="label_eba_c21487" />
    <link:loc xlink:type="locator" xlink:href="c_08.01.c-rend.xml#eba_c21488" xlink:label="loc_eba_c21488" />
    <label:label xlink:type="resource" xlink:label="label_eba_c21488" xml:lang="en" xlink:role="http://www.eurofiling.info/xbrl/role/rc-code">069</label:label>
    <gen:arc xlink:type="arc" xlink:arcrole="http://xbrl.org/arcrole/2008/element-label" xlink:from="loc_eba_c21488" xlink:to="label_eba_c21488" />
    <link:loc xlink:type="locator" xlink:href="c_08.01.c-rend.xml#eba_c21489" xlink:label="loc_eba_c21489" />
    <label:label xlink:type="resource" xlink:label="label_eba_c21489" xml:lang="en" xlink:role="http://www.eurofiling.info/xbrl/role/rc-code">070</label:label>
    <gen:arc xlink:type="arc" xlink:arcrole="http://xbrl.org/arcrole/2008/element-label" xlink:from="loc_eba_c21489" xlink:to="label_eba_c21489" />
    <link:loc xlink:type="locator" xlink:href="c_08.01.c-rend.xml#eba_c21490" xlink:label="loc_eba_c21490" />
    <label:label xlink:type="resource" xlink:label="label_eba_c21490" xml:lang="en" xlink:role="http://www.eurofiling.info/xbrl/role/rc-code">080</label:label>
    <gen:arc xlink:type="arc" xlink:arcrole="http://xbrl.org/arcrole/2008/element-label" xlink:from="loc_eba_c21490" xlink:to="label_eba_c21490" />
    <link:loc xlink:type="locator" xlink:href="c_08.01.c-rend.xml#eba_c21491" xlink:label="loc_eba_c21491" />
    <label:label xlink:type="resource" xlink:label="label_eba_c21491" xml:lang="en" xlink:role="http://www.eurofiling.info/xbrl/role/rc-code">090</label:label>
    <gen:arc xlink:type="arc" xlink:arcrole="http://xbrl.org/arcrole/2008/element-label" xlink:from="loc_eba_c21491" xlink:to="label_eba_c21491" />
    <link:loc xlink:type="locator" xlink:href="c_08.01.c-rend.xml#eba_c21492" xlink:label="loc_eba_c21492" />
    <label:label xlink:type="resource" xlink:label="label_eba_c21492" xml:lang="en" xlink:role="http://www.eurofiling.info/xbrl/role/rc-code">110</label:label>
    <gen:arc xlink:type="arc" xlink:arcrole="http://xbrl.org/arcrole/2008/element-label" xlink:from="loc_eba_c21492" xlink:to="label_eba_c21492" />
    <link:loc xlink:type="locator" xlink:href="c_08.01.c-rend.xml#eba_c21493" xlink:label="loc_eba_c21493" />
    <label:label xlink:type="resource" xlink:label="label_eba_c21493" xml:lang="en" xlink:role="http://www.eurofiling.info/xbrl/role/rc-code">140</label:label>
    <gen:arc xlink:type="arc" xlink:arcrole="http://xbrl.org/arcrole/2008/element-label" xlink:from="loc_eba_c21493" xlink:to="label_eba_c21493" />
    <link:loc xlink:type="locator" xlink:href="c_08.01.c-rend.xml#eba_c21494" xlink:label="loc_eba_c21494" />
    <label:label xlink:type="resource" xlink:label="label_eba_c21494" xml:lang="en" xlink:role="http://www.eurofiling.info/xbrl/role/rc-code">148</label:label>
    <gen:arc xlink:type="arc" xlink:arcrole="http://xbrl.org/arcrole/2008/element-label" xlink:from="loc_eba_c21494" xlink:to="label_eba_c21494" />
    <link:loc xlink:type="locator" xlink:href="c_08.01.c-rend.xml#eba_c21495" xlink:label="loc_eba_c21495" />
    <label:label xlink:type="resource" xlink:label="label_eba_c21495" xml:lang="en" xlink:role="http://www.eurofiling.info/xbrl/role/rc-code">149</label:label>
    <gen:arc xlink:type="arc" xlink:arcrole="http://xbrl.org/arcrole/2008/element-label" xlink:from="loc_eba_c21495" xlink:to="label_eba_c21495" />
    <link:loc xlink:type="locator" xlink:href="c_08.01.c-rend.xml#eba_c21496" xlink:label="loc_eba_c21496" />
    <label:label xlink:type="resource" xlink:label="label_eba_c21496" xml:lang="en" xlink:role="http://www.eurofiling.info/xbrl/role/rc-code">150</label:label>
    <gen:arc xlink:type="arc" xlink:arcrole="http://xbrl.org/arcrole/2008/element-label" xlink:from="loc_eba_c21496" xlink:to="label_eba_c21496" />
    <link:loc xlink:type="locator" xlink:href="c_08.01.c-rend.xml#eba_c21497" xlink:label="loc_eba_c21497" />
    <label:label xlink:type="resource" xlink:label="label_eba_c21497" xml:lang="en" xlink:role="http://www.eurofiling.info/xbrl/role/rc-code">160</label:label>
    <gen:arc xlink:type="arc" xlink:arcrole="http://xbrl.org/arcrole/2008/element-label" xlink:from="loc_eba_c21497" xlink:to="label_eba_c21497" />
    <link:loc xlink:type="locator" xlink:href="c_08.01.c-rend.xml#eba_c21498" xlink:label="loc_eba_c21498" />
    <label:label xlink:type="resource" xlink:label="label_eba_c21498" xml:lang="en" xlink:role="http://www.eurofiling.info/xbrl/role/rc-code">169</label:label>
    <gen:arc xlink:type="arc" xlink:arcrole="http://xbrl.org/arcrole/2008/element-label" xlink:from="loc_eba_c21498" xlink:to="label_eba_c21498" />
    <link:loc xlink:type="locator" xlink:href="c_08.01.c-rend.xml#eba_c21499" xlink:label="loc_eba_c21499" />
    <label:label xlink:type="resource" xlink:label="label_eba_c21499" xml:lang="en" xlink:role="http://www.eurofiling.info/xbrl/role/rc-code">170</label:label>
    <gen:arc xlink:type="arc" xlink:arcrole="http://xbrl.org/arcrole/2008/element-label" xlink:from="loc_eba_c21499" xlink:to="label_eba_c21499" />
    <link:loc xlink:type="locator" xlink:href="c_08.01.c-rend.xml#eba_c21500" xlink:label="loc_eba_c21500" />
    <label:label xlink:type="resource" xlink:label="label_eba_c21500" xml:lang="en" xlink:role="http://www.eurofiling.info/xbrl/role/rc-code">180</label:label>
    <gen:arc xlink:type="arc" xlink:arcrole="http://xbrl.org/arcrole/2008/element-label" xlink:from="loc_eba_c21500" xlink:to="label_eba_c21500" />
    <link:loc xlink:type="locator" xlink:href="c_08.01.c-rend.xml#eba_c21501" xlink:label="loc_eba_c21501" />
    <label:label xlink:type="resource" xlink:label="label_eba_c21501" xml:lang="en" xlink:role="http://www.eurofiling.info/xbrl/role/rc-code">189</label:label>
    <gen:arc xlink:type="arc" xlink:arcrole="http://xbrl.org/arcrole/2008/element-label" xlink:from="loc_eba_c21501" xlink:to="label_eba_c21501" />
    <link:loc xlink:type="locator" xlink:href="c_08.01.c-rend.xml#eba_c21502" xlink:label="loc_eba_c21502" />
    <label:label xlink:type="resource" xlink:label="label_eba_c21502" xml:lang="en" xlink:role="http://www.eurofiling.info/xbrl/role/rc-code">190</label:label>
    <gen:arc xlink:type="arc" xlink:arcrole="http://xbrl.org/arcrole/2008/element-label" xlink:from="loc_eba_c21502" xlink:to="label_eba_c21502" />
    <link:loc xlink:type="locator" xlink:href="c_08.01.c-rend.xml#eba_c21503" xlink:label="loc_eba_c21503" />
    <label:label xlink:type="resource" xlink:label="label_eba_c21503" xml:lang="en" xlink:role="http://www.eurofiling.info/xbrl/role/rc-code">200</label:label>
    <gen:arc xlink:type="arc" xlink:arcrole="http://xbrl.org/arcrole/2008/element-label" xlink:from="loc_eba_c21503" xlink:to="label_eba_c21503" />
    <link:loc xlink:type="locator" xlink:href="c_08.01.c-rend.xml#eba_c21504" xlink:label="loc_eba_c21504" />
    <label:label xlink:type="resource" xlink:label="label_eba_c21504" xml:lang="en" xlink:role="http://www.eurofiling.info/xbrl/role/rc-code">210</label:label>
    <gen:arc xlink:type="arc" xlink:arcrole="http://xbrl.org/arcrole/2008/element-label" xlink:from="loc_eba_c21504" xlink:to="label_eba_c21504" />
    <link:loc xlink:type="locator" xlink:href="c_08.01.c-rend.xml#eba_c21505" xlink:label="loc_eba_c21505" />
    <label:label xlink:type="resource" xlink:label="label_eba_c21505" xml:lang="en" xlink:role="http://www.eurofiling.info/xbrl/role/rc-code">219</label:label>
    <gen:arc xlink:type="arc" xlink:arcrole="http://xbrl.org/arcrole/2008/element-label" xlink:from="loc_eba_c21505" xlink:to="label_eba_c21505" />
    <link:loc xlink:type="locator" xlink:href="c_08.01.c-rend.xml#eba_c21506" xlink:label="loc_eba_c21506" />
    <label:label xlink:type="resource" xlink:label="label_eba_c21506" xml:lang="en" xlink:role="http://www.eurofiling.info/xbrl/role/rc-code">220</label:label>
    <gen:arc xlink:type="arc" xlink:arcrole="http://xbrl.org/arcrole/2008/element-label" xlink:from="loc_eba_c21506" xlink:to="label_eba_c21506" />
    <link:loc xlink:type="locator" xlink:href="c_08.01.c-rend.xml#eba_c21507" xlink:label="loc_eba_c21507" />
    <label:label xlink:type="resource" xlink:label="label_eba_c21507" xml:lang="en" xlink:role="http://www.eurofiling.info/xbrl/role/rc-code">230</label:label>
    <gen:arc xlink:type="arc" xlink:arcrole="http://xbrl.org/arcrole/2008/element-label" xlink:from="loc_eba_c21507" xlink:to="label_eba_c21507" />
    <link:loc xlink:type="locator" xlink:href="c_08.01.c-rend.xml#eba_c21508" xlink:label="loc_eba_c21508" />
    <label:label xlink:type="resource" xlink:label="label_eba_c21508" xml:lang="en" xlink:role="http://www.eurofiling.info/xbrl/role/rc-code">240</label:label>
    <gen:arc xlink:type="arc" xlink:arcrole="http://xbrl.org/arcrole/2008/element-label" xlink:from="loc_eba_c21508" xlink:to="label_eba_c21508" />
    <link:loc xlink:type="locator" xlink:href="c_08.01.c-rend.xml#eba_c21509" xlink:label="loc_eba_c21509" />
    <label:label xlink:type="resource" xlink:label="label_eba_c21509" xml:lang="en" xlink:role="http://www.eurofiling.info/xbrl/role/rc-code">250</label:label>
    <gen:arc xlink:type="arc" xlink:arcrole="http://xbrl.org/arcrole/2008/element-label" xlink:from="loc_eba_c21509" xlink:to="label_eba_c21509" />
    <link:loc xlink:type="locator" xlink:href="c_08.01.c-rend.xml#eba_c21510" xlink:label="loc_eba_c21510" />
    <label:label xlink:type="resource" xlink:label="label_eba_c21510" xml:lang="en" xlink:role="http://www.eurofiling.info/xbrl/role/rc-code">255</label:label>
    <gen:arc xlink:type="arc" xlink:arcrole="http://xbrl.org/arcrole/2008/element-label" xlink:from="loc_eba_c21510" xlink:to="label_eba_c21510" />
    <link:loc xlink:type="locator" xlink:href="c_08.01.c-rend.xml#eba_c21511" xlink:label="loc_eba_c21511" />
    <label:label xlink:type="resource" xlink:label="label_eba_c21511" xml:lang="en" xlink:role="http://www.eurofiling.info/xbrl/role/rc-code">260</label:label>
    <gen:arc xlink:type="arc" xlink:arcrole="http://xbrl.org/arcrole/2008/element-label" xlink:from="loc_eba_c21511" xlink:to="label_eba_c21511" />
    <link:loc xlink:type="locator" xlink:href="c_08.01.c-rend.xml#eba_c21512" xlink:label="loc_eba_c21512" />
    <label:label xlink:type="resource" xlink:label="label_eba_c21512" xml:lang="en" xlink:role="http://www.eurofiling.info/xbrl/role/rc-code">270</label:label>
    <gen:arc xlink:type="arc" xlink:arcrole="http://xbrl.org/arcrole/2008/element-label" xlink:from="loc_eba_c21512" xlink:to="label_eba_c21512" />
    <link:loc xlink:type="locator" xlink:href="c_08.01.c-rend.xml#eba_c21513" xlink:label="loc_eba_c21513" />
    <label:label xlink:type="resource" xlink:label="label_eba_c21513" xml:lang="en" xlink:role="http://www.eurofiling.info/xbrl/role/rc-code">279</label:label>
    <gen:arc xlink:type="arc" xlink:arcrole="http://xbrl.org/arcrole/2008/element-label" xlink:from="loc_eba_c21513" xlink:to="label_eba_c21513" />
    <link:loc xlink:type="locator" xlink:href="c_08.01.c-rend.xml#eba_c21514" xlink:label="loc_eba_c21514" />
    <label:label xlink:type="resource" xlink:label="label_eba_c21514" xml:lang="en" xlink:role="http://www.eurofiling.info/xbrl/role/rc-code">280</label:label>
    <gen:arc xlink:type="arc" xlink:arcrole="http://xbrl.org/arcrole/2008/element-label" xlink:from="loc_eba_c21514" xlink:to="label_eba_c21514" />
    <link:loc xlink:type="locator" xlink:href="c_08.01.c-rend.xml#eba_c21515" xlink:label="loc_eba_c21515" />
    <label:label xlink:type="resource" xlink:label="label_eba_c21515" xml:lang="en" xlink:role="http://www.eurofiling.info/xbrl/role/rc-code">290</label:label>
    <gen:arc xlink:type="arc" xlink:arcrole="http://xbrl.org/arcrole/2008/element-label" xlink:from="loc_eba_c21515" xlink:to="label_eba_c21515" />
    <link:loc xlink:type="locator" xlink:href="c_08.01.c-rend.xml#eba_c21516" xlink:label="loc_eba_c21516" />
    <label:label xlink:type="resource" xlink:label="label_eba_c21516" xml:lang="en" xlink:role="http://www.eurofiling.info/xbrl/role/rc-code">300</label:label>
    <gen:arc xlink:type="arc" xlink:arcrole="http://xbrl.org/arcrole/2008/element-label" xlink:from="loc_eba_c21516" xlink:to="label_eba_c21516" />
    <link:loc xlink:type="locator" xlink:href="c_08.01.c-rend.xml#eba_c21517" xlink:label="loc_eba_c21517" />
    <label:label xlink:type="resource" xlink:label="label_eba_c21517" xml:lang="en" xlink:role="http://www.eurofiling.info/xbrl/role/rc-code">010</label:label>
    <gen:arc xlink:type="arc" xlink:arcrole="http://xbrl.org/arcrole/2008/element-label" xlink:from="loc_eba_c21517" xlink:to="label_eba_c21517" />
    <link:loc xlink:type="locator" xlink:href="c_08.01.c-rend.xml#eba_c21518" xlink:label="loc_eba_c21518" />
    <label:label xlink:type="resource" xlink:label="label_eba_c21518" xml:lang="en" xlink:role="http://www.eurofiling.info/xbrl/role/rc-code">018</label:label>
    <gen:arc xlink:type="arc" xlink:arcrole="http://xbrl.org/arcrole/2008/element-label" xlink:from="loc_eba_c21518" xlink:to="label_eba_c21518" />
    <link:loc xlink:type="locator" xlink:href="c_08.01.c-rend.xml#eba_c21519" xlink:label="loc_eba_c21519" />
    <label:label xlink:type="resource" xlink:label="label_eba_c21519" xml:lang="en" xlink:role="http://www.eurofiling.info/xbrl/role/rc-code">019</label:label>
    <gen:arc xlink:type="arc" xlink:arcrole="http://xbrl.org/arcrole/2008/element-label" xlink:from="loc_eba_c21519" xlink:to="label_eba_c21519" />
    <link:loc xlink:type="locator" xlink:href="c_08.01.c-rend.xml#eba_c21520" xlink:label="loc_eba_c21520" />
    <label:label xlink:type="resource" xlink:label="label_eba_c21520" xml:lang="en" xlink:role="http://www.eurofiling.info/xbrl/role/rc-code">020</label:label>
    <gen:arc xlink:type="arc" xlink:arcrole="http://xbrl.org/arcrole/2008/element-label" xlink:from="loc_eba_c21520" xlink:to="label_eba_c21520" />
    <link:loc xlink:type="locator" xlink:href="c_08.01.c-rend.xml#eba_c21521" xlink:label="loc_eba_c21521" />
    <label:label xlink:type="resource" xlink:label="label_eba_c21521" xml:lang="en" xlink:role="http://www.eurofiling.info/xbrl/role/rc-code">021</label:label>
    <gen:arc xlink:type="arc" xlink:arcrole="http://xbrl.org/arcrole/2008/element-label" xlink:from="loc_eba_c21521" xlink:to="label_eba_c21521" />
    <link:loc xlink:type="locator" xlink:href="c_08.01.c-rend.xml#eba_c21522" xlink:label="loc_eba_c21522" />
    <label:label xlink:type="resource" xlink:label="label_eba_c21522" xml:lang="en" xlink:role="http://www.eurofiling.info/xbrl/role/rc-code">022</label:label>
    <gen:arc xlink:type="arc" xlink:arcrole="http://xbrl.org/arcrole/2008/element-label" xlink:from="loc_eba_c21522" xlink:to="label_eba_c21522" />
    <link:loc xlink:type="locator" xlink:href="c_08.01.c-rend.xml#eba_c21523" xlink:label="loc_eba_c21523" />
    <label:label xlink:type="resource" xlink:label="label_eba_c21523" xml:lang="en" xlink:role="http://www.eurofiling.info/xbrl/role/rc-code">023</label:label>
    <gen:arc xlink:type="arc" xlink:arcrole="http://xbrl.org/arcrole/2008/element-label" xlink:from="loc_eba_c21523" xlink:to="label_eba_c21523" />
    <label:label xlink:type="resource" xlink:label="label_eba_tC_08.01.c_1" xml:lang="en" xlink:role="http://www.eurofiling.info/xbrl/role/filing-indicator-code">C_08.01</label:label>
    <gen:arc xlink:type="arc" xlink:arcrole="http://xbrl.org/arcrole/2008/element-label" xlink:from="loc_eba_tC_08.01.c" xlink:to="label_eba_tC_08.01.c_1" />
    <label:label xlink:type="resource" xlink:label="label_eba_tC_08.01.c_2" xml:lang="en" xlink:role="http://www.eba.europa.eu/xbrl/role/dpm-db-id">211</label:label>
    <gen:arc xlink:type="arc" xlink:arcrole="http://xbrl.org/arcrole/2008/element-label" xlink:from="loc_eba_tC_08.01.c" xlink:to="label_eba_tC_08.01.c_2" />
    <label:label xlink:type="resource" xlink:label="label_eba_c21480_1" xml:lang="en" xlink:role="http://www.eba.europa.eu/xbrl/role/dpm-db-id">21480</label:label>
    <gen:arc xlink:type="arc" xlink:arcrole="http://xbrl.org/arcrole/2008/element-label" xlink:from="loc_eba_c21480" xlink:to="label_eba_c21480_1" />
    <label:label xlink:type="resource" xlink:label="label_eba_c21481_1" xml:lang="en" xlink:role="http://www.eba.europa.eu/xbrl/role/dpm-db-id">21481</label:label>
    <gen:arc xlink:type="arc" xlink:arcrole="http://xbrl.org/arcrole/2008/element-label" xlink:from="loc_eba_c21481" xlink:to="label_eba_c21481_1" />
    <label:label xlink:type="resource" xlink:label="label_eba_c21482_1" xml:lang="en" xlink:role="http://www.eba.europa.eu/xbrl/role/dpm-db-id">21482</label:label>
    <gen:arc xlink:type="arc" xlink:arcrole="http://xbrl.org/arcrole/2008/element-label" xlink:from="loc_eba_c21482" xlink:to="label_eba_c21482_1" />
    <label:label xlink:type="resource" xlink:label="label_eba_c21483_1" xml:lang="en" xlink:role="http://www.eba.europa.eu/xbrl/role/dpm-db-id">21483</label:label>
    <gen:arc xlink:type="arc" xlink:arcrole="http://xbrl.org/arcrole/2008/element-label" xlink:from="loc_eba_c21483" xlink:to="label_eba_c21483_1" />
    <label:label xlink:type="resource" xlink:label="label_eba_c21484_1" xml:lang="en" xlink:role="http://www.eba.europa.eu/xbrl/role/dpm-db-id">21484</label:label>
    <gen:arc xlink:type="arc" xlink:arcrole="http://xbrl.org/arcrole/2008/element-label" xlink:from="loc_eba_c21484" xlink:to="label_eba_c21484_1" />
    <label:label xlink:type="resource" xlink:label="label_eba_c21485_1" xml:lang="en" xlink:role="http://www.eba.europa.eu/xbrl/role/dpm-db-id">21485</label:label>
    <gen:arc xlink:type="arc" xlink:arcrole="http://xbrl.org/arcrole/2008/element-label" xlink:from="loc_eba_c21485" xlink:to="label_eba_c21485_1" />
    <label:label xlink:type="resource" xlink:label="label_eba_c21486_1" xml:lang="en" xlink:role="http://www.eba.europa.eu/xbrl/role/dpm-db-id">21486</label:label>
    <gen:arc xlink:type="arc" xlink:arcrole="http://xbrl.org/arcrole/2008/element-label" xlink:from="loc_eba_c21486" xlink:to="label_eba_c21486_1" />
    <label:label xlink:type="resource" xlink:label="label_eba_c21487_1" xml:lang="en" xlink:role="http://www.eba.europa.eu/xbrl/role/dpm-db-id">21487</label:label>
    <gen:arc xlink:type="arc" xlink:arcrole="http://xbrl.org/arcrole/2008/element-label" xlink:from="loc_eba_c21487" xlink:to="label_eba_c21487_1" />
    <label:label xlink:type="resource" xlink:label="label_eba_c21488_1" xml:lang="en" xlink:role="http://www.eba.europa.eu/xbrl/role/dpm-db-id">21488</label:label>
    <gen:arc xlink:type="arc" xlink:arcrole="http://xbrl.org/arcrole/2008/element-label" xlink:from="loc_eba_c21488" xlink:to="label_eba_c21488_1" />
    <label:label xlink:type="resource" xlink:label="label_eba_c21489_1" xml:lang="en" xlink:role="http://www.eba.europa.eu/xbrl/role/dpm-db-id">21489</label:label>
    <gen:arc xlink:type="arc" xlink:arcrole="http://xbrl.org/arcrole/2008/element-label" xlink:from="loc_eba_c21489" xlink:to="label_eba_c21489_1" />
    <label:label xlink:type="resource" xlink:label="label_eba_c21490_1" xml:lang="en" xlink:role="http://www.eba.europa.eu/xbrl/role/dpm-db-id">21490</label:label>
    <gen:arc xlink:type="arc" xlink:arcrole="http://xbrl.org/arcrole/2008/element-label" xlink:from="loc_eba_c21490" xlink:to="label_eba_c21490_1" />
    <label:label xlink:type="resource" xlink:label="label_eba_c21491_1" xml:lang="en" xlink:role="http://www.eba.europa.eu/xbrl/role/dpm-db-id">21491</label:label>
    <gen:arc xlink:type="arc" xlink:arcrole="http://xbrl.org/arcrole/2008/element-label" xlink:from="loc_eba_c21491" xlink:to="label_eba_c21491_1" />
    <label:label xlink:type="resource" xlink:label="label_eba_c21492_1" xml:lang="en" xlink:role="http://www.eba.europa.eu/xbrl/role/dpm-db-id">21492</label:label>
    <gen:arc xlink:type="arc" xlink:arcrole="http://xbrl.org/arcrole/2008/element-label" xlink:from="loc_eba_c21492" xlink:to="label_eba_c21492_1" />
    <label:label xlink:type="resource" xlink:label="label_eba_c21493_1" xml:lang="en" xlink:role="http://www.eba.europa.eu/xbrl/role/dpm-db-id">21493</label:label>
    <gen:arc xlink:type="arc" xlink:arcrole="http://xbrl.org/arcrole/2008/element-label" xlink:from="loc_eba_c21493" xlink:to="label_eba_c21493_1" />
    <label:label xlink:type="resource" xlink:label="label_eba_c21494_1" xml:lang="en" xlink:role="http://www.eba.europa.eu/xbrl/role/dpm-db-id">21494</label:label>
    <gen:arc xlink:type="arc" xlink:arcrole="http://xbrl.org/arcrole/2008/element-label" xlink:from="loc_eba_c21494" xlink:to="label_eba_c21494_1" />
    <label:label xlink:type="resource" xlink:label="label_eba_c21495_1" xml:lang="en" xlink:role="http://www.eba.europa.eu/xbrl/role/dpm-db-id">21495</label:label>
    <gen:arc xlink:type="arc" xlink:arcrole="http://xbrl.org/arcrole/2008/element-label" xlink:from="loc_eba_c21495" xlink:to="label_eba_c21495_1" />
    <label:label xlink:type="resource" xlink:label="label_eba_c21496_1" xml:lang="en" xlink:role="http://www.eba.europa.eu/xbrl/role/dpm-db-id">21496</label:label>
    <gen:arc xlink:type="arc" xlink:arcrole="http://xbrl.org/arcrole/2008/element-label" xlink:from="loc_eba_c21496" xlink:to="label_eba_c21496_1" />
    <label:label xlink:type="resource" xlink:label="label_eba_c21497_1" xml:lang="en" xlink:role="http://www.eba.europa.eu/xbrl/role/dpm-db-id">21497</label:label>
    <gen:arc xlink:type="arc" xlink:arcrole="http://xbrl.org/arcrole/2008/element-label" xlink:from="loc_eba_c21497" xlink:to="label_eba_c21497_1" />
    <label:label xlink:type="resource" xlink:label="label_eba_c21498_1" xml:lang="en" xlink:role="http://www.eba.europa.eu/xbrl/role/dpm-db-id">21498</label:label>
    <gen:arc xlink:type="arc" xlink:arcrole="http://xbrl.org/arcrole/2008/element-label" xlink:from="loc_eba_c21498" xlink:to="label_eba_c21498_1" />
    <label:label xlink:type="resource" xlink:label="label_eba_c21499_1" xml:lang="en" xlink:role="http://www.eba.europa.eu/xbrl/role/dpm-db-id">21499</label:label>
    <gen:arc xlink:type="arc" xlink:arcrole="http://xbrl.org/arcrole/2008/element-label" xlink:from="loc_eba_c21499" xlink:to="label_eba_c21499_1" />
    <label:label xlink:type="resource" xlink:label="label_eba_c21500_1" xml:lang="en" xlink:role="http://www.eba.europa.eu/xbrl/role/dpm-db-id">21500</label:label>
    <gen:arc xlink:type="arc" xlink:arcrole="http://xbrl.org/arcrole/2008/element-label" xlink:from="loc_eba_c21500" xlink:to="label_eba_c21500_1" />
    <label:label xlink:type="resource" xlink:label="label_eba_c21501_1" xml:lang="en" xlink:role="http://www.eba.europa.eu/xbrl/role/dpm-db-id">21501</label:label>
    <gen:arc xlink:type="arc" xlink:arcrole="http://xbrl.org/arcrole/2008/element-label" xlink:from="loc_eba_c21501" xlink:to="label_eba_c21501_1" />
    <label:label xlink:type="resource" xlink:label="label_eba_c21502_1" xml:lang="en" xlink:role="http://www.eba.europa.eu/xbrl/role/dpm-db-id">21502</label:label>
    <gen:arc xlink:type="arc" xlink:arcrole="http://xbrl.org/arcrole/2008/element-label" xlink:from="loc_eba_c21502" xlink:to="label_eba_c21502_1" />
    <label:label xlink:type="resource" xlink:label="label_eba_c21503_1" xml:lang="en" xlink:role="http://www.eba.europa.eu/xbrl/role/dpm-db-id">21503</label:label>
    <gen:arc xlink:type="arc" xlink:arcrole="http://xbrl.org/arcrole/2008/element-label" xlink:from="loc_eba_c21503" xlink:to="label_eba_c21503_1" />
    <label:label xlink:type="resource" xlink:label="label_eba_c21504_1" xml:lang="en" xlink:role="http://www.eba.europa.eu/xbrl/role/dpm-db-id">21504</label:label>
    <gen:arc xlink:type="arc" xlink:arcrole="http://xbrl.org/arcrole/2008/element-label" xlink:from="loc_eba_c21504" xlink:to="label_eba_c21504_1" />
    <label:label xlink:type="resource" xlink:label="label_eba_c21505_1" xml:lang="en" xlink:role="http://www.eba.europa.eu/xbrl/role/dpm-db-id">21505</label:label>
    <gen:arc xlink:type="arc" xlink:arcrole="http://xbrl.org/arcrole/2008/element-label" xlink:from="loc_eba_c21505" xlink:to="label_eba_c21505_1" />
    <label:label xlink:type="resource" xlink:label="label_eba_c21506_1" xml:lang="en" xlink:role="http://www.eba.europa.eu/xbrl/role/dpm-db-id">21506</label:label>
    <gen:arc xlink:type="arc" xlink:arcrole="http://xbrl.org/arcrole/2008/element-label" xlink:from="loc_eba_c21506" xlink:to="label_eba_c21506_1" />
    <label:label xlink:type="resource" xlink:label="label_eba_c21507_1" xml:lang="en" xlink:role="http://www.eba.europa.eu/xbrl/role/dpm-db-id">21507</label:label>
    <gen:arc xlink:type="arc" xlink:arcrole="http://xbrl.org/arcrole/2008/element-label" xlink:from="loc_eba_c21507" xlink:to="label_eba_c21507_1" />
    <label:label xlink:type="resource" xlink:label="label_eba_c21508_1" xml:lang="en" xlink:role="http://www.eba.europa.eu/xbrl/role/dpm-db-id">21508</label:label>
    <gen:arc xlink:type="arc" xlink:arcrole="http://xbrl.org/arcrole/2008/element-label" xlink:from="loc_eba_c21508" xlink:to="label_eba_c21508_1" />
    <label:label xlink:type="resource" xlink:label="label_eba_c21509_1" xml:lang="en" xlink:role="http://www.eba.europa.eu/xbrl/role/dpm-db-id">21509</label:label>
    <gen:arc xlink:type="arc" xlink:arcrole="http://xbrl.org/arcrole/2008/element-label" xlink:from="loc_eba_c21509" xlink:to="label_eba_c21509_1" />
    <label:label xlink:type="resource" xlink:label="label_eba_c21510_1" xml:lang="en" xlink:role="http://www.eba.europa.eu/xbrl/role/dpm-db-id">21510</label:label>
    <gen:arc xlink:type="arc" xlink:arcrole="http://xbrl.org/arcrole/2008/element-label" xlink:from="loc_eba_c21510" xlink:to="label_eba_c21510_1" />
    <label:label xlink:type="resource" xlink:label="label_eba_c21511_1" xml:lang="en" xlink:role="http://www.eba.europa.eu/xbrl/role/dpm-db-id">21511</label:label>
    <gen:arc xlink:type="arc" xlink:arcrole="http://xbrl.org/arcrole/2008/element-label" xlink:from="loc_eba_c21511" xlink:to="label_eba_c21511_1" />
    <label:label xlink:type="resource" xlink:label="label_eba_c21512_1" xml:lang="en" xlink:role="http://www.eba.europa.eu/xbrl/role/dpm-db-id">21512</label:label>
    <gen:arc xlink:type="arc" xlink:arcrole="http://xbrl.org/arcrole/2008/element-label" xlink:from="loc_eba_c21512" xlink:to="label_eba_c21512_1" />
    <label:label xlink:type="resource" xlink:label="label_eba_c21513_1" xml:lang="en" xlink:role="http://www.eba.europa.eu/xbrl/role/dpm-db-id">21513</label:label>
    <gen:arc xlink:type="arc" xlink:arcrole="http://xbrl.org/arcrole/2008/element-label" xlink:from="loc_eba_c21513" xlink:to="label_eba_c21513_1" />
    <label:label xlink:type="resource" xlink:label="label_eba_c21514_1" xml:lang="en" xlink:role="http://www.eba.europa.eu/xbrl/role/dpm-db-id">21514</label:label>
    <gen:arc xlink:type="arc" xlink:arcrole="http://xbrl.org/arcrole/2008/element-label" xlink:from="loc_eba_c21514" xlink:to="label_eba_c21514_1" />
    <label:label xlink:type="resource" xlink:label="label_eba_c21515_1" xml:lang="en" xlink:role="http://www.eba.europa.eu/xbrl/role/dpm-db-id">21515</label:label>
    <gen:arc xlink:type="arc" xlink:arcrole="http://xbrl.org/arcrole/2008/element-label" xlink:from="loc_eba_c21515" xlink:to="label_eba_c21515_1" />
    <label:label xlink:type="resource" xlink:label="label_eba_c21516_1" xml:lang="en" xlink:role="http://www.eba.europa.eu/xbrl/role/dpm-db-id">21516</label:label>
    <gen:arc xlink:type="arc" xlink:arcrole="http://xbrl.org/arcrole/2008/element-label" xlink:from="loc_eba_c21516" xlink:to="label_eba_c21516_1" />
    <label:label xlink:type="resource" xlink:label="label_eba_c21517_1" xml:lang="en" xlink:role="http://www.eba.europa.eu/xbrl/role/dpm-db-id">21517</label:label>
    <gen:arc xlink:type="arc" xlink:arcrole="http://xbrl.org/arcrole/2008/element-label" xlink:from="loc_eba_c21517" xlink:to="label_eba_c21517_1" />
    <label:label xlink:type="resource" xlink:label="label_eba_c21518_1" xml:lang="en" xlink:role="http://www.eba.europa.eu/xbrl/role/dpm-db-id">21518</label:label>
    <gen:arc xlink:type="arc" xlink:arcrole="http://xbrl.org/arcrole/2008/element-label" xlink:from="loc_eba_c21518" xlink:to="label_eba_c21518_1" />
    <label:label xlink:type="resource" xlink:label="label_eba_c21519_1" xml:lang="en" xlink:role="http://www.eba.europa.eu/xbrl/role/dpm-db-id">21519</label:label>
    <gen:arc xlink:type="arc" xlink:arcrole="http://xbrl.org/arcrole/2008/element-label" xlink:from="loc_eba_c21519" xlink:to="label_eba_c21519_1" />
    <label:label xlink:type="resource" xlink:label="label_eba_c21520_1" xml:lang="en" xlink:role="http://www.eba.europa.eu/xbrl/role/dpm-db-id">21520</label:label>
    <gen:arc xlink:type="arc" xlink:arcrole="http://xbrl.org/arcrole/2008/element-label" xlink:from="loc_eba_c21520" xlink:to="label_eba_c21520_1" />
    <label:label xlink:type="resource" xlink:label="label_eba_c21521_1" xml:lang="en" xlink:role="http://www.eba.europa.eu/xbrl/role/dpm-db-id">21521</label:label>
    <gen:arc xlink:type="arc" xlink:arcrole="http://xbrl.org/arcrole/2008/element-label" xlink:from="loc_eba_c21521" xlink:to="label_eba_c21521_1" />
    <label:label xlink:type="resource" xlink:label="label_eba_c21522_1" xml:lang="en" xlink:role="http://www.eba.europa.eu/xbrl/role/dpm-db-id">21522</label:label>
    <gen:arc xlink:type="arc" xlink:arcrole="http://xbrl.org/arcrole/2008/element-label" xlink:from="loc_eba_c21522" xlink:to="label_eba_c21522_1" />
    <label:label xlink:type="resource" xlink:label="label_eba_c21523_1" xml:lang="en" xlink:role="http://www.eba.europa.eu/xbrl/role/dpm-db-id">21523</label:label>
    <gen:arc xlink:type="arc" xlink:arcrole="http://xbrl.org/arcrole/2008/element-label" xlink:from="loc_eba_c21523" xlink:to="label_eba_c21523_1" />
  </gen:link>
</link:linkbase>