﻿<?xml version="1.0" encoding="utf-8"?>
<?taxonomy-version 2.0.0?>
<!--(C) EBA-->
<link:linkbase xmlns:xsi="http://www.w3.org/2001/XMLSchema-instance" xmlns:xlink="http://www.w3.org/1999/xlink" xmlns:link="http://www.xbrl.org/2003/linkbase" xmlns:gen="http://xbrl.org/2008/generic" xmlns:label="http://xbrl.org/2008/label" xsi:schemaLocation="http://www.xbrl.org/2003/linkbase http://www.xbrl.org/2003/xbrl-linkbase-2003-12-31.xsd http://xbrl.org/2008/generic http://www.xbrl.org/2008/generic-link.xsd http://xbrl.org/2008/label http://www.xbrl.org/2008/generic-label.xsd">
  <link:arcroleRef arcroleURI="http://xbrl.org/arcrole/2008/element-label" xlink:type="simple" xlink:href="http://www.xbrl.org/2008/generic-label.xsd#element-label" />
  <link:roleRef roleURI="http://www.xbrl.org/2008/role/label" xlink:type="simple" xlink:href="http://www.xbrl.org/2008/generic-label.xsd#standard-label" />
  <link:roleRef roleURI="http://www.xbrl.org/2008/role/verboseLabel" xlink:type="simple" xlink:href="http://www.xbrl.org/2008/generic-label.xsd#verbose-label" />
  <gen:link xlink:type="extended" xlink:role="http://www.xbrl.org/2003/role/link">
    <link:loc xlink:type="locator" xlink:href="hier.xsd#eba_GA1" xlink:label="loc_eba_GA1" />
    <label:label xlink:type="resource" xlink:label="label_eba_GA1" xml:lang="en" xlink:role="http://www.xbrl.org/2008/role/label">Hierarchies for the markets in the MKR SA EQU template</label:label>
    <gen:arc xlink:type="arc" xlink:arcrole="http://xbrl.org/arcrole/2008/element-label" xlink:from="loc_eba_GA1" xlink:to="label_eba_GA1" />
    <label:label xlink:type="resource" xlink:label="label_eba_GA1_1" xml:lang="en" xlink:role="http://www.xbrl.org/2008/role/verboseLabel">Generally, the own funds requirements for equity risk have to be calculated for currencies separately. This set of currencies is used for reporting purposes - a separate dimension has to be reported for each of those countries.</label:label>
    <gen:arc xlink:type="arc" xlink:arcrole="http://xbrl.org/arcrole/2008/element-label" xlink:from="loc_eba_GA1" xlink:to="label_eba_GA1_1" />
    <link:loc xlink:type="locator" xlink:href="hier.xsd#eba_GA2" xlink:label="loc_eba_GA2" />
    <label:label xlink:type="resource" xlink:label="label_eba_GA2" xml:lang="en" xlink:role="http://www.xbrl.org/2008/role/label">Core country list</label:label>
    <gen:arc xlink:type="arc" xlink:arcrole="http://xbrl.org/arcrole/2008/element-label" xlink:from="loc_eba_GA2" xlink:to="label_eba_GA2" />
    <label:label xlink:type="resource" xlink:label="label_eba_GA2_1" xml:lang="en" xlink:role="http://www.xbrl.org/2008/role/verboseLabel" />
    <gen:arc xlink:type="arc" xlink:arcrole="http://xbrl.org/arcrole/2008/element-label" xlink:from="loc_eba_GA2" xlink:to="label_eba_GA2_1" />
    <link:loc xlink:type="locator" xlink:href="hier.xsd#eba_GA3" xlink:label="loc_eba_GA3" />
    <label:label xlink:type="resource" xlink:label="label_eba_GA3" xml:lang="en" xlink:role="http://www.xbrl.org/2008/role/label">Core countries and other</label:label>
    <gen:arc xlink:type="arc" xlink:arcrole="http://xbrl.org/arcrole/2008/element-label" xlink:from="loc_eba_GA3" xlink:to="label_eba_GA3" />
    <label:label xlink:type="resource" xlink:label="label_eba_GA3_1" xml:lang="en" xlink:role="http://www.xbrl.org/2008/role/verboseLabel" />
    <gen:arc xlink:type="arc" xlink:arcrole="http://xbrl.org/arcrole/2008/element-label" xlink:from="loc_eba_GA3" xlink:to="label_eba_GA3_1" />
    <link:loc xlink:type="locator" xlink:href="hier.xsd#eba_GA4" xlink:label="loc_eba_GA4" />
    <label:label xlink:type="resource" xlink:label="label_eba_GA4" xml:lang="en" xlink:role="http://www.xbrl.org/2008/role/label">All countries and other</label:label>
    <gen:arc xlink:type="arc" xlink:arcrole="http://xbrl.org/arcrole/2008/element-label" xlink:from="loc_eba_GA4" xlink:to="label_eba_GA4" />
    <label:label xlink:type="resource" xlink:label="label_eba_GA4_1" xml:lang="en" xlink:role="http://www.xbrl.org/2008/role/verboseLabel" />
    <gen:arc xlink:type="arc" xlink:arcrole="http://xbrl.org/arcrole/2008/element-label" xlink:from="loc_eba_GA4" xlink:to="label_eba_GA4_1" />
    <link:loc xlink:type="locator" xlink:href="hier.xsd#eba_GA5" xlink:label="loc_eba_GA5" />
    <label:label xlink:type="resource" xlink:label="label_eba_GA5" xml:lang="en" xlink:role="http://www.xbrl.org/2008/role/label">All countries applicable for open axis tables</label:label>
    <gen:arc xlink:type="arc" xlink:arcrole="http://xbrl.org/arcrole/2008/element-label" xlink:from="loc_eba_GA5" xlink:to="label_eba_GA5" />
    <label:label xlink:type="resource" xlink:label="label_eba_GA5_1" xml:lang="en" xlink:role="http://www.xbrl.org/2008/role/verboseLabel" />
    <gen:arc xlink:type="arc" xlink:arcrole="http://xbrl.org/arcrole/2008/element-label" xlink:from="loc_eba_GA5" xlink:to="label_eba_GA5_1" />
  </gen:link>
</link:linkbase>