﻿<?xml version="1.0" encoding="utf-8"?>
<?taxonomy-version 2.0.0?>
<!--(C) EBA-->
<link:linkbase xmlns:xsi="http://www.w3.org/2001/XMLSchema-instance" xmlns:xlink="http://www.w3.org/1999/xlink" xmlns:link="http://www.xbrl.org/2003/linkbase" xmlns:gen="http://xbrl.org/2008/generic" xmlns:label="http://xbrl.org/2008/label" xsi:schemaLocation="http://www.xbrl.org/2003/linkbase http://www.xbrl.org/2003/xbrl-linkbase-2003-12-31.xsd http://xbrl.org/2008/generic http://www.xbrl.org/2008/generic-link.xsd http://xbrl.org/2008/label http://www.xbrl.org/2008/generic-label.xsd">
  <link:arcroleRef arcroleURI="http://xbrl.org/arcrole/2008/element-label" xlink:type="simple" xlink:href="http://www.xbrl.org/2008/generic-label.xsd#element-label" />
  <link:roleRef roleURI="http://www.xbrl.org/2008/role/label" xlink:type="simple" xlink:href="http://www.xbrl.org/2008/generic-label.xsd#standard-label" />
  <link:roleRef roleURI="http://www.xbrl.org/2008/role/verboseLabel" xlink:type="simple" xlink:href="http://www.xbrl.org/2008/generic-label.xsd#verbose-label" />
  <gen:link xlink:type="extended" xlink:role="http://www.xbrl.org/2003/role/link">
    <link:loc xlink:type="locator" xlink:href="c_27.00-rend.xml#eba_tC_27.00" xlink:label="loc_eba_tC_27.00" />
    <label:label xlink:type="resource" xlink:label="label_eba_tC_27.00" xml:lang="en" xlink:role="http://www.xbrl.org/2008/role/label">C 27.00 (LE 1)</label:label>
    <gen:arc xlink:type="arc" xlink:arcrole="http://xbrl.org/arcrole/2008/element-label" xlink:from="loc_eba_tC_27.00" xlink:to="label_eba_tC_27.00" />
    <label:label xlink:type="resource" xlink:label="label_eba_tC_27.00_1" xml:lang="en" xlink:role="http://www.xbrl.org/2008/role/verboseLabel">C 27.00 (LE 1) Identification of the counterparty</label:label>
    <gen:arc xlink:type="arc" xlink:arcrole="http://xbrl.org/arcrole/2008/element-label" xlink:from="loc_eba_tC_27.00" xlink:to="label_eba_tC_27.00_1" />
    <link:loc xlink:type="locator" xlink:href="c_27.00-rend.xml#eba_a1" xlink:label="loc_eba_a1" />
    <label:label xlink:type="resource" xlink:label="label_eba_a1" xml:lang="en" xlink:role="http://www.xbrl.org/2008/role/label">Columns</label:label>
    <gen:arc xlink:type="arc" xlink:arcrole="http://xbrl.org/arcrole/2008/element-label" xlink:from="loc_eba_a1" xlink:to="label_eba_a1" />
    <link:loc xlink:type="locator" xlink:href="c_27.00-rend.xml#eba_c21005" xlink:label="loc_eba_c21005" />
    <label:label xlink:type="resource" xlink:label="label_eba_c21005" xml:lang="en" xlink:role="http://www.xbrl.org/2008/role/label">COUNTERPARTY IDENTIFICATION</label:label>
    <gen:arc xlink:type="arc" xlink:arcrole="http://xbrl.org/arcrole/2008/element-label" xlink:from="loc_eba_c21005" xlink:to="label_eba_c21005" />
    <link:loc xlink:type="locator" xlink:href="c_27.00-rend.xml#eba_c21007" xlink:label="loc_eba_c21007" />
    <label:label xlink:type="resource" xlink:label="label_eba_c21007" xml:lang="en" xlink:role="http://www.xbrl.org/2008/role/label">Name</label:label>
    <gen:arc xlink:type="arc" xlink:arcrole="http://xbrl.org/arcrole/2008/element-label" xlink:from="loc_eba_c21007" xlink:to="label_eba_c21007" />
    <link:loc xlink:type="locator" xlink:href="c_27.00-rend.xml#eba_c21008" xlink:label="loc_eba_c21008" />
    <label:label xlink:type="resource" xlink:label="label_eba_c21008" xml:lang="en" xlink:role="http://www.xbrl.org/2008/role/label">LEI code</label:label>
    <gen:arc xlink:type="arc" xlink:arcrole="http://xbrl.org/arcrole/2008/element-label" xlink:from="loc_eba_c21008" xlink:to="label_eba_c21008" />
    <link:loc xlink:type="locator" xlink:href="c_27.00-rend.xml#eba_c21009" xlink:label="loc_eba_c21009" />
    <label:label xlink:type="resource" xlink:label="label_eba_c21009" xml:lang="en" xlink:role="http://www.xbrl.org/2008/role/label">Residence of the counterparty</label:label>
    <gen:arc xlink:type="arc" xlink:arcrole="http://xbrl.org/arcrole/2008/element-label" xlink:from="loc_eba_c21009" xlink:to="label_eba_c21009" />
    <link:loc xlink:type="locator" xlink:href="c_27.00-rend.xml#eba_c21010" xlink:label="loc_eba_c21010" />
    <label:label xlink:type="resource" xlink:label="label_eba_c21010" xml:lang="en" xlink:role="http://www.xbrl.org/2008/role/label">Sector of the counterparty</label:label>
    <gen:arc xlink:type="arc" xlink:arcrole="http://xbrl.org/arcrole/2008/element-label" xlink:from="loc_eba_c21010" xlink:to="label_eba_c21010" />
    <link:loc xlink:type="locator" xlink:href="c_27.00-rend.xml#eba_c21011" xlink:label="loc_eba_c21011" />
    <label:label xlink:type="resource" xlink:label="label_eba_c21011" xml:lang="en" xlink:role="http://www.xbrl.org/2008/role/label">NACE code</label:label>
    <gen:arc xlink:type="arc" xlink:arcrole="http://xbrl.org/arcrole/2008/element-label" xlink:from="loc_eba_c21011" xlink:to="label_eba_c21011" />
    <link:loc xlink:type="locator" xlink:href="c_27.00-rend.xml#eba_c21012" xlink:label="loc_eba_c21012" />
    <label:label xlink:type="resource" xlink:label="label_eba_c21012" xml:lang="en" xlink:role="http://www.xbrl.org/2008/role/label">Type of counterparty</label:label>
    <gen:arc xlink:type="arc" xlink:arcrole="http://xbrl.org/arcrole/2008/element-label" xlink:from="loc_eba_c21012" xlink:to="label_eba_c21012" />
    <link:loc xlink:type="locator" xlink:href="c_27.00-rend.xml#eba_a2" xlink:label="loc_eba_a2" />
    <label:label xlink:type="resource" xlink:label="label_eba_a2" xml:lang="en" xlink:role="http://www.xbrl.org/2008/role/label">Code</label:label>
    <gen:arc xlink:type="arc" xlink:arcrole="http://xbrl.org/arcrole/2008/element-label" xlink:from="loc_eba_a2" xlink:to="label_eba_a2" />
  </gen:link>
</link:linkbase>