﻿<?xml version="1.0" encoding="utf-8"?>
<?taxonomy-version 2.0.0?>
<!--(C) EBA-->
<link:linkbase xmlns:xsi="http://www.w3.org/2001/XMLSchema-instance" xmlns:xlink="http://www.w3.org/1999/xlink" xmlns:link="http://www.xbrl.org/2003/linkbase" xmlns:gen="http://xbrl.org/2008/generic" xmlns:label="http://xbrl.org/2008/label" xmlns:formula="http://xbrl.org/2008/formula" xmlns:df="http://xbrl.org/2008/filter/dimension" xmlns:table="http://xbrl.org/PWD/2013-05-17/table" xmlns:model="http://www.eurofiling.info/xbrl/ext/model" xmlns:eba_dim="http://www.eba.europa.eu/xbrl/crr/dict/dim" xmlns:eba_AP="http://www.eba.europa.eu/xbrl/crr/dict/dom/AP" xmlns:eba_TR="http://www.eba.europa.eu/xbrl/crr/dict/dom/TR" xmlns:eba_BA="http://www.eba.europa.eu/xbrl/crr/dict/dom/BA" xmlns:eba_met="http://www.eba.europa.eu/xbrl/crr/dict/met" xmlns:eba_PI="http://www.eba.europa.eu/xbrl/crr/dict/dom/PI" xmlns:eba_ER="http://www.eba.europa.eu/xbrl/crr/dict/dom/ER" xmlns:eba_PC="http://www.eba.europa.eu/xbrl/crr/dict/dom/PC" xmlns:eba_PL="http://www.eba.europa.eu/xbrl/crr/dict/dom/PL" xmlns:eba_MC="http://www.eba.europa.eu/xbrl/crr/dict/dom/MC" xmlns:eba_RS="http://www.eba.europa.eu/xbrl/crr/dict/dom/RS" xsi:schemaLocation="http://www.xbrl.org/2003/linkbase http://www.xbrl.org/2003/xbrl-linkbase-2003-12-31.xsd http://xbrl.org/2008/generic http://www.xbrl.org/2008/generic-link.xsd http://xbrl.org/2008/label http://www.xbrl.org/2008/generic-label.xsd http://xbrl.org/2008/formula http://www.xbrl.org/2008/formula.xsd http://xbrl.org/2008/filter/dimension http://www.xbrl.org/2008/dimension-filter.xsd http://xbrl.org/PWD/2013-05-17/table http://www.xbrl.org/PWD/2013-05-17/table.xsd http://www.eurofiling.info/xbrl/ext/model http://www.eurofiling.info/eu/fr/xbrl/ext/model.xsd">
  <link:arcroleRef arcroleURI="http://xbrl.org/arcrole/PWD/2013-05-17/breakdown-tree" xlink:type="simple" xlink:href="http://www.xbrl.org/PWD/2013-05-17/table.xsd#breakdown-tree" />
  <link:arcroleRef arcroleURI="http://xbrl.org/arcrole/PWD/2013-05-17/definition-node-subtree" xlink:type="simple" xlink:href="http://www.xbrl.org/PWD/2013-05-17/table.xsd#definition-node-subtree" />
  <link:arcroleRef arcroleURI="http://xbrl.org/arcrole/PWD/2013-05-17/table-breakdown" xlink:type="simple" xlink:href="http://www.xbrl.org/PWD/2013-05-17/table.xsd#table-breakdown" />
  <link:roleRef roleURI="http://www.eba.europa.eu/xbrl/crr/role/fws/COREP/ITS-2013-02/2013-12-01/tab/C_20.00" xlink:type="simple" xlink:href="c_20.00.xsd#role" />
  <gen:link xlink:type="extended" xlink:role="http://www.eba.europa.eu/xbrl/crr/role/fws/COREP/ITS-2013-02/2013-12-01/tab/C_20.00">
    <table:table xlink:type="resource" xlink:label="eba_tC_20.00" aspectModel="dimensional" id="eba_tC_20.00" />
    <table:breakdown xlink:type="resource" xlink:label="eba_a1" parentChildOrder="parent-first" id="eba_a1" />
    <table:ruleNode xlink:type="resource" xlink:label="eba_a1.root" abstract="true" id="eba_a1.root">
      <formula:explicitDimension dimension="eba_dim:APR">
        <formula:member>
          <formula:qname>eba_AP:x6</formula:qname>
        </formula:member>
      </formula:explicitDimension>
      <formula:explicitDimension dimension="eba_dim:TRI">
        <formula:member>
          <formula:qname>eba_TR:x21</formula:qname>
        </formula:member>
      </formula:explicitDimension>
    </table:ruleNode>
    <table:breakdownTreeArc xlink:type="arc" xlink:arcrole="http://xbrl.org/arcrole/PWD/2013-05-17/breakdown-tree" xlink:from="eba_a1" xlink:to="eba_a1.root" order="0" />
    <table:ruleNode xlink:type="resource" xlink:label="eba_c20729" abstract="true" id="eba_c20729">
      <formula:explicitDimension dimension="eba_dim:BAS">
        <formula:member>
          <formula:qname>eba_BA:x9</formula:qname>
        </formula:member>
      </formula:explicitDimension>
    </table:ruleNode>
    <table:ruleNode xlink:type="resource" xlink:label="eba_c20730" id="eba_c20730">
      <formula:concept>
        <formula:qname>eba_met:mi255</formula:qname>
      </formula:concept>
      <formula:explicitDimension dimension="eba_dim:PIN">
        <formula:member>
          <formula:qname>eba_PI:x1</formula:qname>
        </formula:member>
      </formula:explicitDimension>
    </table:ruleNode>
    <table:definitionNodeSubtreeArc xlink:type="arc" xlink:arcrole="http://xbrl.org/arcrole/PWD/2013-05-17/definition-node-subtree" xlink:from="eba_c20729" xlink:to="eba_c20730" order="1" />
    <table:ruleNode xlink:type="resource" xlink:label="eba_c20731" id="eba_c20731">
      <formula:concept>
        <formula:qname>eba_met:mi255</formula:qname>
      </formula:concept>
      <formula:explicitDimension dimension="eba_dim:PIN">
        <formula:member>
          <formula:qname>eba_PI:x4</formula:qname>
        </formula:member>
      </formula:explicitDimension>
    </table:ruleNode>
    <table:definitionNodeSubtreeArc xlink:type="arc" xlink:arcrole="http://xbrl.org/arcrole/PWD/2013-05-17/definition-node-subtree" xlink:from="eba_c20729" xlink:to="eba_c20731" order="2" />
    <table:definitionNodeSubtreeArc xlink:type="arc" xlink:arcrole="http://xbrl.org/arcrole/PWD/2013-05-17/definition-node-subtree" xlink:from="eba_a1.root" xlink:to="eba_c20729" order="1" />
    <table:ruleNode xlink:type="resource" xlink:label="eba_c20732" abstract="true" id="eba_c20732">
      <formula:explicitDimension dimension="eba_dim:BAS">
        <formula:member>
          <formula:qname>eba_BA:x11</formula:qname>
        </formula:member>
      </formula:explicitDimension>
    </table:ruleNode>
    <table:ruleNode xlink:type="resource" xlink:label="eba_c20733" id="eba_c20733">
      <formula:concept>
        <formula:qname>eba_met:mi260</formula:qname>
      </formula:concept>
      <formula:explicitDimension dimension="eba_dim:PIN">
        <formula:member>
          <formula:qname>eba_PI:x1</formula:qname>
        </formula:member>
      </formula:explicitDimension>
    </table:ruleNode>
    <table:definitionNodeSubtreeArc xlink:type="arc" xlink:arcrole="http://xbrl.org/arcrole/PWD/2013-05-17/definition-node-subtree" xlink:from="eba_c20732" xlink:to="eba_c20733" order="1" />
    <table:ruleNode xlink:type="resource" xlink:label="eba_c20734" id="eba_c20734">
      <formula:concept>
        <formula:qname>eba_met:mi260</formula:qname>
      </formula:concept>
      <formula:explicitDimension dimension="eba_dim:PIN">
        <formula:member>
          <formula:qname>eba_PI:x4</formula:qname>
        </formula:member>
      </formula:explicitDimension>
    </table:ruleNode>
    <table:definitionNodeSubtreeArc xlink:type="arc" xlink:arcrole="http://xbrl.org/arcrole/PWD/2013-05-17/definition-node-subtree" xlink:from="eba_c20732" xlink:to="eba_c20734" order="2" />
    <table:definitionNodeSubtreeArc xlink:type="arc" xlink:arcrole="http://xbrl.org/arcrole/PWD/2013-05-17/definition-node-subtree" xlink:from="eba_a1.root" xlink:to="eba_c20732" order="2" />
    <table:ruleNode xlink:type="resource" xlink:label="eba_c20735" abstract="true" id="eba_c20735">
      <formula:explicitDimension dimension="eba_dim:BAS">
        <formula:member>
          <formula:qname>eba_BA:x9</formula:qname>
        </formula:member>
      </formula:explicitDimension>
    </table:ruleNode>
    <table:ruleNode xlink:type="resource" xlink:label="eba_c20736" id="eba_c20736">
      <formula:concept>
        <formula:qname>eba_met:mi256</formula:qname>
      </formula:concept>
      <formula:explicitDimension dimension="eba_dim:PIN">
        <formula:member>
          <formula:qname>eba_PI:x1</formula:qname>
        </formula:member>
      </formula:explicitDimension>
    </table:ruleNode>
    <table:definitionNodeSubtreeArc xlink:type="arc" xlink:arcrole="http://xbrl.org/arcrole/PWD/2013-05-17/definition-node-subtree" xlink:from="eba_c20735" xlink:to="eba_c20736" order="1" />
    <table:ruleNode xlink:type="resource" xlink:label="eba_c20737" id="eba_c20737">
      <formula:concept>
        <formula:qname>eba_met:mi256</formula:qname>
      </formula:concept>
      <formula:explicitDimension dimension="eba_dim:PIN">
        <formula:member>
          <formula:qname>eba_PI:x4</formula:qname>
        </formula:member>
      </formula:explicitDimension>
    </table:ruleNode>
    <table:definitionNodeSubtreeArc xlink:type="arc" xlink:arcrole="http://xbrl.org/arcrole/PWD/2013-05-17/definition-node-subtree" xlink:from="eba_c20735" xlink:to="eba_c20737" order="2" />
    <table:definitionNodeSubtreeArc xlink:type="arc" xlink:arcrole="http://xbrl.org/arcrole/PWD/2013-05-17/definition-node-subtree" xlink:from="eba_a1.root" xlink:to="eba_c20735" order="3" />
    <table:ruleNode xlink:type="resource" xlink:label="eba_c20738" abstract="true" id="eba_c20738">
      <formula:explicitDimension dimension="eba_dim:BAS">
        <formula:member>
          <formula:qname>eba_BA:x9</formula:qname>
        </formula:member>
      </formula:explicitDimension>
      <formula:explicitDimension dimension="eba_dim:PIN">
        <formula:member>
          <formula:qname>eba_PI:x1</formula:qname>
        </formula:member>
      </formula:explicitDimension>
    </table:ruleNode>
    <table:ruleNode xlink:type="resource" xlink:label="eba_c20739" abstract="true" id="eba_c20739">
      <formula:explicitDimension dimension="eba_dim:EXT">
        <formula:member>
          <formula:qname>eba_ER:x1</formula:qname>
        </formula:member>
      </formula:explicitDimension>
    </table:ruleNode>
    <table:ruleNode xlink:type="resource" xlink:label="eba_c20740" id="eba_c20740">
      <formula:concept>
        <formula:qname>eba_met:mi256</formula:qname>
      </formula:concept>
      <formula:explicitDimension dimension="eba_dim:MRW">
        <formula:member>
          <formula:qname>eba_AP:x18</formula:qname>
        </formula:member>
      </formula:explicitDimension>
      <formula:explicitDimension dimension="eba_dim:RWS">
        <formula:member>
          <formula:qname>eba_PC:x51</formula:qname>
        </formula:member>
      </formula:explicitDimension>
    </table:ruleNode>
    <table:definitionNodeSubtreeArc xlink:type="arc" xlink:arcrole="http://xbrl.org/arcrole/PWD/2013-05-17/definition-node-subtree" xlink:from="eba_c20739" xlink:to="eba_c20740" order="1" />
    <table:ruleNode xlink:type="resource" xlink:label="eba_c20741" id="eba_c20741">
      <formula:concept>
        <formula:qname>eba_met:mi256</formula:qname>
      </formula:concept>
      <formula:explicitDimension dimension="eba_dim:MRW">
        <formula:member>
          <formula:qname>eba_AP:x18</formula:qname>
        </formula:member>
      </formula:explicitDimension>
      <formula:explicitDimension dimension="eba_dim:RWS">
        <formula:member>
          <formula:qname>eba_PC:x41</formula:qname>
        </formula:member>
      </formula:explicitDimension>
    </table:ruleNode>
    <table:definitionNodeSubtreeArc xlink:type="arc" xlink:arcrole="http://xbrl.org/arcrole/PWD/2013-05-17/definition-node-subtree" xlink:from="eba_c20739" xlink:to="eba_c20741" order="2" />
    <table:ruleNode xlink:type="resource" xlink:label="eba_c20742" id="eba_c20742">
      <formula:concept>
        <formula:qname>eba_met:mi256</formula:qname>
      </formula:concept>
      <formula:explicitDimension dimension="eba_dim:MRW">
        <formula:member>
          <formula:qname>eba_AP:x18</formula:qname>
        </formula:member>
      </formula:explicitDimension>
      <formula:explicitDimension dimension="eba_dim:RWS">
        <formula:member>
          <formula:qname>eba_PC:x45</formula:qname>
        </formula:member>
      </formula:explicitDimension>
    </table:ruleNode>
    <table:definitionNodeSubtreeArc xlink:type="arc" xlink:arcrole="http://xbrl.org/arcrole/PWD/2013-05-17/definition-node-subtree" xlink:from="eba_c20739" xlink:to="eba_c20742" order="3" />
    <table:ruleNode xlink:type="resource" xlink:label="eba_c20743" id="eba_c20743">
      <formula:concept>
        <formula:qname>eba_met:mi256</formula:qname>
      </formula:concept>
      <formula:explicitDimension dimension="eba_dim:MRW">
        <formula:member>
          <formula:qname>eba_AP:x18</formula:qname>
        </formula:member>
      </formula:explicitDimension>
      <formula:explicitDimension dimension="eba_dim:RWS">
        <formula:member>
          <formula:qname>eba_PC:x49</formula:qname>
        </formula:member>
      </formula:explicitDimension>
    </table:ruleNode>
    <table:definitionNodeSubtreeArc xlink:type="arc" xlink:arcrole="http://xbrl.org/arcrole/PWD/2013-05-17/definition-node-subtree" xlink:from="eba_c20739" xlink:to="eba_c20743" order="4" />
    <table:ruleNode xlink:type="resource" xlink:label="eba_c20744" id="eba_c20744">
      <formula:concept>
        <formula:qname>eba_met:mi256</formula:qname>
      </formula:concept>
      <formula:explicitDimension dimension="eba_dim:MRW">
        <formula:member>
          <formula:qname>eba_AP:x18</formula:qname>
        </formula:member>
      </formula:explicitDimension>
      <formula:explicitDimension dimension="eba_dim:RWS">
        <formula:member>
          <formula:qname>eba_PC:x14</formula:qname>
        </formula:member>
      </formula:explicitDimension>
    </table:ruleNode>
    <table:definitionNodeSubtreeArc xlink:type="arc" xlink:arcrole="http://xbrl.org/arcrole/PWD/2013-05-17/definition-node-subtree" xlink:from="eba_c20739" xlink:to="eba_c20744" order="5" />
    <table:ruleNode xlink:type="resource" xlink:label="eba_c20745" id="eba_c20745">
      <formula:concept>
        <formula:qname>eba_met:mi256</formula:qname>
      </formula:concept>
      <formula:explicitDimension dimension="eba_dim:MRW">
        <formula:member>
          <formula:qname>eba_AP:x18</formula:qname>
        </formula:member>
      </formula:explicitDimension>
      <formula:explicitDimension dimension="eba_dim:RWS">
        <formula:member>
          <formula:qname>eba_PC:x20</formula:qname>
        </formula:member>
      </formula:explicitDimension>
    </table:ruleNode>
    <table:definitionNodeSubtreeArc xlink:type="arc" xlink:arcrole="http://xbrl.org/arcrole/PWD/2013-05-17/definition-node-subtree" xlink:from="eba_c20739" xlink:to="eba_c20745" order="6" />
    <table:ruleNode xlink:type="resource" xlink:label="eba_c20746" id="eba_c20746">
      <formula:concept>
        <formula:qname>eba_met:mi256</formula:qname>
      </formula:concept>
      <formula:explicitDimension dimension="eba_dim:MRW">
        <formula:member>
          <formula:qname>eba_AP:x18</formula:qname>
        </formula:member>
      </formula:explicitDimension>
      <formula:explicitDimension dimension="eba_dim:RWS">
        <formula:member>
          <formula:qname>eba_PC:x23</formula:qname>
        </formula:member>
      </formula:explicitDimension>
    </table:ruleNode>
    <table:definitionNodeSubtreeArc xlink:type="arc" xlink:arcrole="http://xbrl.org/arcrole/PWD/2013-05-17/definition-node-subtree" xlink:from="eba_c20739" xlink:to="eba_c20746" order="7" />
    <table:ruleNode xlink:type="resource" xlink:label="eba_c20747" id="eba_c20747">
      <formula:concept>
        <formula:qname>eba_met:mi256</formula:qname>
      </formula:concept>
      <formula:explicitDimension dimension="eba_dim:MRW">
        <formula:member>
          <formula:qname>eba_AP:x18</formula:qname>
        </formula:member>
      </formula:explicitDimension>
      <formula:explicitDimension dimension="eba_dim:RWS">
        <formula:member>
          <formula:qname>eba_PC:x25</formula:qname>
        </formula:member>
      </formula:explicitDimension>
    </table:ruleNode>
    <table:definitionNodeSubtreeArc xlink:type="arc" xlink:arcrole="http://xbrl.org/arcrole/PWD/2013-05-17/definition-node-subtree" xlink:from="eba_c20739" xlink:to="eba_c20747" order="8" />
    <table:ruleNode xlink:type="resource" xlink:label="eba_c20748" id="eba_c20748">
      <formula:concept>
        <formula:qname>eba_met:mi256</formula:qname>
      </formula:concept>
      <formula:explicitDimension dimension="eba_dim:MRW">
        <formula:member>
          <formula:qname>eba_AP:x18</formula:qname>
        </formula:member>
      </formula:explicitDimension>
      <formula:explicitDimension dimension="eba_dim:RWS">
        <formula:member>
          <formula:qname>eba_PC:x27</formula:qname>
        </formula:member>
      </formula:explicitDimension>
    </table:ruleNode>
    <table:definitionNodeSubtreeArc xlink:type="arc" xlink:arcrole="http://xbrl.org/arcrole/PWD/2013-05-17/definition-node-subtree" xlink:from="eba_c20739" xlink:to="eba_c20748" order="9" />
    <table:ruleNode xlink:type="resource" xlink:label="eba_c20749" id="eba_c20749">
      <formula:concept>
        <formula:qname>eba_met:mi256</formula:qname>
      </formula:concept>
      <formula:explicitDimension dimension="eba_dim:RWS">
        <formula:member>
          <formula:qname>eba_PC:x56</formula:qname>
        </formula:member>
      </formula:explicitDimension>
    </table:ruleNode>
    <table:definitionNodeSubtreeArc xlink:type="arc" xlink:arcrole="http://xbrl.org/arcrole/PWD/2013-05-17/definition-node-subtree" xlink:from="eba_c20739" xlink:to="eba_c20749" order="10" />
    <table:definitionNodeSubtreeArc xlink:type="arc" xlink:arcrole="http://xbrl.org/arcrole/PWD/2013-05-17/definition-node-subtree" xlink:from="eba_c20738" xlink:to="eba_c20739" order="1" />
    <table:ruleNode xlink:type="resource" xlink:label="eba_c20750" abstract="true" id="eba_c20750">
      <formula:explicitDimension dimension="eba_dim:RWS">
        <formula:member>
          <formula:qname>eba_PC:x30</formula:qname>
        </formula:member>
      </formula:explicitDimension>
    </table:ruleNode>
    <table:ruleNode xlink:type="resource" xlink:label="eba_c20751" id="eba_c20751">
      <formula:concept>
        <formula:qname>eba_met:mi256</formula:qname>
      </formula:concept>
      <formula:explicitDimension dimension="eba_dim:MRW">
        <formula:member>
          <formula:qname>eba_AP:x18</formula:qname>
        </formula:member>
      </formula:explicitDimension>
      <formula:explicitDimension dimension="eba_dim:EXT">
        <formula:member>
          <formula:qname>eba_ER:x1</formula:qname>
        </formula:member>
      </formula:explicitDimension>
    </table:ruleNode>
    <table:definitionNodeSubtreeArc xlink:type="arc" xlink:arcrole="http://xbrl.org/arcrole/PWD/2013-05-17/definition-node-subtree" xlink:from="eba_c20750" xlink:to="eba_c20751" order="1" />
    <table:ruleNode xlink:type="resource" xlink:label="eba_c20752" id="eba_c20752">
      <formula:concept>
        <formula:qname>eba_met:mi256</formula:qname>
      </formula:concept>
      <formula:explicitDimension dimension="eba_dim:MRW">
        <formula:member>
          <formula:qname>eba_AP:x1</formula:qname>
        </formula:member>
      </formula:explicitDimension>
      <formula:explicitDimension dimension="eba_dim:EXT">
        <formula:member>
          <formula:qname>eba_ER:x11</formula:qname>
        </formula:member>
      </formula:explicitDimension>
    </table:ruleNode>
    <table:definitionNodeSubtreeArc xlink:type="arc" xlink:arcrole="http://xbrl.org/arcrole/PWD/2013-05-17/definition-node-subtree" xlink:from="eba_c20750" xlink:to="eba_c20752" order="2" />
    <table:definitionNodeSubtreeArc xlink:type="arc" xlink:arcrole="http://xbrl.org/arcrole/PWD/2013-05-17/definition-node-subtree" xlink:from="eba_c20738" xlink:to="eba_c20750" order="2" />
    <table:ruleNode xlink:type="resource" xlink:label="eba_c20753" id="eba_c20753">
      <formula:concept>
        <formula:qname>eba_met:mi256</formula:qname>
      </formula:concept>
      <formula:explicitDimension dimension="eba_dim:MRW">
        <formula:member>
          <formula:qname>eba_AP:x19</formula:qname>
        </formula:member>
      </formula:explicitDimension>
      <formula:explicitDimension dimension="eba_dim:EXT">
        <formula:member>
          <formula:qname>eba_ER:x11</formula:qname>
        </formula:member>
      </formula:explicitDimension>
    </table:ruleNode>
    <table:ruleNode xlink:type="resource" xlink:label="eba_c20754" id="eba_c20754">
      <formula:concept>
        <formula:qname>eba_met:pi54</formula:qname>
      </formula:concept>
      <formula:explicitDimension dimension="eba_dim:APR">
        <formula:member>
          <formula:qname>eba_AP:x0</formula:qname>
        </formula:member>
      </formula:explicitDimension>
    </table:ruleNode>
    <table:definitionNodeSubtreeArc xlink:type="arc" xlink:arcrole="http://xbrl.org/arcrole/PWD/2013-05-17/definition-node-subtree" xlink:from="eba_c20753" xlink:to="eba_c20754" order="1" />
    <table:definitionNodeSubtreeArc xlink:type="arc" xlink:arcrole="http://xbrl.org/arcrole/PWD/2013-05-17/definition-node-subtree" xlink:from="eba_c20738" xlink:to="eba_c20753" order="3" />
    <table:ruleNode xlink:type="resource" xlink:label="eba_c20755" id="eba_c20755">
      <formula:concept>
        <formula:qname>eba_met:mi256</formula:qname>
      </formula:concept>
      <formula:explicitDimension dimension="eba_dim:MRW">
        <formula:member>
          <formula:qname>eba_AP:x30</formula:qname>
        </formula:member>
      </formula:explicitDimension>
      <formula:explicitDimension dimension="eba_dim:EXT">
        <formula:member>
          <formula:qname>eba_ER:x11</formula:qname>
        </formula:member>
      </formula:explicitDimension>
    </table:ruleNode>
    <table:definitionNodeSubtreeArc xlink:type="arc" xlink:arcrole="http://xbrl.org/arcrole/PWD/2013-05-17/definition-node-subtree" xlink:from="eba_c20738" xlink:to="eba_c20755" order="4" />
    <table:ruleNode xlink:type="resource" xlink:label="eba_c20756" id="eba_c20756">
      <formula:concept>
        <formula:qname>eba_met:mi256</formula:qname>
      </formula:concept>
      <formula:explicitDimension dimension="eba_dim:MRW">
        <formula:member>
          <formula:qname>eba_AP:x25</formula:qname>
        </formula:member>
      </formula:explicitDimension>
      <formula:explicitDimension dimension="eba_dim:EXT">
        <formula:member>
          <formula:qname>eba_ER:x11</formula:qname>
        </formula:member>
      </formula:explicitDimension>
    </table:ruleNode>
    <table:ruleNode xlink:type="resource" xlink:label="eba_c20757" id="eba_c20757">
      <formula:concept>
        <formula:qname>eba_met:pi54</formula:qname>
      </formula:concept>
      <formula:explicitDimension dimension="eba_dim:APR">
        <formula:member>
          <formula:qname>eba_AP:x0</formula:qname>
        </formula:member>
      </formula:explicitDimension>
    </table:ruleNode>
    <table:definitionNodeSubtreeArc xlink:type="arc" xlink:arcrole="http://xbrl.org/arcrole/PWD/2013-05-17/definition-node-subtree" xlink:from="eba_c20756" xlink:to="eba_c20757" order="1" />
    <table:definitionNodeSubtreeArc xlink:type="arc" xlink:arcrole="http://xbrl.org/arcrole/PWD/2013-05-17/definition-node-subtree" xlink:from="eba_c20738" xlink:to="eba_c20756" order="5" />
    <table:definitionNodeSubtreeArc xlink:type="arc" xlink:arcrole="http://xbrl.org/arcrole/PWD/2013-05-17/definition-node-subtree" xlink:from="eba_a1.root" xlink:to="eba_c20738" order="4" />
    <table:ruleNode xlink:type="resource" xlink:label="eba_c20758" abstract="true" id="eba_c20758">
      <formula:explicitDimension dimension="eba_dim:BAS">
        <formula:member>
          <formula:qname>eba_BA:x9</formula:qname>
        </formula:member>
      </formula:explicitDimension>
      <formula:explicitDimension dimension="eba_dim:PIN">
        <formula:member>
          <formula:qname>eba_PI:x4</formula:qname>
        </formula:member>
      </formula:explicitDimension>
    </table:ruleNode>
    <table:ruleNode xlink:type="resource" xlink:label="eba_c20759" abstract="true" id="eba_c20759">
      <formula:explicitDimension dimension="eba_dim:EXT">
        <formula:member>
          <formula:qname>eba_ER:x1</formula:qname>
        </formula:member>
      </formula:explicitDimension>
    </table:ruleNode>
    <table:ruleNode xlink:type="resource" xlink:label="eba_c20760" id="eba_c20760">
      <formula:concept>
        <formula:qname>eba_met:mi256</formula:qname>
      </formula:concept>
      <formula:explicitDimension dimension="eba_dim:MRW">
        <formula:member>
          <formula:qname>eba_AP:x18</formula:qname>
        </formula:member>
      </formula:explicitDimension>
      <formula:explicitDimension dimension="eba_dim:RWS">
        <formula:member>
          <formula:qname>eba_PC:x51</formula:qname>
        </formula:member>
      </formula:explicitDimension>
    </table:ruleNode>
    <table:definitionNodeSubtreeArc xlink:type="arc" xlink:arcrole="http://xbrl.org/arcrole/PWD/2013-05-17/definition-node-subtree" xlink:from="eba_c20759" xlink:to="eba_c20760" order="1" />
    <table:ruleNode xlink:type="resource" xlink:label="eba_c20761" id="eba_c20761">
      <formula:concept>
        <formula:qname>eba_met:mi256</formula:qname>
      </formula:concept>
      <formula:explicitDimension dimension="eba_dim:MRW">
        <formula:member>
          <formula:qname>eba_AP:x18</formula:qname>
        </formula:member>
      </formula:explicitDimension>
      <formula:explicitDimension dimension="eba_dim:RWS">
        <formula:member>
          <formula:qname>eba_PC:x41</formula:qname>
        </formula:member>
      </formula:explicitDimension>
    </table:ruleNode>
    <table:definitionNodeSubtreeArc xlink:type="arc" xlink:arcrole="http://xbrl.org/arcrole/PWD/2013-05-17/definition-node-subtree" xlink:from="eba_c20759" xlink:to="eba_c20761" order="2" />
    <table:ruleNode xlink:type="resource" xlink:label="eba_c20762" id="eba_c20762">
      <formula:concept>
        <formula:qname>eba_met:mi256</formula:qname>
      </formula:concept>
      <formula:explicitDimension dimension="eba_dim:MRW">
        <formula:member>
          <formula:qname>eba_AP:x18</formula:qname>
        </formula:member>
      </formula:explicitDimension>
      <formula:explicitDimension dimension="eba_dim:RWS">
        <formula:member>
          <formula:qname>eba_PC:x45</formula:qname>
        </formula:member>
      </formula:explicitDimension>
    </table:ruleNode>
    <table:definitionNodeSubtreeArc xlink:type="arc" xlink:arcrole="http://xbrl.org/arcrole/PWD/2013-05-17/definition-node-subtree" xlink:from="eba_c20759" xlink:to="eba_c20762" order="3" />
    <table:ruleNode xlink:type="resource" xlink:label="eba_c20763" id="eba_c20763">
      <formula:concept>
        <formula:qname>eba_met:mi256</formula:qname>
      </formula:concept>
      <formula:explicitDimension dimension="eba_dim:MRW">
        <formula:member>
          <formula:qname>eba_AP:x18</formula:qname>
        </formula:member>
      </formula:explicitDimension>
      <formula:explicitDimension dimension="eba_dim:RWS">
        <formula:member>
          <formula:qname>eba_PC:x49</formula:qname>
        </formula:member>
      </formula:explicitDimension>
    </table:ruleNode>
    <table:definitionNodeSubtreeArc xlink:type="arc" xlink:arcrole="http://xbrl.org/arcrole/PWD/2013-05-17/definition-node-subtree" xlink:from="eba_c20759" xlink:to="eba_c20763" order="4" />
    <table:ruleNode xlink:type="resource" xlink:label="eba_c20764" id="eba_c20764">
      <formula:concept>
        <formula:qname>eba_met:mi256</formula:qname>
      </formula:concept>
      <formula:explicitDimension dimension="eba_dim:MRW">
        <formula:member>
          <formula:qname>eba_AP:x18</formula:qname>
        </formula:member>
      </formula:explicitDimension>
      <formula:explicitDimension dimension="eba_dim:RWS">
        <formula:member>
          <formula:qname>eba_PC:x14</formula:qname>
        </formula:member>
      </formula:explicitDimension>
    </table:ruleNode>
    <table:definitionNodeSubtreeArc xlink:type="arc" xlink:arcrole="http://xbrl.org/arcrole/PWD/2013-05-17/definition-node-subtree" xlink:from="eba_c20759" xlink:to="eba_c20764" order="5" />
    <table:ruleNode xlink:type="resource" xlink:label="eba_c20765" id="eba_c20765">
      <formula:concept>
        <formula:qname>eba_met:mi256</formula:qname>
      </formula:concept>
      <formula:explicitDimension dimension="eba_dim:MRW">
        <formula:member>
          <formula:qname>eba_AP:x18</formula:qname>
        </formula:member>
      </formula:explicitDimension>
      <formula:explicitDimension dimension="eba_dim:RWS">
        <formula:member>
          <formula:qname>eba_PC:x20</formula:qname>
        </formula:member>
      </formula:explicitDimension>
    </table:ruleNode>
    <table:definitionNodeSubtreeArc xlink:type="arc" xlink:arcrole="http://xbrl.org/arcrole/PWD/2013-05-17/definition-node-subtree" xlink:from="eba_c20759" xlink:to="eba_c20765" order="6" />
    <table:ruleNode xlink:type="resource" xlink:label="eba_c20766" id="eba_c20766">
      <formula:concept>
        <formula:qname>eba_met:mi256</formula:qname>
      </formula:concept>
      <formula:explicitDimension dimension="eba_dim:MRW">
        <formula:member>
          <formula:qname>eba_AP:x18</formula:qname>
        </formula:member>
      </formula:explicitDimension>
      <formula:explicitDimension dimension="eba_dim:RWS">
        <formula:member>
          <formula:qname>eba_PC:x23</formula:qname>
        </formula:member>
      </formula:explicitDimension>
    </table:ruleNode>
    <table:definitionNodeSubtreeArc xlink:type="arc" xlink:arcrole="http://xbrl.org/arcrole/PWD/2013-05-17/definition-node-subtree" xlink:from="eba_c20759" xlink:to="eba_c20766" order="7" />
    <table:ruleNode xlink:type="resource" xlink:label="eba_c20767" id="eba_c20767">
      <formula:concept>
        <formula:qname>eba_met:mi256</formula:qname>
      </formula:concept>
      <formula:explicitDimension dimension="eba_dim:MRW">
        <formula:member>
          <formula:qname>eba_AP:x18</formula:qname>
        </formula:member>
      </formula:explicitDimension>
      <formula:explicitDimension dimension="eba_dim:RWS">
        <formula:member>
          <formula:qname>eba_PC:x25</formula:qname>
        </formula:member>
      </formula:explicitDimension>
    </table:ruleNode>
    <table:definitionNodeSubtreeArc xlink:type="arc" xlink:arcrole="http://xbrl.org/arcrole/PWD/2013-05-17/definition-node-subtree" xlink:from="eba_c20759" xlink:to="eba_c20767" order="8" />
    <table:ruleNode xlink:type="resource" xlink:label="eba_c20768" id="eba_c20768">
      <formula:concept>
        <formula:qname>eba_met:mi256</formula:qname>
      </formula:concept>
      <formula:explicitDimension dimension="eba_dim:MRW">
        <formula:member>
          <formula:qname>eba_AP:x18</formula:qname>
        </formula:member>
      </formula:explicitDimension>
      <formula:explicitDimension dimension="eba_dim:RWS">
        <formula:member>
          <formula:qname>eba_PC:x27</formula:qname>
        </formula:member>
      </formula:explicitDimension>
    </table:ruleNode>
    <table:definitionNodeSubtreeArc xlink:type="arc" xlink:arcrole="http://xbrl.org/arcrole/PWD/2013-05-17/definition-node-subtree" xlink:from="eba_c20759" xlink:to="eba_c20768" order="9" />
    <table:ruleNode xlink:type="resource" xlink:label="eba_c20769" id="eba_c20769">
      <formula:concept>
        <formula:qname>eba_met:mi256</formula:qname>
      </formula:concept>
      <formula:explicitDimension dimension="eba_dim:RWS">
        <formula:member>
          <formula:qname>eba_PC:x56</formula:qname>
        </formula:member>
      </formula:explicitDimension>
    </table:ruleNode>
    <table:definitionNodeSubtreeArc xlink:type="arc" xlink:arcrole="http://xbrl.org/arcrole/PWD/2013-05-17/definition-node-subtree" xlink:from="eba_c20759" xlink:to="eba_c20769" order="10" />
    <table:definitionNodeSubtreeArc xlink:type="arc" xlink:arcrole="http://xbrl.org/arcrole/PWD/2013-05-17/definition-node-subtree" xlink:from="eba_c20758" xlink:to="eba_c20759" order="1" />
    <table:ruleNode xlink:type="resource" xlink:label="eba_c20770" abstract="true" id="eba_c20770">
      <formula:explicitDimension dimension="eba_dim:RWS">
        <formula:member>
          <formula:qname>eba_PC:x30</formula:qname>
        </formula:member>
      </formula:explicitDimension>
    </table:ruleNode>
    <table:ruleNode xlink:type="resource" xlink:label="eba_c20771" id="eba_c20771">
      <formula:concept>
        <formula:qname>eba_met:mi256</formula:qname>
      </formula:concept>
      <formula:explicitDimension dimension="eba_dim:MRW">
        <formula:member>
          <formula:qname>eba_AP:x18</formula:qname>
        </formula:member>
      </formula:explicitDimension>
      <formula:explicitDimension dimension="eba_dim:EXT">
        <formula:member>
          <formula:qname>eba_ER:x1</formula:qname>
        </formula:member>
      </formula:explicitDimension>
    </table:ruleNode>
    <table:definitionNodeSubtreeArc xlink:type="arc" xlink:arcrole="http://xbrl.org/arcrole/PWD/2013-05-17/definition-node-subtree" xlink:from="eba_c20770" xlink:to="eba_c20771" order="1" />
    <table:ruleNode xlink:type="resource" xlink:label="eba_c20772" id="eba_c20772">
      <formula:concept>
        <formula:qname>eba_met:mi256</formula:qname>
      </formula:concept>
      <formula:explicitDimension dimension="eba_dim:MRW">
        <formula:member>
          <formula:qname>eba_AP:x1</formula:qname>
        </formula:member>
      </formula:explicitDimension>
      <formula:explicitDimension dimension="eba_dim:EXT">
        <formula:member>
          <formula:qname>eba_ER:x11</formula:qname>
        </formula:member>
      </formula:explicitDimension>
    </table:ruleNode>
    <table:definitionNodeSubtreeArc xlink:type="arc" xlink:arcrole="http://xbrl.org/arcrole/PWD/2013-05-17/definition-node-subtree" xlink:from="eba_c20770" xlink:to="eba_c20772" order="2" />
    <table:definitionNodeSubtreeArc xlink:type="arc" xlink:arcrole="http://xbrl.org/arcrole/PWD/2013-05-17/definition-node-subtree" xlink:from="eba_c20758" xlink:to="eba_c20770" order="2" />
    <table:ruleNode xlink:type="resource" xlink:label="eba_c20773" id="eba_c20773">
      <formula:concept>
        <formula:qname>eba_met:mi256</formula:qname>
      </formula:concept>
      <formula:explicitDimension dimension="eba_dim:MRW">
        <formula:member>
          <formula:qname>eba_AP:x19</formula:qname>
        </formula:member>
      </formula:explicitDimension>
      <formula:explicitDimension dimension="eba_dim:EXT">
        <formula:member>
          <formula:qname>eba_ER:x11</formula:qname>
        </formula:member>
      </formula:explicitDimension>
    </table:ruleNode>
    <table:ruleNode xlink:type="resource" xlink:label="eba_c20774" id="eba_c20774">
      <formula:concept>
        <formula:qname>eba_met:pi54</formula:qname>
      </formula:concept>
      <formula:explicitDimension dimension="eba_dim:APR">
        <formula:member>
          <formula:qname>eba_AP:x0</formula:qname>
        </formula:member>
      </formula:explicitDimension>
    </table:ruleNode>
    <table:definitionNodeSubtreeArc xlink:type="arc" xlink:arcrole="http://xbrl.org/arcrole/PWD/2013-05-17/definition-node-subtree" xlink:from="eba_c20773" xlink:to="eba_c20774" order="1" />
    <table:definitionNodeSubtreeArc xlink:type="arc" xlink:arcrole="http://xbrl.org/arcrole/PWD/2013-05-17/definition-node-subtree" xlink:from="eba_c20758" xlink:to="eba_c20773" order="3" />
    <table:ruleNode xlink:type="resource" xlink:label="eba_c20775" id="eba_c20775">
      <formula:concept>
        <formula:qname>eba_met:mi256</formula:qname>
      </formula:concept>
      <formula:explicitDimension dimension="eba_dim:MRW">
        <formula:member>
          <formula:qname>eba_AP:x30</formula:qname>
        </formula:member>
      </formula:explicitDimension>
      <formula:explicitDimension dimension="eba_dim:EXT">
        <formula:member>
          <formula:qname>eba_ER:x11</formula:qname>
        </formula:member>
      </formula:explicitDimension>
    </table:ruleNode>
    <table:definitionNodeSubtreeArc xlink:type="arc" xlink:arcrole="http://xbrl.org/arcrole/PWD/2013-05-17/definition-node-subtree" xlink:from="eba_c20758" xlink:to="eba_c20775" order="4" />
    <table:ruleNode xlink:type="resource" xlink:label="eba_c20776" id="eba_c20776">
      <formula:concept>
        <formula:qname>eba_met:mi256</formula:qname>
      </formula:concept>
      <formula:explicitDimension dimension="eba_dim:MRW">
        <formula:member>
          <formula:qname>eba_AP:x25</formula:qname>
        </formula:member>
      </formula:explicitDimension>
      <formula:explicitDimension dimension="eba_dim:EXT">
        <formula:member>
          <formula:qname>eba_ER:x11</formula:qname>
        </formula:member>
      </formula:explicitDimension>
    </table:ruleNode>
    <table:ruleNode xlink:type="resource" xlink:label="eba_c20777" id="eba_c20777">
      <formula:concept>
        <formula:qname>eba_met:pi54</formula:qname>
      </formula:concept>
      <formula:explicitDimension dimension="eba_dim:APR">
        <formula:member>
          <formula:qname>eba_AP:x0</formula:qname>
        </formula:member>
      </formula:explicitDimension>
    </table:ruleNode>
    <table:definitionNodeSubtreeArc xlink:type="arc" xlink:arcrole="http://xbrl.org/arcrole/PWD/2013-05-17/definition-node-subtree" xlink:from="eba_c20776" xlink:to="eba_c20777" order="1" />
    <table:definitionNodeSubtreeArc xlink:type="arc" xlink:arcrole="http://xbrl.org/arcrole/PWD/2013-05-17/definition-node-subtree" xlink:from="eba_c20758" xlink:to="eba_c20776" order="5" />
    <table:definitionNodeSubtreeArc xlink:type="arc" xlink:arcrole="http://xbrl.org/arcrole/PWD/2013-05-17/definition-node-subtree" xlink:from="eba_a1.root" xlink:to="eba_c20758" order="5" />
    <table:ruleNode xlink:type="resource" xlink:label="eba_c20778" abstract="true" id="eba_c20778">
      <formula:explicitDimension dimension="eba_dim:BAS">
        <formula:member>
          <formula:qname>eba_BA:x9</formula:qname>
        </formula:member>
      </formula:explicitDimension>
    </table:ruleNode>
    <table:ruleNode xlink:type="resource" xlink:label="eba_c20779" id="eba_c20779">
      <formula:concept>
        <formula:qname>eba_met:mi258</formula:qname>
      </formula:concept>
      <formula:explicitDimension dimension="eba_dim:PIN">
        <formula:member>
          <formula:qname>eba_PI:x1</formula:qname>
        </formula:member>
      </formula:explicitDimension>
    </table:ruleNode>
    <table:definitionNodeSubtreeArc xlink:type="arc" xlink:arcrole="http://xbrl.org/arcrole/PWD/2013-05-17/definition-node-subtree" xlink:from="eba_c20778" xlink:to="eba_c20779" order="1" />
    <table:ruleNode xlink:type="resource" xlink:label="eba_c20780" id="eba_c20780">
      <formula:concept>
        <formula:qname>eba_met:mi258</formula:qname>
      </formula:concept>
      <formula:explicitDimension dimension="eba_dim:PIN">
        <formula:member>
          <formula:qname>eba_PI:x4</formula:qname>
        </formula:member>
      </formula:explicitDimension>
    </table:ruleNode>
    <table:definitionNodeSubtreeArc xlink:type="arc" xlink:arcrole="http://xbrl.org/arcrole/PWD/2013-05-17/definition-node-subtree" xlink:from="eba_c20778" xlink:to="eba_c20780" order="2" />
    <table:definitionNodeSubtreeArc xlink:type="arc" xlink:arcrole="http://xbrl.org/arcrole/PWD/2013-05-17/definition-node-subtree" xlink:from="eba_a1.root" xlink:to="eba_c20778" order="6" />
    <table:ruleNode xlink:type="resource" xlink:label="eba_c20781" abstract="true" id="eba_c20781">
      <formula:explicitDimension dimension="eba_dim:BAS">
        <formula:member>
          <formula:qname>eba_BA:x9</formula:qname>
        </formula:member>
      </formula:explicitDimension>
    </table:ruleNode>
    <table:ruleNode xlink:type="resource" xlink:label="eba_c20782" id="eba_c20782">
      <formula:concept>
        <formula:qname>eba_met:mi257</formula:qname>
      </formula:concept>
      <formula:explicitDimension dimension="eba_dim:PIN">
        <formula:member>
          <formula:qname>eba_PI:x1</formula:qname>
        </formula:member>
      </formula:explicitDimension>
    </table:ruleNode>
    <table:definitionNodeSubtreeArc xlink:type="arc" xlink:arcrole="http://xbrl.org/arcrole/PWD/2013-05-17/definition-node-subtree" xlink:from="eba_c20781" xlink:to="eba_c20782" order="1" />
    <table:ruleNode xlink:type="resource" xlink:label="eba_c20783" id="eba_c20783">
      <formula:concept>
        <formula:qname>eba_met:mi257</formula:qname>
      </formula:concept>
      <formula:explicitDimension dimension="eba_dim:PIN">
        <formula:member>
          <formula:qname>eba_PI:x4</formula:qname>
        </formula:member>
      </formula:explicitDimension>
    </table:ruleNode>
    <table:definitionNodeSubtreeArc xlink:type="arc" xlink:arcrole="http://xbrl.org/arcrole/PWD/2013-05-17/definition-node-subtree" xlink:from="eba_c20781" xlink:to="eba_c20783" order="2" />
    <table:definitionNodeSubtreeArc xlink:type="arc" xlink:arcrole="http://xbrl.org/arcrole/PWD/2013-05-17/definition-node-subtree" xlink:from="eba_a1.root" xlink:to="eba_c20781" order="7" />
    <table:ruleNode xlink:type="resource" xlink:label="eba_c20784" id="eba_c20784">
      <formula:concept>
        <formula:qname>eba_met:mi184</formula:qname>
      </formula:concept>
      <formula:explicitDimension dimension="eba_dim:BAS">
        <formula:member>
          <formula:qname>eba_BA:x9</formula:qname>
        </formula:member>
      </formula:explicitDimension>
    </table:ruleNode>
    <table:definitionNodeSubtreeArc xlink:type="arc" xlink:arcrole="http://xbrl.org/arcrole/PWD/2013-05-17/definition-node-subtree" xlink:from="eba_a1.root" xlink:to="eba_c20784" order="8" />
    <table:tableBreakdownArc xlink:type="arc" xlink:arcrole="http://xbrl.org/arcrole/PWD/2013-05-17/table-breakdown" xlink:from="eba_tC_20.00" xlink:to="eba_a1" axis="x" order="1" />
    <table:breakdown xlink:type="resource" xlink:label="eba_a2" parentChildOrder="parent-first" id="eba_a2" />
    <table:ruleNode xlink:type="resource" xlink:label="eba_a2.root" abstract="true" id="eba_a2.root">
      <formula:explicitDimension dimension="eba_dim:PRP">
        <formula:member>
          <formula:qname>eba_PL:x51</formula:qname>
        </formula:member>
      </formula:explicitDimension>
    </table:ruleNode>
    <table:breakdownTreeArc xlink:type="arc" xlink:arcrole="http://xbrl.org/arcrole/PWD/2013-05-17/breakdown-tree" xlink:from="eba_a2" xlink:to="eba_a2.root" order="0" />
    <table:ruleNode xlink:type="resource" xlink:label="eba_c20785" id="eba_c20785">
      <formula:explicitDimension dimension="eba_dim:MCY">
        <formula:member>
          <formula:qname>eba_MC:x189</formula:qname>
        </formula:member>
      </formula:explicitDimension>
    </table:ruleNode>
    <table:definitionNodeSubtreeArc xlink:type="arc" xlink:arcrole="http://xbrl.org/arcrole/PWD/2013-05-17/definition-node-subtree" xlink:from="eba_a2.root" xlink:to="eba_c20785" order="1" />
    <table:ruleNode xlink:type="resource" xlink:label="eba_c20786" abstract="true" id="eba_c20786">
      <formula:explicitDimension dimension="eba_dim:MCY">
        <formula:member>
          <formula:qname>eba_MC:x189</formula:qname>
        </formula:member>
      </formula:explicitDimension>
    </table:ruleNode>
    <table:ruleNode xlink:type="resource" xlink:label="eba_c20787" id="eba_c20787">
      <formula:explicitDimension dimension="eba_dim:RSP">
        <formula:member>
          <formula:qname>eba_RS:x2</formula:qname>
        </formula:member>
      </formula:explicitDimension>
    </table:ruleNode>
    <table:ruleNode xlink:type="resource" xlink:label="eba_c20788" id="eba_c20788">
      <formula:explicitDimension dimension="eba_dim:MCY">
        <formula:member>
          <formula:qname>eba_MC:x19</formula:qname>
        </formula:member>
      </formula:explicitDimension>
    </table:ruleNode>
    <table:definitionNodeSubtreeArc xlink:type="arc" xlink:arcrole="http://xbrl.org/arcrole/PWD/2013-05-17/definition-node-subtree" xlink:from="eba_c20787" xlink:to="eba_c20788" order="1" />
    <table:ruleNode xlink:type="resource" xlink:label="eba_c20789" id="eba_c20789">
      <formula:explicitDimension dimension="eba_dim:MCY">
        <formula:member>
          <formula:qname>eba_MC:x55</formula:qname>
        </formula:member>
      </formula:explicitDimension>
    </table:ruleNode>
    <table:definitionNodeSubtreeArc xlink:type="arc" xlink:arcrole="http://xbrl.org/arcrole/PWD/2013-05-17/definition-node-subtree" xlink:from="eba_c20787" xlink:to="eba_c20789" order="2" />
    <table:definitionNodeSubtreeArc xlink:type="arc" xlink:arcrole="http://xbrl.org/arcrole/PWD/2013-05-17/definition-node-subtree" xlink:from="eba_c20786" xlink:to="eba_c20787" order="1" />
    <table:ruleNode xlink:type="resource" xlink:label="eba_c20790" id="eba_c20790">
      <formula:explicitDimension dimension="eba_dim:RSP">
        <formula:member>
          <formula:qname>eba_RS:x1</formula:qname>
        </formula:member>
      </formula:explicitDimension>
    </table:ruleNode>
    <table:ruleNode xlink:type="resource" xlink:label="eba_c20791" id="eba_c20791">
      <formula:explicitDimension dimension="eba_dim:MCY">
        <formula:member>
          <formula:qname>eba_MC:x19</formula:qname>
        </formula:member>
      </formula:explicitDimension>
    </table:ruleNode>
    <table:definitionNodeSubtreeArc xlink:type="arc" xlink:arcrole="http://xbrl.org/arcrole/PWD/2013-05-17/definition-node-subtree" xlink:from="eba_c20790" xlink:to="eba_c20791" order="1" />
    <table:ruleNode xlink:type="resource" xlink:label="eba_c20792" id="eba_c20792">
      <formula:explicitDimension dimension="eba_dim:MCY">
        <formula:member>
          <formula:qname>eba_MC:x55</formula:qname>
        </formula:member>
      </formula:explicitDimension>
    </table:ruleNode>
    <table:definitionNodeSubtreeArc xlink:type="arc" xlink:arcrole="http://xbrl.org/arcrole/PWD/2013-05-17/definition-node-subtree" xlink:from="eba_c20790" xlink:to="eba_c20792" order="2" />
    <table:definitionNodeSubtreeArc xlink:type="arc" xlink:arcrole="http://xbrl.org/arcrole/PWD/2013-05-17/definition-node-subtree" xlink:from="eba_c20786" xlink:to="eba_c20790" order="2" />
    <table:ruleNode xlink:type="resource" xlink:label="eba_c20793" id="eba_c20793">
      <formula:explicitDimension dimension="eba_dim:RSP">
        <formula:member>
          <formula:qname>eba_RS:x5</formula:qname>
        </formula:member>
      </formula:explicitDimension>
    </table:ruleNode>
    <table:ruleNode xlink:type="resource" xlink:label="eba_c20794" id="eba_c20794">
      <formula:explicitDimension dimension="eba_dim:MCY">
        <formula:member>
          <formula:qname>eba_MC:x19</formula:qname>
        </formula:member>
      </formula:explicitDimension>
    </table:ruleNode>
    <table:definitionNodeSubtreeArc xlink:type="arc" xlink:arcrole="http://xbrl.org/arcrole/PWD/2013-05-17/definition-node-subtree" xlink:from="eba_c20793" xlink:to="eba_c20794" order="1" />
    <table:ruleNode xlink:type="resource" xlink:label="eba_c20795" id="eba_c20795">
      <formula:explicitDimension dimension="eba_dim:MCY">
        <formula:member>
          <formula:qname>eba_MC:x55</formula:qname>
        </formula:member>
      </formula:explicitDimension>
    </table:ruleNode>
    <table:definitionNodeSubtreeArc xlink:type="arc" xlink:arcrole="http://xbrl.org/arcrole/PWD/2013-05-17/definition-node-subtree" xlink:from="eba_c20793" xlink:to="eba_c20795" order="2" />
    <table:definitionNodeSubtreeArc xlink:type="arc" xlink:arcrole="http://xbrl.org/arcrole/PWD/2013-05-17/definition-node-subtree" xlink:from="eba_c20786" xlink:to="eba_c20793" order="3" />
    <table:definitionNodeSubtreeArc xlink:type="arc" xlink:arcrole="http://xbrl.org/arcrole/PWD/2013-05-17/definition-node-subtree" xlink:from="eba_a2.root" xlink:to="eba_c20786" order="2" />
    <table:ruleNode xlink:type="resource" xlink:label="eba_c20796" abstract="true" id="eba_c20796" />
    <table:ruleNode xlink:type="resource" xlink:label="eba_c20797" id="eba_c20797">
      <formula:explicitDimension dimension="eba_dim:MCY">
        <formula:member>
          <formula:qname>eba_MC:x244</formula:qname>
        </formula:member>
      </formula:explicitDimension>
    </table:ruleNode>
    <table:definitionNodeSubtreeArc xlink:type="arc" xlink:arcrole="http://xbrl.org/arcrole/PWD/2013-05-17/definition-node-subtree" xlink:from="eba_c20796" xlink:to="eba_c20797" order="1" />
    <table:ruleNode xlink:type="resource" xlink:label="eba_c20798" id="eba_c20798">
      <formula:explicitDimension dimension="eba_dim:MCY">
        <formula:member>
          <formula:qname>eba_MC:x54</formula:qname>
        </formula:member>
      </formula:explicitDimension>
    </table:ruleNode>
    <table:definitionNodeSubtreeArc xlink:type="arc" xlink:arcrole="http://xbrl.org/arcrole/PWD/2013-05-17/definition-node-subtree" xlink:from="eba_c20796" xlink:to="eba_c20798" order="2" />
    <table:definitionNodeSubtreeArc xlink:type="arc" xlink:arcrole="http://xbrl.org/arcrole/PWD/2013-05-17/definition-node-subtree" xlink:from="eba_a2.root" xlink:to="eba_c20796" order="3" />
    <table:tableBreakdownArc xlink:type="arc" xlink:arcrole="http://xbrl.org/arcrole/PWD/2013-05-17/table-breakdown" xlink:from="eba_tC_20.00" xlink:to="eba_a2" axis="y" order="2" />
  </gen:link>
</link:linkbase>