﻿<?xml version="1.0" encoding="utf-8"?>
<?taxonomy-version 2.0.1?>
<!--(C) EBA-->
<link:linkbase xmlns:xsi="http://www.w3.org/2001/XMLSchema-instance" xmlns:xlink="http://www.w3.org/1999/xlink" xmlns:link="http://www.xbrl.org/2003/linkbase" xmlns:gen="http://xbrl.org/2008/generic" xmlns:label="http://xbrl.org/2008/label" xsi:schemaLocation="http://www.xbrl.org/2003/linkbase http://www.xbrl.org/2003/xbrl-linkbase-2003-12-31.xsd http://xbrl.org/2008/generic http://www.xbrl.org/2008/generic-link.xsd http://xbrl.org/2008/label http://www.xbrl.org/2008/generic-label.xsd">
  <link:arcroleRef arcroleURI="http://xbrl.org/arcrole/2008/element-label" xlink:type="simple" xlink:href="http://www.xbrl.org/2008/generic-label.xsd#element-label" />
  <link:roleRef roleURI="http://www.eba.europa.eu/xbrl/role/dpm-db-id" xlink:type="simple" xlink:href="http://www.eba.europa.eu/eu/fr/xbrl/ext/model.xsd#dpm-db-id" />
  <link:roleRef roleURI="http://www.eurofiling.info/xbrl/role/filing-indicator-code" xlink:type="simple" xlink:href="http://www.eurofiling.info/eu/fr/xbrl/ext/model.xsd#filing-indicator-code" />
  <link:roleRef roleURI="http://www.eurofiling.info/xbrl/role/rc-code" xlink:type="simple" xlink:href="http://www.eurofiling.info/eu/fr/xbrl/ext/model.xsd#rc-code" />
  <gen:link xlink:type="extended" xlink:role="http://www.xbrl.org/2003/role/link">
    <link:loc xlink:type="locator" xlink:href="c_20.00-rend.xml#eba_tC_20.00" xlink:label="loc_eba_tC_20.00" />
    <label:label xlink:type="resource" xlink:label="label_eba_tC_20.00" xml:lang="en" xlink:role="http://www.eurofiling.info/xbrl/role/rc-code">C 20.00</label:label>
    <gen:arc xlink:type="arc" xlink:arcrole="http://xbrl.org/arcrole/2008/element-label" xlink:from="loc_eba_tC_20.00" xlink:to="label_eba_tC_20.00" />
    <link:loc xlink:type="locator" xlink:href="c_20.00-rend.xml#eba_c20729" xlink:label="loc_eba_c20729" />
    <label:label xlink:type="resource" xlink:label="label_eba_c20729" xml:lang="en" xlink:role="http://www.eurofiling.info/xbrl/role/rc-code">005</label:label>
    <gen:arc xlink:type="arc" xlink:arcrole="http://xbrl.org/arcrole/2008/element-label" xlink:from="loc_eba_c20729" xlink:to="label_eba_c20729" />
    <link:loc xlink:type="locator" xlink:href="c_20.00-rend.xml#eba_c20730" xlink:label="loc_eba_c20730" />
    <label:label xlink:type="resource" xlink:label="label_eba_c20730" xml:lang="en" xlink:role="http://www.eurofiling.info/xbrl/role/rc-code">010</label:label>
    <gen:arc xlink:type="arc" xlink:arcrole="http://xbrl.org/arcrole/2008/element-label" xlink:from="loc_eba_c20730" xlink:to="label_eba_c20730" />
    <link:loc xlink:type="locator" xlink:href="c_20.00-rend.xml#eba_c20731" xlink:label="loc_eba_c20731" />
    <label:label xlink:type="resource" xlink:label="label_eba_c20731" xml:lang="en" xlink:role="http://www.eurofiling.info/xbrl/role/rc-code">020</label:label>
    <gen:arc xlink:type="arc" xlink:arcrole="http://xbrl.org/arcrole/2008/element-label" xlink:from="loc_eba_c20731" xlink:to="label_eba_c20731" />
    <link:loc xlink:type="locator" xlink:href="c_20.00-rend.xml#eba_c20732" xlink:label="loc_eba_c20732" />
    <label:label xlink:type="resource" xlink:label="label_eba_c20732" xml:lang="en" xlink:role="http://www.eurofiling.info/xbrl/role/rc-code">029</label:label>
    <gen:arc xlink:type="arc" xlink:arcrole="http://xbrl.org/arcrole/2008/element-label" xlink:from="loc_eba_c20732" xlink:to="label_eba_c20732" />
    <link:loc xlink:type="locator" xlink:href="c_20.00-rend.xml#eba_c20733" xlink:label="loc_eba_c20733" />
    <label:label xlink:type="resource" xlink:label="label_eba_c20733" xml:lang="en" xlink:role="http://www.eurofiling.info/xbrl/role/rc-code">030</label:label>
    <gen:arc xlink:type="arc" xlink:arcrole="http://xbrl.org/arcrole/2008/element-label" xlink:from="loc_eba_c20733" xlink:to="label_eba_c20733" />
    <link:loc xlink:type="locator" xlink:href="c_20.00-rend.xml#eba_c20734" xlink:label="loc_eba_c20734" />
    <label:label xlink:type="resource" xlink:label="label_eba_c20734" xml:lang="en" xlink:role="http://www.eurofiling.info/xbrl/role/rc-code">040</label:label>
    <gen:arc xlink:type="arc" xlink:arcrole="http://xbrl.org/arcrole/2008/element-label" xlink:from="loc_eba_c20734" xlink:to="label_eba_c20734" />
    <link:loc xlink:type="locator" xlink:href="c_20.00-rend.xml#eba_c20735" xlink:label="loc_eba_c20735" />
    <label:label xlink:type="resource" xlink:label="label_eba_c20735" xml:lang="en" xlink:role="http://www.eurofiling.info/xbrl/role/rc-code">049</label:label>
    <gen:arc xlink:type="arc" xlink:arcrole="http://xbrl.org/arcrole/2008/element-label" xlink:from="loc_eba_c20735" xlink:to="label_eba_c20735" />
    <link:loc xlink:type="locator" xlink:href="c_20.00-rend.xml#eba_c20736" xlink:label="loc_eba_c20736" />
    <label:label xlink:type="resource" xlink:label="label_eba_c20736" xml:lang="en" xlink:role="http://www.eurofiling.info/xbrl/role/rc-code">050</label:label>
    <gen:arc xlink:type="arc" xlink:arcrole="http://xbrl.org/arcrole/2008/element-label" xlink:from="loc_eba_c20736" xlink:to="label_eba_c20736" />
    <link:loc xlink:type="locator" xlink:href="c_20.00-rend.xml#eba_c20737" xlink:label="loc_eba_c20737" />
    <label:label xlink:type="resource" xlink:label="label_eba_c20737" xml:lang="en" xlink:role="http://www.eurofiling.info/xbrl/role/rc-code">060</label:label>
    <gen:arc xlink:type="arc" xlink:arcrole="http://xbrl.org/arcrole/2008/element-label" xlink:from="loc_eba_c20737" xlink:to="label_eba_c20737" />
    <link:loc xlink:type="locator" xlink:href="c_20.00-rend.xml#eba_c20738" xlink:label="loc_eba_c20738" />
    <label:label xlink:type="resource" xlink:label="label_eba_c20738" xml:lang="en" xlink:role="http://www.eurofiling.info/xbrl/role/rc-code">068</label:label>
    <gen:arc xlink:type="arc" xlink:arcrole="http://xbrl.org/arcrole/2008/element-label" xlink:from="loc_eba_c20738" xlink:to="label_eba_c20738" />
    <link:loc xlink:type="locator" xlink:href="c_20.00-rend.xml#eba_c20739" xlink:label="loc_eba_c20739" />
    <label:label xlink:type="resource" xlink:label="label_eba_c20739" xml:lang="en" xlink:role="http://www.eurofiling.info/xbrl/role/rc-code">069</label:label>
    <gen:arc xlink:type="arc" xlink:arcrole="http://xbrl.org/arcrole/2008/element-label" xlink:from="loc_eba_c20739" xlink:to="label_eba_c20739" />
    <link:loc xlink:type="locator" xlink:href="c_20.00-rend.xml#eba_c20740" xlink:label="loc_eba_c20740" />
    <label:label xlink:type="resource" xlink:label="label_eba_c20740" xml:lang="en" xlink:role="http://www.eurofiling.info/xbrl/role/rc-code">070</label:label>
    <gen:arc xlink:type="arc" xlink:arcrole="http://xbrl.org/arcrole/2008/element-label" xlink:from="loc_eba_c20740" xlink:to="label_eba_c20740" />
    <link:loc xlink:type="locator" xlink:href="c_20.00-rend.xml#eba_c20741" xlink:label="loc_eba_c20741" />
    <label:label xlink:type="resource" xlink:label="label_eba_c20741" xml:lang="en" xlink:role="http://www.eurofiling.info/xbrl/role/rc-code">080</label:label>
    <gen:arc xlink:type="arc" xlink:arcrole="http://xbrl.org/arcrole/2008/element-label" xlink:from="loc_eba_c20741" xlink:to="label_eba_c20741" />
    <link:loc xlink:type="locator" xlink:href="c_20.00-rend.xml#eba_c20742" xlink:label="loc_eba_c20742" />
    <label:label xlink:type="resource" xlink:label="label_eba_c20742" xml:lang="en" xlink:role="http://www.eurofiling.info/xbrl/role/rc-code">090</label:label>
    <gen:arc xlink:type="arc" xlink:arcrole="http://xbrl.org/arcrole/2008/element-label" xlink:from="loc_eba_c20742" xlink:to="label_eba_c20742" />
    <link:loc xlink:type="locator" xlink:href="c_20.00-rend.xml#eba_c20743" xlink:label="loc_eba_c20743" />
    <label:label xlink:type="resource" xlink:label="label_eba_c20743" xml:lang="en" xlink:role="http://www.eurofiling.info/xbrl/role/rc-code">100</label:label>
    <gen:arc xlink:type="arc" xlink:arcrole="http://xbrl.org/arcrole/2008/element-label" xlink:from="loc_eba_c20743" xlink:to="label_eba_c20743" />
    <link:loc xlink:type="locator" xlink:href="c_20.00-rend.xml#eba_c20744" xlink:label="loc_eba_c20744" />
    <label:label xlink:type="resource" xlink:label="label_eba_c20744" xml:lang="en" xlink:role="http://www.eurofiling.info/xbrl/role/rc-code">110</label:label>
    <gen:arc xlink:type="arc" xlink:arcrole="http://xbrl.org/arcrole/2008/element-label" xlink:from="loc_eba_c20744" xlink:to="label_eba_c20744" />
    <link:loc xlink:type="locator" xlink:href="c_20.00-rend.xml#eba_c20745" xlink:label="loc_eba_c20745" />
    <label:label xlink:type="resource" xlink:label="label_eba_c20745" xml:lang="en" xlink:role="http://www.eurofiling.info/xbrl/role/rc-code">120</label:label>
    <gen:arc xlink:type="arc" xlink:arcrole="http://xbrl.org/arcrole/2008/element-label" xlink:from="loc_eba_c20745" xlink:to="label_eba_c20745" />
    <link:loc xlink:type="locator" xlink:href="c_20.00-rend.xml#eba_c20746" xlink:label="loc_eba_c20746" />
    <label:label xlink:type="resource" xlink:label="label_eba_c20746" xml:lang="en" xlink:role="http://www.eurofiling.info/xbrl/role/rc-code">130</label:label>
    <gen:arc xlink:type="arc" xlink:arcrole="http://xbrl.org/arcrole/2008/element-label" xlink:from="loc_eba_c20746" xlink:to="label_eba_c20746" />
    <link:loc xlink:type="locator" xlink:href="c_20.00-rend.xml#eba_c20747" xlink:label="loc_eba_c20747" />
    <label:label xlink:type="resource" xlink:label="label_eba_c20747" xml:lang="en" xlink:role="http://www.eurofiling.info/xbrl/role/rc-code">140</label:label>
    <gen:arc xlink:type="arc" xlink:arcrole="http://xbrl.org/arcrole/2008/element-label" xlink:from="loc_eba_c20747" xlink:to="label_eba_c20747" />
    <link:loc xlink:type="locator" xlink:href="c_20.00-rend.xml#eba_c20748" xlink:label="loc_eba_c20748" />
    <label:label xlink:type="resource" xlink:label="label_eba_c20748" xml:lang="en" xlink:role="http://www.eurofiling.info/xbrl/role/rc-code">150</label:label>
    <gen:arc xlink:type="arc" xlink:arcrole="http://xbrl.org/arcrole/2008/element-label" xlink:from="loc_eba_c20748" xlink:to="label_eba_c20748" />
    <link:loc xlink:type="locator" xlink:href="c_20.00-rend.xml#eba_c20749" xlink:label="loc_eba_c20749" />
    <label:label xlink:type="resource" xlink:label="label_eba_c20749" xml:lang="en" xlink:role="http://www.eurofiling.info/xbrl/role/rc-code">160</label:label>
    <gen:arc xlink:type="arc" xlink:arcrole="http://xbrl.org/arcrole/2008/element-label" xlink:from="loc_eba_c20749" xlink:to="label_eba_c20749" />
    <link:loc xlink:type="locator" xlink:href="c_20.00-rend.xml#eba_c20750" xlink:label="loc_eba_c20750" />
    <label:label xlink:type="resource" xlink:label="label_eba_c20750" xml:lang="en" xlink:role="http://www.eurofiling.info/xbrl/role/rc-code">169</label:label>
    <gen:arc xlink:type="arc" xlink:arcrole="http://xbrl.org/arcrole/2008/element-label" xlink:from="loc_eba_c20750" xlink:to="label_eba_c20750" />
    <link:loc xlink:type="locator" xlink:href="c_20.00-rend.xml#eba_c20751" xlink:label="loc_eba_c20751" />
    <label:label xlink:type="resource" xlink:label="label_eba_c20751" xml:lang="en" xlink:role="http://www.eurofiling.info/xbrl/role/rc-code">170</label:label>
    <gen:arc xlink:type="arc" xlink:arcrole="http://xbrl.org/arcrole/2008/element-label" xlink:from="loc_eba_c20751" xlink:to="label_eba_c20751" />
    <link:loc xlink:type="locator" xlink:href="c_20.00-rend.xml#eba_c20752" xlink:label="loc_eba_c20752" />
    <label:label xlink:type="resource" xlink:label="label_eba_c20752" xml:lang="en" xlink:role="http://www.eurofiling.info/xbrl/role/rc-code">180</label:label>
    <gen:arc xlink:type="arc" xlink:arcrole="http://xbrl.org/arcrole/2008/element-label" xlink:from="loc_eba_c20752" xlink:to="label_eba_c20752" />
    <link:loc xlink:type="locator" xlink:href="c_20.00-rend.xml#eba_c20753" xlink:label="loc_eba_c20753" />
    <label:label xlink:type="resource" xlink:label="label_eba_c20753" xml:lang="en" xlink:role="http://www.eurofiling.info/xbrl/role/rc-code">190</label:label>
    <gen:arc xlink:type="arc" xlink:arcrole="http://xbrl.org/arcrole/2008/element-label" xlink:from="loc_eba_c20753" xlink:to="label_eba_c20753" />
    <link:loc xlink:type="locator" xlink:href="c_20.00-rend.xml#eba_c20754" xlink:label="loc_eba_c20754" />
    <label:label xlink:type="resource" xlink:label="label_eba_c20754" xml:lang="en" xlink:role="http://www.eurofiling.info/xbrl/role/rc-code">200</label:label>
    <gen:arc xlink:type="arc" xlink:arcrole="http://xbrl.org/arcrole/2008/element-label" xlink:from="loc_eba_c20754" xlink:to="label_eba_c20754" />
    <link:loc xlink:type="locator" xlink:href="c_20.00-rend.xml#eba_c20755" xlink:label="loc_eba_c20755" />
    <label:label xlink:type="resource" xlink:label="label_eba_c20755" xml:lang="en" xlink:role="http://www.eurofiling.info/xbrl/role/rc-code">210</label:label>
    <gen:arc xlink:type="arc" xlink:arcrole="http://xbrl.org/arcrole/2008/element-label" xlink:from="loc_eba_c20755" xlink:to="label_eba_c20755" />
    <link:loc xlink:type="locator" xlink:href="c_20.00-rend.xml#eba_c20756" xlink:label="loc_eba_c20756" />
    <label:label xlink:type="resource" xlink:label="label_eba_c20756" xml:lang="en" xlink:role="http://www.eurofiling.info/xbrl/role/rc-code">220</label:label>
    <gen:arc xlink:type="arc" xlink:arcrole="http://xbrl.org/arcrole/2008/element-label" xlink:from="loc_eba_c20756" xlink:to="label_eba_c20756" />
    <link:loc xlink:type="locator" xlink:href="c_20.00-rend.xml#eba_c20757" xlink:label="loc_eba_c20757" />
    <label:label xlink:type="resource" xlink:label="label_eba_c20757" xml:lang="en" xlink:role="http://www.eurofiling.info/xbrl/role/rc-code">230</label:label>
    <gen:arc xlink:type="arc" xlink:arcrole="http://xbrl.org/arcrole/2008/element-label" xlink:from="loc_eba_c20757" xlink:to="label_eba_c20757" />
    <link:loc xlink:type="locator" xlink:href="c_20.00-rend.xml#eba_c20758" xlink:label="loc_eba_c20758" />
    <label:label xlink:type="resource" xlink:label="label_eba_c20758" xml:lang="en" xlink:role="http://www.eurofiling.info/xbrl/role/rc-code">238</label:label>
    <gen:arc xlink:type="arc" xlink:arcrole="http://xbrl.org/arcrole/2008/element-label" xlink:from="loc_eba_c20758" xlink:to="label_eba_c20758" />
    <link:loc xlink:type="locator" xlink:href="c_20.00-rend.xml#eba_c20759" xlink:label="loc_eba_c20759" />
    <label:label xlink:type="resource" xlink:label="label_eba_c20759" xml:lang="en" xlink:role="http://www.eurofiling.info/xbrl/role/rc-code">239</label:label>
    <gen:arc xlink:type="arc" xlink:arcrole="http://xbrl.org/arcrole/2008/element-label" xlink:from="loc_eba_c20759" xlink:to="label_eba_c20759" />
    <link:loc xlink:type="locator" xlink:href="c_20.00-rend.xml#eba_c20760" xlink:label="loc_eba_c20760" />
    <label:label xlink:type="resource" xlink:label="label_eba_c20760" xml:lang="en" xlink:role="http://www.eurofiling.info/xbrl/role/rc-code">240</label:label>
    <gen:arc xlink:type="arc" xlink:arcrole="http://xbrl.org/arcrole/2008/element-label" xlink:from="loc_eba_c20760" xlink:to="label_eba_c20760" />
    <link:loc xlink:type="locator" xlink:href="c_20.00-rend.xml#eba_c20761" xlink:label="loc_eba_c20761" />
    <label:label xlink:type="resource" xlink:label="label_eba_c20761" xml:lang="en" xlink:role="http://www.eurofiling.info/xbrl/role/rc-code">250</label:label>
    <gen:arc xlink:type="arc" xlink:arcrole="http://xbrl.org/arcrole/2008/element-label" xlink:from="loc_eba_c20761" xlink:to="label_eba_c20761" />
    <link:loc xlink:type="locator" xlink:href="c_20.00-rend.xml#eba_c20762" xlink:label="loc_eba_c20762" />
    <label:label xlink:type="resource" xlink:label="label_eba_c20762" xml:lang="en" xlink:role="http://www.eurofiling.info/xbrl/role/rc-code">260</label:label>
    <gen:arc xlink:type="arc" xlink:arcrole="http://xbrl.org/arcrole/2008/element-label" xlink:from="loc_eba_c20762" xlink:to="label_eba_c20762" />
    <link:loc xlink:type="locator" xlink:href="c_20.00-rend.xml#eba_c20763" xlink:label="loc_eba_c20763" />
    <label:label xlink:type="resource" xlink:label="label_eba_c20763" xml:lang="en" xlink:role="http://www.eurofiling.info/xbrl/role/rc-code">270</label:label>
    <gen:arc xlink:type="arc" xlink:arcrole="http://xbrl.org/arcrole/2008/element-label" xlink:from="loc_eba_c20763" xlink:to="label_eba_c20763" />
    <link:loc xlink:type="locator" xlink:href="c_20.00-rend.xml#eba_c20764" xlink:label="loc_eba_c20764" />
    <label:label xlink:type="resource" xlink:label="label_eba_c20764" xml:lang="en" xlink:role="http://www.eurofiling.info/xbrl/role/rc-code">280</label:label>
    <gen:arc xlink:type="arc" xlink:arcrole="http://xbrl.org/arcrole/2008/element-label" xlink:from="loc_eba_c20764" xlink:to="label_eba_c20764" />
    <link:loc xlink:type="locator" xlink:href="c_20.00-rend.xml#eba_c20765" xlink:label="loc_eba_c20765" />
    <label:label xlink:type="resource" xlink:label="label_eba_c20765" xml:lang="en" xlink:role="http://www.eurofiling.info/xbrl/role/rc-code">290</label:label>
    <gen:arc xlink:type="arc" xlink:arcrole="http://xbrl.org/arcrole/2008/element-label" xlink:from="loc_eba_c20765" xlink:to="label_eba_c20765" />
    <link:loc xlink:type="locator" xlink:href="c_20.00-rend.xml#eba_c20766" xlink:label="loc_eba_c20766" />
    <label:label xlink:type="resource" xlink:label="label_eba_c20766" xml:lang="en" xlink:role="http://www.eurofiling.info/xbrl/role/rc-code">300</label:label>
    <gen:arc xlink:type="arc" xlink:arcrole="http://xbrl.org/arcrole/2008/element-label" xlink:from="loc_eba_c20766" xlink:to="label_eba_c20766" />
    <link:loc xlink:type="locator" xlink:href="c_20.00-rend.xml#eba_c20767" xlink:label="loc_eba_c20767" />
    <label:label xlink:type="resource" xlink:label="label_eba_c20767" xml:lang="en" xlink:role="http://www.eurofiling.info/xbrl/role/rc-code">310</label:label>
    <gen:arc xlink:type="arc" xlink:arcrole="http://xbrl.org/arcrole/2008/element-label" xlink:from="loc_eba_c20767" xlink:to="label_eba_c20767" />
    <link:loc xlink:type="locator" xlink:href="c_20.00-rend.xml#eba_c20768" xlink:label="loc_eba_c20768" />
    <label:label xlink:type="resource" xlink:label="label_eba_c20768" xml:lang="en" xlink:role="http://www.eurofiling.info/xbrl/role/rc-code">320</label:label>
    <gen:arc xlink:type="arc" xlink:arcrole="http://xbrl.org/arcrole/2008/element-label" xlink:from="loc_eba_c20768" xlink:to="label_eba_c20768" />
    <link:loc xlink:type="locator" xlink:href="c_20.00-rend.xml#eba_c20769" xlink:label="loc_eba_c20769" />
    <label:label xlink:type="resource" xlink:label="label_eba_c20769" xml:lang="en" xlink:role="http://www.eurofiling.info/xbrl/role/rc-code">330</label:label>
    <gen:arc xlink:type="arc" xlink:arcrole="http://xbrl.org/arcrole/2008/element-label" xlink:from="loc_eba_c20769" xlink:to="label_eba_c20769" />
    <link:loc xlink:type="locator" xlink:href="c_20.00-rend.xml#eba_c20770" xlink:label="loc_eba_c20770" />
    <label:label xlink:type="resource" xlink:label="label_eba_c20770" xml:lang="en" xlink:role="http://www.eurofiling.info/xbrl/role/rc-code">339</label:label>
    <gen:arc xlink:type="arc" xlink:arcrole="http://xbrl.org/arcrole/2008/element-label" xlink:from="loc_eba_c20770" xlink:to="label_eba_c20770" />
    <link:loc xlink:type="locator" xlink:href="c_20.00-rend.xml#eba_c20771" xlink:label="loc_eba_c20771" />
    <label:label xlink:type="resource" xlink:label="label_eba_c20771" xml:lang="en" xlink:role="http://www.eurofiling.info/xbrl/role/rc-code">340</label:label>
    <gen:arc xlink:type="arc" xlink:arcrole="http://xbrl.org/arcrole/2008/element-label" xlink:from="loc_eba_c20771" xlink:to="label_eba_c20771" />
    <link:loc xlink:type="locator" xlink:href="c_20.00-rend.xml#eba_c20772" xlink:label="loc_eba_c20772" />
    <label:label xlink:type="resource" xlink:label="label_eba_c20772" xml:lang="en" xlink:role="http://www.eurofiling.info/xbrl/role/rc-code">350</label:label>
    <gen:arc xlink:type="arc" xlink:arcrole="http://xbrl.org/arcrole/2008/element-label" xlink:from="loc_eba_c20772" xlink:to="label_eba_c20772" />
    <link:loc xlink:type="locator" xlink:href="c_20.00-rend.xml#eba_c20773" xlink:label="loc_eba_c20773" />
    <label:label xlink:type="resource" xlink:label="label_eba_c20773" xml:lang="en" xlink:role="http://www.eurofiling.info/xbrl/role/rc-code">360</label:label>
    <gen:arc xlink:type="arc" xlink:arcrole="http://xbrl.org/arcrole/2008/element-label" xlink:from="loc_eba_c20773" xlink:to="label_eba_c20773" />
    <link:loc xlink:type="locator" xlink:href="c_20.00-rend.xml#eba_c20774" xlink:label="loc_eba_c20774" />
    <label:label xlink:type="resource" xlink:label="label_eba_c20774" xml:lang="en" xlink:role="http://www.eurofiling.info/xbrl/role/rc-code">370</label:label>
    <gen:arc xlink:type="arc" xlink:arcrole="http://xbrl.org/arcrole/2008/element-label" xlink:from="loc_eba_c20774" xlink:to="label_eba_c20774" />
    <link:loc xlink:type="locator" xlink:href="c_20.00-rend.xml#eba_c20775" xlink:label="loc_eba_c20775" />
    <label:label xlink:type="resource" xlink:label="label_eba_c20775" xml:lang="en" xlink:role="http://www.eurofiling.info/xbrl/role/rc-code">380</label:label>
    <gen:arc xlink:type="arc" xlink:arcrole="http://xbrl.org/arcrole/2008/element-label" xlink:from="loc_eba_c20775" xlink:to="label_eba_c20775" />
    <link:loc xlink:type="locator" xlink:href="c_20.00-rend.xml#eba_c20776" xlink:label="loc_eba_c20776" />
    <label:label xlink:type="resource" xlink:label="label_eba_c20776" xml:lang="en" xlink:role="http://www.eurofiling.info/xbrl/role/rc-code">390</label:label>
    <gen:arc xlink:type="arc" xlink:arcrole="http://xbrl.org/arcrole/2008/element-label" xlink:from="loc_eba_c20776" xlink:to="label_eba_c20776" />
    <link:loc xlink:type="locator" xlink:href="c_20.00-rend.xml#eba_c20777" xlink:label="loc_eba_c20777" />
    <label:label xlink:type="resource" xlink:label="label_eba_c20777" xml:lang="en" xlink:role="http://www.eurofiling.info/xbrl/role/rc-code">400</label:label>
    <gen:arc xlink:type="arc" xlink:arcrole="http://xbrl.org/arcrole/2008/element-label" xlink:from="loc_eba_c20777" xlink:to="label_eba_c20777" />
    <link:loc xlink:type="locator" xlink:href="c_20.00-rend.xml#eba_c20778" xlink:label="loc_eba_c20778" />
    <label:label xlink:type="resource" xlink:label="label_eba_c20778" xml:lang="en" xlink:role="http://www.eurofiling.info/xbrl/role/rc-code">409</label:label>
    <gen:arc xlink:type="arc" xlink:arcrole="http://xbrl.org/arcrole/2008/element-label" xlink:from="loc_eba_c20778" xlink:to="label_eba_c20778" />
    <link:loc xlink:type="locator" xlink:href="c_20.00-rend.xml#eba_c20779" xlink:label="loc_eba_c20779" />
    <label:label xlink:type="resource" xlink:label="label_eba_c20779" xml:lang="en" xlink:role="http://www.eurofiling.info/xbrl/role/rc-code">410</label:label>
    <gen:arc xlink:type="arc" xlink:arcrole="http://xbrl.org/arcrole/2008/element-label" xlink:from="loc_eba_c20779" xlink:to="label_eba_c20779" />
    <link:loc xlink:type="locator" xlink:href="c_20.00-rend.xml#eba_c20780" xlink:label="loc_eba_c20780" />
    <label:label xlink:type="resource" xlink:label="label_eba_c20780" xml:lang="en" xlink:role="http://www.eurofiling.info/xbrl/role/rc-code">420</label:label>
    <gen:arc xlink:type="arc" xlink:arcrole="http://xbrl.org/arcrole/2008/element-label" xlink:from="loc_eba_c20780" xlink:to="label_eba_c20780" />
    <link:loc xlink:type="locator" xlink:href="c_20.00-rend.xml#eba_c20781" xlink:label="loc_eba_c20781" />
    <label:label xlink:type="resource" xlink:label="label_eba_c20781" xml:lang="en" xlink:role="http://www.eurofiling.info/xbrl/role/rc-code">429</label:label>
    <gen:arc xlink:type="arc" xlink:arcrole="http://xbrl.org/arcrole/2008/element-label" xlink:from="loc_eba_c20781" xlink:to="label_eba_c20781" />
    <link:loc xlink:type="locator" xlink:href="c_20.00-rend.xml#eba_c20782" xlink:label="loc_eba_c20782" />
    <label:label xlink:type="resource" xlink:label="label_eba_c20782" xml:lang="en" xlink:role="http://www.eurofiling.info/xbrl/role/rc-code">430</label:label>
    <gen:arc xlink:type="arc" xlink:arcrole="http://xbrl.org/arcrole/2008/element-label" xlink:from="loc_eba_c20782" xlink:to="label_eba_c20782" />
    <link:loc xlink:type="locator" xlink:href="c_20.00-rend.xml#eba_c20783" xlink:label="loc_eba_c20783" />
    <label:label xlink:type="resource" xlink:label="label_eba_c20783" xml:lang="en" xlink:role="http://www.eurofiling.info/xbrl/role/rc-code">440</label:label>
    <gen:arc xlink:type="arc" xlink:arcrole="http://xbrl.org/arcrole/2008/element-label" xlink:from="loc_eba_c20783" xlink:to="label_eba_c20783" />
    <link:loc xlink:type="locator" xlink:href="c_20.00-rend.xml#eba_c20784" xlink:label="loc_eba_c20784" />
    <label:label xlink:type="resource" xlink:label="label_eba_c20784" xml:lang="en" xlink:role="http://www.eurofiling.info/xbrl/role/rc-code">450</label:label>
    <gen:arc xlink:type="arc" xlink:arcrole="http://xbrl.org/arcrole/2008/element-label" xlink:from="loc_eba_c20784" xlink:to="label_eba_c20784" />
    <link:loc xlink:type="locator" xlink:href="c_20.00-rend.xml#eba_c20785" xlink:label="loc_eba_c20785" />
    <label:label xlink:type="resource" xlink:label="label_eba_c20785" xml:lang="en" xlink:role="http://www.eurofiling.info/xbrl/role/rc-code">010</label:label>
    <gen:arc xlink:type="arc" xlink:arcrole="http://xbrl.org/arcrole/2008/element-label" xlink:from="loc_eba_c20785" xlink:to="label_eba_c20785" />
    <link:loc xlink:type="locator" xlink:href="c_20.00-rend.xml#eba_c20786" xlink:label="loc_eba_c20786" />
    <label:label xlink:type="resource" xlink:label="label_eba_c20786" xml:lang="en" xlink:role="http://www.eurofiling.info/xbrl/role/rc-code">019</label:label>
    <gen:arc xlink:type="arc" xlink:arcrole="http://xbrl.org/arcrole/2008/element-label" xlink:from="loc_eba_c20786" xlink:to="label_eba_c20786" />
    <link:loc xlink:type="locator" xlink:href="c_20.00-rend.xml#eba_c20787" xlink:label="loc_eba_c20787" />
    <label:label xlink:type="resource" xlink:label="label_eba_c20787" xml:lang="en" xlink:role="http://www.eurofiling.info/xbrl/role/rc-code">020</label:label>
    <gen:arc xlink:type="arc" xlink:arcrole="http://xbrl.org/arcrole/2008/element-label" xlink:from="loc_eba_c20787" xlink:to="label_eba_c20787" />
    <link:loc xlink:type="locator" xlink:href="c_20.00-rend.xml#eba_c20788" xlink:label="loc_eba_c20788" />
    <label:label xlink:type="resource" xlink:label="label_eba_c20788" xml:lang="en" xlink:role="http://www.eurofiling.info/xbrl/role/rc-code">030</label:label>
    <gen:arc xlink:type="arc" xlink:arcrole="http://xbrl.org/arcrole/2008/element-label" xlink:from="loc_eba_c20788" xlink:to="label_eba_c20788" />
    <link:loc xlink:type="locator" xlink:href="c_20.00-rend.xml#eba_c20789" xlink:label="loc_eba_c20789" />
    <label:label xlink:type="resource" xlink:label="label_eba_c20789" xml:lang="en" xlink:role="http://www.eurofiling.info/xbrl/role/rc-code">040</label:label>
    <gen:arc xlink:type="arc" xlink:arcrole="http://xbrl.org/arcrole/2008/element-label" xlink:from="loc_eba_c20789" xlink:to="label_eba_c20789" />
    <link:loc xlink:type="locator" xlink:href="c_20.00-rend.xml#eba_c20790" xlink:label="loc_eba_c20790" />
    <label:label xlink:type="resource" xlink:label="label_eba_c20790" xml:lang="en" xlink:role="http://www.eurofiling.info/xbrl/role/rc-code">050</label:label>
    <gen:arc xlink:type="arc" xlink:arcrole="http://xbrl.org/arcrole/2008/element-label" xlink:from="loc_eba_c20790" xlink:to="label_eba_c20790" />
    <link:loc xlink:type="locator" xlink:href="c_20.00-rend.xml#eba_c20791" xlink:label="loc_eba_c20791" />
    <label:label xlink:type="resource" xlink:label="label_eba_c20791" xml:lang="en" xlink:role="http://www.eurofiling.info/xbrl/role/rc-code">060</label:label>
    <gen:arc xlink:type="arc" xlink:arcrole="http://xbrl.org/arcrole/2008/element-label" xlink:from="loc_eba_c20791" xlink:to="label_eba_c20791" />
    <link:loc xlink:type="locator" xlink:href="c_20.00-rend.xml#eba_c20792" xlink:label="loc_eba_c20792" />
    <label:label xlink:type="resource" xlink:label="label_eba_c20792" xml:lang="en" xlink:role="http://www.eurofiling.info/xbrl/role/rc-code">070</label:label>
    <gen:arc xlink:type="arc" xlink:arcrole="http://xbrl.org/arcrole/2008/element-label" xlink:from="loc_eba_c20792" xlink:to="label_eba_c20792" />
    <link:loc xlink:type="locator" xlink:href="c_20.00-rend.xml#eba_c20793" xlink:label="loc_eba_c20793" />
    <label:label xlink:type="resource" xlink:label="label_eba_c20793" xml:lang="en" xlink:role="http://www.eurofiling.info/xbrl/role/rc-code">080</label:label>
    <gen:arc xlink:type="arc" xlink:arcrole="http://xbrl.org/arcrole/2008/element-label" xlink:from="loc_eba_c20793" xlink:to="label_eba_c20793" />
    <link:loc xlink:type="locator" xlink:href="c_20.00-rend.xml#eba_c20794" xlink:label="loc_eba_c20794" />
    <label:label xlink:type="resource" xlink:label="label_eba_c20794" xml:lang="en" xlink:role="http://www.eurofiling.info/xbrl/role/rc-code">090</label:label>
    <gen:arc xlink:type="arc" xlink:arcrole="http://xbrl.org/arcrole/2008/element-label" xlink:from="loc_eba_c20794" xlink:to="label_eba_c20794" />
    <link:loc xlink:type="locator" xlink:href="c_20.00-rend.xml#eba_c20795" xlink:label="loc_eba_c20795" />
    <label:label xlink:type="resource" xlink:label="label_eba_c20795" xml:lang="en" xlink:role="http://www.eurofiling.info/xbrl/role/rc-code">100</label:label>
    <gen:arc xlink:type="arc" xlink:arcrole="http://xbrl.org/arcrole/2008/element-label" xlink:from="loc_eba_c20795" xlink:to="label_eba_c20795" />
    <link:loc xlink:type="locator" xlink:href="c_20.00-rend.xml#eba_c20796" xlink:label="loc_eba_c20796" />
    <label:label xlink:type="resource" xlink:label="label_eba_c20796" xml:lang="en" xlink:role="http://www.eurofiling.info/xbrl/role/rc-code">109</label:label>
    <gen:arc xlink:type="arc" xlink:arcrole="http://xbrl.org/arcrole/2008/element-label" xlink:from="loc_eba_c20796" xlink:to="label_eba_c20796" />
    <link:loc xlink:type="locator" xlink:href="c_20.00-rend.xml#eba_c20797" xlink:label="loc_eba_c20797" />
    <label:label xlink:type="resource" xlink:label="label_eba_c20797" xml:lang="en" xlink:role="http://www.eurofiling.info/xbrl/role/rc-code">110</label:label>
    <gen:arc xlink:type="arc" xlink:arcrole="http://xbrl.org/arcrole/2008/element-label" xlink:from="loc_eba_c20797" xlink:to="label_eba_c20797" />
    <link:loc xlink:type="locator" xlink:href="c_20.00-rend.xml#eba_c20798" xlink:label="loc_eba_c20798" />
    <label:label xlink:type="resource" xlink:label="label_eba_c20798" xml:lang="en" xlink:role="http://www.eurofiling.info/xbrl/role/rc-code">120</label:label>
    <gen:arc xlink:type="arc" xlink:arcrole="http://xbrl.org/arcrole/2008/element-label" xlink:from="loc_eba_c20798" xlink:to="label_eba_c20798" />
    <label:label xlink:type="resource" xlink:label="label_eba_tC_20.00_1" xml:lang="en" xlink:role="http://www.eurofiling.info/xbrl/role/filing-indicator-code">C_20.00</label:label>
    <gen:arc xlink:type="arc" xlink:arcrole="http://xbrl.org/arcrole/2008/element-label" xlink:from="loc_eba_tC_20.00" xlink:to="label_eba_tC_20.00_1" />
    <label:label xlink:type="resource" xlink:label="label_eba_tC_20.00_2" xml:lang="en" xlink:role="http://www.eba.europa.eu/xbrl/role/dpm-db-id">105</label:label>
    <gen:arc xlink:type="arc" xlink:arcrole="http://xbrl.org/arcrole/2008/element-label" xlink:from="loc_eba_tC_20.00" xlink:to="label_eba_tC_20.00_2" />
    <label:label xlink:type="resource" xlink:label="label_eba_c20729_1" xml:lang="en" xlink:role="http://www.eba.europa.eu/xbrl/role/dpm-db-id">20729</label:label>
    <gen:arc xlink:type="arc" xlink:arcrole="http://xbrl.org/arcrole/2008/element-label" xlink:from="loc_eba_c20729" xlink:to="label_eba_c20729_1" />
    <label:label xlink:type="resource" xlink:label="label_eba_c20730_1" xml:lang="en" xlink:role="http://www.eba.europa.eu/xbrl/role/dpm-db-id">20730</label:label>
    <gen:arc xlink:type="arc" xlink:arcrole="http://xbrl.org/arcrole/2008/element-label" xlink:from="loc_eba_c20730" xlink:to="label_eba_c20730_1" />
    <label:label xlink:type="resource" xlink:label="label_eba_c20731_1" xml:lang="en" xlink:role="http://www.eba.europa.eu/xbrl/role/dpm-db-id">20731</label:label>
    <gen:arc xlink:type="arc" xlink:arcrole="http://xbrl.org/arcrole/2008/element-label" xlink:from="loc_eba_c20731" xlink:to="label_eba_c20731_1" />
    <label:label xlink:type="resource" xlink:label="label_eba_c20732_1" xml:lang="en" xlink:role="http://www.eba.europa.eu/xbrl/role/dpm-db-id">20732</label:label>
    <gen:arc xlink:type="arc" xlink:arcrole="http://xbrl.org/arcrole/2008/element-label" xlink:from="loc_eba_c20732" xlink:to="label_eba_c20732_1" />
    <label:label xlink:type="resource" xlink:label="label_eba_c20733_1" xml:lang="en" xlink:role="http://www.eba.europa.eu/xbrl/role/dpm-db-id">20733</label:label>
    <gen:arc xlink:type="arc" xlink:arcrole="http://xbrl.org/arcrole/2008/element-label" xlink:from="loc_eba_c20733" xlink:to="label_eba_c20733_1" />
    <label:label xlink:type="resource" xlink:label="label_eba_c20734_1" xml:lang="en" xlink:role="http://www.eba.europa.eu/xbrl/role/dpm-db-id">20734</label:label>
    <gen:arc xlink:type="arc" xlink:arcrole="http://xbrl.org/arcrole/2008/element-label" xlink:from="loc_eba_c20734" xlink:to="label_eba_c20734_1" />
    <label:label xlink:type="resource" xlink:label="label_eba_c20735_1" xml:lang="en" xlink:role="http://www.eba.europa.eu/xbrl/role/dpm-db-id">20735</label:label>
    <gen:arc xlink:type="arc" xlink:arcrole="http://xbrl.org/arcrole/2008/element-label" xlink:from="loc_eba_c20735" xlink:to="label_eba_c20735_1" />
    <label:label xlink:type="resource" xlink:label="label_eba_c20736_1" xml:lang="en" xlink:role="http://www.eba.europa.eu/xbrl/role/dpm-db-id">20736</label:label>
    <gen:arc xlink:type="arc" xlink:arcrole="http://xbrl.org/arcrole/2008/element-label" xlink:from="loc_eba_c20736" xlink:to="label_eba_c20736_1" />
    <label:label xlink:type="resource" xlink:label="label_eba_c20737_1" xml:lang="en" xlink:role="http://www.eba.europa.eu/xbrl/role/dpm-db-id">20737</label:label>
    <gen:arc xlink:type="arc" xlink:arcrole="http://xbrl.org/arcrole/2008/element-label" xlink:from="loc_eba_c20737" xlink:to="label_eba_c20737_1" />
    <label:label xlink:type="resource" xlink:label="label_eba_c20738_1" xml:lang="en" xlink:role="http://www.eba.europa.eu/xbrl/role/dpm-db-id">20738</label:label>
    <gen:arc xlink:type="arc" xlink:arcrole="http://xbrl.org/arcrole/2008/element-label" xlink:from="loc_eba_c20738" xlink:to="label_eba_c20738_1" />
    <label:label xlink:type="resource" xlink:label="label_eba_c20739_1" xml:lang="en" xlink:role="http://www.eba.europa.eu/xbrl/role/dpm-db-id">20739</label:label>
    <gen:arc xlink:type="arc" xlink:arcrole="http://xbrl.org/arcrole/2008/element-label" xlink:from="loc_eba_c20739" xlink:to="label_eba_c20739_1" />
    <label:label xlink:type="resource" xlink:label="label_eba_c20740_1" xml:lang="en" xlink:role="http://www.eba.europa.eu/xbrl/role/dpm-db-id">20740</label:label>
    <gen:arc xlink:type="arc" xlink:arcrole="http://xbrl.org/arcrole/2008/element-label" xlink:from="loc_eba_c20740" xlink:to="label_eba_c20740_1" />
    <label:label xlink:type="resource" xlink:label="label_eba_c20741_1" xml:lang="en" xlink:role="http://www.eba.europa.eu/xbrl/role/dpm-db-id">20741</label:label>
    <gen:arc xlink:type="arc" xlink:arcrole="http://xbrl.org/arcrole/2008/element-label" xlink:from="loc_eba_c20741" xlink:to="label_eba_c20741_1" />
    <label:label xlink:type="resource" xlink:label="label_eba_c20742_1" xml:lang="en" xlink:role="http://www.eba.europa.eu/xbrl/role/dpm-db-id">20742</label:label>
    <gen:arc xlink:type="arc" xlink:arcrole="http://xbrl.org/arcrole/2008/element-label" xlink:from="loc_eba_c20742" xlink:to="label_eba_c20742_1" />
    <label:label xlink:type="resource" xlink:label="label_eba_c20743_1" xml:lang="en" xlink:role="http://www.eba.europa.eu/xbrl/role/dpm-db-id">20743</label:label>
    <gen:arc xlink:type="arc" xlink:arcrole="http://xbrl.org/arcrole/2008/element-label" xlink:from="loc_eba_c20743" xlink:to="label_eba_c20743_1" />
    <label:label xlink:type="resource" xlink:label="label_eba_c20744_1" xml:lang="en" xlink:role="http://www.eba.europa.eu/xbrl/role/dpm-db-id">20744</label:label>
    <gen:arc xlink:type="arc" xlink:arcrole="http://xbrl.org/arcrole/2008/element-label" xlink:from="loc_eba_c20744" xlink:to="label_eba_c20744_1" />
    <label:label xlink:type="resource" xlink:label="label_eba_c20745_1" xml:lang="en" xlink:role="http://www.eba.europa.eu/xbrl/role/dpm-db-id">20745</label:label>
    <gen:arc xlink:type="arc" xlink:arcrole="http://xbrl.org/arcrole/2008/element-label" xlink:from="loc_eba_c20745" xlink:to="label_eba_c20745_1" />
    <label:label xlink:type="resource" xlink:label="label_eba_c20746_1" xml:lang="en" xlink:role="http://www.eba.europa.eu/xbrl/role/dpm-db-id">20746</label:label>
    <gen:arc xlink:type="arc" xlink:arcrole="http://xbrl.org/arcrole/2008/element-label" xlink:from="loc_eba_c20746" xlink:to="label_eba_c20746_1" />
    <label:label xlink:type="resource" xlink:label="label_eba_c20747_1" xml:lang="en" xlink:role="http://www.eba.europa.eu/xbrl/role/dpm-db-id">20747</label:label>
    <gen:arc xlink:type="arc" xlink:arcrole="http://xbrl.org/arcrole/2008/element-label" xlink:from="loc_eba_c20747" xlink:to="label_eba_c20747_1" />
    <label:label xlink:type="resource" xlink:label="label_eba_c20748_1" xml:lang="en" xlink:role="http://www.eba.europa.eu/xbrl/role/dpm-db-id">20748</label:label>
    <gen:arc xlink:type="arc" xlink:arcrole="http://xbrl.org/arcrole/2008/element-label" xlink:from="loc_eba_c20748" xlink:to="label_eba_c20748_1" />
    <label:label xlink:type="resource" xlink:label="label_eba_c20749_1" xml:lang="en" xlink:role="http://www.eba.europa.eu/xbrl/role/dpm-db-id">20749</label:label>
    <gen:arc xlink:type="arc" xlink:arcrole="http://xbrl.org/arcrole/2008/element-label" xlink:from="loc_eba_c20749" xlink:to="label_eba_c20749_1" />
    <label:label xlink:type="resource" xlink:label="label_eba_c20750_1" xml:lang="en" xlink:role="http://www.eba.europa.eu/xbrl/role/dpm-db-id">20750</label:label>
    <gen:arc xlink:type="arc" xlink:arcrole="http://xbrl.org/arcrole/2008/element-label" xlink:from="loc_eba_c20750" xlink:to="label_eba_c20750_1" />
    <label:label xlink:type="resource" xlink:label="label_eba_c20751_1" xml:lang="en" xlink:role="http://www.eba.europa.eu/xbrl/role/dpm-db-id">20751</label:label>
    <gen:arc xlink:type="arc" xlink:arcrole="http://xbrl.org/arcrole/2008/element-label" xlink:from="loc_eba_c20751" xlink:to="label_eba_c20751_1" />
    <label:label xlink:type="resource" xlink:label="label_eba_c20752_1" xml:lang="en" xlink:role="http://www.eba.europa.eu/xbrl/role/dpm-db-id">20752</label:label>
    <gen:arc xlink:type="arc" xlink:arcrole="http://xbrl.org/arcrole/2008/element-label" xlink:from="loc_eba_c20752" xlink:to="label_eba_c20752_1" />
    <label:label xlink:type="resource" xlink:label="label_eba_c20753_1" xml:lang="en" xlink:role="http://www.eba.europa.eu/xbrl/role/dpm-db-id">20753</label:label>
    <gen:arc xlink:type="arc" xlink:arcrole="http://xbrl.org/arcrole/2008/element-label" xlink:from="loc_eba_c20753" xlink:to="label_eba_c20753_1" />
    <label:label xlink:type="resource" xlink:label="label_eba_c20754_1" xml:lang="en" xlink:role="http://www.eba.europa.eu/xbrl/role/dpm-db-id">20754</label:label>
    <gen:arc xlink:type="arc" xlink:arcrole="http://xbrl.org/arcrole/2008/element-label" xlink:from="loc_eba_c20754" xlink:to="label_eba_c20754_1" />
    <label:label xlink:type="resource" xlink:label="label_eba_c20755_1" xml:lang="en" xlink:role="http://www.eba.europa.eu/xbrl/role/dpm-db-id">20755</label:label>
    <gen:arc xlink:type="arc" xlink:arcrole="http://xbrl.org/arcrole/2008/element-label" xlink:from="loc_eba_c20755" xlink:to="label_eba_c20755_1" />
    <label:label xlink:type="resource" xlink:label="label_eba_c20756_1" xml:lang="en" xlink:role="http://www.eba.europa.eu/xbrl/role/dpm-db-id">20756</label:label>
    <gen:arc xlink:type="arc" xlink:arcrole="http://xbrl.org/arcrole/2008/element-label" xlink:from="loc_eba_c20756" xlink:to="label_eba_c20756_1" />
    <label:label xlink:type="resource" xlink:label="label_eba_c20757_1" xml:lang="en" xlink:role="http://www.eba.europa.eu/xbrl/role/dpm-db-id">20757</label:label>
    <gen:arc xlink:type="arc" xlink:arcrole="http://xbrl.org/arcrole/2008/element-label" xlink:from="loc_eba_c20757" xlink:to="label_eba_c20757_1" />
    <label:label xlink:type="resource" xlink:label="label_eba_c20758_1" xml:lang="en" xlink:role="http://www.eba.europa.eu/xbrl/role/dpm-db-id">20758</label:label>
    <gen:arc xlink:type="arc" xlink:arcrole="http://xbrl.org/arcrole/2008/element-label" xlink:from="loc_eba_c20758" xlink:to="label_eba_c20758_1" />
    <label:label xlink:type="resource" xlink:label="label_eba_c20759_1" xml:lang="en" xlink:role="http://www.eba.europa.eu/xbrl/role/dpm-db-id">20759</label:label>
    <gen:arc xlink:type="arc" xlink:arcrole="http://xbrl.org/arcrole/2008/element-label" xlink:from="loc_eba_c20759" xlink:to="label_eba_c20759_1" />
    <label:label xlink:type="resource" xlink:label="label_eba_c20760_1" xml:lang="en" xlink:role="http://www.eba.europa.eu/xbrl/role/dpm-db-id">20760</label:label>
    <gen:arc xlink:type="arc" xlink:arcrole="http://xbrl.org/arcrole/2008/element-label" xlink:from="loc_eba_c20760" xlink:to="label_eba_c20760_1" />
    <label:label xlink:type="resource" xlink:label="label_eba_c20761_1" xml:lang="en" xlink:role="http://www.eba.europa.eu/xbrl/role/dpm-db-id">20761</label:label>
    <gen:arc xlink:type="arc" xlink:arcrole="http://xbrl.org/arcrole/2008/element-label" xlink:from="loc_eba_c20761" xlink:to="label_eba_c20761_1" />
    <label:label xlink:type="resource" xlink:label="label_eba_c20762_1" xml:lang="en" xlink:role="http://www.eba.europa.eu/xbrl/role/dpm-db-id">20762</label:label>
    <gen:arc xlink:type="arc" xlink:arcrole="http://xbrl.org/arcrole/2008/element-label" xlink:from="loc_eba_c20762" xlink:to="label_eba_c20762_1" />
    <label:label xlink:type="resource" xlink:label="label_eba_c20763_1" xml:lang="en" xlink:role="http://www.eba.europa.eu/xbrl/role/dpm-db-id">20763</label:label>
    <gen:arc xlink:type="arc" xlink:arcrole="http://xbrl.org/arcrole/2008/element-label" xlink:from="loc_eba_c20763" xlink:to="label_eba_c20763_1" />
    <label:label xlink:type="resource" xlink:label="label_eba_c20764_1" xml:lang="en" xlink:role="http://www.eba.europa.eu/xbrl/role/dpm-db-id">20764</label:label>
    <gen:arc xlink:type="arc" xlink:arcrole="http://xbrl.org/arcrole/2008/element-label" xlink:from="loc_eba_c20764" xlink:to="label_eba_c20764_1" />
    <label:label xlink:type="resource" xlink:label="label_eba_c20765_1" xml:lang="en" xlink:role="http://www.eba.europa.eu/xbrl/role/dpm-db-id">20765</label:label>
    <gen:arc xlink:type="arc" xlink:arcrole="http://xbrl.org/arcrole/2008/element-label" xlink:from="loc_eba_c20765" xlink:to="label_eba_c20765_1" />
    <label:label xlink:type="resource" xlink:label="label_eba_c20766_1" xml:lang="en" xlink:role="http://www.eba.europa.eu/xbrl/role/dpm-db-id">20766</label:label>
    <gen:arc xlink:type="arc" xlink:arcrole="http://xbrl.org/arcrole/2008/element-label" xlink:from="loc_eba_c20766" xlink:to="label_eba_c20766_1" />
    <label:label xlink:type="resource" xlink:label="label_eba_c20767_1" xml:lang="en" xlink:role="http://www.eba.europa.eu/xbrl/role/dpm-db-id">20767</label:label>
    <gen:arc xlink:type="arc" xlink:arcrole="http://xbrl.org/arcrole/2008/element-label" xlink:from="loc_eba_c20767" xlink:to="label_eba_c20767_1" />
    <label:label xlink:type="resource" xlink:label="label_eba_c20768_1" xml:lang="en" xlink:role="http://www.eba.europa.eu/xbrl/role/dpm-db-id">20768</label:label>
    <gen:arc xlink:type="arc" xlink:arcrole="http://xbrl.org/arcrole/2008/element-label" xlink:from="loc_eba_c20768" xlink:to="label_eba_c20768_1" />
    <label:label xlink:type="resource" xlink:label="label_eba_c20769_1" xml:lang="en" xlink:role="http://www.eba.europa.eu/xbrl/role/dpm-db-id">20769</label:label>
    <gen:arc xlink:type="arc" xlink:arcrole="http://xbrl.org/arcrole/2008/element-label" xlink:from="loc_eba_c20769" xlink:to="label_eba_c20769_1" />
    <label:label xlink:type="resource" xlink:label="label_eba_c20770_1" xml:lang="en" xlink:role="http://www.eba.europa.eu/xbrl/role/dpm-db-id">20770</label:label>
    <gen:arc xlink:type="arc" xlink:arcrole="http://xbrl.org/arcrole/2008/element-label" xlink:from="loc_eba_c20770" xlink:to="label_eba_c20770_1" />
    <label:label xlink:type="resource" xlink:label="label_eba_c20771_1" xml:lang="en" xlink:role="http://www.eba.europa.eu/xbrl/role/dpm-db-id">20771</label:label>
    <gen:arc xlink:type="arc" xlink:arcrole="http://xbrl.org/arcrole/2008/element-label" xlink:from="loc_eba_c20771" xlink:to="label_eba_c20771_1" />
    <label:label xlink:type="resource" xlink:label="label_eba_c20772_1" xml:lang="en" xlink:role="http://www.eba.europa.eu/xbrl/role/dpm-db-id">20772</label:label>
    <gen:arc xlink:type="arc" xlink:arcrole="http://xbrl.org/arcrole/2008/element-label" xlink:from="loc_eba_c20772" xlink:to="label_eba_c20772_1" />
    <label:label xlink:type="resource" xlink:label="label_eba_c20773_1" xml:lang="en" xlink:role="http://www.eba.europa.eu/xbrl/role/dpm-db-id">20773</label:label>
    <gen:arc xlink:type="arc" xlink:arcrole="http://xbrl.org/arcrole/2008/element-label" xlink:from="loc_eba_c20773" xlink:to="label_eba_c20773_1" />
    <label:label xlink:type="resource" xlink:label="label_eba_c20774_1" xml:lang="en" xlink:role="http://www.eba.europa.eu/xbrl/role/dpm-db-id">20774</label:label>
    <gen:arc xlink:type="arc" xlink:arcrole="http://xbrl.org/arcrole/2008/element-label" xlink:from="loc_eba_c20774" xlink:to="label_eba_c20774_1" />
    <label:label xlink:type="resource" xlink:label="label_eba_c20775_1" xml:lang="en" xlink:role="http://www.eba.europa.eu/xbrl/role/dpm-db-id">20775</label:label>
    <gen:arc xlink:type="arc" xlink:arcrole="http://xbrl.org/arcrole/2008/element-label" xlink:from="loc_eba_c20775" xlink:to="label_eba_c20775_1" />
    <label:label xlink:type="resource" xlink:label="label_eba_c20776_1" xml:lang="en" xlink:role="http://www.eba.europa.eu/xbrl/role/dpm-db-id">20776</label:label>
    <gen:arc xlink:type="arc" xlink:arcrole="http://xbrl.org/arcrole/2008/element-label" xlink:from="loc_eba_c20776" xlink:to="label_eba_c20776_1" />
    <label:label xlink:type="resource" xlink:label="label_eba_c20777_1" xml:lang="en" xlink:role="http://www.eba.europa.eu/xbrl/role/dpm-db-id">20777</label:label>
    <gen:arc xlink:type="arc" xlink:arcrole="http://xbrl.org/arcrole/2008/element-label" xlink:from="loc_eba_c20777" xlink:to="label_eba_c20777_1" />
    <label:label xlink:type="resource" xlink:label="label_eba_c20778_1" xml:lang="en" xlink:role="http://www.eba.europa.eu/xbrl/role/dpm-db-id">20778</label:label>
    <gen:arc xlink:type="arc" xlink:arcrole="http://xbrl.org/arcrole/2008/element-label" xlink:from="loc_eba_c20778" xlink:to="label_eba_c20778_1" />
    <label:label xlink:type="resource" xlink:label="label_eba_c20779_1" xml:lang="en" xlink:role="http://www.eba.europa.eu/xbrl/role/dpm-db-id">20779</label:label>
    <gen:arc xlink:type="arc" xlink:arcrole="http://xbrl.org/arcrole/2008/element-label" xlink:from="loc_eba_c20779" xlink:to="label_eba_c20779_1" />
    <label:label xlink:type="resource" xlink:label="label_eba_c20780_1" xml:lang="en" xlink:role="http://www.eba.europa.eu/xbrl/role/dpm-db-id">20780</label:label>
    <gen:arc xlink:type="arc" xlink:arcrole="http://xbrl.org/arcrole/2008/element-label" xlink:from="loc_eba_c20780" xlink:to="label_eba_c20780_1" />
    <label:label xlink:type="resource" xlink:label="label_eba_c20781_1" xml:lang="en" xlink:role="http://www.eba.europa.eu/xbrl/role/dpm-db-id">20781</label:label>
    <gen:arc xlink:type="arc" xlink:arcrole="http://xbrl.org/arcrole/2008/element-label" xlink:from="loc_eba_c20781" xlink:to="label_eba_c20781_1" />
    <label:label xlink:type="resource" xlink:label="label_eba_c20782_1" xml:lang="en" xlink:role="http://www.eba.europa.eu/xbrl/role/dpm-db-id">20782</label:label>
    <gen:arc xlink:type="arc" xlink:arcrole="http://xbrl.org/arcrole/2008/element-label" xlink:from="loc_eba_c20782" xlink:to="label_eba_c20782_1" />
    <label:label xlink:type="resource" xlink:label="label_eba_c20783_1" xml:lang="en" xlink:role="http://www.eba.europa.eu/xbrl/role/dpm-db-id">20783</label:label>
    <gen:arc xlink:type="arc" xlink:arcrole="http://xbrl.org/arcrole/2008/element-label" xlink:from="loc_eba_c20783" xlink:to="label_eba_c20783_1" />
    <label:label xlink:type="resource" xlink:label="label_eba_c20784_1" xml:lang="en" xlink:role="http://www.eba.europa.eu/xbrl/role/dpm-db-id">20784</label:label>
    <gen:arc xlink:type="arc" xlink:arcrole="http://xbrl.org/arcrole/2008/element-label" xlink:from="loc_eba_c20784" xlink:to="label_eba_c20784_1" />
    <label:label xlink:type="resource" xlink:label="label_eba_c20785_1" xml:lang="en" xlink:role="http://www.eba.europa.eu/xbrl/role/dpm-db-id">20785</label:label>
    <gen:arc xlink:type="arc" xlink:arcrole="http://xbrl.org/arcrole/2008/element-label" xlink:from="loc_eba_c20785" xlink:to="label_eba_c20785_1" />
    <label:label xlink:type="resource" xlink:label="label_eba_c20786_1" xml:lang="en" xlink:role="http://www.eba.europa.eu/xbrl/role/dpm-db-id">20786</label:label>
    <gen:arc xlink:type="arc" xlink:arcrole="http://xbrl.org/arcrole/2008/element-label" xlink:from="loc_eba_c20786" xlink:to="label_eba_c20786_1" />
    <label:label xlink:type="resource" xlink:label="label_eba_c20787_1" xml:lang="en" xlink:role="http://www.eba.europa.eu/xbrl/role/dpm-db-id">20787</label:label>
    <gen:arc xlink:type="arc" xlink:arcrole="http://xbrl.org/arcrole/2008/element-label" xlink:from="loc_eba_c20787" xlink:to="label_eba_c20787_1" />
    <label:label xlink:type="resource" xlink:label="label_eba_c20788_1" xml:lang="en" xlink:role="http://www.eba.europa.eu/xbrl/role/dpm-db-id">20788</label:label>
    <gen:arc xlink:type="arc" xlink:arcrole="http://xbrl.org/arcrole/2008/element-label" xlink:from="loc_eba_c20788" xlink:to="label_eba_c20788_1" />
    <label:label xlink:type="resource" xlink:label="label_eba_c20789_1" xml:lang="en" xlink:role="http://www.eba.europa.eu/xbrl/role/dpm-db-id">20789</label:label>
    <gen:arc xlink:type="arc" xlink:arcrole="http://xbrl.org/arcrole/2008/element-label" xlink:from="loc_eba_c20789" xlink:to="label_eba_c20789_1" />
    <label:label xlink:type="resource" xlink:label="label_eba_c20790_1" xml:lang="en" xlink:role="http://www.eba.europa.eu/xbrl/role/dpm-db-id">20790</label:label>
    <gen:arc xlink:type="arc" xlink:arcrole="http://xbrl.org/arcrole/2008/element-label" xlink:from="loc_eba_c20790" xlink:to="label_eba_c20790_1" />
    <label:label xlink:type="resource" xlink:label="label_eba_c20791_1" xml:lang="en" xlink:role="http://www.eba.europa.eu/xbrl/role/dpm-db-id">20791</label:label>
    <gen:arc xlink:type="arc" xlink:arcrole="http://xbrl.org/arcrole/2008/element-label" xlink:from="loc_eba_c20791" xlink:to="label_eba_c20791_1" />
    <label:label xlink:type="resource" xlink:label="label_eba_c20792_1" xml:lang="en" xlink:role="http://www.eba.europa.eu/xbrl/role/dpm-db-id">20792</label:label>
    <gen:arc xlink:type="arc" xlink:arcrole="http://xbrl.org/arcrole/2008/element-label" xlink:from="loc_eba_c20792" xlink:to="label_eba_c20792_1" />
    <label:label xlink:type="resource" xlink:label="label_eba_c20793_1" xml:lang="en" xlink:role="http://www.eba.europa.eu/xbrl/role/dpm-db-id">20793</label:label>
    <gen:arc xlink:type="arc" xlink:arcrole="http://xbrl.org/arcrole/2008/element-label" xlink:from="loc_eba_c20793" xlink:to="label_eba_c20793_1" />
    <label:label xlink:type="resource" xlink:label="label_eba_c20794_1" xml:lang="en" xlink:role="http://www.eba.europa.eu/xbrl/role/dpm-db-id">20794</label:label>
    <gen:arc xlink:type="arc" xlink:arcrole="http://xbrl.org/arcrole/2008/element-label" xlink:from="loc_eba_c20794" xlink:to="label_eba_c20794_1" />
    <label:label xlink:type="resource" xlink:label="label_eba_c20795_1" xml:lang="en" xlink:role="http://www.eba.europa.eu/xbrl/role/dpm-db-id">20795</label:label>
    <gen:arc xlink:type="arc" xlink:arcrole="http://xbrl.org/arcrole/2008/element-label" xlink:from="loc_eba_c20795" xlink:to="label_eba_c20795_1" />
    <label:label xlink:type="resource" xlink:label="label_eba_c20796_1" xml:lang="en" xlink:role="http://www.eba.europa.eu/xbrl/role/dpm-db-id">20796</label:label>
    <gen:arc xlink:type="arc" xlink:arcrole="http://xbrl.org/arcrole/2008/element-label" xlink:from="loc_eba_c20796" xlink:to="label_eba_c20796_1" />
    <label:label xlink:type="resource" xlink:label="label_eba_c20797_1" xml:lang="en" xlink:role="http://www.eba.europa.eu/xbrl/role/dpm-db-id">20797</label:label>
    <gen:arc xlink:type="arc" xlink:arcrole="http://xbrl.org/arcrole/2008/element-label" xlink:from="loc_eba_c20797" xlink:to="label_eba_c20797_1" />
    <label:label xlink:type="resource" xlink:label="label_eba_c20798_1" xml:lang="en" xlink:role="http://www.eba.europa.eu/xbrl/role/dpm-db-id">20798</label:label>
    <gen:arc xlink:type="arc" xlink:arcrole="http://xbrl.org/arcrole/2008/element-label" xlink:from="loc_eba_c20798" xlink:to="label_eba_c20798_1" />
  </gen:link>
</link:linkbase>