﻿<?xml version="1.0" encoding="utf-8"?>
<?taxonomy-version 2.0.1?>
<!--(C) EBA-->
<link:linkbase xmlns:xsi="http://www.w3.org/2001/XMLSchema-instance" xmlns:xlink="http://www.w3.org/1999/xlink" xmlns:link="http://www.xbrl.org/2003/linkbase" xmlns:gen="http://xbrl.org/2008/generic" xmlns:label="http://xbrl.org/2008/label" xsi:schemaLocation="http://www.xbrl.org/2003/linkbase http://www.xbrl.org/2003/xbrl-linkbase-2003-12-31.xsd http://xbrl.org/2008/generic http://www.xbrl.org/2008/generic-link.xsd http://xbrl.org/2008/label http://www.xbrl.org/2008/generic-label.xsd">
  <link:arcroleRef arcroleURI="http://xbrl.org/arcrole/2008/element-label" xlink:type="simple" xlink:href="http://www.xbrl.org/2008/generic-label.xsd#element-label" />
  <link:roleRef roleURI="http://www.eba.europa.eu/xbrl/role/dpm-db-id" xlink:type="simple" xlink:href="http://www.eba.europa.eu/eu/fr/xbrl/ext/model.xsd#dpm-db-id" />
  <link:roleRef roleURI="http://www.eurofiling.info/xbrl/role/filing-indicator-code" xlink:type="simple" xlink:href="http://www.eurofiling.info/eu/fr/xbrl/ext/model.xsd#filing-indicator-code" />
  <link:roleRef roleURI="http://www.eurofiling.info/xbrl/role/rc-code" xlink:type="simple" xlink:href="http://www.eurofiling.info/eu/fr/xbrl/ext/model.xsd#rc-code" />
  <gen:link xlink:type="extended" xlink:role="http://www.xbrl.org/2003/role/link">
    <link:loc xlink:type="locator" xlink:href="c_41.00-rend.xml#eba_tC_41.00" xlink:label="loc_eba_tC_41.00" />
    <label:label xlink:type="resource" xlink:label="label_eba_tC_41.00" xml:lang="en" xlink:role="http://www.eurofiling.info/xbrl/role/rc-code">C 41.00</label:label>
    <gen:arc xlink:type="arc" xlink:arcrole="http://xbrl.org/arcrole/2008/element-label" xlink:from="loc_eba_tC_41.00" xlink:to="label_eba_tC_41.00" />
    <link:loc xlink:type="locator" xlink:href="c_41.00-rend.xml#eba_c21096" xlink:label="loc_eba_c21096" />
    <label:label xlink:type="resource" xlink:label="label_eba_c21096" xml:lang="en" xlink:role="http://www.eurofiling.info/xbrl/role/rc-code">010</label:label>
    <gen:arc xlink:type="arc" xlink:arcrole="http://xbrl.org/arcrole/2008/element-label" xlink:from="loc_eba_c21096" xlink:to="label_eba_c21096" />
    <link:loc xlink:type="locator" xlink:href="c_41.00-rend.xml#eba_c21097" xlink:label="loc_eba_c21097" />
    <label:label xlink:type="resource" xlink:label="label_eba_c21097" xml:lang="en" xlink:role="http://www.eurofiling.info/xbrl/role/rc-code">020</label:label>
    <gen:arc xlink:type="arc" xlink:arcrole="http://xbrl.org/arcrole/2008/element-label" xlink:from="loc_eba_c21097" xlink:to="label_eba_c21097" />
    <link:loc xlink:type="locator" xlink:href="c_41.00-rend.xml#eba_c21098" xlink:label="loc_eba_c21098" />
    <label:label xlink:type="resource" xlink:label="label_eba_c21098" xml:lang="en" xlink:role="http://www.eurofiling.info/xbrl/role/rc-code">030</label:label>
    <gen:arc xlink:type="arc" xlink:arcrole="http://xbrl.org/arcrole/2008/element-label" xlink:from="loc_eba_c21098" xlink:to="label_eba_c21098" />
    <link:loc xlink:type="locator" xlink:href="c_41.00-rend.xml#eba_c21099" xlink:label="loc_eba_c21099" />
    <label:label xlink:type="resource" xlink:label="label_eba_c21099" xml:lang="en" xlink:role="http://www.eurofiling.info/xbrl/role/rc-code">010</label:label>
    <gen:arc xlink:type="arc" xlink:arcrole="http://xbrl.org/arcrole/2008/element-label" xlink:from="loc_eba_c21099" xlink:to="label_eba_c21099" />
    <link:loc xlink:type="locator" xlink:href="c_41.00-rend.xml#eba_c21100" xlink:label="loc_eba_c21100" />
    <label:label xlink:type="resource" xlink:label="label_eba_c21100" xml:lang="en" xlink:role="http://www.eurofiling.info/xbrl/role/rc-code">020</label:label>
    <gen:arc xlink:type="arc" xlink:arcrole="http://xbrl.org/arcrole/2008/element-label" xlink:from="loc_eba_c21100" xlink:to="label_eba_c21100" />
    <link:loc xlink:type="locator" xlink:href="c_41.00-rend.xml#eba_c21101" xlink:label="loc_eba_c21101" />
    <label:label xlink:type="resource" xlink:label="label_eba_c21101" xml:lang="en" xlink:role="http://www.eurofiling.info/xbrl/role/rc-code">030</label:label>
    <gen:arc xlink:type="arc" xlink:arcrole="http://xbrl.org/arcrole/2008/element-label" xlink:from="loc_eba_c21101" xlink:to="label_eba_c21101" />
    <link:loc xlink:type="locator" xlink:href="c_41.00-rend.xml#eba_c21102" xlink:label="loc_eba_c21102" />
    <label:label xlink:type="resource" xlink:label="label_eba_c21102" xml:lang="en" xlink:role="http://www.eurofiling.info/xbrl/role/rc-code">040</label:label>
    <gen:arc xlink:type="arc" xlink:arcrole="http://xbrl.org/arcrole/2008/element-label" xlink:from="loc_eba_c21102" xlink:to="label_eba_c21102" />
    <link:loc xlink:type="locator" xlink:href="c_41.00-rend.xml#eba_c21103" xlink:label="loc_eba_c21103" />
    <label:label xlink:type="resource" xlink:label="label_eba_c21103" xml:lang="en" xlink:role="http://www.eurofiling.info/xbrl/role/rc-code">050</label:label>
    <gen:arc xlink:type="arc" xlink:arcrole="http://xbrl.org/arcrole/2008/element-label" xlink:from="loc_eba_c21103" xlink:to="label_eba_c21103" />
    <link:loc xlink:type="locator" xlink:href="c_41.00-rend.xml#eba_c21104" xlink:label="loc_eba_c21104" />
    <label:label xlink:type="resource" xlink:label="label_eba_c21104" xml:lang="en" xlink:role="http://www.eurofiling.info/xbrl/role/rc-code">060</label:label>
    <gen:arc xlink:type="arc" xlink:arcrole="http://xbrl.org/arcrole/2008/element-label" xlink:from="loc_eba_c21104" xlink:to="label_eba_c21104" />
    <link:loc xlink:type="locator" xlink:href="c_41.00-rend.xml#eba_c21105" xlink:label="loc_eba_c21105" />
    <label:label xlink:type="resource" xlink:label="label_eba_c21105" xml:lang="en" xlink:role="http://www.eurofiling.info/xbrl/role/rc-code">070</label:label>
    <gen:arc xlink:type="arc" xlink:arcrole="http://xbrl.org/arcrole/2008/element-label" xlink:from="loc_eba_c21105" xlink:to="label_eba_c21105" />
    <link:loc xlink:type="locator" xlink:href="c_41.00-rend.xml#eba_c21106" xlink:label="loc_eba_c21106" />
    <label:label xlink:type="resource" xlink:label="label_eba_c21106" xml:lang="en" xlink:role="http://www.eurofiling.info/xbrl/role/rc-code">080</label:label>
    <gen:arc xlink:type="arc" xlink:arcrole="http://xbrl.org/arcrole/2008/element-label" xlink:from="loc_eba_c21106" xlink:to="label_eba_c21106" />
    <link:loc xlink:type="locator" xlink:href="c_41.00-rend.xml#eba_c21107" xlink:label="loc_eba_c21107" />
    <label:label xlink:type="resource" xlink:label="label_eba_c21107" xml:lang="en" xlink:role="http://www.eurofiling.info/xbrl/role/rc-code">090</label:label>
    <gen:arc xlink:type="arc" xlink:arcrole="http://xbrl.org/arcrole/2008/element-label" xlink:from="loc_eba_c21107" xlink:to="label_eba_c21107" />
    <link:loc xlink:type="locator" xlink:href="c_41.00-rend.xml#eba_c21108" xlink:label="loc_eba_c21108" />
    <label:label xlink:type="resource" xlink:label="label_eba_c21108" xml:lang="en" xlink:role="http://www.eurofiling.info/xbrl/role/rc-code">100</label:label>
    <gen:arc xlink:type="arc" xlink:arcrole="http://xbrl.org/arcrole/2008/element-label" xlink:from="loc_eba_c21108" xlink:to="label_eba_c21108" />
    <link:loc xlink:type="locator" xlink:href="c_41.00-rend.xml#eba_c21109" xlink:label="loc_eba_c21109" />
    <label:label xlink:type="resource" xlink:label="label_eba_c21109" xml:lang="en" xlink:role="http://www.eurofiling.info/xbrl/role/rc-code">110</label:label>
    <gen:arc xlink:type="arc" xlink:arcrole="http://xbrl.org/arcrole/2008/element-label" xlink:from="loc_eba_c21109" xlink:to="label_eba_c21109" />
    <label:label xlink:type="resource" xlink:label="label_eba_tC_41.00_1" xml:lang="en" xlink:role="http://www.eurofiling.info/xbrl/role/filing-indicator-code">C_41.00</label:label>
    <gen:arc xlink:type="arc" xlink:arcrole="http://xbrl.org/arcrole/2008/element-label" xlink:from="loc_eba_tC_41.00" xlink:to="label_eba_tC_41.00_1" />
    <label:label xlink:type="resource" xlink:label="label_eba_tC_41.00_2" xml:lang="en" xlink:role="http://www.eba.europa.eu/xbrl/role/dpm-db-id">115</label:label>
    <gen:arc xlink:type="arc" xlink:arcrole="http://xbrl.org/arcrole/2008/element-label" xlink:from="loc_eba_tC_41.00" xlink:to="label_eba_tC_41.00_2" />
    <label:label xlink:type="resource" xlink:label="label_eba_c21096_1" xml:lang="en" xlink:role="http://www.eba.europa.eu/xbrl/role/dpm-db-id">21096</label:label>
    <gen:arc xlink:type="arc" xlink:arcrole="http://xbrl.org/arcrole/2008/element-label" xlink:from="loc_eba_c21096" xlink:to="label_eba_c21096_1" />
    <label:label xlink:type="resource" xlink:label="label_eba_c21097_1" xml:lang="en" xlink:role="http://www.eba.europa.eu/xbrl/role/dpm-db-id">21097</label:label>
    <gen:arc xlink:type="arc" xlink:arcrole="http://xbrl.org/arcrole/2008/element-label" xlink:from="loc_eba_c21097" xlink:to="label_eba_c21097_1" />
    <label:label xlink:type="resource" xlink:label="label_eba_c21098_1" xml:lang="en" xlink:role="http://www.eba.europa.eu/xbrl/role/dpm-db-id">21098</label:label>
    <gen:arc xlink:type="arc" xlink:arcrole="http://xbrl.org/arcrole/2008/element-label" xlink:from="loc_eba_c21098" xlink:to="label_eba_c21098_1" />
    <label:label xlink:type="resource" xlink:label="label_eba_c21099_1" xml:lang="en" xlink:role="http://www.eba.europa.eu/xbrl/role/dpm-db-id">21099</label:label>
    <gen:arc xlink:type="arc" xlink:arcrole="http://xbrl.org/arcrole/2008/element-label" xlink:from="loc_eba_c21099" xlink:to="label_eba_c21099_1" />
    <label:label xlink:type="resource" xlink:label="label_eba_c21100_1" xml:lang="en" xlink:role="http://www.eba.europa.eu/xbrl/role/dpm-db-id">21100</label:label>
    <gen:arc xlink:type="arc" xlink:arcrole="http://xbrl.org/arcrole/2008/element-label" xlink:from="loc_eba_c21100" xlink:to="label_eba_c21100_1" />
    <label:label xlink:type="resource" xlink:label="label_eba_c21101_1" xml:lang="en" xlink:role="http://www.eba.europa.eu/xbrl/role/dpm-db-id">21101</label:label>
    <gen:arc xlink:type="arc" xlink:arcrole="http://xbrl.org/arcrole/2008/element-label" xlink:from="loc_eba_c21101" xlink:to="label_eba_c21101_1" />
    <label:label xlink:type="resource" xlink:label="label_eba_c21102_1" xml:lang="en" xlink:role="http://www.eba.europa.eu/xbrl/role/dpm-db-id">21102</label:label>
    <gen:arc xlink:type="arc" xlink:arcrole="http://xbrl.org/arcrole/2008/element-label" xlink:from="loc_eba_c21102" xlink:to="label_eba_c21102_1" />
    <label:label xlink:type="resource" xlink:label="label_eba_c21103_1" xml:lang="en" xlink:role="http://www.eba.europa.eu/xbrl/role/dpm-db-id">21103</label:label>
    <gen:arc xlink:type="arc" xlink:arcrole="http://xbrl.org/arcrole/2008/element-label" xlink:from="loc_eba_c21103" xlink:to="label_eba_c21103_1" />
    <label:label xlink:type="resource" xlink:label="label_eba_c21104_1" xml:lang="en" xlink:role="http://www.eba.europa.eu/xbrl/role/dpm-db-id">21104</label:label>
    <gen:arc xlink:type="arc" xlink:arcrole="http://xbrl.org/arcrole/2008/element-label" xlink:from="loc_eba_c21104" xlink:to="label_eba_c21104_1" />
    <label:label xlink:type="resource" xlink:label="label_eba_c21105_1" xml:lang="en" xlink:role="http://www.eba.europa.eu/xbrl/role/dpm-db-id">21105</label:label>
    <gen:arc xlink:type="arc" xlink:arcrole="http://xbrl.org/arcrole/2008/element-label" xlink:from="loc_eba_c21105" xlink:to="label_eba_c21105_1" />
    <label:label xlink:type="resource" xlink:label="label_eba_c21106_1" xml:lang="en" xlink:role="http://www.eba.europa.eu/xbrl/role/dpm-db-id">21106</label:label>
    <gen:arc xlink:type="arc" xlink:arcrole="http://xbrl.org/arcrole/2008/element-label" xlink:from="loc_eba_c21106" xlink:to="label_eba_c21106_1" />
    <label:label xlink:type="resource" xlink:label="label_eba_c21107_1" xml:lang="en" xlink:role="http://www.eba.europa.eu/xbrl/role/dpm-db-id">21107</label:label>
    <gen:arc xlink:type="arc" xlink:arcrole="http://xbrl.org/arcrole/2008/element-label" xlink:from="loc_eba_c21107" xlink:to="label_eba_c21107_1" />
    <label:label xlink:type="resource" xlink:label="label_eba_c21108_1" xml:lang="en" xlink:role="http://www.eba.europa.eu/xbrl/role/dpm-db-id">21108</label:label>
    <gen:arc xlink:type="arc" xlink:arcrole="http://xbrl.org/arcrole/2008/element-label" xlink:from="loc_eba_c21108" xlink:to="label_eba_c21108_1" />
    <label:label xlink:type="resource" xlink:label="label_eba_c21109_1" xml:lang="en" xlink:role="http://www.eba.europa.eu/xbrl/role/dpm-db-id">21109</label:label>
    <gen:arc xlink:type="arc" xlink:arcrole="http://xbrl.org/arcrole/2008/element-label" xlink:from="loc_eba_c21109" xlink:to="label_eba_c21109_1" />
  </gen:link>
</link:linkbase>