﻿<?xml version="1.0" encoding="utf-8"?>
<?taxonomy-version 2.0.0?>
<!--(C) EBA-->
<link:linkbase xmlns:xsi="http://www.w3.org/2001/XMLSchema-instance" xmlns:xlink="http://www.w3.org/1999/xlink" xmlns:link="http://www.xbrl.org/2003/linkbase" xmlns:gen="http://xbrl.org/2008/generic" xmlns:label="http://xbrl.org/2008/label" xsi:schemaLocation="http://www.xbrl.org/2003/linkbase http://www.xbrl.org/2003/xbrl-linkbase-2003-12-31.xsd http://xbrl.org/2008/generic http://www.xbrl.org/2008/generic-link.xsd http://xbrl.org/2008/label http://www.xbrl.org/2008/generic-label.xsd">
  <link:arcroleRef arcroleURI="http://xbrl.org/arcrole/2008/element-label" xlink:type="simple" xlink:href="http://www.xbrl.org/2008/generic-label.xsd#element-label" />
  <link:roleRef roleURI="http://www.xbrl.org/2008/role/label" xlink:type="simple" xlink:href="http://www.xbrl.org/2008/generic-label.xsd#standard-label" />
  <link:roleRef roleURI="http://www.xbrl.org/2008/role/verboseLabel" xlink:type="simple" xlink:href="http://www.xbrl.org/2008/generic-label.xsd#verbose-label" />
  <gen:link xlink:type="extended" xlink:role="http://www.xbrl.org/2003/role/link">
    <link:loc xlink:type="locator" xlink:href="c_41.00-rend.xml#eba_tC_41.00" xlink:label="loc_eba_tC_41.00" />
    <label:label xlink:type="resource" xlink:label="label_eba_tC_41.00" xml:lang="en" xlink:role="http://www.xbrl.org/2008/role/label">C 41.00 (LR2)</label:label>
    <gen:arc xlink:type="arc" xlink:arcrole="http://xbrl.org/arcrole/2008/element-label" xlink:from="loc_eba_tC_41.00" xlink:to="label_eba_tC_41.00" />
    <label:label xlink:type="resource" xlink:label="label_eba_tC_41.00_1" xml:lang="en" xlink:role="http://www.xbrl.org/2008/role/verboseLabel">C 41.00 (LR2) On- and off-balance sheet items – additional breakdown of exposures</label:label>
    <gen:arc xlink:type="arc" xlink:arcrole="http://xbrl.org/arcrole/2008/element-label" xlink:from="loc_eba_tC_41.00" xlink:to="label_eba_tC_41.00_1" />
    <link:loc xlink:type="locator" xlink:href="c_41.00-rend.xml#eba_a1" xlink:label="loc_eba_a1" />
    <label:label xlink:type="resource" xlink:label="label_eba_a1" xml:lang="en" xlink:role="http://www.xbrl.org/2008/role/label">Columns</label:label>
    <gen:arc xlink:type="arc" xlink:arcrole="http://xbrl.org/arcrole/2008/element-label" xlink:from="loc_eba_a1" xlink:to="label_eba_a1" />
    <link:loc xlink:type="locator" xlink:href="c_41.00-rend.xml#eba_c21096" xlink:label="loc_eba_c21096" />
    <label:label xlink:type="resource" xlink:label="label_eba_c21096" xml:lang="en" xlink:role="http://www.xbrl.org/2008/role/label">On- and off- balance sheet exposures (SA exposures)</label:label>
    <gen:arc xlink:type="arc" xlink:arcrole="http://xbrl.org/arcrole/2008/element-label" xlink:from="loc_eba_c21096" xlink:to="label_eba_c21096" />
    <link:loc xlink:type="locator" xlink:href="c_41.00-rend.xml#eba_c21097" xlink:label="loc_eba_c21097" />
    <label:label xlink:type="resource" xlink:label="label_eba_c21097" xml:lang="en" xlink:role="http://www.xbrl.org/2008/role/label">On- and off- balance sheet exposures (IRB exposures)</label:label>
    <gen:arc xlink:type="arc" xlink:arcrole="http://xbrl.org/arcrole/2008/element-label" xlink:from="loc_eba_c21097" xlink:to="label_eba_c21097" />
    <link:loc xlink:type="locator" xlink:href="c_41.00-rend.xml#eba_c21098" xlink:label="loc_eba_c21098" />
    <label:label xlink:type="resource" xlink:label="label_eba_c21098" xml:lang="en" xlink:role="http://www.xbrl.org/2008/role/label">Nominal Value</label:label>
    <gen:arc xlink:type="arc" xlink:arcrole="http://xbrl.org/arcrole/2008/element-label" xlink:from="loc_eba_c21098" xlink:to="label_eba_c21098" />
    <link:loc xlink:type="locator" xlink:href="c_41.00-rend.xml#eba_a2" xlink:label="loc_eba_a2" />
    <label:label xlink:type="resource" xlink:label="label_eba_a2" xml:lang="en" xlink:role="http://www.xbrl.org/2008/role/label">Rows</label:label>
    <gen:arc xlink:type="arc" xlink:arcrole="http://xbrl.org/arcrole/2008/element-label" xlink:from="loc_eba_a2" xlink:to="label_eba_a2" />
    <link:loc xlink:type="locator" xlink:href="c_41.00-rend.xml#eba_c21099" xlink:label="loc_eba_c21099" />
    <label:label xlink:type="resource" xlink:label="label_eba_c21099" xml:lang="en" xlink:role="http://www.xbrl.org/2008/role/label">Total on- and off-balance sheet exposures belonging to the banking book (breakdown according to the effective risk weight):</label:label>
    <gen:arc xlink:type="arc" xlink:arcrole="http://xbrl.org/arcrole/2008/element-label" xlink:from="loc_eba_c21099" xlink:to="label_eba_c21099" />
    <link:loc xlink:type="locator" xlink:href="c_41.00-rend.xml#eba_c21100" xlink:label="loc_eba_c21100" />
    <label:label xlink:type="resource" xlink:label="label_eba_c21100" xml:lang="en" xlink:role="http://www.xbrl.org/2008/role/label">= 0%</label:label>
    <gen:arc xlink:type="arc" xlink:arcrole="http://xbrl.org/arcrole/2008/element-label" xlink:from="loc_eba_c21100" xlink:to="label_eba_c21100" />
    <link:loc xlink:type="locator" xlink:href="c_41.00-rend.xml#eba_c21101" xlink:label="loc_eba_c21101" />
    <label:label xlink:type="resource" xlink:label="label_eba_c21101" xml:lang="en" xlink:role="http://www.xbrl.org/2008/role/label">&gt; 0 and &lt;= 12%</label:label>
    <gen:arc xlink:type="arc" xlink:arcrole="http://xbrl.org/arcrole/2008/element-label" xlink:from="loc_eba_c21101" xlink:to="label_eba_c21101" />
    <link:loc xlink:type="locator" xlink:href="c_41.00-rend.xml#eba_c21102" xlink:label="loc_eba_c21102" />
    <label:label xlink:type="resource" xlink:label="label_eba_c21102" xml:lang="en" xlink:role="http://www.xbrl.org/2008/role/label">&gt; 12 and &lt;= 20%</label:label>
    <gen:arc xlink:type="arc" xlink:arcrole="http://xbrl.org/arcrole/2008/element-label" xlink:from="loc_eba_c21102" xlink:to="label_eba_c21102" />
    <link:loc xlink:type="locator" xlink:href="c_41.00-rend.xml#eba_c21103" xlink:label="loc_eba_c21103" />
    <label:label xlink:type="resource" xlink:label="label_eba_c21103" xml:lang="en" xlink:role="http://www.xbrl.org/2008/role/label">&gt; 20 and &lt;= 50%</label:label>
    <gen:arc xlink:type="arc" xlink:arcrole="http://xbrl.org/arcrole/2008/element-label" xlink:from="loc_eba_c21103" xlink:to="label_eba_c21103" />
    <link:loc xlink:type="locator" xlink:href="c_41.00-rend.xml#eba_c21104" xlink:label="loc_eba_c21104" />
    <label:label xlink:type="resource" xlink:label="label_eba_c21104" xml:lang="en" xlink:role="http://www.xbrl.org/2008/role/label">&gt; 50 and &lt;= 75%</label:label>
    <gen:arc xlink:type="arc" xlink:arcrole="http://xbrl.org/arcrole/2008/element-label" xlink:from="loc_eba_c21104" xlink:to="label_eba_c21104" />
    <link:loc xlink:type="locator" xlink:href="c_41.00-rend.xml#eba_c21105" xlink:label="loc_eba_c21105" />
    <label:label xlink:type="resource" xlink:label="label_eba_c21105" xml:lang="en" xlink:role="http://www.xbrl.org/2008/role/label">&gt; 75 and &lt;= 100%</label:label>
    <gen:arc xlink:type="arc" xlink:arcrole="http://xbrl.org/arcrole/2008/element-label" xlink:from="loc_eba_c21105" xlink:to="label_eba_c21105" />
    <link:loc xlink:type="locator" xlink:href="c_41.00-rend.xml#eba_c21106" xlink:label="loc_eba_c21106" />
    <label:label xlink:type="resource" xlink:label="label_eba_c21106" xml:lang="en" xlink:role="http://www.xbrl.org/2008/role/label">&gt; 100 and &lt;= 425%</label:label>
    <gen:arc xlink:type="arc" xlink:arcrole="http://xbrl.org/arcrole/2008/element-label" xlink:from="loc_eba_c21106" xlink:to="label_eba_c21106" />
    <link:loc xlink:type="locator" xlink:href="c_41.00-rend.xml#eba_c21107" xlink:label="loc_eba_c21107" />
    <label:label xlink:type="resource" xlink:label="label_eba_c21107" xml:lang="en" xlink:role="http://www.xbrl.org/2008/role/label">&gt; 425 and &lt;= 1250%</label:label>
    <gen:arc xlink:type="arc" xlink:arcrole="http://xbrl.org/arcrole/2008/element-label" xlink:from="loc_eba_c21107" xlink:to="label_eba_c21107" />
    <link:loc xlink:type="locator" xlink:href="c_41.00-rend.xml#eba_c21108" xlink:label="loc_eba_c21108" />
    <label:label xlink:type="resource" xlink:label="label_eba_c21108" xml:lang="en" xlink:role="http://www.xbrl.org/2008/role/label">Exposures in default</label:label>
    <gen:arc xlink:type="arc" xlink:arcrole="http://xbrl.org/arcrole/2008/element-label" xlink:from="loc_eba_c21108" xlink:to="label_eba_c21108" />
    <link:loc xlink:type="locator" xlink:href="c_41.00-rend.xml#eba_c21109" xlink:label="loc_eba_c21109" />
    <label:label xlink:type="resource" xlink:label="label_eba_c21109" xml:lang="en" xlink:role="http://www.xbrl.org/2008/role/label">Low risk off-balance sheet items and off-balance sheet items attracting a 0% conversion factor under the solvency ratio (memo item)</label:label>
    <gen:arc xlink:type="arc" xlink:arcrole="http://xbrl.org/arcrole/2008/element-label" xlink:from="loc_eba_c21109" xlink:to="label_eba_c21109" />
  </gen:link>
</link:linkbase>