﻿<?xml version="1.0" encoding="utf-8"?>
<?taxonomy-version 2.0.0?>
<!--(C) EBA-->
<link:linkbase xmlns:xsi="http://www.w3.org/2001/XMLSchema-instance" xmlns:xbrli="http://www.xbrl.org/2003/instance" xmlns:xlink="http://www.w3.org/1999/xlink" xmlns:link="http://www.xbrl.org/2003/linkbase" xmlns:gen="http://xbrl.org/2008/generic" xmlns:label="http://xbrl.org/2008/label" xmlns:find="http://www.eurofiling.info/xbrl/ext/filing-indicators" xmlns:variable="http://xbrl.org/2008/variable" xsi:schemaLocation="http://www.xbrl.org/2003/linkbase http://www.xbrl.org/2003/xbrl-linkbase-2003-12-31.xsd http://xbrl.org/2008/generic http://www.xbrl.org/2008/generic-link.xsd http://xbrl.org/2008/label http://www.xbrl.org/2008/generic-label.xsd http://www.eurofiling.info/xbrl/ext/filing-indicators http://www.eurofiling.info/eu/fr/xbrl/ext/filing-indicators.xsd http://xbrl.org/2008/variable http://www.xbrl.org/2008/variable.xsd">
  <link:arcroleRef arcroleURI="http://xbrl.org/arcrole/2008/variable-set-precondition" xlink:type="simple" xlink:href="http://www.xbrl.org/2008/variable.xsd#variable-set-precondition" />
  <gen:link xlink:type="extended" xlink:role="http://www.xbrl.org/2003/role/link">
    <variable:precondition xlink:type="resource" xlink:label="findPrec" test="$find:tC_61.00" />
    <link:loc xlink:type="locator" xlink:href="../val/vr-v3684_s.xml#eba_v3684_s" xlink:label="loc_eba_v3684_s" />
    <gen:arc xlink:type="arc" xlink:arcrole="http://xbrl.org/arcrole/2008/variable-set-precondition" xlink:from="loc_eba_v3684_s" xlink:to="findPrec" />
    <variable:precondition xlink:type="resource" xlink:label="findPrec_1" test="$find:tC_00.01" />
    <link:loc xlink:type="locator" xlink:href="../val/vr-v4002_c.xml#eba_v4002_c" xlink:label="loc_eba_v4002_c" />
    <gen:arc xlink:type="arc" xlink:arcrole="http://xbrl.org/arcrole/2008/variable-set-precondition" xlink:from="loc_eba_v4002_c" xlink:to="findPrec_1" />
    <link:loc xlink:type="locator" xlink:href="../val/vr-v4003_c.xml#eba_v4003_c" xlink:label="loc_eba_v4003_c" />
    <gen:arc xlink:type="arc" xlink:arcrole="http://xbrl.org/arcrole/2008/variable-set-precondition" xlink:from="loc_eba_v4003_c" xlink:to="findPrec_1" />
    <link:loc xlink:type="locator" xlink:href="../val/vr-v4011_a.xml#eba_v4011_a" xlink:label="loc_eba_v4011_a" />
    <gen:arc xlink:type="arc" xlink:arcrole="http://xbrl.org/arcrole/2008/variable-set-precondition" xlink:from="loc_eba_v4011_a" xlink:to="findPrec_1" />
    <link:loc xlink:type="locator" xlink:href="../val/vr-v4017_a.xml#eba_v4017_a" xlink:label="loc_eba_v4017_a" />
    <gen:arc xlink:type="arc" xlink:arcrole="http://xbrl.org/arcrole/2008/variable-set-precondition" xlink:from="loc_eba_v4017_a" xlink:to="findPrec_1" />
    <variable:precondition xlink:type="resource" xlink:label="findPrec_2" test="$find:tC_60.00" />
    <link:loc xlink:type="locator" xlink:href="../val/vr-v1530_m.xml#eba_v1530_m" xlink:label="loc_eba_v1530_m" />
    <gen:arc xlink:type="arc" xlink:arcrole="http://xbrl.org/arcrole/2008/variable-set-precondition" xlink:from="loc_eba_v1530_m" xlink:to="findPrec_2" />
    <link:loc xlink:type="locator" xlink:href="../val/vr-v1532_m.xml#eba_v1532_m" xlink:label="loc_eba_v1532_m" />
    <gen:arc xlink:type="arc" xlink:arcrole="http://xbrl.org/arcrole/2008/variable-set-precondition" xlink:from="loc_eba_v1532_m" xlink:to="findPrec_2" />
    <link:loc xlink:type="locator" xlink:href="../val/vr-v1534_m.xml#eba_v1534_m" xlink:label="loc_eba_v1534_m" />
    <gen:arc xlink:type="arc" xlink:arcrole="http://xbrl.org/arcrole/2008/variable-set-precondition" xlink:from="loc_eba_v1534_m" xlink:to="findPrec_2" />
    <link:loc xlink:type="locator" xlink:href="../val/vr-v1531_m.xml#eba_v1531_m" xlink:label="loc_eba_v1531_m" />
    <gen:arc xlink:type="arc" xlink:arcrole="http://xbrl.org/arcrole/2008/variable-set-precondition" xlink:from="loc_eba_v1531_m" xlink:to="findPrec_2" />
    <link:loc xlink:type="locator" xlink:href="../val/vr-v1533_m.xml#eba_v1533_m" xlink:label="loc_eba_v1533_m" />
    <gen:arc xlink:type="arc" xlink:arcrole="http://xbrl.org/arcrole/2008/variable-set-precondition" xlink:from="loc_eba_v1533_m" xlink:to="findPrec_2" />
    <link:loc xlink:type="locator" xlink:href="../val/vr-v1535_m.xml#eba_v1535_m" xlink:label="loc_eba_v1535_m" />
    <gen:arc xlink:type="arc" xlink:arcrole="http://xbrl.org/arcrole/2008/variable-set-precondition" xlink:from="loc_eba_v1535_m" xlink:to="findPrec_2" />
  </gen:link>
</link:linkbase>