﻿<?xml version="1.0" encoding="utf-8"?>
<?taxonomy-version 2.0.0?>
<!--(C) EBA-->
<link:linkbase xmlns:xsi="http://www.w3.org/2001/XMLSchema-instance" xmlns:xlink="http://www.w3.org/1999/xlink" xmlns:link="http://www.xbrl.org/2003/linkbase" xmlns:gen="http://xbrl.org/2008/generic" xmlns:label="http://xbrl.org/2008/label" xsi:schemaLocation="http://www.xbrl.org/2003/linkbase http://www.xbrl.org/2003/xbrl-linkbase-2003-12-31.xsd http://xbrl.org/2008/generic http://www.xbrl.org/2008/generic-link.xsd http://xbrl.org/2008/label http://www.xbrl.org/2008/generic-label.xsd">
  <link:arcroleRef arcroleURI="http://www.eurofiling.info/xbrl/arcrole/group-table" xlink:type="simple" xlink:href="http://www.eurofiling.info/eu/fr/xbrl/ext/model.xsd#group-table" />
  <gen:link xlink:type="extended" xlink:role="http://www.xbrl.org/2003/role/link">
    <link:loc xlink:type="locator" xlink:href="corep_lcr_con.xsd#eba_COREP_LCR_Con" xlink:label="loc_eba_COREP_LCR_Con" />
    <link:loc xlink:type="locator" xlink:href="../tab/tab.xsd#eba_tgGeneral_Information_-_COREP" xlink:label="loc_eba_tgGeneral_Information_-_COREP" />
    <gen:arc xlink:type="arc" xlink:arcrole="http://www.eurofiling.info/xbrl/arcrole/group-table" xlink:from="loc_eba_COREP_LCR_Con" xlink:to="loc_eba_tgGeneral_Information_-_COREP" order="1" />
    <link:loc xlink:type="locator" xlink:href="../tab/tab.xsd#eba_tgC_00.01" xlink:label="loc_eba_tgC_00.01" />
    <gen:arc xlink:type="arc" xlink:arcrole="http://www.eurofiling.info/xbrl/arcrole/group-table" xlink:from="loc_eba_tgGeneral_Information_-_COREP" xlink:to="loc_eba_tgC_00.01" order="1" />
    <link:loc xlink:type="locator" xlink:href="../tab/c_00.01/c_00.01-rend.xml#eba_tC_00.01" xlink:label="loc_eba_tC_00.01" />
    <gen:arc xlink:type="arc" xlink:arcrole="http://www.eurofiling.info/xbrl/arcrole/group-table" xlink:from="loc_eba_tgC_00.01" xlink:to="loc_eba_tC_00.01" order="1" />
    <link:loc xlink:type="locator" xlink:href="../tab/tab.xsd#eba_tgLiquidity_Coverage" xlink:label="loc_eba_tgLiquidity_Coverage" />
    <gen:arc xlink:type="arc" xlink:arcrole="http://www.eurofiling.info/xbrl/arcrole/group-table" xlink:from="loc_eba_COREP_LCR_Con" xlink:to="loc_eba_tgLiquidity_Coverage" order="2" />
    <link:loc xlink:type="locator" xlink:href="../tab/tab.xsd#eba_tgC_51.00" xlink:label="loc_eba_tgC_51.00" />
    <gen:arc xlink:type="arc" xlink:arcrole="http://www.eurofiling.info/xbrl/arcrole/group-table" xlink:from="loc_eba_tgLiquidity_Coverage" xlink:to="loc_eba_tgC_51.00" order="1" />
    <link:loc xlink:type="locator" xlink:href="../tab/c_51.00.a/c_51.00.a-rend.xml#eba_tC_51.00.a" xlink:label="loc_eba_tC_51.00.a" />
    <gen:arc xlink:type="arc" xlink:arcrole="http://www.eurofiling.info/xbrl/arcrole/group-table" xlink:from="loc_eba_tgC_51.00" xlink:to="loc_eba_tC_51.00.a" order="1" />
    <link:loc xlink:type="locator" xlink:href="../tab/c_51.00.b/c_51.00.b-rend.xml#eba_tC_51.00.b" xlink:label="loc_eba_tC_51.00.b" />
    <gen:arc xlink:type="arc" xlink:arcrole="http://www.eurofiling.info/xbrl/arcrole/group-table" xlink:from="loc_eba_tgC_51.00" xlink:to="loc_eba_tC_51.00.b" order="2" />
    <link:loc xlink:type="locator" xlink:href="../tab/c_51.00.w/c_51.00.w-rend.xml#eba_tC_51.00.w" xlink:label="loc_eba_tC_51.00.w" />
    <gen:arc xlink:type="arc" xlink:arcrole="http://www.eurofiling.info/xbrl/arcrole/group-table" xlink:from="loc_eba_tgC_51.00" xlink:to="loc_eba_tC_51.00.w" order="3" />
    <link:loc xlink:type="locator" xlink:href="../tab/c_51.00.x/c_51.00.x-rend.xml#eba_tC_51.00.x" xlink:label="loc_eba_tC_51.00.x" />
    <gen:arc xlink:type="arc" xlink:arcrole="http://www.eurofiling.info/xbrl/arcrole/group-table" xlink:from="loc_eba_tgC_51.00" xlink:to="loc_eba_tC_51.00.x" order="4" />
    <link:loc xlink:type="locator" xlink:href="../tab/tab.xsd#eba_tgC_52.00" xlink:label="loc_eba_tgC_52.00" />
    <gen:arc xlink:type="arc" xlink:arcrole="http://www.eurofiling.info/xbrl/arcrole/group-table" xlink:from="loc_eba_tgLiquidity_Coverage" xlink:to="loc_eba_tgC_52.00" order="2" />
    <link:loc xlink:type="locator" xlink:href="../tab/c_52.00.a/c_52.00.a-rend.xml#eba_tC_52.00.a" xlink:label="loc_eba_tC_52.00.a" />
    <gen:arc xlink:type="arc" xlink:arcrole="http://www.eurofiling.info/xbrl/arcrole/group-table" xlink:from="loc_eba_tgC_52.00" xlink:to="loc_eba_tC_52.00.a" order="1" />
    <link:loc xlink:type="locator" xlink:href="../tab/c_52.00.b/c_52.00.b-rend.xml#eba_tC_52.00.b" xlink:label="loc_eba_tC_52.00.b" />
    <gen:arc xlink:type="arc" xlink:arcrole="http://www.eurofiling.info/xbrl/arcrole/group-table" xlink:from="loc_eba_tgC_52.00" xlink:to="loc_eba_tC_52.00.b" order="2" />
    <link:loc xlink:type="locator" xlink:href="../tab/c_52.00.c/c_52.00.c-rend.xml#eba_tC_52.00.c" xlink:label="loc_eba_tC_52.00.c" />
    <gen:arc xlink:type="arc" xlink:arcrole="http://www.eurofiling.info/xbrl/arcrole/group-table" xlink:from="loc_eba_tgC_52.00" xlink:to="loc_eba_tC_52.00.c" order="3" />
    <link:loc xlink:type="locator" xlink:href="../tab/c_52.00.d/c_52.00.d-rend.xml#eba_tC_52.00.d" xlink:label="loc_eba_tC_52.00.d" />
    <gen:arc xlink:type="arc" xlink:arcrole="http://www.eurofiling.info/xbrl/arcrole/group-table" xlink:from="loc_eba_tgC_52.00" xlink:to="loc_eba_tC_52.00.d" order="4" />
    <link:loc xlink:type="locator" xlink:href="../tab/c_52.00.w/c_52.00.w-rend.xml#eba_tC_52.00.w" xlink:label="loc_eba_tC_52.00.w" />
    <gen:arc xlink:type="arc" xlink:arcrole="http://www.eurofiling.info/xbrl/arcrole/group-table" xlink:from="loc_eba_tgC_52.00" xlink:to="loc_eba_tC_52.00.w" order="5" />
    <link:loc xlink:type="locator" xlink:href="../tab/c_52.00.x/c_52.00.x-rend.xml#eba_tC_52.00.x" xlink:label="loc_eba_tC_52.00.x" />
    <gen:arc xlink:type="arc" xlink:arcrole="http://www.eurofiling.info/xbrl/arcrole/group-table" xlink:from="loc_eba_tgC_52.00" xlink:to="loc_eba_tC_52.00.x" order="6" />
    <link:loc xlink:type="locator" xlink:href="../tab/c_52.00.y/c_52.00.y-rend.xml#eba_tC_52.00.y" xlink:label="loc_eba_tC_52.00.y" />
    <gen:arc xlink:type="arc" xlink:arcrole="http://www.eurofiling.info/xbrl/arcrole/group-table" xlink:from="loc_eba_tgC_52.00" xlink:to="loc_eba_tC_52.00.y" order="7" />
    <link:loc xlink:type="locator" xlink:href="../tab/c_52.00.z/c_52.00.z-rend.xml#eba_tC_52.00.z" xlink:label="loc_eba_tC_52.00.z" />
    <gen:arc xlink:type="arc" xlink:arcrole="http://www.eurofiling.info/xbrl/arcrole/group-table" xlink:from="loc_eba_tgC_52.00" xlink:to="loc_eba_tC_52.00.z" order="8" />
    <link:loc xlink:type="locator" xlink:href="../tab/tab.xsd#eba_tgC_53.00" xlink:label="loc_eba_tgC_53.00" />
    <gen:arc xlink:type="arc" xlink:arcrole="http://www.eurofiling.info/xbrl/arcrole/group-table" xlink:from="loc_eba_tgLiquidity_Coverage" xlink:to="loc_eba_tgC_53.00" order="3" />
    <link:loc xlink:type="locator" xlink:href="../tab/c_53.00.a/c_53.00.a-rend.xml#eba_tC_53.00.a" xlink:label="loc_eba_tC_53.00.a" />
    <gen:arc xlink:type="arc" xlink:arcrole="http://www.eurofiling.info/xbrl/arcrole/group-table" xlink:from="loc_eba_tgC_53.00" xlink:to="loc_eba_tC_53.00.a" order="1" />
    <link:loc xlink:type="locator" xlink:href="../tab/c_53.00.b/c_53.00.b-rend.xml#eba_tC_53.00.b" xlink:label="loc_eba_tC_53.00.b" />
    <gen:arc xlink:type="arc" xlink:arcrole="http://www.eurofiling.info/xbrl/arcrole/group-table" xlink:from="loc_eba_tgC_53.00" xlink:to="loc_eba_tC_53.00.b" order="2" />
    <link:loc xlink:type="locator" xlink:href="../tab/c_53.00.c/c_53.00.c-rend.xml#eba_tC_53.00.c" xlink:label="loc_eba_tC_53.00.c" />
    <gen:arc xlink:type="arc" xlink:arcrole="http://www.eurofiling.info/xbrl/arcrole/group-table" xlink:from="loc_eba_tgC_53.00" xlink:to="loc_eba_tC_53.00.c" order="3" />
    <link:loc xlink:type="locator" xlink:href="../tab/c_53.00.w/c_53.00.w-rend.xml#eba_tC_53.00.w" xlink:label="loc_eba_tC_53.00.w" />
    <gen:arc xlink:type="arc" xlink:arcrole="http://www.eurofiling.info/xbrl/arcrole/group-table" xlink:from="loc_eba_tgC_53.00" xlink:to="loc_eba_tC_53.00.w" order="4" />
    <link:loc xlink:type="locator" xlink:href="../tab/c_53.00.x/c_53.00.x-rend.xml#eba_tC_53.00.x" xlink:label="loc_eba_tC_53.00.x" />
    <gen:arc xlink:type="arc" xlink:arcrole="http://www.eurofiling.info/xbrl/arcrole/group-table" xlink:from="loc_eba_tgC_53.00" xlink:to="loc_eba_tC_53.00.x" order="5" />
    <link:loc xlink:type="locator" xlink:href="../tab/c_53.00.y/c_53.00.y-rend.xml#eba_tC_53.00.y" xlink:label="loc_eba_tC_53.00.y" />
    <gen:arc xlink:type="arc" xlink:arcrole="http://www.eurofiling.info/xbrl/arcrole/group-table" xlink:from="loc_eba_tgC_53.00" xlink:to="loc_eba_tC_53.00.y" order="6" />
    <link:loc xlink:type="locator" xlink:href="../tab/tab.xsd#eba_tgC_54.00" xlink:label="loc_eba_tgC_54.00" />
    <gen:arc xlink:type="arc" xlink:arcrole="http://www.eurofiling.info/xbrl/arcrole/group-table" xlink:from="loc_eba_tgLiquidity_Coverage" xlink:to="loc_eba_tgC_54.00" order="4" />
    <link:loc xlink:type="locator" xlink:href="../tab/c_54.00.a/c_54.00.a-rend.xml#eba_tC_54.00.a" xlink:label="loc_eba_tC_54.00.a" />
    <gen:arc xlink:type="arc" xlink:arcrole="http://www.eurofiling.info/xbrl/arcrole/group-table" xlink:from="loc_eba_tgC_54.00" xlink:to="loc_eba_tC_54.00.a" order="1" />
    <link:loc xlink:type="locator" xlink:href="../tab/c_54.00.w/c_54.00.w-rend.xml#eba_tC_54.00.w" xlink:label="loc_eba_tC_54.00.w" />
    <gen:arc xlink:type="arc" xlink:arcrole="http://www.eurofiling.info/xbrl/arcrole/group-table" xlink:from="loc_eba_tgC_54.00" xlink:to="loc_eba_tC_54.00.w" order="2" />
  </gen:link>
</link:linkbase>