﻿<?xml version="1.0" encoding="utf-8"?>
<?taxonomy-version 2.0.0?>
<!--(C) EBA-->
<link:linkbase xmlns:xsi="http://www.w3.org/2001/XMLSchema-instance" xmlns:xlink="http://www.w3.org/1999/xlink" xmlns:link="http://www.xbrl.org/2003/linkbase" xmlns:gen="http://xbrl.org/2008/generic" xmlns:label="http://xbrl.org/2008/label" xsi:schemaLocation="http://www.xbrl.org/2003/linkbase http://www.xbrl.org/2003/xbrl-linkbase-2003-12-31.xsd http://xbrl.org/2008/generic http://www.xbrl.org/2008/generic-link.xsd http://xbrl.org/2008/label http://www.xbrl.org/2008/generic-label.xsd">
  <link:arcroleRef arcroleURI="http://www.eurofiling.info/xbrl/arcrole/group-table" xlink:type="simple" xlink:href="http://www.eurofiling.info/eu/fr/xbrl/ext/model.xsd#group-table" />
  <gen:link xlink:type="extended" xlink:role="http://www.xbrl.org/2003/role/link">
    <link:loc xlink:type="locator" xlink:href="corep_nsfr_con.xsd#eba_COREP_NSFR_Con" xlink:label="loc_eba_COREP_NSFR_Con" />
    <link:loc xlink:type="locator" xlink:href="../tab/tab.xsd#eba_tgGeneral_Information_-_COREP" xlink:label="loc_eba_tgGeneral_Information_-_COREP" />
    <gen:arc xlink:type="arc" xlink:arcrole="http://www.eurofiling.info/xbrl/arcrole/group-table" xlink:from="loc_eba_COREP_NSFR_Con" xlink:to="loc_eba_tgGeneral_Information_-_COREP" order="1" />
    <link:loc xlink:type="locator" xlink:href="../tab/tab.xsd#eba_tgC_00.01" xlink:label="loc_eba_tgC_00.01" />
    <gen:arc xlink:type="arc" xlink:arcrole="http://www.eurofiling.info/xbrl/arcrole/group-table" xlink:from="loc_eba_tgGeneral_Information_-_COREP" xlink:to="loc_eba_tgC_00.01" order="1" />
    <link:loc xlink:type="locator" xlink:href="../tab/c_00.01/c_00.01-rend.xml#eba_tC_00.01" xlink:label="loc_eba_tC_00.01" />
    <gen:arc xlink:type="arc" xlink:arcrole="http://www.eurofiling.info/xbrl/arcrole/group-table" xlink:from="loc_eba_tgC_00.01" xlink:to="loc_eba_tC_00.01" order="1" />
    <link:loc xlink:type="locator" xlink:href="../tab/tab.xsd#eba_tgStable_Funding" xlink:label="loc_eba_tgStable_Funding" />
    <gen:arc xlink:type="arc" xlink:arcrole="http://www.eurofiling.info/xbrl/arcrole/group-table" xlink:from="loc_eba_COREP_NSFR_Con" xlink:to="loc_eba_tgStable_Funding" order="2" />
    <link:loc xlink:type="locator" xlink:href="../tab/tab.xsd#eba_tgC_60.00" xlink:label="loc_eba_tgC_60.00" />
    <gen:arc xlink:type="arc" xlink:arcrole="http://www.eurofiling.info/xbrl/arcrole/group-table" xlink:from="loc_eba_tgStable_Funding" xlink:to="loc_eba_tgC_60.00" order="1" />
    <link:loc xlink:type="locator" xlink:href="../tab/c_60.00.a/c_60.00.a-rend.xml#eba_tC_60.00.a" xlink:label="loc_eba_tC_60.00.a" />
    <gen:arc xlink:type="arc" xlink:arcrole="http://www.eurofiling.info/xbrl/arcrole/group-table" xlink:from="loc_eba_tgC_60.00" xlink:to="loc_eba_tC_60.00.a" order="1" />
    <link:loc xlink:type="locator" xlink:href="../tab/c_60.00.b/c_60.00.b-rend.xml#eba_tC_60.00.b" xlink:label="loc_eba_tC_60.00.b" />
    <gen:arc xlink:type="arc" xlink:arcrole="http://www.eurofiling.info/xbrl/arcrole/group-table" xlink:from="loc_eba_tgC_60.00" xlink:to="loc_eba_tC_60.00.b" order="2" />
    <link:loc xlink:type="locator" xlink:href="../tab/c_60.00.w/c_60.00.w-rend.xml#eba_tC_60.00.w" xlink:label="loc_eba_tC_60.00.w" />
    <gen:arc xlink:type="arc" xlink:arcrole="http://www.eurofiling.info/xbrl/arcrole/group-table" xlink:from="loc_eba_tgC_60.00" xlink:to="loc_eba_tC_60.00.w" order="3" />
    <link:loc xlink:type="locator" xlink:href="../tab/c_60.00.x/c_60.00.x-rend.xml#eba_tC_60.00.x" xlink:label="loc_eba_tC_60.00.x" />
    <gen:arc xlink:type="arc" xlink:arcrole="http://www.eurofiling.info/xbrl/arcrole/group-table" xlink:from="loc_eba_tgC_60.00" xlink:to="loc_eba_tC_60.00.x" order="4" />
    <link:loc xlink:type="locator" xlink:href="../tab/tab.xsd#eba_tgC_61.00" xlink:label="loc_eba_tgC_61.00" />
    <gen:arc xlink:type="arc" xlink:arcrole="http://www.eurofiling.info/xbrl/arcrole/group-table" xlink:from="loc_eba_tgStable_Funding" xlink:to="loc_eba_tgC_61.00" order="2" />
    <link:loc xlink:type="locator" xlink:href="../tab/c_61.00.a/c_61.00.a-rend.xml#eba_tC_61.00.a" xlink:label="loc_eba_tC_61.00.a" />
    <gen:arc xlink:type="arc" xlink:arcrole="http://www.eurofiling.info/xbrl/arcrole/group-table" xlink:from="loc_eba_tgC_61.00" xlink:to="loc_eba_tC_61.00.a" order="1" />
    <link:loc xlink:type="locator" xlink:href="../tab/c_61.00.b/c_61.00.b-rend.xml#eba_tC_61.00.b" xlink:label="loc_eba_tC_61.00.b" />
    <gen:arc xlink:type="arc" xlink:arcrole="http://www.eurofiling.info/xbrl/arcrole/group-table" xlink:from="loc_eba_tgC_61.00" xlink:to="loc_eba_tC_61.00.b" order="2" />
    <link:loc xlink:type="locator" xlink:href="../tab/c_61.00.w/c_61.00.w-rend.xml#eba_tC_61.00.w" xlink:label="loc_eba_tC_61.00.w" />
    <gen:arc xlink:type="arc" xlink:arcrole="http://www.eurofiling.info/xbrl/arcrole/group-table" xlink:from="loc_eba_tgC_61.00" xlink:to="loc_eba_tC_61.00.w" order="3" />
    <link:loc xlink:type="locator" xlink:href="../tab/c_61.00.x/c_61.00.x-rend.xml#eba_tC_61.00.x" xlink:label="loc_eba_tC_61.00.x" />
    <gen:arc xlink:type="arc" xlink:arcrole="http://www.eurofiling.info/xbrl/arcrole/group-table" xlink:from="loc_eba_tgC_61.00" xlink:to="loc_eba_tC_61.00.x" order="4" />
  </gen:link>
</link:linkbase>