﻿<?xml version="1.0" encoding="utf-8"?>
<?taxonomy-version 2.0.0?>
<!--(C) EBA-->
<link:linkbase xmlns:xsi="http://www.w3.org/2001/XMLSchema-instance" xmlns:xbrli="http://www.xbrl.org/2003/instance" xmlns:xlink="http://www.w3.org/1999/xlink" xmlns:link="http://www.xbrl.org/2003/linkbase" xmlns:gen="http://xbrl.org/2008/generic" xmlns:label="http://xbrl.org/2008/label" xmlns:find="http://www.eurofiling.info/xbrl/ext/filing-indicators" xmlns:variable="http://xbrl.org/2008/variable" xsi:schemaLocation="http://www.xbrl.org/2003/linkbase http://www.xbrl.org/2003/xbrl-linkbase-2003-12-31.xsd http://xbrl.org/2008/generic http://www.xbrl.org/2008/generic-link.xsd http://xbrl.org/2008/label http://www.xbrl.org/2008/generic-label.xsd http://www.eurofiling.info/xbrl/ext/filing-indicators http://www.eurofiling.info/eu/fr/xbrl/ext/filing-indicators.xsd http://xbrl.org/2008/variable http://www.xbrl.org/2008/variable.xsd">
  <link:arcroleRef arcroleURI="http://xbrl.org/arcrole/2008/variable-set-precondition" xlink:type="simple" xlink:href="http://www.xbrl.org/2008/variable.xsd#variable-set-precondition" />
  <gen:link xlink:type="extended" xlink:role="http://www.xbrl.org/2003/role/link">
    <variable:precondition xlink:type="resource" xlink:label="findPrec" test="$find:tC_00.01" />
    <link:loc xlink:type="locator" xlink:href="../val/vr-v4002_c.xml#eba_v4002_c" xlink:label="loc_eba_v4002_c" />
    <gen:arc xlink:type="arc" xlink:arcrole="http://xbrl.org/arcrole/2008/variable-set-precondition" xlink:from="loc_eba_v4002_c" xlink:to="findPrec" />
    <link:loc xlink:type="locator" xlink:href="../val/vr-v4003_c.xml#eba_v4003_c" xlink:label="loc_eba_v4003_c" />
    <gen:arc xlink:type="arc" xlink:arcrole="http://xbrl.org/arcrole/2008/variable-set-precondition" xlink:from="loc_eba_v4003_c" xlink:to="findPrec" />
    <link:loc xlink:type="locator" xlink:href="../val/vr-v4011_a.xml#eba_v4011_a" xlink:label="loc_eba_v4011_a" />
    <gen:arc xlink:type="arc" xlink:arcrole="http://xbrl.org/arcrole/2008/variable-set-precondition" xlink:from="loc_eba_v4011_a" xlink:to="findPrec" />
    <link:loc xlink:type="locator" xlink:href="../val/vr-v4017_a.xml#eba_v4017_a" xlink:label="loc_eba_v4017_a" />
    <gen:arc xlink:type="arc" xlink:arcrole="http://xbrl.org/arcrole/2008/variable-set-precondition" xlink:from="loc_eba_v4017_a" xlink:to="findPrec" />
    <variable:precondition xlink:type="resource" xlink:label="findPrec_1" test="$find:tC_27.00" />
    <link:loc xlink:type="locator" xlink:href="../val/vr-v4012_a.xml#eba_v4012_a" xlink:label="loc_eba_v4012_a" />
    <gen:arc xlink:type="arc" xlink:arcrole="http://xbrl.org/arcrole/2008/variable-set-precondition" xlink:from="loc_eba_v4012_a" xlink:to="findPrec_1" />
    <link:loc xlink:type="locator" xlink:href="../val/vr-v4019_a.xml#eba_v4019_a" xlink:label="loc_eba_v4019_a" />
    <gen:arc xlink:type="arc" xlink:arcrole="http://xbrl.org/arcrole/2008/variable-set-precondition" xlink:from="loc_eba_v4019_a" xlink:to="findPrec_1" />
    <link:loc xlink:type="locator" xlink:href="../val/vr-v4025_a.xml#eba_v4025_a" xlink:label="loc_eba_v4025_a" />
    <gen:arc xlink:type="arc" xlink:arcrole="http://xbrl.org/arcrole/2008/variable-set-precondition" xlink:from="loc_eba_v4025_a" xlink:to="findPrec_1" />
    <link:loc xlink:type="locator" xlink:href="../val/vr-v4029_a.xml#eba_v4029_a" xlink:label="loc_eba_v4029_a" />
    <gen:arc xlink:type="arc" xlink:arcrole="http://xbrl.org/arcrole/2008/variable-set-precondition" xlink:from="loc_eba_v4029_a" xlink:to="findPrec_1" />
    <variable:precondition xlink:type="resource" xlink:label="findPrec_2" test="$find:tC_28.00" />
    <link:loc xlink:type="locator" xlink:href="../val/vr-v0647_m.xml#eba_v0647_m" xlink:label="loc_eba_v0647_m" />
    <gen:arc xlink:type="arc" xlink:arcrole="http://xbrl.org/arcrole/2008/variable-set-precondition" xlink:from="loc_eba_v0647_m" xlink:to="findPrec_2" />
    <link:loc xlink:type="locator" xlink:href="../val/vr-v0648_m.xml#eba_v0648_m" xlink:label="loc_eba_v0648_m" />
    <gen:arc xlink:type="arc" xlink:arcrole="http://xbrl.org/arcrole/2008/variable-set-precondition" xlink:from="loc_eba_v0648_m" xlink:to="findPrec_2" />
    <link:loc xlink:type="locator" xlink:href="../val/vr-v0649_m.xml#eba_v0649_m" xlink:label="loc_eba_v0649_m" />
    <gen:arc xlink:type="arc" xlink:arcrole="http://xbrl.org/arcrole/2008/variable-set-precondition" xlink:from="loc_eba_v0649_m" xlink:to="findPrec_2" />
    <link:loc xlink:type="locator" xlink:href="../val/vr-v0650_m.xml#eba_v0650_m" xlink:label="loc_eba_v0650_m" />
    <gen:arc xlink:type="arc" xlink:arcrole="http://xbrl.org/arcrole/2008/variable-set-precondition" xlink:from="loc_eba_v0650_m" xlink:to="findPrec_2" />
    <link:loc xlink:type="locator" xlink:href="../val/vr-v0651_m.xml#eba_v0651_m" xlink:label="loc_eba_v0651_m" />
    <gen:arc xlink:type="arc" xlink:arcrole="http://xbrl.org/arcrole/2008/variable-set-precondition" xlink:from="loc_eba_v0651_m" xlink:to="findPrec_2" />
    <link:loc xlink:type="locator" xlink:href="../val/vr-v0652_m.xml#eba_v0652_m" xlink:label="loc_eba_v0652_m" />
    <gen:arc xlink:type="arc" xlink:arcrole="http://xbrl.org/arcrole/2008/variable-set-precondition" xlink:from="loc_eba_v0652_m" xlink:to="findPrec_2" />
    <link:loc xlink:type="locator" xlink:href="../val/vr-v0653_m.xml#eba_v0653_m" xlink:label="loc_eba_v0653_m" />
    <gen:arc xlink:type="arc" xlink:arcrole="http://xbrl.org/arcrole/2008/variable-set-precondition" xlink:from="loc_eba_v0653_m" xlink:to="findPrec_2" />
    <link:loc xlink:type="locator" xlink:href="../val/vr-v0654_m.xml#eba_v0654_m" xlink:label="loc_eba_v0654_m" />
    <gen:arc xlink:type="arc" xlink:arcrole="http://xbrl.org/arcrole/2008/variable-set-precondition" xlink:from="loc_eba_v0654_m" xlink:to="findPrec_2" />
    <link:loc xlink:type="locator" xlink:href="../val/vr-v2058_s.xml#eba_v2058_s" xlink:label="loc_eba_v2058_s" />
    <gen:arc xlink:type="arc" xlink:arcrole="http://xbrl.org/arcrole/2008/variable-set-precondition" xlink:from="loc_eba_v2058_s" xlink:to="findPrec_2" />
    <link:loc xlink:type="locator" xlink:href="../val/vr-v3799_s.xml#eba_v3799_s" xlink:label="loc_eba_v3799_s" />
    <gen:arc xlink:type="arc" xlink:arcrole="http://xbrl.org/arcrole/2008/variable-set-precondition" xlink:from="loc_eba_v3799_s" xlink:to="findPrec_2" />
    <link:loc xlink:type="locator" xlink:href="../val/vr-v4024_a.xml#eba_v4024_a" xlink:label="loc_eba_v4024_a" />
    <gen:arc xlink:type="arc" xlink:arcrole="http://xbrl.org/arcrole/2008/variable-set-precondition" xlink:from="loc_eba_v4024_a" xlink:to="findPrec_2" />
    <variable:precondition xlink:type="resource" xlink:label="findPrec_3" test="$find:tC_29.00" />
    <link:loc xlink:type="locator" xlink:href="../val/vr-v1677_m.xml#eba_v1677_m" xlink:label="loc_eba_v1677_m" />
    <gen:arc xlink:type="arc" xlink:arcrole="http://xbrl.org/arcrole/2008/variable-set-precondition" xlink:from="loc_eba_v1677_m" xlink:to="findPrec_3" />
    <link:loc xlink:type="locator" xlink:href="../val/vr-v1678_m.xml#eba_v1678_m" xlink:label="loc_eba_v1678_m" />
    <gen:arc xlink:type="arc" xlink:arcrole="http://xbrl.org/arcrole/2008/variable-set-precondition" xlink:from="loc_eba_v1678_m" xlink:to="findPrec_3" />
    <link:loc xlink:type="locator" xlink:href="../val/vr-v1679_m.xml#eba_v1679_m" xlink:label="loc_eba_v1679_m" />
    <gen:arc xlink:type="arc" xlink:arcrole="http://xbrl.org/arcrole/2008/variable-set-precondition" xlink:from="loc_eba_v1679_m" xlink:to="findPrec_3" />
    <link:loc xlink:type="locator" xlink:href="../val/vr-v1680_m.xml#eba_v1680_m" xlink:label="loc_eba_v1680_m" />
    <gen:arc xlink:type="arc" xlink:arcrole="http://xbrl.org/arcrole/2008/variable-set-precondition" xlink:from="loc_eba_v1680_m" xlink:to="findPrec_3" />
    <link:loc xlink:type="locator" xlink:href="../val/vr-v1681_m.xml#eba_v1681_m" xlink:label="loc_eba_v1681_m" />
    <gen:arc xlink:type="arc" xlink:arcrole="http://xbrl.org/arcrole/2008/variable-set-precondition" xlink:from="loc_eba_v1681_m" xlink:to="findPrec_3" />
    <link:loc xlink:type="locator" xlink:href="../val/vr-v1682_m.xml#eba_v1682_m" xlink:label="loc_eba_v1682_m" />
    <gen:arc xlink:type="arc" xlink:arcrole="http://xbrl.org/arcrole/2008/variable-set-precondition" xlink:from="loc_eba_v1682_m" xlink:to="findPrec_3" />
    <link:loc xlink:type="locator" xlink:href="../val/vr-v1683_m.xml#eba_v1683_m" xlink:label="loc_eba_v1683_m" />
    <gen:arc xlink:type="arc" xlink:arcrole="http://xbrl.org/arcrole/2008/variable-set-precondition" xlink:from="loc_eba_v1683_m" xlink:to="findPrec_3" />
    <link:loc xlink:type="locator" xlink:href="../val/vr-v1684_m.xml#eba_v1684_m" xlink:label="loc_eba_v1684_m" />
    <gen:arc xlink:type="arc" xlink:arcrole="http://xbrl.org/arcrole/2008/variable-set-precondition" xlink:from="loc_eba_v1684_m" xlink:to="findPrec_3" />
    <link:loc xlink:type="locator" xlink:href="../val/vr-v2059_s.xml#eba_v2059_s" xlink:label="loc_eba_v2059_s" />
    <gen:arc xlink:type="arc" xlink:arcrole="http://xbrl.org/arcrole/2008/variable-set-precondition" xlink:from="loc_eba_v2059_s" xlink:to="findPrec_3" />
    <link:loc xlink:type="locator" xlink:href="../val/vr-v3800_s.xml#eba_v3800_s" xlink:label="loc_eba_v3800_s" />
    <gen:arc xlink:type="arc" xlink:arcrole="http://xbrl.org/arcrole/2008/variable-set-precondition" xlink:from="loc_eba_v3800_s" xlink:to="findPrec_3" />
    <link:loc xlink:type="locator" xlink:href="../val/vr-v4018_a.xml#eba_v4018_a" xlink:label="loc_eba_v4018_a" />
    <gen:arc xlink:type="arc" xlink:arcrole="http://xbrl.org/arcrole/2008/variable-set-precondition" xlink:from="loc_eba_v4018_a" xlink:to="findPrec_3" />
  </gen:link>
</link:linkbase>