﻿<?xml version="1.0" encoding="utf-8"?>
<?taxonomy-version 2.0.0?>
<!--(C) EBA-->
<link:linkbase xmlns:xsi="http://www.w3.org/2001/XMLSchema-instance" xmlns:xlink="http://www.w3.org/1999/xlink" xmlns:link="http://www.xbrl.org/2003/linkbase" xmlns:gen="http://xbrl.org/2008/generic" xmlns:label="http://xbrl.org/2008/label" xsi:schemaLocation="http://www.xbrl.org/2003/linkbase http://www.xbrl.org/2003/xbrl-linkbase-2003-12-31.xsd http://xbrl.org/2008/generic http://www.xbrl.org/2008/generic-link.xsd http://xbrl.org/2008/label http://www.xbrl.org/2008/generic-label.xsd">
  <link:arcroleRef arcroleURI="http://www.eurofiling.info/xbrl/arcrole/group-table" xlink:type="simple" xlink:href="http://www.eurofiling.info/eu/fr/xbrl/ext/model.xsd#group-table" />
  <gen:link xlink:type="extended" xlink:role="http://www.xbrl.org/2003/role/link">
    <link:loc xlink:type="locator" xlink:href="corep_le_ind.xsd#eba_COREP_LE_Ind" xlink:label="loc_eba_COREP_LE_Ind" />
    <link:loc xlink:type="locator" xlink:href="../tab/tab.xsd#eba_tgGeneral_Information_-_COREP" xlink:label="loc_eba_tgGeneral_Information_-_COREP" />
    <gen:arc xlink:type="arc" xlink:arcrole="http://www.eurofiling.info/xbrl/arcrole/group-table" xlink:from="loc_eba_COREP_LE_Ind" xlink:to="loc_eba_tgGeneral_Information_-_COREP" order="1" />
    <link:loc xlink:type="locator" xlink:href="../tab/tab.xsd#eba_tgC_00.01" xlink:label="loc_eba_tgC_00.01" />
    <gen:arc xlink:type="arc" xlink:arcrole="http://www.eurofiling.info/xbrl/arcrole/group-table" xlink:from="loc_eba_tgGeneral_Information_-_COREP" xlink:to="loc_eba_tgC_00.01" order="1" />
    <link:loc xlink:type="locator" xlink:href="../tab/c_00.01/c_00.01-rend.xml#eba_tC_00.01" xlink:label="loc_eba_tC_00.01" />
    <gen:arc xlink:type="arc" xlink:arcrole="http://www.eurofiling.info/xbrl/arcrole/group-table" xlink:from="loc_eba_tgC_00.01" xlink:to="loc_eba_tC_00.01" order="1" />
    <link:loc xlink:type="locator" xlink:href="../tab/tab.xsd#eba_tgLarge_Exposures" xlink:label="loc_eba_tgLarge_Exposures" />
    <gen:arc xlink:type="arc" xlink:arcrole="http://www.eurofiling.info/xbrl/arcrole/group-table" xlink:from="loc_eba_COREP_LE_Ind" xlink:to="loc_eba_tgLarge_Exposures" order="2" />
    <link:loc xlink:type="locator" xlink:href="../tab/tab.xsd#eba_tgC_26.00" xlink:label="loc_eba_tgC_26.00" />
    <gen:arc xlink:type="arc" xlink:arcrole="http://www.eurofiling.info/xbrl/arcrole/group-table" xlink:from="loc_eba_tgLarge_Exposures" xlink:to="loc_eba_tgC_26.00" order="1" />
    <link:loc xlink:type="locator" xlink:href="../tab/c_26.00/c_26.00-rend.xml#eba_tC_26.00" xlink:label="loc_eba_tC_26.00" />
    <gen:arc xlink:type="arc" xlink:arcrole="http://www.eurofiling.info/xbrl/arcrole/group-table" xlink:from="loc_eba_tgC_26.00" xlink:to="loc_eba_tC_26.00" order="1" />
    <link:loc xlink:type="locator" xlink:href="../tab/tab.xsd#eba_tgC_27.00" xlink:label="loc_eba_tgC_27.00" />
    <gen:arc xlink:type="arc" xlink:arcrole="http://www.eurofiling.info/xbrl/arcrole/group-table" xlink:from="loc_eba_tgLarge_Exposures" xlink:to="loc_eba_tgC_27.00" order="2" />
    <link:loc xlink:type="locator" xlink:href="../tab/c_27.00/c_27.00-rend.xml#eba_tC_27.00" xlink:label="loc_eba_tC_27.00" />
    <gen:arc xlink:type="arc" xlink:arcrole="http://www.eurofiling.info/xbrl/arcrole/group-table" xlink:from="loc_eba_tgC_27.00" xlink:to="loc_eba_tC_27.00" order="1" />
    <link:loc xlink:type="locator" xlink:href="../tab/tab.xsd#eba_tgC_28.00" xlink:label="loc_eba_tgC_28.00" />
    <gen:arc xlink:type="arc" xlink:arcrole="http://www.eurofiling.info/xbrl/arcrole/group-table" xlink:from="loc_eba_tgLarge_Exposures" xlink:to="loc_eba_tgC_28.00" order="3" />
    <link:loc xlink:type="locator" xlink:href="../tab/c_28.00/c_28.00-rend.xml#eba_tC_28.00" xlink:label="loc_eba_tC_28.00" />
    <gen:arc xlink:type="arc" xlink:arcrole="http://www.eurofiling.info/xbrl/arcrole/group-table" xlink:from="loc_eba_tgC_28.00" xlink:to="loc_eba_tC_28.00" order="1" />
    <link:loc xlink:type="locator" xlink:href="../tab/tab.xsd#eba_tgC_29.00" xlink:label="loc_eba_tgC_29.00" />
    <gen:arc xlink:type="arc" xlink:arcrole="http://www.eurofiling.info/xbrl/arcrole/group-table" xlink:from="loc_eba_tgLarge_Exposures" xlink:to="loc_eba_tgC_29.00" order="4" />
    <link:loc xlink:type="locator" xlink:href="../tab/c_29.00/c_29.00-rend.xml#eba_tC_29.00" xlink:label="loc_eba_tC_29.00" />
    <gen:arc xlink:type="arc" xlink:arcrole="http://www.eurofiling.info/xbrl/arcrole/group-table" xlink:from="loc_eba_tgC_29.00" xlink:to="loc_eba_tC_29.00" order="1" />
    <link:loc xlink:type="locator" xlink:href="../tab/tab.xsd#eba_tgC_30.00" xlink:label="loc_eba_tgC_30.00" />
    <gen:arc xlink:type="arc" xlink:arcrole="http://www.eurofiling.info/xbrl/arcrole/group-table" xlink:from="loc_eba_tgLarge_Exposures" xlink:to="loc_eba_tgC_30.00" order="5" />
    <link:loc xlink:type="locator" xlink:href="../tab/c_30.00/c_30.00-rend.xml#eba_tC_30.00" xlink:label="loc_eba_tC_30.00" />
    <gen:arc xlink:type="arc" xlink:arcrole="http://www.eurofiling.info/xbrl/arcrole/group-table" xlink:from="loc_eba_tgC_30.00" xlink:to="loc_eba_tC_30.00" order="1" />
    <link:loc xlink:type="locator" xlink:href="../tab/tab.xsd#eba_tgC_31.00" xlink:label="loc_eba_tgC_31.00" />
    <gen:arc xlink:type="arc" xlink:arcrole="http://www.eurofiling.info/xbrl/arcrole/group-table" xlink:from="loc_eba_tgLarge_Exposures" xlink:to="loc_eba_tgC_31.00" order="6" />
    <link:loc xlink:type="locator" xlink:href="../tab/c_31.00/c_31.00-rend.xml#eba_tC_31.00" xlink:label="loc_eba_tC_31.00" />
    <gen:arc xlink:type="arc" xlink:arcrole="http://www.eurofiling.info/xbrl/arcrole/group-table" xlink:from="loc_eba_tgC_31.00" xlink:to="loc_eba_tC_31.00" order="1" />
  </gen:link>
</link:linkbase>