﻿<?xml version="1.0" encoding="utf-8"?>
<?taxonomy-version 2.0.0?>
<!--(C) EBA-->
<link:linkbase xmlns:xsi="http://www.w3.org/2001/XMLSchema-instance" xmlns:xbrli="http://www.xbrl.org/2003/instance" xmlns:xlink="http://www.w3.org/1999/xlink" xmlns:link="http://www.xbrl.org/2003/linkbase" xmlns:gen="http://xbrl.org/2008/generic" xmlns:label="http://xbrl.org/2008/label" xmlns:find="http://www.eurofiling.info/xbrl/ext/filing-indicators" xmlns:variable="http://xbrl.org/2008/variable" xsi:schemaLocation="http://www.xbrl.org/2003/linkbase http://www.xbrl.org/2003/xbrl-linkbase-2003-12-31.xsd http://xbrl.org/2008/generic http://www.xbrl.org/2008/generic-link.xsd http://xbrl.org/2008/label http://www.xbrl.org/2008/generic-label.xsd http://www.eurofiling.info/xbrl/ext/filing-indicators http://www.eurofiling.info/eu/fr/xbrl/ext/filing-indicators.xsd http://xbrl.org/2008/variable http://www.xbrl.org/2008/variable.xsd">
  <link:arcroleRef arcroleURI="http://xbrl.org/arcrole/2008/variable-set-precondition" xlink:type="simple" xlink:href="http://www.xbrl.org/2008/variable.xsd#variable-set-precondition" />
  <gen:link xlink:type="extended" xlink:role="http://www.xbrl.org/2003/role/link">
    <variable:precondition xlink:type="resource" xlink:label="findPrec" test="$find:tC_00.01" />
    <link:loc xlink:type="locator" xlink:href="../val/vr-v4002_c.xml#eba_v4002_c" xlink:label="loc_eba_v4002_c" />
    <gen:arc xlink:type="arc" xlink:arcrole="http://xbrl.org/arcrole/2008/variable-set-precondition" xlink:from="loc_eba_v4002_c" xlink:to="findPrec" />
    <link:loc xlink:type="locator" xlink:href="../val/vr-v4003_c.xml#eba_v4003_c" xlink:label="loc_eba_v4003_c" />
    <gen:arc xlink:type="arc" xlink:arcrole="http://xbrl.org/arcrole/2008/variable-set-precondition" xlink:from="loc_eba_v4003_c" xlink:to="findPrec" />
    <link:loc xlink:type="locator" xlink:href="../val/vr-v4011_a.xml#eba_v4011_a" xlink:label="loc_eba_v4011_a" />
    <gen:arc xlink:type="arc" xlink:arcrole="http://xbrl.org/arcrole/2008/variable-set-precondition" xlink:from="loc_eba_v4011_a" xlink:to="findPrec" />
    <link:loc xlink:type="locator" xlink:href="../val/vr-v4017_a.xml#eba_v4017_a" xlink:label="loc_eba_v4017_a" />
    <gen:arc xlink:type="arc" xlink:arcrole="http://xbrl.org/arcrole/2008/variable-set-precondition" xlink:from="loc_eba_v4017_a" xlink:to="findPrec" />
    <variable:precondition xlink:type="resource" xlink:label="findPrec_1" test="$find:tC_51.00" />
    <link:loc xlink:type="locator" xlink:href="../val/vr-v1500_m.xml#eba_v1500_m" xlink:label="loc_eba_v1500_m" />
    <gen:arc xlink:type="arc" xlink:arcrole="http://xbrl.org/arcrole/2008/variable-set-precondition" xlink:from="loc_eba_v1500_m" xlink:to="findPrec_1" />
    <link:loc xlink:type="locator" xlink:href="../val/vr-v1502_m.xml#eba_v1502_m" xlink:label="loc_eba_v1502_m" />
    <gen:arc xlink:type="arc" xlink:arcrole="http://xbrl.org/arcrole/2008/variable-set-precondition" xlink:from="loc_eba_v1502_m" xlink:to="findPrec_1" />
    <link:loc xlink:type="locator" xlink:href="../val/vr-v1501_m.xml#eba_v1501_m" xlink:label="loc_eba_v1501_m" />
    <gen:arc xlink:type="arc" xlink:arcrole="http://xbrl.org/arcrole/2008/variable-set-precondition" xlink:from="loc_eba_v1501_m" xlink:to="findPrec_1" />
    <link:loc xlink:type="locator" xlink:href="../val/vr-v1503_m.xml#eba_v1503_m" xlink:label="loc_eba_v1503_m" />
    <gen:arc xlink:type="arc" xlink:arcrole="http://xbrl.org/arcrole/2008/variable-set-precondition" xlink:from="loc_eba_v1503_m" xlink:to="findPrec_1" />
    <link:loc xlink:type="locator" xlink:href="../val/vr-v1504_m.xml#eba_v1504_m" xlink:label="loc_eba_v1504_m" />
    <gen:arc xlink:type="arc" xlink:arcrole="http://xbrl.org/arcrole/2008/variable-set-precondition" xlink:from="loc_eba_v1504_m" xlink:to="findPrec_1" />
    <link:loc xlink:type="locator" xlink:href="../val/vr-v1506_m.xml#eba_v1506_m" xlink:label="loc_eba_v1506_m" />
    <gen:arc xlink:type="arc" xlink:arcrole="http://xbrl.org/arcrole/2008/variable-set-precondition" xlink:from="loc_eba_v1506_m" xlink:to="findPrec_1" />
    <link:loc xlink:type="locator" xlink:href="../val/vr-v1505_m.xml#eba_v1505_m" xlink:label="loc_eba_v1505_m" />
    <gen:arc xlink:type="arc" xlink:arcrole="http://xbrl.org/arcrole/2008/variable-set-precondition" xlink:from="loc_eba_v1505_m" xlink:to="findPrec_1" />
    <link:loc xlink:type="locator" xlink:href="../val/vr-v1507_m.xml#eba_v1507_m" xlink:label="loc_eba_v1507_m" />
    <gen:arc xlink:type="arc" xlink:arcrole="http://xbrl.org/arcrole/2008/variable-set-precondition" xlink:from="loc_eba_v1507_m" xlink:to="findPrec_1" />
    <variable:precondition xlink:type="resource" xlink:label="findPrec_2" test="$find:tC_52.00" />
    <link:loc xlink:type="locator" xlink:href="../val/vr-v1508_m.xml#eba_v1508_m" xlink:label="loc_eba_v1508_m" />
    <gen:arc xlink:type="arc" xlink:arcrole="http://xbrl.org/arcrole/2008/variable-set-precondition" xlink:from="loc_eba_v1508_m" xlink:to="findPrec_2" />
    <link:loc xlink:type="locator" xlink:href="../val/vr-v1510_m.xml#eba_v1510_m" xlink:label="loc_eba_v1510_m" />
    <gen:arc xlink:type="arc" xlink:arcrole="http://xbrl.org/arcrole/2008/variable-set-precondition" xlink:from="loc_eba_v1510_m" xlink:to="findPrec_2" />
    <link:loc xlink:type="locator" xlink:href="../val/vr-v1512_m.xml#eba_v1512_m" xlink:label="loc_eba_v1512_m" />
    <gen:arc xlink:type="arc" xlink:arcrole="http://xbrl.org/arcrole/2008/variable-set-precondition" xlink:from="loc_eba_v1512_m" xlink:to="findPrec_2" />
    <link:loc xlink:type="locator" xlink:href="../val/vr-v1509_m.xml#eba_v1509_m" xlink:label="loc_eba_v1509_m" />
    <gen:arc xlink:type="arc" xlink:arcrole="http://xbrl.org/arcrole/2008/variable-set-precondition" xlink:from="loc_eba_v1509_m" xlink:to="findPrec_2" />
    <link:loc xlink:type="locator" xlink:href="../val/vr-v1511_m.xml#eba_v1511_m" xlink:label="loc_eba_v1511_m" />
    <gen:arc xlink:type="arc" xlink:arcrole="http://xbrl.org/arcrole/2008/variable-set-precondition" xlink:from="loc_eba_v1511_m" xlink:to="findPrec_2" />
    <link:loc xlink:type="locator" xlink:href="../val/vr-v1513_m.xml#eba_v1513_m" xlink:label="loc_eba_v1513_m" />
    <gen:arc xlink:type="arc" xlink:arcrole="http://xbrl.org/arcrole/2008/variable-set-precondition" xlink:from="loc_eba_v1513_m" xlink:to="findPrec_2" />
    <link:loc xlink:type="locator" xlink:href="../val/vr-v1514_m.xml#eba_v1514_m" xlink:label="loc_eba_v1514_m" />
    <gen:arc xlink:type="arc" xlink:arcrole="http://xbrl.org/arcrole/2008/variable-set-precondition" xlink:from="loc_eba_v1514_m" xlink:to="findPrec_2" />
    <link:loc xlink:type="locator" xlink:href="../val/vr-v1516_m.xml#eba_v1516_m" xlink:label="loc_eba_v1516_m" />
    <gen:arc xlink:type="arc" xlink:arcrole="http://xbrl.org/arcrole/2008/variable-set-precondition" xlink:from="loc_eba_v1516_m" xlink:to="findPrec_2" />
    <link:loc xlink:type="locator" xlink:href="../val/vr-v1515_m.xml#eba_v1515_m" xlink:label="loc_eba_v1515_m" />
    <gen:arc xlink:type="arc" xlink:arcrole="http://xbrl.org/arcrole/2008/variable-set-precondition" xlink:from="loc_eba_v1515_m" xlink:to="findPrec_2" />
    <link:loc xlink:type="locator" xlink:href="../val/vr-v1517_m.xml#eba_v1517_m" xlink:label="loc_eba_v1517_m" />
    <gen:arc xlink:type="arc" xlink:arcrole="http://xbrl.org/arcrole/2008/variable-set-precondition" xlink:from="loc_eba_v1517_m" xlink:to="findPrec_2" />
    <link:loc xlink:type="locator" xlink:href="../val/vr-v1518_m.xml#eba_v1518_m" xlink:label="loc_eba_v1518_m" />
    <gen:arc xlink:type="arc" xlink:arcrole="http://xbrl.org/arcrole/2008/variable-set-precondition" xlink:from="loc_eba_v1518_m" xlink:to="findPrec_2" />
    <link:loc xlink:type="locator" xlink:href="../val/vr-v1520_m.xml#eba_v1520_m" xlink:label="loc_eba_v1520_m" />
    <gen:arc xlink:type="arc" xlink:arcrole="http://xbrl.org/arcrole/2008/variable-set-precondition" xlink:from="loc_eba_v1520_m" xlink:to="findPrec_2" />
    <link:loc xlink:type="locator" xlink:href="../val/vr-v1522_m.xml#eba_v1522_m" xlink:label="loc_eba_v1522_m" />
    <gen:arc xlink:type="arc" xlink:arcrole="http://xbrl.org/arcrole/2008/variable-set-precondition" xlink:from="loc_eba_v1522_m" xlink:to="findPrec_2" />
    <link:loc xlink:type="locator" xlink:href="../val/vr-v1519_m.xml#eba_v1519_m" xlink:label="loc_eba_v1519_m" />
    <gen:arc xlink:type="arc" xlink:arcrole="http://xbrl.org/arcrole/2008/variable-set-precondition" xlink:from="loc_eba_v1519_m" xlink:to="findPrec_2" />
    <link:loc xlink:type="locator" xlink:href="../val/vr-v1521_m.xml#eba_v1521_m" xlink:label="loc_eba_v1521_m" />
    <gen:arc xlink:type="arc" xlink:arcrole="http://xbrl.org/arcrole/2008/variable-set-precondition" xlink:from="loc_eba_v1521_m" xlink:to="findPrec_2" />
    <link:loc xlink:type="locator" xlink:href="../val/vr-v1523_m.xml#eba_v1523_m" xlink:label="loc_eba_v1523_m" />
    <gen:arc xlink:type="arc" xlink:arcrole="http://xbrl.org/arcrole/2008/variable-set-precondition" xlink:from="loc_eba_v1523_m" xlink:to="findPrec_2" />
    <variable:precondition xlink:type="resource" xlink:label="findPrec_3" test="$find:tC_53.00" />
    <link:loc xlink:type="locator" xlink:href="../val/vr-v1524_m.xml#eba_v1524_m" xlink:label="loc_eba_v1524_m" />
    <gen:arc xlink:type="arc" xlink:arcrole="http://xbrl.org/arcrole/2008/variable-set-precondition" xlink:from="loc_eba_v1524_m" xlink:to="findPrec_3" />
    <link:loc xlink:type="locator" xlink:href="../val/vr-v1526_m.xml#eba_v1526_m" xlink:label="loc_eba_v1526_m" />
    <gen:arc xlink:type="arc" xlink:arcrole="http://xbrl.org/arcrole/2008/variable-set-precondition" xlink:from="loc_eba_v1526_m" xlink:to="findPrec_3" />
    <link:loc xlink:type="locator" xlink:href="../val/vr-v1528_m.xml#eba_v1528_m" xlink:label="loc_eba_v1528_m" />
    <gen:arc xlink:type="arc" xlink:arcrole="http://xbrl.org/arcrole/2008/variable-set-precondition" xlink:from="loc_eba_v1528_m" xlink:to="findPrec_3" />
    <link:loc xlink:type="locator" xlink:href="../val/vr-v1525_m.xml#eba_v1525_m" xlink:label="loc_eba_v1525_m" />
    <gen:arc xlink:type="arc" xlink:arcrole="http://xbrl.org/arcrole/2008/variable-set-precondition" xlink:from="loc_eba_v1525_m" xlink:to="findPrec_3" />
    <link:loc xlink:type="locator" xlink:href="../val/vr-v1527_m.xml#eba_v1527_m" xlink:label="loc_eba_v1527_m" />
    <gen:arc xlink:type="arc" xlink:arcrole="http://xbrl.org/arcrole/2008/variable-set-precondition" xlink:from="loc_eba_v1527_m" xlink:to="findPrec_3" />
    <link:loc xlink:type="locator" xlink:href="../val/vr-v1529_m.xml#eba_v1529_m" xlink:label="loc_eba_v1529_m" />
    <gen:arc xlink:type="arc" xlink:arcrole="http://xbrl.org/arcrole/2008/variable-set-precondition" xlink:from="loc_eba_v1529_m" xlink:to="findPrec_3" />
  </gen:link>
</link:linkbase>