﻿<?xml version="1.0" encoding="utf-8"?>
<?taxonomy-version 2.0.0?>
<!--(C) EBA-->
<link:linkbase xmlns:xsi="http://www.w3.org/2001/XMLSchema-instance" xmlns:xlink="http://www.w3.org/1999/xlink" xmlns:link="http://www.xbrl.org/2003/linkbase" xmlns:gen="http://xbrl.org/2008/generic" xmlns:label="http://xbrl.org/2008/label" xsi:schemaLocation="http://www.xbrl.org/2003/linkbase http://www.xbrl.org/2003/xbrl-linkbase-2003-12-31.xsd http://xbrl.org/2008/generic http://www.xbrl.org/2008/generic-link.xsd http://xbrl.org/2008/label http://www.xbrl.org/2008/generic-label.xsd">
  <link:arcroleRef arcroleURI="http://xbrl.org/arcrole/2008/element-label" xlink:type="simple" xlink:href="http://www.xbrl.org/2008/generic-label.xsd#element-label" />
  <link:roleRef roleURI="http://www.xbrl.org/2008/role/label" xlink:type="simple" xlink:href="http://www.xbrl.org/2008/generic-label.xsd#standard-label" />
  <link:roleRef roleURI="http://www.xbrl.org/2008/role/verboseLabel" xlink:type="simple" xlink:href="http://www.xbrl.org/2008/generic-label.xsd#verbose-label" />
  <gen:link xlink:type="extended" xlink:role="http://www.xbrl.org/2003/role/link">
    <link:loc xlink:type="locator" xlink:href="c_42.00-rend.xml#eba_tC_42.00" xlink:label="loc_eba_tC_42.00" />
    <label:label xlink:type="resource" xlink:label="label_eba_tC_42.00" xml:lang="en" xlink:role="http://www.xbrl.org/2008/role/label">C 42.00 (LR3)</label:label>
    <gen:arc xlink:type="arc" xlink:arcrole="http://xbrl.org/arcrole/2008/element-label" xlink:from="loc_eba_tC_42.00" xlink:to="label_eba_tC_42.00" />
    <label:label xlink:type="resource" xlink:label="label_eba_tC_42.00_1" xml:lang="en" xlink:role="http://www.xbrl.org/2008/role/verboseLabel">C 42.00 (LR3) Alternative definition of capital</label:label>
    <gen:arc xlink:type="arc" xlink:arcrole="http://xbrl.org/arcrole/2008/element-label" xlink:from="loc_eba_tC_42.00" xlink:to="label_eba_tC_42.00_1" />
    <link:loc xlink:type="locator" xlink:href="c_42.00-rend.xml#eba_a1" xlink:label="loc_eba_a1" />
    <label:label xlink:type="resource" xlink:label="label_eba_a1" xml:lang="en" xlink:role="http://www.xbrl.org/2008/role/label">Columns</label:label>
    <gen:arc xlink:type="arc" xlink:arcrole="http://xbrl.org/arcrole/2008/element-label" xlink:from="loc_eba_a1" xlink:to="label_eba_a1" />
    <link:loc xlink:type="locator" xlink:href="c_42.00-rend.xml#eba_c21110" xlink:label="loc_eba_c21110" />
    <label:label xlink:type="resource" xlink:label="label_eba_c21110" xml:lang="en" xlink:role="http://www.xbrl.org/2008/role/label">Amount</label:label>
    <gen:arc xlink:type="arc" xlink:arcrole="http://xbrl.org/arcrole/2008/element-label" xlink:from="loc_eba_c21110" xlink:to="label_eba_c21110" />
    <link:loc xlink:type="locator" xlink:href="c_42.00-rend.xml#eba_a2" xlink:label="loc_eba_a2" />
    <label:label xlink:type="resource" xlink:label="label_eba_a2" xml:lang="en" xlink:role="http://www.xbrl.org/2008/role/label">Rows</label:label>
    <gen:arc xlink:type="arc" xlink:arcrole="http://xbrl.org/arcrole/2008/element-label" xlink:from="loc_eba_a2" xlink:to="label_eba_a2" />
    <link:loc xlink:type="locator" xlink:href="c_42.00-rend.xml#eba_c21111" xlink:label="loc_eba_c21111" />
    <label:label xlink:type="resource" xlink:label="label_eba_c21111" xml:lang="en" xlink:role="http://www.xbrl.org/2008/role/label">Common Equity Tier 1 capital - fully phased-in definition</label:label>
    <gen:arc xlink:type="arc" xlink:arcrole="http://xbrl.org/arcrole/2008/element-label" xlink:from="loc_eba_c21111" xlink:to="label_eba_c21111" />
    <link:loc xlink:type="locator" xlink:href="c_42.00-rend.xml#eba_c21112" xlink:label="loc_eba_c21112" />
    <label:label xlink:type="resource" xlink:label="label_eba_c21112" xml:lang="en" xlink:role="http://www.xbrl.org/2008/role/label">Common Equity Tier 1 capital - transitional definition</label:label>
    <gen:arc xlink:type="arc" xlink:arcrole="http://xbrl.org/arcrole/2008/element-label" xlink:from="loc_eba_c21112" xlink:to="label_eba_c21112" />
    <link:loc xlink:type="locator" xlink:href="c_42.00-rend.xml#eba_c21113" xlink:label="loc_eba_c21113" />
    <label:label xlink:type="resource" xlink:label="label_eba_c21113" xml:lang="en" xlink:role="http://www.xbrl.org/2008/role/label">Total own funds - fully phased-in definition</label:label>
    <gen:arc xlink:type="arc" xlink:arcrole="http://xbrl.org/arcrole/2008/element-label" xlink:from="loc_eba_c21113" xlink:to="label_eba_c21113" />
    <link:loc xlink:type="locator" xlink:href="c_42.00-rend.xml#eba_c21114" xlink:label="loc_eba_c21114" />
    <label:label xlink:type="resource" xlink:label="label_eba_c21114" xml:lang="en" xlink:role="http://www.xbrl.org/2008/role/label">Total own funds - transitional definition</label:label>
    <gen:arc xlink:type="arc" xlink:arcrole="http://xbrl.org/arcrole/2008/element-label" xlink:from="loc_eba_c21114" xlink:to="label_eba_c21114" />
    <link:loc xlink:type="locator" xlink:href="c_42.00-rend.xml#eba_c21115" xlink:label="loc_eba_c21115" />
    <label:label xlink:type="resource" xlink:label="label_eba_c21115" xml:lang="en" xlink:role="http://www.xbrl.org/2008/role/label">Regulatory adjustments - CET1 - fully phased- in definition</label:label>
    <gen:arc xlink:type="arc" xlink:arcrole="http://xbrl.org/arcrole/2008/element-label" xlink:from="loc_eba_c21115" xlink:to="label_eba_c21115" />
    <link:loc xlink:type="locator" xlink:href="c_42.00-rend.xml#eba_c21116" xlink:label="loc_eba_c21116" />
    <label:label xlink:type="resource" xlink:label="label_eba_c21116" xml:lang="en" xlink:role="http://www.xbrl.org/2008/role/label">Regulatory adjustments - CET1 - transitional definition</label:label>
    <gen:arc xlink:type="arc" xlink:arcrole="http://xbrl.org/arcrole/2008/element-label" xlink:from="loc_eba_c21116" xlink:to="label_eba_c21116" />
    <link:loc xlink:type="locator" xlink:href="c_42.00-rend.xml#eba_c21117" xlink:label="loc_eba_c21117" />
    <label:label xlink:type="resource" xlink:label="label_eba_c21117" xml:lang="en" xlink:role="http://www.xbrl.org/2008/role/label">Regulatory adjustments - Total own funds - fully phased-in definition</label:label>
    <gen:arc xlink:type="arc" xlink:arcrole="http://xbrl.org/arcrole/2008/element-label" xlink:from="loc_eba_c21117" xlink:to="label_eba_c21117" />
    <link:loc xlink:type="locator" xlink:href="c_42.00-rend.xml#eba_c21118" xlink:label="loc_eba_c21118" />
    <label:label xlink:type="resource" xlink:label="label_eba_c21118" xml:lang="en" xlink:role="http://www.xbrl.org/2008/role/label">Regulatory adjustments - Total own funds - transitional definition</label:label>
    <gen:arc xlink:type="arc" xlink:arcrole="http://xbrl.org/arcrole/2008/element-label" xlink:from="loc_eba_c21118" xlink:to="label_eba_c21118" />
  </gen:link>
</link:linkbase>