﻿<?xml version="1.0" encoding="utf-8"?>
<?taxonomy-version 2.0.1?>
<!--(C) EBA-->
<link:linkbase xmlns:xsi="http://www.w3.org/2001/XMLSchema-instance" xmlns:xlink="http://www.w3.org/1999/xlink" xmlns:link="http://www.xbrl.org/2003/linkbase" xmlns:gen="http://xbrl.org/2008/generic" xmlns:label="http://xbrl.org/2008/label" xsi:schemaLocation="http://www.xbrl.org/2003/linkbase http://www.xbrl.org/2003/xbrl-linkbase-2003-12-31.xsd http://xbrl.org/2008/generic http://www.xbrl.org/2008/generic-link.xsd http://xbrl.org/2008/label http://www.xbrl.org/2008/generic-label.xsd">
  <link:arcroleRef arcroleURI="http://xbrl.org/arcrole/2008/element-label" xlink:type="simple" xlink:href="http://www.xbrl.org/2008/generic-label.xsd#element-label" />
  <link:roleRef roleURI="http://www.eba.europa.eu/xbrl/role/dpm-db-id" xlink:type="simple" xlink:href="http://www.eba.europa.eu/eu/fr/xbrl/ext/model.xsd#dpm-db-id" />
  <link:roleRef roleURI="http://www.eurofiling.info/xbrl/role/filing-indicator-code" xlink:type="simple" xlink:href="http://www.eurofiling.info/eu/fr/xbrl/ext/model.xsd#filing-indicator-code" />
  <link:roleRef roleURI="http://www.eurofiling.info/xbrl/role/rc-code" xlink:type="simple" xlink:href="http://www.eurofiling.info/eu/fr/xbrl/ext/model.xsd#rc-code" />
  <gen:link xlink:type="extended" xlink:role="http://www.xbrl.org/2003/role/link">
    <link:loc xlink:type="locator" xlink:href="c_42.00-rend.xml#eba_tC_42.00" xlink:label="loc_eba_tC_42.00" />
    <label:label xlink:type="resource" xlink:label="label_eba_tC_42.00" xml:lang="en" xlink:role="http://www.eurofiling.info/xbrl/role/rc-code">C 42.00</label:label>
    <gen:arc xlink:type="arc" xlink:arcrole="http://xbrl.org/arcrole/2008/element-label" xlink:from="loc_eba_tC_42.00" xlink:to="label_eba_tC_42.00" />
    <link:loc xlink:type="locator" xlink:href="c_42.00-rend.xml#eba_c21110" xlink:label="loc_eba_c21110" />
    <label:label xlink:type="resource" xlink:label="label_eba_c21110" xml:lang="en" xlink:role="http://www.eurofiling.info/xbrl/role/rc-code">010</label:label>
    <gen:arc xlink:type="arc" xlink:arcrole="http://xbrl.org/arcrole/2008/element-label" xlink:from="loc_eba_c21110" xlink:to="label_eba_c21110" />
    <link:loc xlink:type="locator" xlink:href="c_42.00-rend.xml#eba_c21111" xlink:label="loc_eba_c21111" />
    <label:label xlink:type="resource" xlink:label="label_eba_c21111" xml:lang="en" xlink:role="http://www.eurofiling.info/xbrl/role/rc-code">010</label:label>
    <gen:arc xlink:type="arc" xlink:arcrole="http://xbrl.org/arcrole/2008/element-label" xlink:from="loc_eba_c21111" xlink:to="label_eba_c21111" />
    <link:loc xlink:type="locator" xlink:href="c_42.00-rend.xml#eba_c21112" xlink:label="loc_eba_c21112" />
    <label:label xlink:type="resource" xlink:label="label_eba_c21112" xml:lang="en" xlink:role="http://www.eurofiling.info/xbrl/role/rc-code">020</label:label>
    <gen:arc xlink:type="arc" xlink:arcrole="http://xbrl.org/arcrole/2008/element-label" xlink:from="loc_eba_c21112" xlink:to="label_eba_c21112" />
    <link:loc xlink:type="locator" xlink:href="c_42.00-rend.xml#eba_c21113" xlink:label="loc_eba_c21113" />
    <label:label xlink:type="resource" xlink:label="label_eba_c21113" xml:lang="en" xlink:role="http://www.eurofiling.info/xbrl/role/rc-code">030</label:label>
    <gen:arc xlink:type="arc" xlink:arcrole="http://xbrl.org/arcrole/2008/element-label" xlink:from="loc_eba_c21113" xlink:to="label_eba_c21113" />
    <link:loc xlink:type="locator" xlink:href="c_42.00-rend.xml#eba_c21114" xlink:label="loc_eba_c21114" />
    <label:label xlink:type="resource" xlink:label="label_eba_c21114" xml:lang="en" xlink:role="http://www.eurofiling.info/xbrl/role/rc-code">040</label:label>
    <gen:arc xlink:type="arc" xlink:arcrole="http://xbrl.org/arcrole/2008/element-label" xlink:from="loc_eba_c21114" xlink:to="label_eba_c21114" />
    <link:loc xlink:type="locator" xlink:href="c_42.00-rend.xml#eba_c21115" xlink:label="loc_eba_c21115" />
    <label:label xlink:type="resource" xlink:label="label_eba_c21115" xml:lang="en" xlink:role="http://www.eurofiling.info/xbrl/role/rc-code">050</label:label>
    <gen:arc xlink:type="arc" xlink:arcrole="http://xbrl.org/arcrole/2008/element-label" xlink:from="loc_eba_c21115" xlink:to="label_eba_c21115" />
    <link:loc xlink:type="locator" xlink:href="c_42.00-rend.xml#eba_c21116" xlink:label="loc_eba_c21116" />
    <label:label xlink:type="resource" xlink:label="label_eba_c21116" xml:lang="en" xlink:role="http://www.eurofiling.info/xbrl/role/rc-code">060</label:label>
    <gen:arc xlink:type="arc" xlink:arcrole="http://xbrl.org/arcrole/2008/element-label" xlink:from="loc_eba_c21116" xlink:to="label_eba_c21116" />
    <link:loc xlink:type="locator" xlink:href="c_42.00-rend.xml#eba_c21117" xlink:label="loc_eba_c21117" />
    <label:label xlink:type="resource" xlink:label="label_eba_c21117" xml:lang="en" xlink:role="http://www.eurofiling.info/xbrl/role/rc-code">070</label:label>
    <gen:arc xlink:type="arc" xlink:arcrole="http://xbrl.org/arcrole/2008/element-label" xlink:from="loc_eba_c21117" xlink:to="label_eba_c21117" />
    <link:loc xlink:type="locator" xlink:href="c_42.00-rend.xml#eba_c21118" xlink:label="loc_eba_c21118" />
    <label:label xlink:type="resource" xlink:label="label_eba_c21118" xml:lang="en" xlink:role="http://www.eurofiling.info/xbrl/role/rc-code">080</label:label>
    <gen:arc xlink:type="arc" xlink:arcrole="http://xbrl.org/arcrole/2008/element-label" xlink:from="loc_eba_c21118" xlink:to="label_eba_c21118" />
    <label:label xlink:type="resource" xlink:label="label_eba_tC_42.00_1" xml:lang="en" xlink:role="http://www.eurofiling.info/xbrl/role/filing-indicator-code">C_42.00</label:label>
    <gen:arc xlink:type="arc" xlink:arcrole="http://xbrl.org/arcrole/2008/element-label" xlink:from="loc_eba_tC_42.00" xlink:to="label_eba_tC_42.00_1" />
    <label:label xlink:type="resource" xlink:label="label_eba_tC_42.00_2" xml:lang="en" xlink:role="http://www.eba.europa.eu/xbrl/role/dpm-db-id">116</label:label>
    <gen:arc xlink:type="arc" xlink:arcrole="http://xbrl.org/arcrole/2008/element-label" xlink:from="loc_eba_tC_42.00" xlink:to="label_eba_tC_42.00_2" />
    <label:label xlink:type="resource" xlink:label="label_eba_c21110_1" xml:lang="en" xlink:role="http://www.eba.europa.eu/xbrl/role/dpm-db-id">21110</label:label>
    <gen:arc xlink:type="arc" xlink:arcrole="http://xbrl.org/arcrole/2008/element-label" xlink:from="loc_eba_c21110" xlink:to="label_eba_c21110_1" />
    <label:label xlink:type="resource" xlink:label="label_eba_c21111_1" xml:lang="en" xlink:role="http://www.eba.europa.eu/xbrl/role/dpm-db-id">21111</label:label>
    <gen:arc xlink:type="arc" xlink:arcrole="http://xbrl.org/arcrole/2008/element-label" xlink:from="loc_eba_c21111" xlink:to="label_eba_c21111_1" />
    <label:label xlink:type="resource" xlink:label="label_eba_c21112_1" xml:lang="en" xlink:role="http://www.eba.europa.eu/xbrl/role/dpm-db-id">21112</label:label>
    <gen:arc xlink:type="arc" xlink:arcrole="http://xbrl.org/arcrole/2008/element-label" xlink:from="loc_eba_c21112" xlink:to="label_eba_c21112_1" />
    <label:label xlink:type="resource" xlink:label="label_eba_c21113_1" xml:lang="en" xlink:role="http://www.eba.europa.eu/xbrl/role/dpm-db-id">21113</label:label>
    <gen:arc xlink:type="arc" xlink:arcrole="http://xbrl.org/arcrole/2008/element-label" xlink:from="loc_eba_c21113" xlink:to="label_eba_c21113_1" />
    <label:label xlink:type="resource" xlink:label="label_eba_c21114_1" xml:lang="en" xlink:role="http://www.eba.europa.eu/xbrl/role/dpm-db-id">21114</label:label>
    <gen:arc xlink:type="arc" xlink:arcrole="http://xbrl.org/arcrole/2008/element-label" xlink:from="loc_eba_c21114" xlink:to="label_eba_c21114_1" />
    <label:label xlink:type="resource" xlink:label="label_eba_c21115_1" xml:lang="en" xlink:role="http://www.eba.europa.eu/xbrl/role/dpm-db-id">21115</label:label>
    <gen:arc xlink:type="arc" xlink:arcrole="http://xbrl.org/arcrole/2008/element-label" xlink:from="loc_eba_c21115" xlink:to="label_eba_c21115_1" />
    <label:label xlink:type="resource" xlink:label="label_eba_c21116_1" xml:lang="en" xlink:role="http://www.eba.europa.eu/xbrl/role/dpm-db-id">21116</label:label>
    <gen:arc xlink:type="arc" xlink:arcrole="http://xbrl.org/arcrole/2008/element-label" xlink:from="loc_eba_c21116" xlink:to="label_eba_c21116_1" />
    <label:label xlink:type="resource" xlink:label="label_eba_c21117_1" xml:lang="en" xlink:role="http://www.eba.europa.eu/xbrl/role/dpm-db-id">21117</label:label>
    <gen:arc xlink:type="arc" xlink:arcrole="http://xbrl.org/arcrole/2008/element-label" xlink:from="loc_eba_c21117" xlink:to="label_eba_c21117_1" />
    <label:label xlink:type="resource" xlink:label="label_eba_c21118_1" xml:lang="en" xlink:role="http://www.eba.europa.eu/xbrl/role/dpm-db-id">21118</label:label>
    <gen:arc xlink:type="arc" xlink:arcrole="http://xbrl.org/arcrole/2008/element-label" xlink:from="loc_eba_c21118" xlink:to="label_eba_c21118_1" />
  </gen:link>
</link:linkbase>