﻿<?xml version="1.0" encoding="utf-8"?>
<?taxonomy-version 2.0.0?>
<!--(C) EBA-->
<link:linkbase xmlns:xsi="http://www.w3.org/2001/XMLSchema-instance" xmlns:xlink="http://www.w3.org/1999/xlink" xmlns:link="http://www.xbrl.org/2003/linkbase" xmlns:gen="http://xbrl.org/2008/generic" xmlns:label="http://xbrl.org/2008/label" xsi:schemaLocation="http://www.xbrl.org/2003/linkbase http://www.xbrl.org/2003/xbrl-linkbase-2003-12-31.xsd http://xbrl.org/2008/generic http://www.xbrl.org/2008/generic-link.xsd http://xbrl.org/2008/label http://www.xbrl.org/2008/generic-label.xsd">
  <link:arcroleRef arcroleURI="http://xbrl.org/arcrole/2008/element-label" xlink:type="simple" xlink:href="http://www.xbrl.org/2008/generic-label.xsd#element-label" />
  <link:roleRef roleURI="http://www.xbrl.org/2008/role/label" xlink:type="simple" xlink:href="http://www.xbrl.org/2008/generic-label.xsd#standard-label" />
  <link:roleRef roleURI="http://www.xbrl.org/2008/role/verboseLabel" xlink:type="simple" xlink:href="http://www.xbrl.org/2008/generic-label.xsd#verbose-label" />
  <gen:link xlink:type="extended" xlink:role="http://www.xbrl.org/2003/role/link">
    <link:loc xlink:type="locator" xlink:href="hier.xsd#eba_EC1" xlink:label="loc_eba_EC1" />
    <label:label xlink:type="resource" xlink:label="label_eba_EC1" xml:lang="en" xlink:role="http://www.xbrl.org/2008/role/label">Hierarchy for the exposure classes in the IRB approach</label:label>
    <gen:arc xlink:type="arc" xlink:arcrole="http://xbrl.org/arcrole/2008/element-label" xlink:from="loc_eba_EC1" xlink:to="label_eba_EC1" />
    <label:label xlink:type="resource" xlink:label="label_eba_EC1_1" xml:lang="en" xlink:role="http://www.xbrl.org/2008/role/verboseLabel">Lists all exposure and sub-exposure classes of the IRB approach. For each of those exposure classes a separate dimension has to be reported. Exception - equity and securitisation, because for those exposures exists a separate template. Additionally, other non credit-obligation assets are reported</label:label>
    <gen:arc xlink:type="arc" xlink:arcrole="http://xbrl.org/arcrole/2008/element-label" xlink:from="loc_eba_EC1" xlink:to="label_eba_EC1_1" />
    <link:loc xlink:type="locator" xlink:href="hier.xsd#eba_EC2" xlink:label="loc_eba_EC2" />
    <label:label xlink:type="resource" xlink:label="label_eba_EC2" xml:lang="en" xlink:role="http://www.xbrl.org/2008/role/label">Exposure classes in the SA</label:label>
    <gen:arc xlink:type="arc" xlink:arcrole="http://xbrl.org/arcrole/2008/element-label" xlink:from="loc_eba_EC2" xlink:to="label_eba_EC2" />
    <label:label xlink:type="resource" xlink:label="label_eba_EC2_1" xml:lang="en" xlink:role="http://www.xbrl.org/2008/role/verboseLabel">Hierarchy shows the exposure classes used in the SA. The differentiation to the IRB will be made by using the dimension Approach.</label:label>
    <gen:arc xlink:type="arc" xlink:arcrole="http://xbrl.org/arcrole/2008/element-label" xlink:from="loc_eba_EC2" xlink:to="label_eba_EC2_1" />
    <link:loc xlink:type="locator" xlink:href="hier.xsd#eba_EC3" xlink:label="loc_eba_EC3" />
    <label:label xlink:type="resource" xlink:label="label_eba_EC3" xml:lang="en" xlink:role="http://www.xbrl.org/2008/role/label">Exposure classes in the SA (2)</label:label>
    <gen:arc xlink:type="arc" xlink:arcrole="http://xbrl.org/arcrole/2008/element-label" xlink:from="loc_eba_EC3" xlink:to="label_eba_EC3" />
    <label:label xlink:type="resource" xlink:label="label_eba_EC3_1" xml:lang="en" xlink:role="http://www.xbrl.org/2008/role/verboseLabel">Lists all exposure and sub-exposure classes of the SA approach used in LR templates</label:label>
    <gen:arc xlink:type="arc" xlink:arcrole="http://xbrl.org/arcrole/2008/element-label" xlink:from="loc_eba_EC3" xlink:to="label_eba_EC3_1" />
    <link:loc xlink:type="locator" xlink:href="hier.xsd#eba_EC4" xlink:label="loc_eba_EC4" />
    <label:label xlink:type="resource" xlink:label="label_eba_EC4" xml:lang="en" xlink:role="http://www.xbrl.org/2008/role/label">Hierarchy for the exposure classes in the IRB approach (2)</label:label>
    <gen:arc xlink:type="arc" xlink:arcrole="http://xbrl.org/arcrole/2008/element-label" xlink:from="loc_eba_EC4" xlink:to="label_eba_EC4" />
    <label:label xlink:type="resource" xlink:label="label_eba_EC4_1" xml:lang="en" xlink:role="http://www.xbrl.org/2008/role/verboseLabel">Lists all exposure and sub-exposure classes of the IRB approach used in LR templates</label:label>
    <gen:arc xlink:type="arc" xlink:arcrole="http://xbrl.org/arcrole/2008/element-label" xlink:from="loc_eba_EC4" xlink:to="label_eba_EC4_1" />
    <link:loc xlink:type="locator" xlink:href="hier.xsd#eba_EC5" xlink:label="loc_eba_EC5" />
    <label:label xlink:type="resource" xlink:label="label_eba_EC5" xml:lang="en" xlink:role="http://www.xbrl.org/2008/role/label">Exposure classes in the SA (3)</label:label>
    <gen:arc xlink:type="arc" xlink:arcrole="http://xbrl.org/arcrole/2008/element-label" xlink:from="loc_eba_EC5" xlink:to="label_eba_EC5" />
    <label:label xlink:type="resource" xlink:label="label_eba_EC5_1" xml:lang="en" xlink:role="http://www.xbrl.org/2008/role/verboseLabel">Lists all exposure and sub-exposure classes of the SA approach used in LR templates</label:label>
    <gen:arc xlink:type="arc" xlink:arcrole="http://xbrl.org/arcrole/2008/element-label" xlink:from="loc_eba_EC5" xlink:to="label_eba_EC5_1" />
    <link:loc xlink:type="locator" xlink:href="hier.xsd#eba_EC6" xlink:label="loc_eba_EC6" />
    <label:label xlink:type="resource" xlink:label="label_eba_EC6" xml:lang="en" xlink:role="http://www.xbrl.org/2008/role/label">Hierarchy for exposure classes used in template CR GB1a and CR GB 1b</label:label>
    <gen:arc xlink:type="arc" xlink:arcrole="http://xbrl.org/arcrole/2008/element-label" xlink:from="loc_eba_EC6" xlink:to="label_eba_EC6" />
    <label:label xlink:type="resource" xlink:label="label_eba_EC6_1" xml:lang="en" xlink:role="http://www.xbrl.org/2008/role/verboseLabel">Shows the exposure classes explicitly used for the breakdown of SA exposures in the CR GB 1 (without exposure class items representing securitisation exposures). Hierarchy is applicable to dimension exposure class (EC) and exposure class before reassignment (ECB)</label:label>
    <gen:arc xlink:type="arc" xlink:arcrole="http://xbrl.org/arcrole/2008/element-label" xlink:from="loc_eba_EC6" xlink:to="label_eba_EC6_1" />
    <link:loc xlink:type="locator" xlink:href="hier.xsd#eba_EC7" xlink:label="loc_eba_EC7" />
    <label:label xlink:type="resource" xlink:label="label_eba_EC7" xml:lang="en" xlink:role="http://www.xbrl.org/2008/role/label">Hierarchy for exposure classes used in template CR GB2</label:label>
    <gen:arc xlink:type="arc" xlink:arcrole="http://xbrl.org/arcrole/2008/element-label" xlink:from="loc_eba_EC7" xlink:to="label_eba_EC7" />
    <label:label xlink:type="resource" xlink:label="label_eba_EC7_1" xml:lang="en" xlink:role="http://www.xbrl.org/2008/role/verboseLabel">Shows the exposure classes explicitly used for the breakdown of IRB exposures in the CR GB 2 (without exposure class items representing securitisation exposures and other non-credit obligations).</label:label>
    <gen:arc xlink:type="arc" xlink:arcrole="http://xbrl.org/arcrole/2008/element-label" xlink:from="loc_eba_EC7" xlink:to="label_eba_EC7_1" />
    <link:loc xlink:type="locator" xlink:href="hier.xsd#eba_EC8" xlink:label="loc_eba_EC8" />
    <label:label xlink:type="resource" xlink:label="label_eba_EC8" xml:lang="en" xlink:role="http://www.xbrl.org/2008/role/label">Hierarchy for SA exposure classes excluding securitisation exposure class</label:label>
    <gen:arc xlink:type="arc" xlink:arcrole="http://xbrl.org/arcrole/2008/element-label" xlink:from="loc_eba_EC8" xlink:to="label_eba_EC8" />
    <label:label xlink:type="resource" xlink:label="label_eba_EC8_1" xml:lang="en" xlink:role="http://www.xbrl.org/2008/role/verboseLabel" />
    <gen:arc xlink:type="arc" xlink:arcrole="http://xbrl.org/arcrole/2008/element-label" xlink:from="loc_eba_EC8" xlink:to="label_eba_EC8_1" />
    <link:loc xlink:type="locator" xlink:href="hier.xsd#eba_EC9" xlink:label="loc_eba_EC9" />
    <label:label xlink:type="resource" xlink:label="label_eba_EC9" xml:lang="en" xlink:role="http://www.xbrl.org/2008/role/label">Hierarchy for IRB exposure classes excluding equities, securitisations and other non-credit-obligation assets</label:label>
    <gen:arc xlink:type="arc" xlink:arcrole="http://xbrl.org/arcrole/2008/element-label" xlink:from="loc_eba_EC9" xlink:to="label_eba_EC9" />
    <label:label xlink:type="resource" xlink:label="label_eba_EC9_1" xml:lang="en" xlink:role="http://www.xbrl.org/2008/role/verboseLabel" />
    <gen:arc xlink:type="arc" xlink:arcrole="http://xbrl.org/arcrole/2008/element-label" xlink:from="loc_eba_EC9" xlink:to="label_eba_EC9_1" />
  </gen:link>
</link:linkbase>