﻿<?xml version="1.0" encoding="utf-8"?>
<?taxonomy-version 2.0.1?>
<!--(C) EBA-->
<link:linkbase xmlns:xsi="http://www.w3.org/2001/XMLSchema-instance" xmlns:xlink="http://www.w3.org/1999/xlink" xmlns:link="http://www.xbrl.org/2003/linkbase" xmlns:gen="http://xbrl.org/2008/generic" xmlns:label="http://xbrl.org/2008/label" xsi:schemaLocation="http://www.xbrl.org/2003/linkbase http://www.xbrl.org/2003/xbrl-linkbase-2003-12-31.xsd http://xbrl.org/2008/generic http://www.xbrl.org/2008/generic-link.xsd http://xbrl.org/2008/label http://www.xbrl.org/2008/generic-label.xsd">
  <link:arcroleRef arcroleURI="http://xbrl.org/arcrole/2008/element-label" xlink:type="simple" xlink:href="http://www.xbrl.org/2008/generic-label.xsd#element-label" />
  <link:roleRef roleURI="http://www.eba.europa.eu/xbrl/role/dpm-db-id" xlink:type="simple" xlink:href="http://www.eba.europa.eu/eu/fr/xbrl/ext/model.xsd#dpm-db-id" />
  <link:roleRef roleURI="http://www.eurofiling.info/xbrl/role/filing-indicator-code" xlink:type="simple" xlink:href="http://www.eurofiling.info/eu/fr/xbrl/ext/model.xsd#filing-indicator-code" />
  <link:roleRef roleURI="http://www.eurofiling.info/xbrl/role/rc-code" xlink:type="simple" xlink:href="http://www.eurofiling.info/eu/fr/xbrl/ext/model.xsd#rc-code" />
  <gen:link xlink:type="extended" xlink:role="http://www.xbrl.org/2003/role/link">
    <link:loc xlink:type="locator" xlink:href="c_07.00.c-rend.xml#eba_tC_07.00.c" xlink:label="loc_eba_tC_07.00.c" />
    <label:label xlink:type="resource" xlink:label="label_eba_tC_07.00.c" xml:lang="en" xlink:role="http://www.eurofiling.info/xbrl/role/rc-code">C 07.00.c</label:label>
    <gen:arc xlink:type="arc" xlink:arcrole="http://xbrl.org/arcrole/2008/element-label" xlink:from="loc_eba_tC_07.00.c" xlink:to="label_eba_tC_07.00.c" />
    <link:loc xlink:type="locator" xlink:href="c_07.00.c-rend.xml#eba_c19772" xlink:label="loc_eba_c19772" />
    <label:label xlink:type="resource" xlink:label="label_eba_c19772" xml:lang="en" xlink:role="http://www.eurofiling.info/xbrl/role/rc-code">010</label:label>
    <gen:arc xlink:type="arc" xlink:arcrole="http://xbrl.org/arcrole/2008/element-label" xlink:from="loc_eba_c19772" xlink:to="label_eba_c19772" />
    <link:loc xlink:type="locator" xlink:href="c_07.00.c-rend.xml#eba_c19773" xlink:label="loc_eba_c19773" />
    <label:label xlink:type="resource" xlink:label="label_eba_c19773" xml:lang="en" xlink:role="http://www.eurofiling.info/xbrl/role/rc-code">020</label:label>
    <gen:arc xlink:type="arc" xlink:arcrole="http://xbrl.org/arcrole/2008/element-label" xlink:from="loc_eba_c19773" xlink:to="label_eba_c19773" />
    <link:loc xlink:type="locator" xlink:href="c_07.00.c-rend.xml#eba_c19774" xlink:label="loc_eba_c19774" />
    <label:label xlink:type="resource" xlink:label="label_eba_c19774" xml:lang="en" xlink:role="http://www.eurofiling.info/xbrl/role/rc-code">030</label:label>
    <gen:arc xlink:type="arc" xlink:arcrole="http://xbrl.org/arcrole/2008/element-label" xlink:from="loc_eba_c19774" xlink:to="label_eba_c19774" />
    <link:loc xlink:type="locator" xlink:href="c_07.00.c-rend.xml#eba_c19775" xlink:label="loc_eba_c19775" />
    <label:label xlink:type="resource" xlink:label="label_eba_c19775" xml:lang="en" xlink:role="http://www.eurofiling.info/xbrl/role/rc-code">040</label:label>
    <gen:arc xlink:type="arc" xlink:arcrole="http://xbrl.org/arcrole/2008/element-label" xlink:from="loc_eba_c19775" xlink:to="label_eba_c19775" />
    <link:loc xlink:type="locator" xlink:href="c_07.00.c-rend.xml#eba_c19776" xlink:label="loc_eba_c19776" />
    <label:label xlink:type="resource" xlink:label="label_eba_c19776" xml:lang="en" xlink:role="http://www.eurofiling.info/xbrl/role/rc-code">048</label:label>
    <gen:arc xlink:type="arc" xlink:arcrole="http://xbrl.org/arcrole/2008/element-label" xlink:from="loc_eba_c19776" xlink:to="label_eba_c19776" />
    <link:loc xlink:type="locator" xlink:href="c_07.00.c-rend.xml#eba_c19777" xlink:label="loc_eba_c19777" />
    <label:label xlink:type="resource" xlink:label="label_eba_c19777" xml:lang="en" xlink:role="http://www.eurofiling.info/xbrl/role/rc-code">049</label:label>
    <gen:arc xlink:type="arc" xlink:arcrole="http://xbrl.org/arcrole/2008/element-label" xlink:from="loc_eba_c19777" xlink:to="label_eba_c19777" />
    <link:loc xlink:type="locator" xlink:href="c_07.00.c-rend.xml#eba_c19778" xlink:label="loc_eba_c19778" />
    <label:label xlink:type="resource" xlink:label="label_eba_c19778" xml:lang="en" xlink:role="http://www.eurofiling.info/xbrl/role/rc-code">050</label:label>
    <gen:arc xlink:type="arc" xlink:arcrole="http://xbrl.org/arcrole/2008/element-label" xlink:from="loc_eba_c19778" xlink:to="label_eba_c19778" />
    <link:loc xlink:type="locator" xlink:href="c_07.00.c-rend.xml#eba_c19779" xlink:label="loc_eba_c19779" />
    <label:label xlink:type="resource" xlink:label="label_eba_c19779" xml:lang="en" xlink:role="http://www.eurofiling.info/xbrl/role/rc-code">060</label:label>
    <gen:arc xlink:type="arc" xlink:arcrole="http://xbrl.org/arcrole/2008/element-label" xlink:from="loc_eba_c19779" xlink:to="label_eba_c19779" />
    <link:loc xlink:type="locator" xlink:href="c_07.00.c-rend.xml#eba_c19780" xlink:label="loc_eba_c19780" />
    <label:label xlink:type="resource" xlink:label="label_eba_c19780" xml:lang="en" xlink:role="http://www.eurofiling.info/xbrl/role/rc-code">069</label:label>
    <gen:arc xlink:type="arc" xlink:arcrole="http://xbrl.org/arcrole/2008/element-label" xlink:from="loc_eba_c19780" xlink:to="label_eba_c19780" />
    <link:loc xlink:type="locator" xlink:href="c_07.00.c-rend.xml#eba_c19781" xlink:label="loc_eba_c19781" />
    <label:label xlink:type="resource" xlink:label="label_eba_c19781" xml:lang="en" xlink:role="http://www.eurofiling.info/xbrl/role/rc-code">070</label:label>
    <gen:arc xlink:type="arc" xlink:arcrole="http://xbrl.org/arcrole/2008/element-label" xlink:from="loc_eba_c19781" xlink:to="label_eba_c19781" />
    <link:loc xlink:type="locator" xlink:href="c_07.00.c-rend.xml#eba_c19782" xlink:label="loc_eba_c19782" />
    <label:label xlink:type="resource" xlink:label="label_eba_c19782" xml:lang="en" xlink:role="http://www.eurofiling.info/xbrl/role/rc-code">080</label:label>
    <gen:arc xlink:type="arc" xlink:arcrole="http://xbrl.org/arcrole/2008/element-label" xlink:from="loc_eba_c19782" xlink:to="label_eba_c19782" />
    <link:loc xlink:type="locator" xlink:href="c_07.00.c-rend.xml#eba_c19783" xlink:label="loc_eba_c19783" />
    <label:label xlink:type="resource" xlink:label="label_eba_c19783" xml:lang="en" xlink:role="http://www.eurofiling.info/xbrl/role/rc-code">089</label:label>
    <gen:arc xlink:type="arc" xlink:arcrole="http://xbrl.org/arcrole/2008/element-label" xlink:from="loc_eba_c19783" xlink:to="label_eba_c19783" />
    <link:loc xlink:type="locator" xlink:href="c_07.00.c-rend.xml#eba_c19784" xlink:label="loc_eba_c19784" />
    <label:label xlink:type="resource" xlink:label="label_eba_c19784" xml:lang="en" xlink:role="http://www.eurofiling.info/xbrl/role/rc-code">090</label:label>
    <gen:arc xlink:type="arc" xlink:arcrole="http://xbrl.org/arcrole/2008/element-label" xlink:from="loc_eba_c19784" xlink:to="label_eba_c19784" />
    <link:loc xlink:type="locator" xlink:href="c_07.00.c-rend.xml#eba_c19785" xlink:label="loc_eba_c19785" />
    <label:label xlink:type="resource" xlink:label="label_eba_c19785" xml:lang="en" xlink:role="http://www.eurofiling.info/xbrl/role/rc-code">100</label:label>
    <gen:arc xlink:type="arc" xlink:arcrole="http://xbrl.org/arcrole/2008/element-label" xlink:from="loc_eba_c19785" xlink:to="label_eba_c19785" />
    <link:loc xlink:type="locator" xlink:href="c_07.00.c-rend.xml#eba_c19786" xlink:label="loc_eba_c19786" />
    <label:label xlink:type="resource" xlink:label="label_eba_c19786" xml:lang="en" xlink:role="http://www.eurofiling.info/xbrl/role/rc-code">110</label:label>
    <gen:arc xlink:type="arc" xlink:arcrole="http://xbrl.org/arcrole/2008/element-label" xlink:from="loc_eba_c19786" xlink:to="label_eba_c19786" />
    <link:loc xlink:type="locator" xlink:href="c_07.00.c-rend.xml#eba_c19787" xlink:label="loc_eba_c19787" />
    <label:label xlink:type="resource" xlink:label="label_eba_c19787" xml:lang="en" xlink:role="http://www.eurofiling.info/xbrl/role/rc-code">119</label:label>
    <gen:arc xlink:type="arc" xlink:arcrole="http://xbrl.org/arcrole/2008/element-label" xlink:from="loc_eba_c19787" xlink:to="label_eba_c19787" />
    <link:loc xlink:type="locator" xlink:href="c_07.00.c-rend.xml#eba_c19788" xlink:label="loc_eba_c19788" />
    <label:label xlink:type="resource" xlink:label="label_eba_c19788" xml:lang="en" xlink:role="http://www.eurofiling.info/xbrl/role/rc-code">120</label:label>
    <gen:arc xlink:type="arc" xlink:arcrole="http://xbrl.org/arcrole/2008/element-label" xlink:from="loc_eba_c19788" xlink:to="label_eba_c19788" />
    <link:loc xlink:type="locator" xlink:href="c_07.00.c-rend.xml#eba_c19789" xlink:label="loc_eba_c19789" />
    <label:label xlink:type="resource" xlink:label="label_eba_c19789" xml:lang="en" xlink:role="http://www.eurofiling.info/xbrl/role/rc-code">130</label:label>
    <gen:arc xlink:type="arc" xlink:arcrole="http://xbrl.org/arcrole/2008/element-label" xlink:from="loc_eba_c19789" xlink:to="label_eba_c19789" />
    <link:loc xlink:type="locator" xlink:href="c_07.00.c-rend.xml#eba_c19790" xlink:label="loc_eba_c19790" />
    <label:label xlink:type="resource" xlink:label="label_eba_c19790" xml:lang="en" xlink:role="http://www.eurofiling.info/xbrl/role/rc-code">140</label:label>
    <gen:arc xlink:type="arc" xlink:arcrole="http://xbrl.org/arcrole/2008/element-label" xlink:from="loc_eba_c19790" xlink:to="label_eba_c19790" />
    <link:loc xlink:type="locator" xlink:href="c_07.00.c-rend.xml#eba_c19791" xlink:label="loc_eba_c19791" />
    <label:label xlink:type="resource" xlink:label="label_eba_c19791" xml:lang="en" xlink:role="http://www.eurofiling.info/xbrl/role/rc-code">150</label:label>
    <gen:arc xlink:type="arc" xlink:arcrole="http://xbrl.org/arcrole/2008/element-label" xlink:from="loc_eba_c19791" xlink:to="label_eba_c19791" />
    <link:loc xlink:type="locator" xlink:href="c_07.00.c-rend.xml#eba_c19792" xlink:label="loc_eba_c19792" />
    <label:label xlink:type="resource" xlink:label="label_eba_c19792" xml:lang="en" xlink:role="http://www.eurofiling.info/xbrl/role/rc-code">159</label:label>
    <gen:arc xlink:type="arc" xlink:arcrole="http://xbrl.org/arcrole/2008/element-label" xlink:from="loc_eba_c19792" xlink:to="label_eba_c19792" />
    <link:loc xlink:type="locator" xlink:href="c_07.00.c-rend.xml#eba_c19793" xlink:label="loc_eba_c19793" />
    <label:label xlink:type="resource" xlink:label="label_eba_c19793" xml:lang="en" xlink:role="http://www.eurofiling.info/xbrl/role/rc-code">160</label:label>
    <gen:arc xlink:type="arc" xlink:arcrole="http://xbrl.org/arcrole/2008/element-label" xlink:from="loc_eba_c19793" xlink:to="label_eba_c19793" />
    <link:loc xlink:type="locator" xlink:href="c_07.00.c-rend.xml#eba_c19794" xlink:label="loc_eba_c19794" />
    <label:label xlink:type="resource" xlink:label="label_eba_c19794" xml:lang="en" xlink:role="http://www.eurofiling.info/xbrl/role/rc-code">170</label:label>
    <gen:arc xlink:type="arc" xlink:arcrole="http://xbrl.org/arcrole/2008/element-label" xlink:from="loc_eba_c19794" xlink:to="label_eba_c19794" />
    <link:loc xlink:type="locator" xlink:href="c_07.00.c-rend.xml#eba_c19795" xlink:label="loc_eba_c19795" />
    <label:label xlink:type="resource" xlink:label="label_eba_c19795" xml:lang="en" xlink:role="http://www.eurofiling.info/xbrl/role/rc-code">180</label:label>
    <gen:arc xlink:type="arc" xlink:arcrole="http://xbrl.org/arcrole/2008/element-label" xlink:from="loc_eba_c19795" xlink:to="label_eba_c19795" />
    <link:loc xlink:type="locator" xlink:href="c_07.00.c-rend.xml#eba_c19796" xlink:label="loc_eba_c19796" />
    <label:label xlink:type="resource" xlink:label="label_eba_c19796" xml:lang="en" xlink:role="http://www.eurofiling.info/xbrl/role/rc-code">190</label:label>
    <gen:arc xlink:type="arc" xlink:arcrole="http://xbrl.org/arcrole/2008/element-label" xlink:from="loc_eba_c19796" xlink:to="label_eba_c19796" />
    <link:loc xlink:type="locator" xlink:href="c_07.00.c-rend.xml#eba_c19797" xlink:label="loc_eba_c19797" />
    <label:label xlink:type="resource" xlink:label="label_eba_c19797" xml:lang="en" xlink:role="http://www.eurofiling.info/xbrl/role/rc-code">200</label:label>
    <gen:arc xlink:type="arc" xlink:arcrole="http://xbrl.org/arcrole/2008/element-label" xlink:from="loc_eba_c19797" xlink:to="label_eba_c19797" />
    <link:loc xlink:type="locator" xlink:href="c_07.00.c-rend.xml#eba_c19798" xlink:label="loc_eba_c19798" />
    <label:label xlink:type="resource" xlink:label="label_eba_c19798" xml:lang="en" xlink:role="http://www.eurofiling.info/xbrl/role/rc-code">210</label:label>
    <gen:arc xlink:type="arc" xlink:arcrole="http://xbrl.org/arcrole/2008/element-label" xlink:from="loc_eba_c19798" xlink:to="label_eba_c19798" />
    <link:loc xlink:type="locator" xlink:href="c_07.00.c-rend.xml#eba_c19799" xlink:label="loc_eba_c19799" />
    <label:label xlink:type="resource" xlink:label="label_eba_c19799" xml:lang="en" xlink:role="http://www.eurofiling.info/xbrl/role/rc-code">215</label:label>
    <gen:arc xlink:type="arc" xlink:arcrole="http://xbrl.org/arcrole/2008/element-label" xlink:from="loc_eba_c19799" xlink:to="label_eba_c19799" />
    <link:loc xlink:type="locator" xlink:href="c_07.00.c-rend.xml#eba_c19800" xlink:label="loc_eba_c19800" />
    <label:label xlink:type="resource" xlink:label="label_eba_c19800" xml:lang="en" xlink:role="http://www.eurofiling.info/xbrl/role/rc-code">220</label:label>
    <gen:arc xlink:type="arc" xlink:arcrole="http://xbrl.org/arcrole/2008/element-label" xlink:from="loc_eba_c19800" xlink:to="label_eba_c19800" />
    <link:loc xlink:type="locator" xlink:href="c_07.00.c-rend.xml#eba_c19801" xlink:label="loc_eba_c19801" />
    <label:label xlink:type="resource" xlink:label="label_eba_c19801" xml:lang="en" xlink:role="http://www.eurofiling.info/xbrl/role/rc-code">230</label:label>
    <gen:arc xlink:type="arc" xlink:arcrole="http://xbrl.org/arcrole/2008/element-label" xlink:from="loc_eba_c19801" xlink:to="label_eba_c19801" />
    <link:loc xlink:type="locator" xlink:href="c_07.00.c-rend.xml#eba_c19802" xlink:label="loc_eba_c19802" />
    <label:label xlink:type="resource" xlink:label="label_eba_c19802" xml:lang="en" xlink:role="http://www.eurofiling.info/xbrl/role/rc-code">240</label:label>
    <gen:arc xlink:type="arc" xlink:arcrole="http://xbrl.org/arcrole/2008/element-label" xlink:from="loc_eba_c19802" xlink:to="label_eba_c19802" />
    <link:loc xlink:type="locator" xlink:href="c_07.00.c-rend.xml#eba_c19803" xlink:label="loc_eba_c19803" />
    <label:label xlink:type="resource" xlink:label="label_eba_c19803" xml:lang="en" xlink:role="http://www.eurofiling.info/xbrl/role/rc-code">285</label:label>
    <gen:arc xlink:type="arc" xlink:arcrole="http://xbrl.org/arcrole/2008/element-label" xlink:from="loc_eba_c19803" xlink:to="label_eba_c19803" />
    <link:loc xlink:type="locator" xlink:href="c_07.00.c-rend.xml#eba_c19804" xlink:label="loc_eba_c19804" />
    <label:label xlink:type="resource" xlink:label="label_eba_c19804" xml:lang="en" xlink:role="http://www.eurofiling.info/xbrl/role/rc-code">290</label:label>
    <gen:arc xlink:type="arc" xlink:arcrole="http://xbrl.org/arcrole/2008/element-label" xlink:from="loc_eba_c19804" xlink:to="label_eba_c19804" />
    <link:loc xlink:type="locator" xlink:href="c_07.00.c-rend.xml#eba_c19805" xlink:label="loc_eba_c19805" />
    <label:label xlink:type="resource" xlink:label="label_eba_c19805" xml:lang="en" xlink:role="http://www.eurofiling.info/xbrl/role/rc-code">310</label:label>
    <gen:arc xlink:type="arc" xlink:arcrole="http://xbrl.org/arcrole/2008/element-label" xlink:from="loc_eba_c19805" xlink:to="label_eba_c19805" />
    <link:loc xlink:type="locator" xlink:href="c_07.00.c-rend.xml#eba_c19806" xlink:label="loc_eba_c19806" />
    <label:label xlink:type="resource" xlink:label="label_eba_c19806" xml:lang="en" xlink:role="http://www.eurofiling.info/xbrl/role/rc-code">001</label:label>
    <gen:arc xlink:type="arc" xlink:arcrole="http://xbrl.org/arcrole/2008/element-label" xlink:from="loc_eba_c19806" xlink:to="label_eba_c19806" />
    <link:loc xlink:type="locator" xlink:href="c_07.00.c-rend.xml#eba_c19807" xlink:label="loc_eba_c19807" />
    <label:label xlink:type="resource" xlink:label="label_eba_c19807" xml:lang="en" xlink:role="http://www.eurofiling.info/xbrl/role/rc-code">002</label:label>
    <gen:arc xlink:type="arc" xlink:arcrole="http://xbrl.org/arcrole/2008/element-label" xlink:from="loc_eba_c19807" xlink:to="label_eba_c19807" />
    <link:loc xlink:type="locator" xlink:href="c_07.00.c-rend.xml#eba_c19808" xlink:label="loc_eba_c19808" />
    <label:label xlink:type="resource" xlink:label="label_eba_c19808" xml:lang="en" xlink:role="http://www.eurofiling.info/xbrl/role/rc-code">003</label:label>
    <gen:arc xlink:type="arc" xlink:arcrole="http://xbrl.org/arcrole/2008/element-label" xlink:from="loc_eba_c19808" xlink:to="label_eba_c19808" />
    <link:loc xlink:type="locator" xlink:href="c_07.00.c-rend.xml#eba_c19809" xlink:label="loc_eba_c19809" />
    <label:label xlink:type="resource" xlink:label="label_eba_c19809" xml:lang="en" xlink:role="http://www.eurofiling.info/xbrl/role/rc-code">004</label:label>
    <gen:arc xlink:type="arc" xlink:arcrole="http://xbrl.org/arcrole/2008/element-label" xlink:from="loc_eba_c19809" xlink:to="label_eba_c19809" />
    <link:loc xlink:type="locator" xlink:href="c_07.00.c-rend.xml#eba_c19810" xlink:label="loc_eba_c19810" />
    <label:label xlink:type="resource" xlink:label="label_eba_c19810" xml:lang="en" xlink:role="http://www.eurofiling.info/xbrl/role/rc-code">007</label:label>
    <gen:arc xlink:type="arc" xlink:arcrole="http://xbrl.org/arcrole/2008/element-label" xlink:from="loc_eba_c19810" xlink:to="label_eba_c19810" />
    <link:loc xlink:type="locator" xlink:href="c_07.00.c-rend.xml#eba_c19811" xlink:label="loc_eba_c19811" />
    <label:label xlink:type="resource" xlink:label="label_eba_c19811" xml:lang="en" xlink:role="http://www.eurofiling.info/xbrl/role/rc-code">008</label:label>
    <gen:arc xlink:type="arc" xlink:arcrole="http://xbrl.org/arcrole/2008/element-label" xlink:from="loc_eba_c19811" xlink:to="label_eba_c19811" />
    <link:loc xlink:type="locator" xlink:href="c_07.00.c-rend.xml#eba_c19812" xlink:label="loc_eba_c19812" />
    <label:label xlink:type="resource" xlink:label="label_eba_c19812" xml:lang="en" xlink:role="http://www.eurofiling.info/xbrl/role/rc-code">009</label:label>
    <gen:arc xlink:type="arc" xlink:arcrole="http://xbrl.org/arcrole/2008/element-label" xlink:from="loc_eba_c19812" xlink:to="label_eba_c19812" />
    <label:label xlink:type="resource" xlink:label="label_eba_tC_07.00.c_1" xml:lang="en" xlink:role="http://www.eurofiling.info/xbrl/role/filing-indicator-code">C_07.00</label:label>
    <gen:arc xlink:type="arc" xlink:arcrole="http://xbrl.org/arcrole/2008/element-label" xlink:from="loc_eba_tC_07.00.c" xlink:to="label_eba_tC_07.00.c_1" />
    <label:label xlink:type="resource" xlink:label="label_eba_tC_07.00.c_2" xml:lang="en" xlink:role="http://www.eba.europa.eu/xbrl/role/dpm-db-id">83</label:label>
    <gen:arc xlink:type="arc" xlink:arcrole="http://xbrl.org/arcrole/2008/element-label" xlink:from="loc_eba_tC_07.00.c" xlink:to="label_eba_tC_07.00.c_2" />
    <label:label xlink:type="resource" xlink:label="label_eba_c19772_1" xml:lang="en" xlink:role="http://www.eba.europa.eu/xbrl/role/dpm-db-id">19772</label:label>
    <gen:arc xlink:type="arc" xlink:arcrole="http://xbrl.org/arcrole/2008/element-label" xlink:from="loc_eba_c19772" xlink:to="label_eba_c19772_1" />
    <label:label xlink:type="resource" xlink:label="label_eba_c19773_1" xml:lang="en" xlink:role="http://www.eba.europa.eu/xbrl/role/dpm-db-id">19773</label:label>
    <gen:arc xlink:type="arc" xlink:arcrole="http://xbrl.org/arcrole/2008/element-label" xlink:from="loc_eba_c19773" xlink:to="label_eba_c19773_1" />
    <label:label xlink:type="resource" xlink:label="label_eba_c19774_1" xml:lang="en" xlink:role="http://www.eba.europa.eu/xbrl/role/dpm-db-id">19774</label:label>
    <gen:arc xlink:type="arc" xlink:arcrole="http://xbrl.org/arcrole/2008/element-label" xlink:from="loc_eba_c19774" xlink:to="label_eba_c19774_1" />
    <label:label xlink:type="resource" xlink:label="label_eba_c19775_1" xml:lang="en" xlink:role="http://www.eba.europa.eu/xbrl/role/dpm-db-id">19775</label:label>
    <gen:arc xlink:type="arc" xlink:arcrole="http://xbrl.org/arcrole/2008/element-label" xlink:from="loc_eba_c19775" xlink:to="label_eba_c19775_1" />
    <label:label xlink:type="resource" xlink:label="label_eba_c19776_1" xml:lang="en" xlink:role="http://www.eba.europa.eu/xbrl/role/dpm-db-id">19776</label:label>
    <gen:arc xlink:type="arc" xlink:arcrole="http://xbrl.org/arcrole/2008/element-label" xlink:from="loc_eba_c19776" xlink:to="label_eba_c19776_1" />
    <label:label xlink:type="resource" xlink:label="label_eba_c19777_1" xml:lang="en" xlink:role="http://www.eba.europa.eu/xbrl/role/dpm-db-id">19777</label:label>
    <gen:arc xlink:type="arc" xlink:arcrole="http://xbrl.org/arcrole/2008/element-label" xlink:from="loc_eba_c19777" xlink:to="label_eba_c19777_1" />
    <label:label xlink:type="resource" xlink:label="label_eba_c19778_1" xml:lang="en" xlink:role="http://www.eba.europa.eu/xbrl/role/dpm-db-id">19778</label:label>
    <gen:arc xlink:type="arc" xlink:arcrole="http://xbrl.org/arcrole/2008/element-label" xlink:from="loc_eba_c19778" xlink:to="label_eba_c19778_1" />
    <label:label xlink:type="resource" xlink:label="label_eba_c19779_1" xml:lang="en" xlink:role="http://www.eba.europa.eu/xbrl/role/dpm-db-id">19779</label:label>
    <gen:arc xlink:type="arc" xlink:arcrole="http://xbrl.org/arcrole/2008/element-label" xlink:from="loc_eba_c19779" xlink:to="label_eba_c19779_1" />
    <label:label xlink:type="resource" xlink:label="label_eba_c19780_1" xml:lang="en" xlink:role="http://www.eba.europa.eu/xbrl/role/dpm-db-id">19780</label:label>
    <gen:arc xlink:type="arc" xlink:arcrole="http://xbrl.org/arcrole/2008/element-label" xlink:from="loc_eba_c19780" xlink:to="label_eba_c19780_1" />
    <label:label xlink:type="resource" xlink:label="label_eba_c19781_1" xml:lang="en" xlink:role="http://www.eba.europa.eu/xbrl/role/dpm-db-id">19781</label:label>
    <gen:arc xlink:type="arc" xlink:arcrole="http://xbrl.org/arcrole/2008/element-label" xlink:from="loc_eba_c19781" xlink:to="label_eba_c19781_1" />
    <label:label xlink:type="resource" xlink:label="label_eba_c19782_1" xml:lang="en" xlink:role="http://www.eba.europa.eu/xbrl/role/dpm-db-id">19782</label:label>
    <gen:arc xlink:type="arc" xlink:arcrole="http://xbrl.org/arcrole/2008/element-label" xlink:from="loc_eba_c19782" xlink:to="label_eba_c19782_1" />
    <label:label xlink:type="resource" xlink:label="label_eba_c19783_1" xml:lang="en" xlink:role="http://www.eba.europa.eu/xbrl/role/dpm-db-id">19783</label:label>
    <gen:arc xlink:type="arc" xlink:arcrole="http://xbrl.org/arcrole/2008/element-label" xlink:from="loc_eba_c19783" xlink:to="label_eba_c19783_1" />
    <label:label xlink:type="resource" xlink:label="label_eba_c19784_1" xml:lang="en" xlink:role="http://www.eba.europa.eu/xbrl/role/dpm-db-id">19784</label:label>
    <gen:arc xlink:type="arc" xlink:arcrole="http://xbrl.org/arcrole/2008/element-label" xlink:from="loc_eba_c19784" xlink:to="label_eba_c19784_1" />
    <label:label xlink:type="resource" xlink:label="label_eba_c19785_1" xml:lang="en" xlink:role="http://www.eba.europa.eu/xbrl/role/dpm-db-id">19785</label:label>
    <gen:arc xlink:type="arc" xlink:arcrole="http://xbrl.org/arcrole/2008/element-label" xlink:from="loc_eba_c19785" xlink:to="label_eba_c19785_1" />
    <label:label xlink:type="resource" xlink:label="label_eba_c19786_1" xml:lang="en" xlink:role="http://www.eba.europa.eu/xbrl/role/dpm-db-id">19786</label:label>
    <gen:arc xlink:type="arc" xlink:arcrole="http://xbrl.org/arcrole/2008/element-label" xlink:from="loc_eba_c19786" xlink:to="label_eba_c19786_1" />
    <label:label xlink:type="resource" xlink:label="label_eba_c19787_1" xml:lang="en" xlink:role="http://www.eba.europa.eu/xbrl/role/dpm-db-id">19787</label:label>
    <gen:arc xlink:type="arc" xlink:arcrole="http://xbrl.org/arcrole/2008/element-label" xlink:from="loc_eba_c19787" xlink:to="label_eba_c19787_1" />
    <label:label xlink:type="resource" xlink:label="label_eba_c19788_1" xml:lang="en" xlink:role="http://www.eba.europa.eu/xbrl/role/dpm-db-id">19788</label:label>
    <gen:arc xlink:type="arc" xlink:arcrole="http://xbrl.org/arcrole/2008/element-label" xlink:from="loc_eba_c19788" xlink:to="label_eba_c19788_1" />
    <label:label xlink:type="resource" xlink:label="label_eba_c19789_1" xml:lang="en" xlink:role="http://www.eba.europa.eu/xbrl/role/dpm-db-id">19789</label:label>
    <gen:arc xlink:type="arc" xlink:arcrole="http://xbrl.org/arcrole/2008/element-label" xlink:from="loc_eba_c19789" xlink:to="label_eba_c19789_1" />
    <label:label xlink:type="resource" xlink:label="label_eba_c19790_1" xml:lang="en" xlink:role="http://www.eba.europa.eu/xbrl/role/dpm-db-id">19790</label:label>
    <gen:arc xlink:type="arc" xlink:arcrole="http://xbrl.org/arcrole/2008/element-label" xlink:from="loc_eba_c19790" xlink:to="label_eba_c19790_1" />
    <label:label xlink:type="resource" xlink:label="label_eba_c19791_1" xml:lang="en" xlink:role="http://www.eba.europa.eu/xbrl/role/dpm-db-id">19791</label:label>
    <gen:arc xlink:type="arc" xlink:arcrole="http://xbrl.org/arcrole/2008/element-label" xlink:from="loc_eba_c19791" xlink:to="label_eba_c19791_1" />
    <label:label xlink:type="resource" xlink:label="label_eba_c19792_1" xml:lang="en" xlink:role="http://www.eba.europa.eu/xbrl/role/dpm-db-id">19792</label:label>
    <gen:arc xlink:type="arc" xlink:arcrole="http://xbrl.org/arcrole/2008/element-label" xlink:from="loc_eba_c19792" xlink:to="label_eba_c19792_1" />
    <label:label xlink:type="resource" xlink:label="label_eba_c19793_1" xml:lang="en" xlink:role="http://www.eba.europa.eu/xbrl/role/dpm-db-id">19793</label:label>
    <gen:arc xlink:type="arc" xlink:arcrole="http://xbrl.org/arcrole/2008/element-label" xlink:from="loc_eba_c19793" xlink:to="label_eba_c19793_1" />
    <label:label xlink:type="resource" xlink:label="label_eba_c19794_1" xml:lang="en" xlink:role="http://www.eba.europa.eu/xbrl/role/dpm-db-id">19794</label:label>
    <gen:arc xlink:type="arc" xlink:arcrole="http://xbrl.org/arcrole/2008/element-label" xlink:from="loc_eba_c19794" xlink:to="label_eba_c19794_1" />
    <label:label xlink:type="resource" xlink:label="label_eba_c19795_1" xml:lang="en" xlink:role="http://www.eba.europa.eu/xbrl/role/dpm-db-id">19795</label:label>
    <gen:arc xlink:type="arc" xlink:arcrole="http://xbrl.org/arcrole/2008/element-label" xlink:from="loc_eba_c19795" xlink:to="label_eba_c19795_1" />
    <label:label xlink:type="resource" xlink:label="label_eba_c19796_1" xml:lang="en" xlink:role="http://www.eba.europa.eu/xbrl/role/dpm-db-id">19796</label:label>
    <gen:arc xlink:type="arc" xlink:arcrole="http://xbrl.org/arcrole/2008/element-label" xlink:from="loc_eba_c19796" xlink:to="label_eba_c19796_1" />
    <label:label xlink:type="resource" xlink:label="label_eba_c19797_1" xml:lang="en" xlink:role="http://www.eba.europa.eu/xbrl/role/dpm-db-id">19797</label:label>
    <gen:arc xlink:type="arc" xlink:arcrole="http://xbrl.org/arcrole/2008/element-label" xlink:from="loc_eba_c19797" xlink:to="label_eba_c19797_1" />
    <label:label xlink:type="resource" xlink:label="label_eba_c19798_1" xml:lang="en" xlink:role="http://www.eba.europa.eu/xbrl/role/dpm-db-id">19798</label:label>
    <gen:arc xlink:type="arc" xlink:arcrole="http://xbrl.org/arcrole/2008/element-label" xlink:from="loc_eba_c19798" xlink:to="label_eba_c19798_1" />
    <label:label xlink:type="resource" xlink:label="label_eba_c19799_1" xml:lang="en" xlink:role="http://www.eba.europa.eu/xbrl/role/dpm-db-id">19799</label:label>
    <gen:arc xlink:type="arc" xlink:arcrole="http://xbrl.org/arcrole/2008/element-label" xlink:from="loc_eba_c19799" xlink:to="label_eba_c19799_1" />
    <label:label xlink:type="resource" xlink:label="label_eba_c19800_1" xml:lang="en" xlink:role="http://www.eba.europa.eu/xbrl/role/dpm-db-id">19800</label:label>
    <gen:arc xlink:type="arc" xlink:arcrole="http://xbrl.org/arcrole/2008/element-label" xlink:from="loc_eba_c19800" xlink:to="label_eba_c19800_1" />
    <label:label xlink:type="resource" xlink:label="label_eba_c19801_1" xml:lang="en" xlink:role="http://www.eba.europa.eu/xbrl/role/dpm-db-id">19801</label:label>
    <gen:arc xlink:type="arc" xlink:arcrole="http://xbrl.org/arcrole/2008/element-label" xlink:from="loc_eba_c19801" xlink:to="label_eba_c19801_1" />
    <label:label xlink:type="resource" xlink:label="label_eba_c19802_1" xml:lang="en" xlink:role="http://www.eba.europa.eu/xbrl/role/dpm-db-id">19802</label:label>
    <gen:arc xlink:type="arc" xlink:arcrole="http://xbrl.org/arcrole/2008/element-label" xlink:from="loc_eba_c19802" xlink:to="label_eba_c19802_1" />
    <label:label xlink:type="resource" xlink:label="label_eba_c19803_1" xml:lang="en" xlink:role="http://www.eba.europa.eu/xbrl/role/dpm-db-id">19803</label:label>
    <gen:arc xlink:type="arc" xlink:arcrole="http://xbrl.org/arcrole/2008/element-label" xlink:from="loc_eba_c19803" xlink:to="label_eba_c19803_1" />
    <label:label xlink:type="resource" xlink:label="label_eba_c19804_1" xml:lang="en" xlink:role="http://www.eba.europa.eu/xbrl/role/dpm-db-id">19804</label:label>
    <gen:arc xlink:type="arc" xlink:arcrole="http://xbrl.org/arcrole/2008/element-label" xlink:from="loc_eba_c19804" xlink:to="label_eba_c19804_1" />
    <label:label xlink:type="resource" xlink:label="label_eba_c19805_1" xml:lang="en" xlink:role="http://www.eba.europa.eu/xbrl/role/dpm-db-id">19805</label:label>
    <gen:arc xlink:type="arc" xlink:arcrole="http://xbrl.org/arcrole/2008/element-label" xlink:from="loc_eba_c19805" xlink:to="label_eba_c19805_1" />
    <label:label xlink:type="resource" xlink:label="label_eba_c19806_1" xml:lang="en" xlink:role="http://www.eba.europa.eu/xbrl/role/dpm-db-id">19806</label:label>
    <gen:arc xlink:type="arc" xlink:arcrole="http://xbrl.org/arcrole/2008/element-label" xlink:from="loc_eba_c19806" xlink:to="label_eba_c19806_1" />
    <label:label xlink:type="resource" xlink:label="label_eba_c19807_1" xml:lang="en" xlink:role="http://www.eba.europa.eu/xbrl/role/dpm-db-id">19807</label:label>
    <gen:arc xlink:type="arc" xlink:arcrole="http://xbrl.org/arcrole/2008/element-label" xlink:from="loc_eba_c19807" xlink:to="label_eba_c19807_1" />
    <label:label xlink:type="resource" xlink:label="label_eba_c19808_1" xml:lang="en" xlink:role="http://www.eba.europa.eu/xbrl/role/dpm-db-id">19808</label:label>
    <gen:arc xlink:type="arc" xlink:arcrole="http://xbrl.org/arcrole/2008/element-label" xlink:from="loc_eba_c19808" xlink:to="label_eba_c19808_1" />
    <label:label xlink:type="resource" xlink:label="label_eba_c19809_1" xml:lang="en" xlink:role="http://www.eba.europa.eu/xbrl/role/dpm-db-id">19809</label:label>
    <gen:arc xlink:type="arc" xlink:arcrole="http://xbrl.org/arcrole/2008/element-label" xlink:from="loc_eba_c19809" xlink:to="label_eba_c19809_1" />
    <label:label xlink:type="resource" xlink:label="label_eba_c19810_1" xml:lang="en" xlink:role="http://www.eba.europa.eu/xbrl/role/dpm-db-id">19810</label:label>
    <gen:arc xlink:type="arc" xlink:arcrole="http://xbrl.org/arcrole/2008/element-label" xlink:from="loc_eba_c19810" xlink:to="label_eba_c19810_1" />
    <label:label xlink:type="resource" xlink:label="label_eba_c19811_1" xml:lang="en" xlink:role="http://www.eba.europa.eu/xbrl/role/dpm-db-id">19811</label:label>
    <gen:arc xlink:type="arc" xlink:arcrole="http://xbrl.org/arcrole/2008/element-label" xlink:from="loc_eba_c19811" xlink:to="label_eba_c19811_1" />
    <label:label xlink:type="resource" xlink:label="label_eba_c19812_1" xml:lang="en" xlink:role="http://www.eba.europa.eu/xbrl/role/dpm-db-id">19812</label:label>
    <gen:arc xlink:type="arc" xlink:arcrole="http://xbrl.org/arcrole/2008/element-label" xlink:from="loc_eba_c19812" xlink:to="label_eba_c19812_1" />
  </gen:link>
</link:linkbase>