﻿<?xml version="1.0" encoding="utf-8"?>
<?taxonomy-version 2.0.0?>
<!--(C) EBA-->
<link:linkbase xmlns:xsi="http://www.w3.org/2001/XMLSchema-instance" xmlns:xlink="http://www.w3.org/1999/xlink" xmlns:link="http://www.xbrl.org/2003/linkbase" xmlns:gen="http://xbrl.org/2008/generic" xmlns:label="http://xbrl.org/2008/label" xmlns:formula="http://xbrl.org/2008/formula" xmlns:df="http://xbrl.org/2008/filter/dimension" xmlns:table="http://xbrl.org/PWD/2013-05-17/table" xmlns:model="http://www.eurofiling.info/xbrl/ext/model" xmlns:eba_dim="http://www.eba.europa.eu/xbrl/crr/dict/dim" xmlns:eba_BA="http://www.eba.europa.eu/xbrl/crr/dict/dom/BA" xmlns:eba_TR="http://www.eba.europa.eu/xbrl/crr/dict/dom/TR" xmlns:eba_met="http://www.eba.europa.eu/xbrl/crr/dict/met" xmlns:eba_PU="http://www.eba.europa.eu/xbrl/crr/dict/dom/PU" xmlns:eba_CP="http://www.eba.europa.eu/xbrl/crr/dict/dom/CP" xmlns:eba_PC="http://www.eba.europa.eu/xbrl/crr/dict/dom/PC" xmlns:eba_ER="http://www.eba.europa.eu/xbrl/crr/dict/dom/ER" xmlns:eba_MC="http://www.eba.europa.eu/xbrl/crr/dict/dom/MC" xmlns:eba_EC="http://www.eba.europa.eu/xbrl/crr/dict/dom/EC" xmlns:eba_PL="http://www.eba.europa.eu/xbrl/crr/dict/dom/PL" xmlns:eba_AP="http://www.eba.europa.eu/xbrl/crr/dict/dom/AP" xmlns:eba_CT="http://www.eba.europa.eu/xbrl/crr/dict/dom/CT" xsi:schemaLocation="http://www.xbrl.org/2003/linkbase http://www.xbrl.org/2003/xbrl-linkbase-2003-12-31.xsd http://xbrl.org/2008/generic http://www.xbrl.org/2008/generic-link.xsd http://xbrl.org/2008/label http://www.xbrl.org/2008/generic-label.xsd http://xbrl.org/2008/formula http://www.xbrl.org/2008/formula.xsd http://xbrl.org/2008/filter/dimension http://www.xbrl.org/2008/dimension-filter.xsd http://xbrl.org/PWD/2013-05-17/table http://www.xbrl.org/PWD/2013-05-17/table.xsd http://www.eurofiling.info/xbrl/ext/model http://www.eurofiling.info/eu/fr/xbrl/ext/model.xsd">
  <link:arcroleRef arcroleURI="http://xbrl.org/arcrole/PWD/2013-05-17/breakdown-tree" xlink:type="simple" xlink:href="http://www.xbrl.org/PWD/2013-05-17/table.xsd#breakdown-tree" />
  <link:arcroleRef arcroleURI="http://xbrl.org/arcrole/PWD/2013-05-17/definition-node-subtree" xlink:type="simple" xlink:href="http://www.xbrl.org/PWD/2013-05-17/table.xsd#definition-node-subtree" />
  <link:arcroleRef arcroleURI="http://xbrl.org/arcrole/PWD/2013-05-17/table-breakdown" xlink:type="simple" xlink:href="http://www.xbrl.org/PWD/2013-05-17/table.xsd#table-breakdown" />
  <link:roleRef roleURI="http://www.eba.europa.eu/xbrl/crr/role/fws/COREP/ITS-2013-02/2013-12-01/tab/C_07.00.c" xlink:type="simple" xlink:href="c_07.00.c.xsd#role" />
  <gen:link xlink:type="extended" xlink:role="http://www.eba.europa.eu/xbrl/crr/role/fws/COREP/ITS-2013-02/2013-12-01/tab/C_07.00.c">
    <table:table xlink:type="resource" xlink:label="eba_tC_07.00.c" aspectModel="dimensional" id="eba_tC_07.00.c" />
    <table:breakdown xlink:type="resource" xlink:label="eba_a1" parentChildOrder="parent-first" id="eba_a1" />
    <table:ruleNode xlink:type="resource" xlink:label="eba_a1.root" abstract="true" id="eba_a1.root">
      <formula:explicitDimension dimension="eba_dim:BAS">
        <formula:member>
          <formula:qname>eba_BA:x9</formula:qname>
        </formula:member>
      </formula:explicitDimension>
      <formula:explicitDimension dimension="eba_dim:TRI">
        <formula:member>
          <formula:qname>eba_TR:x4</formula:qname>
        </formula:member>
      </formula:explicitDimension>
    </table:ruleNode>
    <table:breakdownTreeArc xlink:type="arc" xlink:arcrole="http://xbrl.org/arcrole/PWD/2013-05-17/breakdown-tree" xlink:from="eba_a1" xlink:to="eba_a1.root" order="0" />
    <table:ruleNode xlink:type="resource" xlink:label="eba_c19772" id="eba_c19772">
      <formula:concept>
        <formula:qname>eba_met:mi180</formula:qname>
      </formula:concept>
    </table:ruleNode>
    <table:ruleNode xlink:type="resource" xlink:label="eba_c19773" id="eba_c19773">
      <formula:concept>
        <formula:qname>eba_met:mi180</formula:qname>
      </formula:concept>
      <formula:explicitDimension dimension="eba_dim:PUR">
        <formula:member>
          <formula:qname>eba_PU:x17</formula:qname>
        </formula:member>
      </formula:explicitDimension>
    </table:ruleNode>
    <table:definitionNodeSubtreeArc xlink:type="arc" xlink:arcrole="http://xbrl.org/arcrole/PWD/2013-05-17/definition-node-subtree" xlink:from="eba_c19772" xlink:to="eba_c19773" order="1" />
    <table:definitionNodeSubtreeArc xlink:type="arc" xlink:arcrole="http://xbrl.org/arcrole/PWD/2013-05-17/definition-node-subtree" xlink:from="eba_a1.root" xlink:to="eba_c19772" order="1" />
    <table:ruleNode xlink:type="resource" xlink:label="eba_c19774" id="eba_c19774">
      <formula:concept>
        <formula:qname>eba_met:mi253</formula:qname>
      </formula:concept>
    </table:ruleNode>
    <table:definitionNodeSubtreeArc xlink:type="arc" xlink:arcrole="http://xbrl.org/arcrole/PWD/2013-05-17/definition-node-subtree" xlink:from="eba_a1.root" xlink:to="eba_c19774" order="2" />
    <table:ruleNode xlink:type="resource" xlink:label="eba_c19775" id="eba_c19775">
      <formula:concept>
        <formula:qname>eba_met:mi118</formula:qname>
      </formula:concept>
    </table:ruleNode>
    <table:definitionNodeSubtreeArc xlink:type="arc" xlink:arcrole="http://xbrl.org/arcrole/PWD/2013-05-17/definition-node-subtree" xlink:from="eba_a1.root" xlink:to="eba_c19775" order="3" />
    <table:ruleNode xlink:type="resource" xlink:label="eba_c19776" abstract="true" id="eba_c19776" />
    <table:ruleNode xlink:type="resource" xlink:label="eba_c19777" abstract="true" id="eba_c19777" />
    <table:ruleNode xlink:type="resource" xlink:label="eba_c19778" id="eba_c19778">
      <formula:concept>
        <formula:qname>eba_met:mi96</formula:qname>
      </formula:concept>
      <formula:explicitDimension dimension="eba_dim:CRM">
        <formula:member>
          <formula:qname>eba_CP:x22</formula:qname>
        </formula:member>
      </formula:explicitDimension>
    </table:ruleNode>
    <table:definitionNodeSubtreeArc xlink:type="arc" xlink:arcrole="http://xbrl.org/arcrole/PWD/2013-05-17/definition-node-subtree" xlink:from="eba_c19777" xlink:to="eba_c19778" order="1" />
    <table:ruleNode xlink:type="resource" xlink:label="eba_c19779" id="eba_c19779">
      <formula:concept>
        <formula:qname>eba_met:mi94</formula:qname>
      </formula:concept>
      <formula:explicitDimension dimension="eba_dim:CRM">
        <formula:member>
          <formula:qname>eba_CP:x3</formula:qname>
        </formula:member>
      </formula:explicitDimension>
    </table:ruleNode>
    <table:definitionNodeSubtreeArc xlink:type="arc" xlink:arcrole="http://xbrl.org/arcrole/PWD/2013-05-17/definition-node-subtree" xlink:from="eba_c19777" xlink:to="eba_c19779" order="2" />
    <table:definitionNodeSubtreeArc xlink:type="arc" xlink:arcrole="http://xbrl.org/arcrole/PWD/2013-05-17/definition-node-subtree" xlink:from="eba_c19776" xlink:to="eba_c19777" order="1" />
    <table:ruleNode xlink:type="resource" xlink:label="eba_c19780" abstract="true" id="eba_c19780" />
    <table:ruleNode xlink:type="resource" xlink:label="eba_c19781" id="eba_c19781">
      <formula:concept>
        <formula:qname>eba_met:mi95</formula:qname>
      </formula:concept>
      <formula:explicitDimension dimension="eba_dim:CRM">
        <formula:member>
          <formula:qname>eba_CP:x13</formula:qname>
        </formula:member>
      </formula:explicitDimension>
    </table:ruleNode>
    <table:definitionNodeSubtreeArc xlink:type="arc" xlink:arcrole="http://xbrl.org/arcrole/PWD/2013-05-17/definition-node-subtree" xlink:from="eba_c19780" xlink:to="eba_c19781" order="1" />
    <table:ruleNode xlink:type="resource" xlink:label="eba_c19782" id="eba_c19782">
      <formula:concept>
        <formula:qname>eba_met:mi97</formula:qname>
      </formula:concept>
      <formula:explicitDimension dimension="eba_dim:CRM">
        <formula:member>
          <formula:qname>eba_CP:x19</formula:qname>
        </formula:member>
      </formula:explicitDimension>
    </table:ruleNode>
    <table:definitionNodeSubtreeArc xlink:type="arc" xlink:arcrole="http://xbrl.org/arcrole/PWD/2013-05-17/definition-node-subtree" xlink:from="eba_c19780" xlink:to="eba_c19782" order="2" />
    <table:definitionNodeSubtreeArc xlink:type="arc" xlink:arcrole="http://xbrl.org/arcrole/PWD/2013-05-17/definition-node-subtree" xlink:from="eba_c19776" xlink:to="eba_c19780" order="2" />
    <table:ruleNode xlink:type="resource" xlink:label="eba_c19783" abstract="true" id="eba_c19783">
      <formula:explicitDimension dimension="eba_dim:CRM">
        <formula:member>
          <formula:qname>eba_CP:x10</formula:qname>
        </formula:member>
      </formula:explicitDimension>
    </table:ruleNode>
    <table:ruleNode xlink:type="resource" xlink:label="eba_c19784" id="eba_c19784">
      <formula:concept>
        <formula:qname>eba_met:mi100</formula:qname>
      </formula:concept>
    </table:ruleNode>
    <table:definitionNodeSubtreeArc xlink:type="arc" xlink:arcrole="http://xbrl.org/arcrole/PWD/2013-05-17/definition-node-subtree" xlink:from="eba_c19783" xlink:to="eba_c19784" order="1" />
    <table:ruleNode xlink:type="resource" xlink:label="eba_c19785" id="eba_c19785">
      <formula:concept>
        <formula:qname>eba_met:mi88</formula:qname>
      </formula:concept>
    </table:ruleNode>
    <table:definitionNodeSubtreeArc xlink:type="arc" xlink:arcrole="http://xbrl.org/arcrole/PWD/2013-05-17/definition-node-subtree" xlink:from="eba_c19783" xlink:to="eba_c19785" order="2" />
    <table:definitionNodeSubtreeArc xlink:type="arc" xlink:arcrole="http://xbrl.org/arcrole/PWD/2013-05-17/definition-node-subtree" xlink:from="eba_c19776" xlink:to="eba_c19783" order="3" />
    <table:definitionNodeSubtreeArc xlink:type="arc" xlink:arcrole="http://xbrl.org/arcrole/PWD/2013-05-17/definition-node-subtree" xlink:from="eba_a1.root" xlink:to="eba_c19776" order="4" />
    <table:ruleNode xlink:type="resource" xlink:label="eba_c19786" id="eba_c19786">
      <formula:concept>
        <formula:qname>eba_met:mi117</formula:qname>
      </formula:concept>
    </table:ruleNode>
    <table:definitionNodeSubtreeArc xlink:type="arc" xlink:arcrole="http://xbrl.org/arcrole/PWD/2013-05-17/definition-node-subtree" xlink:from="eba_a1.root" xlink:to="eba_c19786" order="5" />
    <table:ruleNode xlink:type="resource" xlink:label="eba_c19787" abstract="true" id="eba_c19787">
      <formula:explicitDimension dimension="eba_dim:CRM">
        <formula:member>
          <formula:qname>eba_CP:x6</formula:qname>
        </formula:member>
      </formula:explicitDimension>
    </table:ruleNode>
    <table:ruleNode xlink:type="resource" xlink:label="eba_c19788" id="eba_c19788">
      <formula:concept>
        <formula:qname>eba_met:mi101</formula:qname>
      </formula:concept>
    </table:ruleNode>
    <table:definitionNodeSubtreeArc xlink:type="arc" xlink:arcrole="http://xbrl.org/arcrole/PWD/2013-05-17/definition-node-subtree" xlink:from="eba_c19787" xlink:to="eba_c19788" order="1" />
    <table:ruleNode xlink:type="resource" xlink:label="eba_c19789" id="eba_c19789">
      <formula:concept>
        <formula:qname>eba_met:mi90</formula:qname>
      </formula:concept>
    </table:ruleNode>
    <table:ruleNode xlink:type="resource" xlink:label="eba_c19790" id="eba_c19790">
      <formula:concept>
        <formula:qname>eba_met:mi102</formula:qname>
      </formula:concept>
    </table:ruleNode>
    <table:definitionNodeSubtreeArc xlink:type="arc" xlink:arcrole="http://xbrl.org/arcrole/PWD/2013-05-17/definition-node-subtree" xlink:from="eba_c19789" xlink:to="eba_c19790" order="1" />
    <table:definitionNodeSubtreeArc xlink:type="arc" xlink:arcrole="http://xbrl.org/arcrole/PWD/2013-05-17/definition-node-subtree" xlink:from="eba_c19787" xlink:to="eba_c19789" order="2" />
    <table:definitionNodeSubtreeArc xlink:type="arc" xlink:arcrole="http://xbrl.org/arcrole/PWD/2013-05-17/definition-node-subtree" xlink:from="eba_a1.root" xlink:to="eba_c19787" order="6" />
    <table:ruleNode xlink:type="resource" xlink:label="eba_c19791" id="eba_c19791">
      <formula:concept>
        <formula:qname>eba_met:mi132</formula:qname>
      </formula:concept>
    </table:ruleNode>
    <table:definitionNodeSubtreeArc xlink:type="arc" xlink:arcrole="http://xbrl.org/arcrole/PWD/2013-05-17/definition-node-subtree" xlink:from="eba_a1.root" xlink:to="eba_c19791" order="7" />
    <table:ruleNode xlink:type="resource" xlink:label="eba_c19792" abstract="true" id="eba_c19792" />
    <table:ruleNode xlink:type="resource" xlink:label="eba_c19793" id="eba_c19793">
      <formula:concept>
        <formula:qname>eba_met:mi132</formula:qname>
      </formula:concept>
      <formula:explicitDimension dimension="eba_dim:CFO">
        <formula:member>
          <formula:qname>eba_PC:x1</formula:qname>
        </formula:member>
      </formula:explicitDimension>
    </table:ruleNode>
    <table:definitionNodeSubtreeArc xlink:type="arc" xlink:arcrole="http://xbrl.org/arcrole/PWD/2013-05-17/definition-node-subtree" xlink:from="eba_c19792" xlink:to="eba_c19793" order="1" />
    <table:ruleNode xlink:type="resource" xlink:label="eba_c19794" id="eba_c19794">
      <formula:concept>
        <formula:qname>eba_met:mi132</formula:qname>
      </formula:concept>
      <formula:explicitDimension dimension="eba_dim:CFO">
        <formula:member>
          <formula:qname>eba_PC:x8</formula:qname>
        </formula:member>
      </formula:explicitDimension>
    </table:ruleNode>
    <table:definitionNodeSubtreeArc xlink:type="arc" xlink:arcrole="http://xbrl.org/arcrole/PWD/2013-05-17/definition-node-subtree" xlink:from="eba_c19792" xlink:to="eba_c19794" order="2" />
    <table:ruleNode xlink:type="resource" xlink:label="eba_c19795" id="eba_c19795">
      <formula:concept>
        <formula:qname>eba_met:mi132</formula:qname>
      </formula:concept>
      <formula:explicitDimension dimension="eba_dim:CFO">
        <formula:member>
          <formula:qname>eba_PC:x10</formula:qname>
        </formula:member>
      </formula:explicitDimension>
    </table:ruleNode>
    <table:definitionNodeSubtreeArc xlink:type="arc" xlink:arcrole="http://xbrl.org/arcrole/PWD/2013-05-17/definition-node-subtree" xlink:from="eba_c19792" xlink:to="eba_c19795" order="3" />
    <table:ruleNode xlink:type="resource" xlink:label="eba_c19796" id="eba_c19796">
      <formula:concept>
        <formula:qname>eba_met:mi132</formula:qname>
      </formula:concept>
      <formula:explicitDimension dimension="eba_dim:CFO">
        <formula:member>
          <formula:qname>eba_PC:x14</formula:qname>
        </formula:member>
      </formula:explicitDimension>
    </table:ruleNode>
    <table:definitionNodeSubtreeArc xlink:type="arc" xlink:arcrole="http://xbrl.org/arcrole/PWD/2013-05-17/definition-node-subtree" xlink:from="eba_c19792" xlink:to="eba_c19796" order="4" />
    <table:definitionNodeSubtreeArc xlink:type="arc" xlink:arcrole="http://xbrl.org/arcrole/PWD/2013-05-17/definition-node-subtree" xlink:from="eba_a1.root" xlink:to="eba_c19792" order="8" />
    <table:ruleNode xlink:type="resource" xlink:label="eba_c19797" id="eba_c19797">
      <formula:concept>
        <formula:qname>eba_met:mi125</formula:qname>
      </formula:concept>
    </table:ruleNode>
    <table:ruleNode xlink:type="resource" xlink:label="eba_c19798" id="eba_c19798">
      <formula:concept>
        <formula:qname>eba_met:mi119</formula:qname>
      </formula:concept>
      <formula:explicitDimension dimension="eba_dim:TRI">
        <formula:member>
          <formula:qname>eba_TR:x1</formula:qname>
        </formula:member>
      </formula:explicitDimension>
    </table:ruleNode>
    <table:definitionNodeSubtreeArc xlink:type="arc" xlink:arcrole="http://xbrl.org/arcrole/PWD/2013-05-17/definition-node-subtree" xlink:from="eba_c19797" xlink:to="eba_c19798" order="1" />
    <table:definitionNodeSubtreeArc xlink:type="arc" xlink:arcrole="http://xbrl.org/arcrole/PWD/2013-05-17/definition-node-subtree" xlink:from="eba_a1.root" xlink:to="eba_c19797" order="9" />
    <table:ruleNode xlink:type="resource" xlink:label="eba_c19799" id="eba_c19799">
      <formula:concept>
        <formula:qname>eba_met:mi309</formula:qname>
      </formula:concept>
    </table:ruleNode>
    <table:definitionNodeSubtreeArc xlink:type="arc" xlink:arcrole="http://xbrl.org/arcrole/PWD/2013-05-17/definition-node-subtree" xlink:from="eba_a1.root" xlink:to="eba_c19799" order="10" />
    <table:ruleNode xlink:type="resource" xlink:label="eba_c19800" id="eba_c19800">
      <formula:concept>
        <formula:qname>eba_met:mi310</formula:qname>
      </formula:concept>
    </table:ruleNode>
    <table:ruleNode xlink:type="resource" xlink:label="eba_c19801" id="eba_c19801">
      <formula:concept>
        <formula:qname>eba_met:mi310</formula:qname>
      </formula:concept>
      <formula:explicitDimension dimension="eba_dim:EXT">
        <formula:member>
          <formula:qname>eba_ER:x7</formula:qname>
        </formula:member>
      </formula:explicitDimension>
    </table:ruleNode>
    <table:definitionNodeSubtreeArc xlink:type="arc" xlink:arcrole="http://xbrl.org/arcrole/PWD/2013-05-17/definition-node-subtree" xlink:from="eba_c19800" xlink:to="eba_c19801" order="1" />
    <table:ruleNode xlink:type="resource" xlink:label="eba_c19802" id="eba_c19802">
      <formula:concept>
        <formula:qname>eba_met:mi310</formula:qname>
      </formula:concept>
      <formula:explicitDimension dimension="eba_dim:EXT">
        <formula:member>
          <formula:qname>eba_ER:x10</formula:qname>
        </formula:member>
      </formula:explicitDimension>
    </table:ruleNode>
    <table:definitionNodeSubtreeArc xlink:type="arc" xlink:arcrole="http://xbrl.org/arcrole/PWD/2013-05-17/definition-node-subtree" xlink:from="eba_c19800" xlink:to="eba_c19802" order="2" />
    <table:definitionNodeSubtreeArc xlink:type="arc" xlink:arcrole="http://xbrl.org/arcrole/PWD/2013-05-17/definition-node-subtree" xlink:from="eba_a1.root" xlink:to="eba_c19800" order="11" />
    <table:tableBreakdownArc xlink:type="arc" xlink:arcrole="http://xbrl.org/arcrole/PWD/2013-05-17/table-breakdown" xlink:from="eba_tC_07.00.c" xlink:to="eba_a1" axis="x" order="1" />
    <table:breakdown xlink:type="resource" xlink:label="eba_a2" parentChildOrder="parent-first" id="eba_a2" />
    <table:ruleNode xlink:type="resource" xlink:label="eba_a2.root" abstract="true" id="eba_a2.root">
      <formula:explicitDimension dimension="eba_dim:MCY">
        <formula:member>
          <formula:qname>eba_MC:x195</formula:qname>
        </formula:member>
      </formula:explicitDimension>
      <formula:explicitDimension dimension="eba_dim:EXC">
        <formula:member>
          <formula:qname>eba_EC:x15</formula:qname>
        </formula:member>
      </formula:explicitDimension>
      <formula:explicitDimension dimension="eba_dim:PRP">
        <formula:member>
          <formula:qname>eba_PL:x11</formula:qname>
        </formula:member>
      </formula:explicitDimension>
    </table:ruleNode>
    <table:breakdownTreeArc xlink:type="arc" xlink:arcrole="http://xbrl.org/arcrole/PWD/2013-05-17/breakdown-tree" xlink:from="eba_a2" xlink:to="eba_a2.root" order="0" />
    <table:ruleNode xlink:type="resource" xlink:label="eba_c19803" abstract="true" id="eba_c19803" />
    <table:ruleNode xlink:type="resource" xlink:label="eba_c19804" id="eba_c19804">
      <formula:explicitDimension dimension="eba_dim:TCP">
        <formula:member>
          <formula:qname>eba_CP:x27</formula:qname>
        </formula:member>
      </formula:explicitDimension>
    </table:ruleNode>
    <table:definitionNodeSubtreeArc xlink:type="arc" xlink:arcrole="http://xbrl.org/arcrole/PWD/2013-05-17/definition-node-subtree" xlink:from="eba_c19803" xlink:to="eba_c19804" order="1" />
    <table:ruleNode xlink:type="resource" xlink:label="eba_c19805" id="eba_c19805">
      <formula:explicitDimension dimension="eba_dim:TCP">
        <formula:member>
          <formula:qname>eba_CP:x26</formula:qname>
        </formula:member>
      </formula:explicitDimension>
    </table:ruleNode>
    <table:definitionNodeSubtreeArc xlink:type="arc" xlink:arcrole="http://xbrl.org/arcrole/PWD/2013-05-17/definition-node-subtree" xlink:from="eba_c19803" xlink:to="eba_c19805" order="2" />
    <table:definitionNodeSubtreeArc xlink:type="arc" xlink:arcrole="http://xbrl.org/arcrole/PWD/2013-05-17/definition-node-subtree" xlink:from="eba_a2.root" xlink:to="eba_c19803" order="1" />
    <table:tableBreakdownArc xlink:type="arc" xlink:arcrole="http://xbrl.org/arcrole/PWD/2013-05-17/table-breakdown" xlink:from="eba_tC_07.00.c" xlink:to="eba_a2" axis="y" order="2" />
    <table:breakdown xlink:type="resource" xlink:label="eba_a3" parentChildOrder="parent-first" id="eba_a3" />
    <table:ruleNode xlink:type="resource" xlink:label="eba_a3.root" abstract="true" id="eba_a3.root">
      <formula:explicitDimension dimension="eba_dim:APR">
        <formula:member>
          <formula:qname>eba_AP:x42</formula:qname>
        </formula:member>
      </formula:explicitDimension>
    </table:ruleNode>
    <table:breakdownTreeArc xlink:type="arc" xlink:arcrole="http://xbrl.org/arcrole/PWD/2013-05-17/breakdown-tree" xlink:from="eba_a3" xlink:to="eba_a3.root" order="0" />
    <table:ruleNode xlink:type="resource" xlink:label="eba_c19806" id="eba_c19806" />
    <table:definitionNodeSubtreeArc xlink:type="arc" xlink:arcrole="http://xbrl.org/arcrole/PWD/2013-05-17/definition-node-subtree" xlink:from="eba_a3.root" xlink:to="eba_c19806" order="1" />
    <table:ruleNode xlink:type="resource" xlink:label="eba_c19807" id="eba_c19807">
      <formula:explicitDimension dimension="eba_dim:CPS">
        <formula:member>
          <formula:qname>eba_CT:x2</formula:qname>
        </formula:member>
      </formula:explicitDimension>
      <formula:explicitDimension dimension="eba_dim:ECB">
        <formula:member>
          <formula:qname>eba_EC:x16</formula:qname>
        </formula:member>
      </formula:explicitDimension>
    </table:ruleNode>
    <table:definitionNodeSubtreeArc xlink:type="arc" xlink:arcrole="http://xbrl.org/arcrole/PWD/2013-05-17/definition-node-subtree" xlink:from="eba_a3.root" xlink:to="eba_c19807" order="2" />
    <table:ruleNode xlink:type="resource" xlink:label="eba_c19808" id="eba_c19808">
      <formula:explicitDimension dimension="eba_dim:CPS">
        <formula:member>
          <formula:qname>eba_CT:x16</formula:qname>
        </formula:member>
      </formula:explicitDimension>
      <formula:explicitDimension dimension="eba_dim:ECB">
        <formula:member>
          <formula:qname>eba_EC:x23</formula:qname>
        </formula:member>
      </formula:explicitDimension>
    </table:ruleNode>
    <table:definitionNodeSubtreeArc xlink:type="arc" xlink:arcrole="http://xbrl.org/arcrole/PWD/2013-05-17/definition-node-subtree" xlink:from="eba_a3.root" xlink:to="eba_c19808" order="3" />
    <table:ruleNode xlink:type="resource" xlink:label="eba_c19809" id="eba_c19809">
      <formula:explicitDimension dimension="eba_dim:CPS">
        <formula:member>
          <formula:qname>eba_CT:x19</formula:qname>
        </formula:member>
      </formula:explicitDimension>
      <formula:explicitDimension dimension="eba_dim:ECB">
        <formula:member>
          <formula:qname>eba_EC:x22</formula:qname>
        </formula:member>
      </formula:explicitDimension>
    </table:ruleNode>
    <table:definitionNodeSubtreeArc xlink:type="arc" xlink:arcrole="http://xbrl.org/arcrole/PWD/2013-05-17/definition-node-subtree" xlink:from="eba_a3.root" xlink:to="eba_c19809" order="4" />
    <table:ruleNode xlink:type="resource" xlink:label="eba_c19810" id="eba_c19810">
      <formula:explicitDimension dimension="eba_dim:CPS">
        <formula:member>
          <formula:qname>eba_CT:x6</formula:qname>
        </formula:member>
      </formula:explicitDimension>
      <formula:explicitDimension dimension="eba_dim:ECB">
        <formula:member>
          <formula:qname>eba_EC:x19</formula:qname>
        </formula:member>
      </formula:explicitDimension>
    </table:ruleNode>
    <table:definitionNodeSubtreeArc xlink:type="arc" xlink:arcrole="http://xbrl.org/arcrole/PWD/2013-05-17/definition-node-subtree" xlink:from="eba_a3.root" xlink:to="eba_c19810" order="5" />
    <table:ruleNode xlink:type="resource" xlink:label="eba_c19811" id="eba_c19811">
      <formula:explicitDimension dimension="eba_dim:CPS">
        <formula:member>
          <formula:qname>eba_CT:x51</formula:qname>
        </formula:member>
      </formula:explicitDimension>
      <formula:explicitDimension dimension="eba_dim:ECB">
        <formula:member>
          <formula:qname>eba_EC:x17</formula:qname>
        </formula:member>
      </formula:explicitDimension>
    </table:ruleNode>
    <table:definitionNodeSubtreeArc xlink:type="arc" xlink:arcrole="http://xbrl.org/arcrole/PWD/2013-05-17/definition-node-subtree" xlink:from="eba_a3.root" xlink:to="eba_c19811" order="6" />
    <table:ruleNode xlink:type="resource" xlink:label="eba_c19812" id="eba_c19812">
      <formula:explicitDimension dimension="eba_dim:CPS">
        <formula:member>
          <formula:qname>eba_CT:x22</formula:qname>
        </formula:member>
      </formula:explicitDimension>
      <formula:explicitDimension dimension="eba_dim:ECB">
        <formula:member>
          <formula:qname>eba_EC:x26</formula:qname>
        </formula:member>
      </formula:explicitDimension>
    </table:ruleNode>
    <table:definitionNodeSubtreeArc xlink:type="arc" xlink:arcrole="http://xbrl.org/arcrole/PWD/2013-05-17/definition-node-subtree" xlink:from="eba_a3.root" xlink:to="eba_c19812" order="7" />
    <table:tableBreakdownArc xlink:type="arc" xlink:arcrole="http://xbrl.org/arcrole/PWD/2013-05-17/table-breakdown" xlink:from="eba_tC_07.00.c" xlink:to="eba_a3" axis="z" order="3" />
  </gen:link>
</link:linkbase>