﻿<?xml version="1.0" encoding="utf-8"?>
<?taxonomy-version 2.0.1?>
<!--(C) EBA-->
<link:linkbase xmlns:xsi="http://www.w3.org/2001/XMLSchema-instance" xmlns:xlink="http://www.w3.org/1999/xlink" xmlns:link="http://www.xbrl.org/2003/linkbase" xmlns:gen="http://xbrl.org/2008/generic" xmlns:label="http://xbrl.org/2008/label" xsi:schemaLocation="http://www.xbrl.org/2003/linkbase http://www.xbrl.org/2003/xbrl-linkbase-2003-12-31.xsd http://xbrl.org/2008/generic http://www.xbrl.org/2008/generic-link.xsd http://xbrl.org/2008/label http://www.xbrl.org/2008/generic-label.xsd">
  <link:arcroleRef arcroleURI="http://xbrl.org/arcrole/2008/element-label" xlink:type="simple" xlink:href="http://www.xbrl.org/2008/generic-label.xsd#element-label" />
  <link:roleRef roleURI="http://www.eba.europa.eu/xbrl/role/dpm-db-id" xlink:type="simple" xlink:href="http://www.eba.europa.eu/eu/fr/xbrl/ext/model.xsd#dpm-db-id" />
  <link:roleRef roleURI="http://www.eurofiling.info/xbrl/role/filing-indicator-code" xlink:type="simple" xlink:href="http://www.eurofiling.info/eu/fr/xbrl/ext/model.xsd#filing-indicator-code" />
  <link:roleRef roleURI="http://www.eurofiling.info/xbrl/role/rc-code" xlink:type="simple" xlink:href="http://www.eurofiling.info/eu/fr/xbrl/ext/model.xsd#rc-code" />
  <gen:link xlink:type="extended" xlink:role="http://www.xbrl.org/2003/role/link">
    <link:loc xlink:type="locator" xlink:href="c_10.02-rend.xml#eba_tC_10.02" xlink:label="loc_eba_tC_10.02" />
    <label:label xlink:type="resource" xlink:label="label_eba_tC_10.02" xml:lang="en" xlink:role="http://www.eurofiling.info/xbrl/role/rc-code">C 10.02</label:label>
    <gen:arc xlink:type="arc" xlink:arcrole="http://xbrl.org/arcrole/2008/element-label" xlink:from="loc_eba_tC_10.02" xlink:to="label_eba_tC_10.02" />
    <link:loc xlink:type="locator" xlink:href="c_10.02-rend.xml#eba_c20131" xlink:label="loc_eba_c20131" />
    <label:label xlink:type="resource" xlink:label="label_eba_c20131" xml:lang="en" xlink:role="http://www.eurofiling.info/xbrl/role/rc-code">008</label:label>
    <gen:arc xlink:type="arc" xlink:arcrole="http://xbrl.org/arcrole/2008/element-label" xlink:from="loc_eba_c20131" xlink:to="label_eba_c20131" />
    <link:loc xlink:type="locator" xlink:href="c_10.02-rend.xml#eba_c20132" xlink:label="loc_eba_c20132" />
    <label:label xlink:type="resource" xlink:label="label_eba_c20132" xml:lang="en" xlink:role="http://www.eurofiling.info/xbrl/role/rc-code">010</label:label>
    <gen:arc xlink:type="arc" xlink:arcrole="http://xbrl.org/arcrole/2008/element-label" xlink:from="loc_eba_c20132" xlink:to="label_eba_c20132" />
    <link:loc xlink:type="locator" xlink:href="c_10.02-rend.xml#eba_c20133" xlink:label="loc_eba_c20133" />
    <label:label xlink:type="resource" xlink:label="label_eba_c20133" xml:lang="en" xlink:role="http://www.eurofiling.info/xbrl/role/rc-code">020</label:label>
    <gen:arc xlink:type="arc" xlink:arcrole="http://xbrl.org/arcrole/2008/element-label" xlink:from="loc_eba_c20133" xlink:to="label_eba_c20133" />
    <link:loc xlink:type="locator" xlink:href="c_10.02-rend.xml#eba_c20134" xlink:label="loc_eba_c20134" />
    <label:label xlink:type="resource" xlink:label="label_eba_c20134" xml:lang="en" xlink:role="http://www.eurofiling.info/xbrl/role/rc-code">028</label:label>
    <gen:arc xlink:type="arc" xlink:arcrole="http://xbrl.org/arcrole/2008/element-label" xlink:from="loc_eba_c20134" xlink:to="label_eba_c20134" />
    <link:loc xlink:type="locator" xlink:href="c_10.02-rend.xml#eba_c20135" xlink:label="loc_eba_c20135" />
    <label:label xlink:type="resource" xlink:label="label_eba_c20135" xml:lang="en" xlink:role="http://www.eurofiling.info/xbrl/role/rc-code">029</label:label>
    <gen:arc xlink:type="arc" xlink:arcrole="http://xbrl.org/arcrole/2008/element-label" xlink:from="loc_eba_c20135" xlink:to="label_eba_c20135" />
    <link:loc xlink:type="locator" xlink:href="c_10.02-rend.xml#eba_c20136" xlink:label="loc_eba_c20136" />
    <label:label xlink:type="resource" xlink:label="label_eba_c20136" xml:lang="en" xlink:role="http://www.eurofiling.info/xbrl/role/rc-code">030</label:label>
    <gen:arc xlink:type="arc" xlink:arcrole="http://xbrl.org/arcrole/2008/element-label" xlink:from="loc_eba_c20136" xlink:to="label_eba_c20136" />
    <link:loc xlink:type="locator" xlink:href="c_10.02-rend.xml#eba_c20137" xlink:label="loc_eba_c20137" />
    <label:label xlink:type="resource" xlink:label="label_eba_c20137" xml:lang="en" xlink:role="http://www.eurofiling.info/xbrl/role/rc-code">040</label:label>
    <gen:arc xlink:type="arc" xlink:arcrole="http://xbrl.org/arcrole/2008/element-label" xlink:from="loc_eba_c20137" xlink:to="label_eba_c20137" />
    <link:loc xlink:type="locator" xlink:href="c_10.02-rend.xml#eba_c20138" xlink:label="loc_eba_c20138" />
    <label:label xlink:type="resource" xlink:label="label_eba_c20138" xml:lang="en" xlink:role="http://www.eurofiling.info/xbrl/role/rc-code">050</label:label>
    <gen:arc xlink:type="arc" xlink:arcrole="http://xbrl.org/arcrole/2008/element-label" xlink:from="loc_eba_c20138" xlink:to="label_eba_c20138" />
    <link:loc xlink:type="locator" xlink:href="c_10.02-rend.xml#eba_c20139" xlink:label="loc_eba_c20139" />
    <label:label xlink:type="resource" xlink:label="label_eba_c20139" xml:lang="en" xlink:role="http://www.eurofiling.info/xbrl/role/rc-code">060</label:label>
    <gen:arc xlink:type="arc" xlink:arcrole="http://xbrl.org/arcrole/2008/element-label" xlink:from="loc_eba_c20139" xlink:to="label_eba_c20139" />
    <link:loc xlink:type="locator" xlink:href="c_10.02-rend.xml#eba_c20140" xlink:label="loc_eba_c20140" />
    <label:label xlink:type="resource" xlink:label="label_eba_c20140" xml:lang="en" xlink:role="http://www.eurofiling.info/xbrl/role/rc-code">070</label:label>
    <gen:arc xlink:type="arc" xlink:arcrole="http://xbrl.org/arcrole/2008/element-label" xlink:from="loc_eba_c20140" xlink:to="label_eba_c20140" />
    <link:loc xlink:type="locator" xlink:href="c_10.02-rend.xml#eba_c20141" xlink:label="loc_eba_c20141" />
    <label:label xlink:type="resource" xlink:label="label_eba_c20141" xml:lang="en" xlink:role="http://www.eurofiling.info/xbrl/role/rc-code">080</label:label>
    <gen:arc xlink:type="arc" xlink:arcrole="http://xbrl.org/arcrole/2008/element-label" xlink:from="loc_eba_c20141" xlink:to="label_eba_c20141" />
    <link:loc xlink:type="locator" xlink:href="c_10.02-rend.xml#eba_c20142" xlink:label="loc_eba_c20142" />
    <label:label xlink:type="resource" xlink:label="label_eba_c20142" xml:lang="en" xlink:role="http://www.eurofiling.info/xbrl/role/rc-code">090</label:label>
    <gen:arc xlink:type="arc" xlink:arcrole="http://xbrl.org/arcrole/2008/element-label" xlink:from="loc_eba_c20142" xlink:to="label_eba_c20142" />
    <link:loc xlink:type="locator" xlink:href="c_10.02-rend.xml#eba_a2" xlink:label="loc_eba_a2" />
    <label:label xlink:type="resource" xlink:label="label_eba_a2" xml:lang="en" xlink:role="http://www.eurofiling.info/xbrl/role/rc-code">005</label:label>
    <gen:arc xlink:type="arc" xlink:arcrole="http://xbrl.org/arcrole/2008/element-label" xlink:from="loc_eba_a2" xlink:to="label_eba_a2" />
    <label:label xlink:type="resource" xlink:label="label_eba_tC_10.02_1" xml:lang="en" xlink:role="http://www.eurofiling.info/xbrl/role/filing-indicator-code">C_10.02</label:label>
    <gen:arc xlink:type="arc" xlink:arcrole="http://xbrl.org/arcrole/2008/element-label" xlink:from="loc_eba_tC_10.02" xlink:to="label_eba_tC_10.02_1" />
    <label:label xlink:type="resource" xlink:label="label_eba_tC_10.02_2" xml:lang="en" xlink:role="http://www.eba.europa.eu/xbrl/role/dpm-db-id">93</label:label>
    <gen:arc xlink:type="arc" xlink:arcrole="http://xbrl.org/arcrole/2008/element-label" xlink:from="loc_eba_tC_10.02" xlink:to="label_eba_tC_10.02_2" />
    <label:label xlink:type="resource" xlink:label="label_eba_c20131_1" xml:lang="en" xlink:role="http://www.eba.europa.eu/xbrl/role/dpm-db-id">20131</label:label>
    <gen:arc xlink:type="arc" xlink:arcrole="http://xbrl.org/arcrole/2008/element-label" xlink:from="loc_eba_c20131" xlink:to="label_eba_c20131_1" />
    <label:label xlink:type="resource" xlink:label="label_eba_c20132_1" xml:lang="en" xlink:role="http://www.eba.europa.eu/xbrl/role/dpm-db-id">20132</label:label>
    <gen:arc xlink:type="arc" xlink:arcrole="http://xbrl.org/arcrole/2008/element-label" xlink:from="loc_eba_c20132" xlink:to="label_eba_c20132_1" />
    <label:label xlink:type="resource" xlink:label="label_eba_c20133_1" xml:lang="en" xlink:role="http://www.eba.europa.eu/xbrl/role/dpm-db-id">20133</label:label>
    <gen:arc xlink:type="arc" xlink:arcrole="http://xbrl.org/arcrole/2008/element-label" xlink:from="loc_eba_c20133" xlink:to="label_eba_c20133_1" />
    <label:label xlink:type="resource" xlink:label="label_eba_c20134_1" xml:lang="en" xlink:role="http://www.eba.europa.eu/xbrl/role/dpm-db-id">20134</label:label>
    <gen:arc xlink:type="arc" xlink:arcrole="http://xbrl.org/arcrole/2008/element-label" xlink:from="loc_eba_c20134" xlink:to="label_eba_c20134_1" />
    <label:label xlink:type="resource" xlink:label="label_eba_c20135_1" xml:lang="en" xlink:role="http://www.eba.europa.eu/xbrl/role/dpm-db-id">20135</label:label>
    <gen:arc xlink:type="arc" xlink:arcrole="http://xbrl.org/arcrole/2008/element-label" xlink:from="loc_eba_c20135" xlink:to="label_eba_c20135_1" />
    <label:label xlink:type="resource" xlink:label="label_eba_c20136_1" xml:lang="en" xlink:role="http://www.eba.europa.eu/xbrl/role/dpm-db-id">20136</label:label>
    <gen:arc xlink:type="arc" xlink:arcrole="http://xbrl.org/arcrole/2008/element-label" xlink:from="loc_eba_c20136" xlink:to="label_eba_c20136_1" />
    <label:label xlink:type="resource" xlink:label="label_eba_c20137_1" xml:lang="en" xlink:role="http://www.eba.europa.eu/xbrl/role/dpm-db-id">20137</label:label>
    <gen:arc xlink:type="arc" xlink:arcrole="http://xbrl.org/arcrole/2008/element-label" xlink:from="loc_eba_c20137" xlink:to="label_eba_c20137_1" />
    <label:label xlink:type="resource" xlink:label="label_eba_c20138_1" xml:lang="en" xlink:role="http://www.eba.europa.eu/xbrl/role/dpm-db-id">20138</label:label>
    <gen:arc xlink:type="arc" xlink:arcrole="http://xbrl.org/arcrole/2008/element-label" xlink:from="loc_eba_c20138" xlink:to="label_eba_c20138_1" />
    <label:label xlink:type="resource" xlink:label="label_eba_c20139_1" xml:lang="en" xlink:role="http://www.eba.europa.eu/xbrl/role/dpm-db-id">20139</label:label>
    <gen:arc xlink:type="arc" xlink:arcrole="http://xbrl.org/arcrole/2008/element-label" xlink:from="loc_eba_c20139" xlink:to="label_eba_c20139_1" />
    <label:label xlink:type="resource" xlink:label="label_eba_c20140_1" xml:lang="en" xlink:role="http://www.eba.europa.eu/xbrl/role/dpm-db-id">20140</label:label>
    <gen:arc xlink:type="arc" xlink:arcrole="http://xbrl.org/arcrole/2008/element-label" xlink:from="loc_eba_c20140" xlink:to="label_eba_c20140_1" />
    <label:label xlink:type="resource" xlink:label="label_eba_c20141_1" xml:lang="en" xlink:role="http://www.eba.europa.eu/xbrl/role/dpm-db-id">20141</label:label>
    <gen:arc xlink:type="arc" xlink:arcrole="http://xbrl.org/arcrole/2008/element-label" xlink:from="loc_eba_c20141" xlink:to="label_eba_c20141_1" />
    <label:label xlink:type="resource" xlink:label="label_eba_c20142_1" xml:lang="en" xlink:role="http://www.eba.europa.eu/xbrl/role/dpm-db-id">20142</label:label>
    <gen:arc xlink:type="arc" xlink:arcrole="http://xbrl.org/arcrole/2008/element-label" xlink:from="loc_eba_c20142" xlink:to="label_eba_c20142_1" />
    <label:label xlink:type="resource" xlink:label="label_eba_a2_1" xml:lang="en" xlink:role="http://www.eba.europa.eu/xbrl/role/dpm-db-id">20130</label:label>
    <gen:arc xlink:type="arc" xlink:arcrole="http://xbrl.org/arcrole/2008/element-label" xlink:from="loc_eba_a2" xlink:to="label_eba_a2_1" />
  </gen:link>
</link:linkbase>