﻿<?xml version="1.0" encoding="utf-8"?>
<?taxonomy-version 2.0.0?>
<!--(C) EBA-->
<link:linkbase xmlns:xsi="http://www.w3.org/2001/XMLSchema-instance" xmlns:xlink="http://www.w3.org/1999/xlink" xmlns:link="http://www.xbrl.org/2003/linkbase" xmlns:gen="http://xbrl.org/2008/generic" xmlns:label="http://xbrl.org/2008/label" xsi:schemaLocation="http://www.xbrl.org/2003/linkbase http://www.xbrl.org/2003/xbrl-linkbase-2003-12-31.xsd http://xbrl.org/2008/generic http://www.xbrl.org/2008/generic-link.xsd http://xbrl.org/2008/label http://www.xbrl.org/2008/generic-label.xsd">
  <link:arcroleRef arcroleURI="http://xbrl.org/arcrole/2008/element-label" xlink:type="simple" xlink:href="http://www.xbrl.org/2008/generic-label.xsd#element-label" />
  <link:roleRef roleURI="http://www.xbrl.org/2008/role/label" xlink:type="simple" xlink:href="http://www.xbrl.org/2008/generic-label.xsd#standard-label" />
  <link:roleRef roleURI="http://www.xbrl.org/2008/role/verboseLabel" xlink:type="simple" xlink:href="http://www.xbrl.org/2008/generic-label.xsd#verbose-label" />
  <gen:link xlink:type="extended" xlink:role="http://www.xbrl.org/2003/role/link">
    <link:loc xlink:type="locator" xlink:href="c_08.01.d-rend.xml#eba_tC_08.01.d" xlink:label="loc_eba_tC_08.01.d" />
    <label:label xlink:type="resource" xlink:label="label_eba_tC_08.01.d" xml:lang="en" xlink:role="http://www.xbrl.org/2008/role/label">C 08.01.d (CR IRB 1)</label:label>
    <gen:arc xlink:type="arc" xlink:arcrole="http://xbrl.org/arcrole/2008/element-label" xlink:from="loc_eba_tC_08.01.d" xlink:to="label_eba_tC_08.01.d" />
    <label:label xlink:type="resource" xlink:label="label_eba_tC_08.01.d_1" xml:lang="en" xlink:role="http://www.xbrl.org/2008/role/verboseLabel">C 08.01.d (CR IRB 1) Credit and counterparty credit risks and free deliveries: IRB Approach to capital requirements - TOTAL - Of which arising from counterparty credit risk and off balance sheet (SMEs subject to supporting factor)</label:label>
    <gen:arc xlink:type="arc" xlink:arcrole="http://xbrl.org/arcrole/2008/element-label" xlink:from="loc_eba_tC_08.01.d" xlink:to="label_eba_tC_08.01.d_1" />
    <link:loc xlink:type="locator" xlink:href="c_08.01.d-rend.xml#eba_a1" xlink:label="loc_eba_a1" />
    <label:label xlink:type="resource" xlink:label="label_eba_a1" xml:lang="en" xlink:role="http://www.xbrl.org/2008/role/label">Columns</label:label>
    <gen:arc xlink:type="arc" xlink:arcrole="http://xbrl.org/arcrole/2008/element-label" xlink:from="loc_eba_a1" xlink:to="label_eba_a1" />
    <link:loc xlink:type="locator" xlink:href="c_08.01.d-rend.xml#eba_c21524" xlink:label="loc_eba_c21524" />
    <label:label xlink:type="resource" xlink:label="label_eba_c21524" xml:lang="en" xlink:role="http://www.xbrl.org/2008/role/label">Exposure after CRM substitution effects pre conversion factors</label:label>
    <gen:arc xlink:type="arc" xlink:arcrole="http://xbrl.org/arcrole/2008/element-label" xlink:from="loc_eba_c21524" xlink:to="label_eba_c21524" />
    <link:loc xlink:type="locator" xlink:href="c_08.01.d-rend.xml#eba_c21525" xlink:label="loc_eba_c21525" />
    <label:label xlink:type="resource" xlink:label="label_eba_c21525" xml:lang="en" xlink:role="http://www.xbrl.org/2008/role/label">Of which: off balance sheet items</label:label>
    <gen:arc xlink:type="arc" xlink:arcrole="http://xbrl.org/arcrole/2008/element-label" xlink:from="loc_eba_c21525" xlink:to="label_eba_c21525" />
    <link:loc xlink:type="locator" xlink:href="c_08.01.d-rend.xml#eba_c21526" xlink:label="loc_eba_c21526" />
    <label:label xlink:type="resource" xlink:label="label_eba_c21526" xml:lang="en" xlink:role="http://www.xbrl.org/2008/role/label">Exposure value</label:label>
    <gen:arc xlink:type="arc" xlink:arcrole="http://xbrl.org/arcrole/2008/element-label" xlink:from="loc_eba_c21526" xlink:to="label_eba_c21526" />
    <link:loc xlink:type="locator" xlink:href="c_08.01.d-rend.xml#eba_c21527" xlink:label="loc_eba_c21527" />
    <label:label xlink:type="resource" xlink:label="label_eba_c21527" xml:lang="en" xlink:role="http://www.xbrl.org/2008/role/label">Of which: off balance sheet items</label:label>
    <gen:arc xlink:type="arc" xlink:arcrole="http://xbrl.org/arcrole/2008/element-label" xlink:from="loc_eba_c21527" xlink:to="label_eba_c21527" />
    <link:loc xlink:type="locator" xlink:href="c_08.01.d-rend.xml#eba_c21528" xlink:label="loc_eba_c21528" />
    <label:label xlink:type="resource" xlink:label="label_eba_c21528" xml:lang="en" xlink:role="http://www.xbrl.org/2008/role/label">Of which: arising from counterparty credit risk</label:label>
    <gen:arc xlink:type="arc" xlink:arcrole="http://xbrl.org/arcrole/2008/element-label" xlink:from="loc_eba_c21528" xlink:to="label_eba_c21528" />
    <link:loc xlink:type="locator" xlink:href="c_08.01.d-rend.xml#eba_a2" xlink:label="loc_eba_a2" />
    <label:label xlink:type="resource" xlink:label="label_eba_a2" xml:lang="en" xlink:role="http://www.xbrl.org/2008/role/label">Rows</label:label>
    <gen:arc xlink:type="arc" xlink:arcrole="http://xbrl.org/arcrole/2008/element-label" xlink:from="loc_eba_a2" xlink:to="label_eba_a2" />
    <link:loc xlink:type="locator" xlink:href="c_08.01.d-rend.xml#eba_c21529" xlink:label="loc_eba_c21529" />
    <label:label xlink:type="resource" xlink:label="label_eba_c21529" xml:lang="en" xlink:role="http://www.xbrl.org/2008/role/label">Total exposures</label:label>
    <gen:arc xlink:type="arc" xlink:arcrole="http://xbrl.org/arcrole/2008/element-label" xlink:from="loc_eba_c21529" xlink:to="label_eba_c21529" />
    <link:loc xlink:type="locator" xlink:href="c_08.01.d-rend.xml#eba_a3" xlink:label="loc_eba_a3" />
    <label:label xlink:type="resource" xlink:label="label_eba_a3" xml:lang="en" xlink:role="http://www.xbrl.org/2008/role/label">Sheets</label:label>
    <gen:arc xlink:type="arc" xlink:arcrole="http://xbrl.org/arcrole/2008/element-label" xlink:from="loc_eba_a3" xlink:to="label_eba_a3" />
    <link:loc xlink:type="locator" xlink:href="c_08.01.d-rend.xml#eba_c21530" xlink:label="loc_eba_c21530" />
    <label:label xlink:type="resource" xlink:label="label_eba_c21530" xml:lang="en" xlink:role="http://www.xbrl.org/2008/role/label">Corporates - SME subject to SME-supporting factor - without own estimates of LGD or conversion factors</label:label>
    <gen:arc xlink:type="arc" xlink:arcrole="http://xbrl.org/arcrole/2008/element-label" xlink:from="loc_eba_c21530" xlink:to="label_eba_c21530" />
    <link:loc xlink:type="locator" xlink:href="c_08.01.d-rend.xml#eba_c21531" xlink:label="loc_eba_c21531" />
    <label:label xlink:type="resource" xlink:label="label_eba_c21531" xml:lang="en" xlink:role="http://www.xbrl.org/2008/role/label">Corporates - SME subject to SME-supporting factor - with own estimates of LGD or conversion factors</label:label>
    <gen:arc xlink:type="arc" xlink:arcrole="http://xbrl.org/arcrole/2008/element-label" xlink:from="loc_eba_c21531" xlink:to="label_eba_c21531" />
    <link:loc xlink:type="locator" xlink:href="c_08.01.d-rend.xml#eba_c21532" xlink:label="loc_eba_c21532" />
    <label:label xlink:type="resource" xlink:label="label_eba_c21532" xml:lang="en" xlink:role="http://www.xbrl.org/2008/role/label">Retail - Secured by immovable property SME subject to SME-supporting factor - with own estimates of LGD or conversion factors</label:label>
    <gen:arc xlink:type="arc" xlink:arcrole="http://xbrl.org/arcrole/2008/element-label" xlink:from="loc_eba_c21532" xlink:to="label_eba_c21532" />
    <link:loc xlink:type="locator" xlink:href="c_08.01.d-rend.xml#eba_c21533" xlink:label="loc_eba_c21533" />
    <label:label xlink:type="resource" xlink:label="label_eba_c21533" xml:lang="en" xlink:role="http://www.xbrl.org/2008/role/label">Retail - Other SME subject to SME-supporting factor - with own estimates of LGD or conversion factors</label:label>
    <gen:arc xlink:type="arc" xlink:arcrole="http://xbrl.org/arcrole/2008/element-label" xlink:from="loc_eba_c21533" xlink:to="label_eba_c21533" />
    <link:loc xlink:type="locator" xlink:href="c_08.01.d-rend.xml#eba_c21534" xlink:label="loc_eba_c21534" />
    <label:label xlink:type="resource" xlink:label="label_eba_c21534" xml:lang="en" xlink:role="http://www.xbrl.org/2008/role/label">Retail - Secured by immovable property SME subject to SME-supporting factor - without own estimates of LGD or conversion factors</label:label>
    <gen:arc xlink:type="arc" xlink:arcrole="http://xbrl.org/arcrole/2008/element-label" xlink:from="loc_eba_c21534" xlink:to="label_eba_c21534" />
    <link:loc xlink:type="locator" xlink:href="c_08.01.d-rend.xml#eba_c21535" xlink:label="loc_eba_c21535" />
    <label:label xlink:type="resource" xlink:label="label_eba_c21535" xml:lang="en" xlink:role="http://www.xbrl.org/2008/role/label">Retail - Other SME subject to SME-supporting factor - without own estimates of LGD or conversion factors</label:label>
    <gen:arc xlink:type="arc" xlink:arcrole="http://xbrl.org/arcrole/2008/element-label" xlink:from="loc_eba_c21535" xlink:to="label_eba_c21535" />
  </gen:link>
</link:linkbase>