﻿<?xml version="1.0" encoding="utf-8"?>
<?taxonomy-version 2.0.1?>
<!--(C) EBA-->
<link:linkbase xmlns:xsi="http://www.w3.org/2001/XMLSchema-instance" xmlns:xlink="http://www.w3.org/1999/xlink" xmlns:link="http://www.xbrl.org/2003/linkbase" xmlns:gen="http://xbrl.org/2008/generic" xmlns:label="http://xbrl.org/2008/label" xsi:schemaLocation="http://www.xbrl.org/2003/linkbase http://www.xbrl.org/2003/xbrl-linkbase-2003-12-31.xsd http://xbrl.org/2008/generic http://www.xbrl.org/2008/generic-link.xsd http://xbrl.org/2008/label http://www.xbrl.org/2008/generic-label.xsd">
  <link:arcroleRef arcroleURI="http://xbrl.org/arcrole/2008/element-label" xlink:type="simple" xlink:href="http://www.xbrl.org/2008/generic-label.xsd#element-label" />
  <link:roleRef roleURI="http://www.eba.europa.eu/xbrl/role/dpm-db-id" xlink:type="simple" xlink:href="http://www.eba.europa.eu/eu/fr/xbrl/ext/model.xsd#dpm-db-id" />
  <link:roleRef roleURI="http://www.eurofiling.info/xbrl/role/filing-indicator-code" xlink:type="simple" xlink:href="http://www.eurofiling.info/eu/fr/xbrl/ext/model.xsd#filing-indicator-code" />
  <link:roleRef roleURI="http://www.eurofiling.info/xbrl/role/rc-code" xlink:type="simple" xlink:href="http://www.eurofiling.info/eu/fr/xbrl/ext/model.xsd#rc-code" />
  <gen:link xlink:type="extended" xlink:role="http://www.xbrl.org/2003/role/link">
    <link:loc xlink:type="locator" xlink:href="c_08.01.d-rend.xml#eba_tC_08.01.d" xlink:label="loc_eba_tC_08.01.d" />
    <label:label xlink:type="resource" xlink:label="label_eba_tC_08.01.d" xml:lang="en" xlink:role="http://www.eurofiling.info/xbrl/role/rc-code">C 08.01.d</label:label>
    <gen:arc xlink:type="arc" xlink:arcrole="http://xbrl.org/arcrole/2008/element-label" xlink:from="loc_eba_tC_08.01.d" xlink:to="label_eba_tC_08.01.d" />
    <link:loc xlink:type="locator" xlink:href="c_08.01.d-rend.xml#eba_c21524" xlink:label="loc_eba_c21524" />
    <label:label xlink:type="resource" xlink:label="label_eba_c21524" xml:lang="en" xlink:role="http://www.eurofiling.info/xbrl/role/rc-code">090</label:label>
    <gen:arc xlink:type="arc" xlink:arcrole="http://xbrl.org/arcrole/2008/element-label" xlink:from="loc_eba_c21524" xlink:to="label_eba_c21524" />
    <link:loc xlink:type="locator" xlink:href="c_08.01.d-rend.xml#eba_c21525" xlink:label="loc_eba_c21525" />
    <label:label xlink:type="resource" xlink:label="label_eba_c21525" xml:lang="en" xlink:role="http://www.eurofiling.info/xbrl/role/rc-code">100</label:label>
    <gen:arc xlink:type="arc" xlink:arcrole="http://xbrl.org/arcrole/2008/element-label" xlink:from="loc_eba_c21525" xlink:to="label_eba_c21525" />
    <link:loc xlink:type="locator" xlink:href="c_08.01.d-rend.xml#eba_c21526" xlink:label="loc_eba_c21526" />
    <label:label xlink:type="resource" xlink:label="label_eba_c21526" xml:lang="en" xlink:role="http://www.eurofiling.info/xbrl/role/rc-code">110</label:label>
    <gen:arc xlink:type="arc" xlink:arcrole="http://xbrl.org/arcrole/2008/element-label" xlink:from="loc_eba_c21526" xlink:to="label_eba_c21526" />
    <link:loc xlink:type="locator" xlink:href="c_08.01.d-rend.xml#eba_c21527" xlink:label="loc_eba_c21527" />
    <label:label xlink:type="resource" xlink:label="label_eba_c21527" xml:lang="en" xlink:role="http://www.eurofiling.info/xbrl/role/rc-code">120</label:label>
    <gen:arc xlink:type="arc" xlink:arcrole="http://xbrl.org/arcrole/2008/element-label" xlink:from="loc_eba_c21527" xlink:to="label_eba_c21527" />
    <link:loc xlink:type="locator" xlink:href="c_08.01.d-rend.xml#eba_c21528" xlink:label="loc_eba_c21528" />
    <label:label xlink:type="resource" xlink:label="label_eba_c21528" xml:lang="en" xlink:role="http://www.eurofiling.info/xbrl/role/rc-code">130</label:label>
    <gen:arc xlink:type="arc" xlink:arcrole="http://xbrl.org/arcrole/2008/element-label" xlink:from="loc_eba_c21528" xlink:to="label_eba_c21528" />
    <link:loc xlink:type="locator" xlink:href="c_08.01.d-rend.xml#eba_c21529" xlink:label="loc_eba_c21529" />
    <label:label xlink:type="resource" xlink:label="label_eba_c21529" xml:lang="en" xlink:role="http://www.eurofiling.info/xbrl/role/rc-code">010</label:label>
    <gen:arc xlink:type="arc" xlink:arcrole="http://xbrl.org/arcrole/2008/element-label" xlink:from="loc_eba_c21529" xlink:to="label_eba_c21529" />
    <link:loc xlink:type="locator" xlink:href="c_08.01.d-rend.xml#eba_c21530" xlink:label="loc_eba_c21530" />
    <label:label xlink:type="resource" xlink:label="label_eba_c21530" xml:lang="en" xlink:role="http://www.eurofiling.info/xbrl/role/rc-code">018</label:label>
    <gen:arc xlink:type="arc" xlink:arcrole="http://xbrl.org/arcrole/2008/element-label" xlink:from="loc_eba_c21530" xlink:to="label_eba_c21530" />
    <link:loc xlink:type="locator" xlink:href="c_08.01.d-rend.xml#eba_c21531" xlink:label="loc_eba_c21531" />
    <label:label xlink:type="resource" xlink:label="label_eba_c21531" xml:lang="en" xlink:role="http://www.eurofiling.info/xbrl/role/rc-code">019</label:label>
    <gen:arc xlink:type="arc" xlink:arcrole="http://xbrl.org/arcrole/2008/element-label" xlink:from="loc_eba_c21531" xlink:to="label_eba_c21531" />
    <link:loc xlink:type="locator" xlink:href="c_08.01.d-rend.xml#eba_c21532" xlink:label="loc_eba_c21532" />
    <label:label xlink:type="resource" xlink:label="label_eba_c21532" xml:lang="en" xlink:role="http://www.eurofiling.info/xbrl/role/rc-code">020</label:label>
    <gen:arc xlink:type="arc" xlink:arcrole="http://xbrl.org/arcrole/2008/element-label" xlink:from="loc_eba_c21532" xlink:to="label_eba_c21532" />
    <link:loc xlink:type="locator" xlink:href="c_08.01.d-rend.xml#eba_c21533" xlink:label="loc_eba_c21533" />
    <label:label xlink:type="resource" xlink:label="label_eba_c21533" xml:lang="en" xlink:role="http://www.eurofiling.info/xbrl/role/rc-code">021</label:label>
    <gen:arc xlink:type="arc" xlink:arcrole="http://xbrl.org/arcrole/2008/element-label" xlink:from="loc_eba_c21533" xlink:to="label_eba_c21533" />
    <link:loc xlink:type="locator" xlink:href="c_08.01.d-rend.xml#eba_c21534" xlink:label="loc_eba_c21534" />
    <label:label xlink:type="resource" xlink:label="label_eba_c21534" xml:lang="en" xlink:role="http://www.eurofiling.info/xbrl/role/rc-code">022</label:label>
    <gen:arc xlink:type="arc" xlink:arcrole="http://xbrl.org/arcrole/2008/element-label" xlink:from="loc_eba_c21534" xlink:to="label_eba_c21534" />
    <link:loc xlink:type="locator" xlink:href="c_08.01.d-rend.xml#eba_c21535" xlink:label="loc_eba_c21535" />
    <label:label xlink:type="resource" xlink:label="label_eba_c21535" xml:lang="en" xlink:role="http://www.eurofiling.info/xbrl/role/rc-code">023</label:label>
    <gen:arc xlink:type="arc" xlink:arcrole="http://xbrl.org/arcrole/2008/element-label" xlink:from="loc_eba_c21535" xlink:to="label_eba_c21535" />
    <label:label xlink:type="resource" xlink:label="label_eba_tC_08.01.d_1" xml:lang="en" xlink:role="http://www.eurofiling.info/xbrl/role/filing-indicator-code">C_08.01</label:label>
    <gen:arc xlink:type="arc" xlink:arcrole="http://xbrl.org/arcrole/2008/element-label" xlink:from="loc_eba_tC_08.01.d" xlink:to="label_eba_tC_08.01.d_1" />
    <label:label xlink:type="resource" xlink:label="label_eba_tC_08.01.d_2" xml:lang="en" xlink:role="http://www.eba.europa.eu/xbrl/role/dpm-db-id">212</label:label>
    <gen:arc xlink:type="arc" xlink:arcrole="http://xbrl.org/arcrole/2008/element-label" xlink:from="loc_eba_tC_08.01.d" xlink:to="label_eba_tC_08.01.d_2" />
    <label:label xlink:type="resource" xlink:label="label_eba_c21524_1" xml:lang="en" xlink:role="http://www.eba.europa.eu/xbrl/role/dpm-db-id">21524</label:label>
    <gen:arc xlink:type="arc" xlink:arcrole="http://xbrl.org/arcrole/2008/element-label" xlink:from="loc_eba_c21524" xlink:to="label_eba_c21524_1" />
    <label:label xlink:type="resource" xlink:label="label_eba_c21525_1" xml:lang="en" xlink:role="http://www.eba.europa.eu/xbrl/role/dpm-db-id">21525</label:label>
    <gen:arc xlink:type="arc" xlink:arcrole="http://xbrl.org/arcrole/2008/element-label" xlink:from="loc_eba_c21525" xlink:to="label_eba_c21525_1" />
    <label:label xlink:type="resource" xlink:label="label_eba_c21526_1" xml:lang="en" xlink:role="http://www.eba.europa.eu/xbrl/role/dpm-db-id">21526</label:label>
    <gen:arc xlink:type="arc" xlink:arcrole="http://xbrl.org/arcrole/2008/element-label" xlink:from="loc_eba_c21526" xlink:to="label_eba_c21526_1" />
    <label:label xlink:type="resource" xlink:label="label_eba_c21527_1" xml:lang="en" xlink:role="http://www.eba.europa.eu/xbrl/role/dpm-db-id">21527</label:label>
    <gen:arc xlink:type="arc" xlink:arcrole="http://xbrl.org/arcrole/2008/element-label" xlink:from="loc_eba_c21527" xlink:to="label_eba_c21527_1" />
    <label:label xlink:type="resource" xlink:label="label_eba_c21528_1" xml:lang="en" xlink:role="http://www.eba.europa.eu/xbrl/role/dpm-db-id">21528</label:label>
    <gen:arc xlink:type="arc" xlink:arcrole="http://xbrl.org/arcrole/2008/element-label" xlink:from="loc_eba_c21528" xlink:to="label_eba_c21528_1" />
    <label:label xlink:type="resource" xlink:label="label_eba_c21529_1" xml:lang="en" xlink:role="http://www.eba.europa.eu/xbrl/role/dpm-db-id">21529</label:label>
    <gen:arc xlink:type="arc" xlink:arcrole="http://xbrl.org/arcrole/2008/element-label" xlink:from="loc_eba_c21529" xlink:to="label_eba_c21529_1" />
    <label:label xlink:type="resource" xlink:label="label_eba_c21530_1" xml:lang="en" xlink:role="http://www.eba.europa.eu/xbrl/role/dpm-db-id">21530</label:label>
    <gen:arc xlink:type="arc" xlink:arcrole="http://xbrl.org/arcrole/2008/element-label" xlink:from="loc_eba_c21530" xlink:to="label_eba_c21530_1" />
    <label:label xlink:type="resource" xlink:label="label_eba_c21531_1" xml:lang="en" xlink:role="http://www.eba.europa.eu/xbrl/role/dpm-db-id">21531</label:label>
    <gen:arc xlink:type="arc" xlink:arcrole="http://xbrl.org/arcrole/2008/element-label" xlink:from="loc_eba_c21531" xlink:to="label_eba_c21531_1" />
    <label:label xlink:type="resource" xlink:label="label_eba_c21532_1" xml:lang="en" xlink:role="http://www.eba.europa.eu/xbrl/role/dpm-db-id">21532</label:label>
    <gen:arc xlink:type="arc" xlink:arcrole="http://xbrl.org/arcrole/2008/element-label" xlink:from="loc_eba_c21532" xlink:to="label_eba_c21532_1" />
    <label:label xlink:type="resource" xlink:label="label_eba_c21533_1" xml:lang="en" xlink:role="http://www.eba.europa.eu/xbrl/role/dpm-db-id">21533</label:label>
    <gen:arc xlink:type="arc" xlink:arcrole="http://xbrl.org/arcrole/2008/element-label" xlink:from="loc_eba_c21533" xlink:to="label_eba_c21533_1" />
    <label:label xlink:type="resource" xlink:label="label_eba_c21534_1" xml:lang="en" xlink:role="http://www.eba.europa.eu/xbrl/role/dpm-db-id">21534</label:label>
    <gen:arc xlink:type="arc" xlink:arcrole="http://xbrl.org/arcrole/2008/element-label" xlink:from="loc_eba_c21534" xlink:to="label_eba_c21534_1" />
    <label:label xlink:type="resource" xlink:label="label_eba_c21535_1" xml:lang="en" xlink:role="http://www.eba.europa.eu/xbrl/role/dpm-db-id">21535</label:label>
    <gen:arc xlink:type="arc" xlink:arcrole="http://xbrl.org/arcrole/2008/element-label" xlink:from="loc_eba_c21535" xlink:to="label_eba_c21535_1" />
  </gen:link>
</link:linkbase>