﻿<?xml version="1.0" encoding="utf-8"?>
<?taxonomy-version 2.0.0?>
<!--(C) EBA-->
<link:linkbase xmlns:xsi="http://www.w3.org/2001/XMLSchema-instance" xmlns:xlink="http://www.w3.org/1999/xlink" xmlns:link="http://www.xbrl.org/2003/linkbase" xmlns:gen="http://xbrl.org/2008/generic" xmlns:label="http://xbrl.org/2008/label" xsi:schemaLocation="http://www.xbrl.org/2003/linkbase http://www.xbrl.org/2003/xbrl-linkbase-2003-12-31.xsd http://xbrl.org/2008/generic http://www.xbrl.org/2008/generic-link.xsd http://xbrl.org/2008/label http://www.xbrl.org/2008/generic-label.xsd">
  <link:arcroleRef arcroleURI="http://xbrl.org/arcrole/2008/element-label" xlink:type="simple" xlink:href="http://www.xbrl.org/2008/generic-label.xsd#element-label" />
  <link:roleRef roleURI="http://www.xbrl.org/2008/role/label" xlink:type="simple" xlink:href="http://www.xbrl.org/2008/generic-label.xsd#standard-label" />
  <link:roleRef roleURI="http://www.xbrl.org/2008/role/verboseLabel" xlink:type="simple" xlink:href="http://www.xbrl.org/2008/generic-label.xsd#verbose-label" />
  <gen:link xlink:type="extended" xlink:role="http://www.xbrl.org/2003/role/link">
    <link:loc xlink:type="locator" xlink:href="hier.xsd#eba_MC1" xlink:label="loc_eba_MC1" />
    <label:label xlink:type="resource" xlink:label="label_eba_MC1" xml:lang="en" xlink:role="http://www.xbrl.org/2008/role/label">Hierarchy for the breakdown of All assets (I)</label:label>
    <gen:arc xlink:type="arc" xlink:arcrole="http://xbrl.org/arcrole/2008/element-label" xlink:from="loc_eba_MC1" xlink:to="label_eba_MC1" />
    <label:label xlink:type="resource" xlink:label="label_eba_MC1_1" xml:lang="en" xlink:role="http://www.xbrl.org/2008/role/verboseLabel">Breakdown of All assets (I)</label:label>
    <gen:arc xlink:type="arc" xlink:arcrole="http://xbrl.org/arcrole/2008/element-label" xlink:from="loc_eba_MC1" xlink:to="label_eba_MC1_1" />
    <link:loc xlink:type="locator" xlink:href="hier.xsd#eba_MC10" xlink:label="loc_eba_MC10" />
    <label:label xlink:type="resource" xlink:label="label_eba_MC10" xml:lang="en" xlink:role="http://www.xbrl.org/2008/role/label">All equity, all liabilities</label:label>
    <gen:arc xlink:type="arc" xlink:arcrole="http://xbrl.org/arcrole/2008/element-label" xlink:from="loc_eba_MC10" xlink:to="label_eba_MC10" />
    <label:label xlink:type="resource" xlink:label="label_eba_MC10_1" xml:lang="en" xlink:role="http://www.xbrl.org/2008/role/verboseLabel">All equity, all liabilities</label:label>
    <gen:arc xlink:type="arc" xlink:arcrole="http://xbrl.org/arcrole/2008/element-label" xlink:from="loc_eba_MC10" xlink:to="label_eba_MC10_1" />
    <link:loc xlink:type="locator" xlink:href="hier.xsd#eba_MC100" xlink:label="loc_eba_MC100" />
    <label:label xlink:type="resource" xlink:label="label_eba_MC100" xml:lang="en" xlink:role="http://www.xbrl.org/2008/role/label">Hierarchy for Deductible DTA that rely on future profitability and arise from temporary differences and Equity Instruments</label:label>
    <gen:arc xlink:type="arc" xlink:arcrole="http://xbrl.org/arcrole/2008/element-label" xlink:from="loc_eba_MC100" xlink:to="label_eba_MC100" />
    <label:label xlink:type="resource" xlink:label="label_eba_MC100_1" xml:lang="en" xlink:role="http://www.xbrl.org/2008/role/verboseLabel">Hierarchy for Deductible DTA that rely on future profitability and arise from temporary differences and Equity Instruments</label:label>
    <gen:arc xlink:type="arc" xlink:arcrole="http://xbrl.org/arcrole/2008/element-label" xlink:from="loc_eba_MC100" xlink:to="label_eba_MC100_1" />
    <link:loc xlink:type="locator" xlink:href="hier.xsd#eba_MC101" xlink:label="loc_eba_MC101" />
    <label:label xlink:type="resource" xlink:label="label_eba_MC101" xml:lang="en" xlink:role="http://www.xbrl.org/2008/role/label">Alternative hierarchy for the composition of holdings</label:label>
    <gen:arc xlink:type="arc" xlink:arcrole="http://xbrl.org/arcrole/2008/element-label" xlink:from="loc_eba_MC101" xlink:to="label_eba_MC101" />
    <label:label xlink:type="resource" xlink:label="label_eba_MC101_1" xml:lang="en" xlink:role="http://www.xbrl.org/2008/role/verboseLabel">Alternative hierarchy, showing the composition of holdings for own funds.</label:label>
    <gen:arc xlink:type="arc" xlink:arcrole="http://xbrl.org/arcrole/2008/element-label" xlink:from="loc_eba_MC101" xlink:to="label_eba_MC101_1" />
    <link:loc xlink:type="locator" xlink:href="hier.xsd#eba_MC102" xlink:label="loc_eba_MC102" />
    <label:label xlink:type="resource" xlink:label="label_eba_MC102" xml:lang="en" xlink:role="http://www.xbrl.org/2008/role/label">Hierarchy for grandfathered instruments</label:label>
    <gen:arc xlink:type="arc" xlink:arcrole="http://xbrl.org/arcrole/2008/element-label" xlink:from="loc_eba_MC102" xlink:to="label_eba_MC102" />
    <label:label xlink:type="resource" xlink:label="label_eba_MC102_1" xml:lang="en" xlink:role="http://www.xbrl.org/2008/role/verboseLabel" />
    <gen:arc xlink:type="arc" xlink:arcrole="http://xbrl.org/arcrole/2008/element-label" xlink:from="loc_eba_MC102" xlink:to="label_eba_MC102_1" />
    <link:loc xlink:type="locator" xlink:href="hier.xsd#eba_MC103" xlink:label="loc_eba_MC103" />
    <label:label xlink:type="resource" xlink:label="label_eba_MC103" xml:lang="en" xlink:role="http://www.xbrl.org/2008/role/label">Hierarchy for the elements of "Retained earnings, Profit or Loss"</label:label>
    <gen:arc xlink:type="arc" xlink:arcrole="http://xbrl.org/arcrole/2008/element-label" xlink:from="loc_eba_MC103" xlink:to="label_eba_MC103" />
    <label:label xlink:type="resource" xlink:label="label_eba_MC103_1" xml:lang="en" xlink:role="http://www.xbrl.org/2008/role/verboseLabel">Elements of "Retained earnings, Profit or Loss"</label:label>
    <gen:arc xlink:type="arc" xlink:arcrole="http://xbrl.org/arcrole/2008/element-label" xlink:from="loc_eba_MC103" xlink:to="label_eba_MC103_1" />
    <link:loc xlink:type="locator" xlink:href="hier.xsd#eba_MC104" xlink:label="loc_eba_MC104" />
    <label:label xlink:type="resource" xlink:label="label_eba_MC104" xml:lang="en" xlink:role="http://www.xbrl.org/2008/role/label">Hierarchy for prudential filters</label:label>
    <gen:arc xlink:type="arc" xlink:arcrole="http://xbrl.org/arcrole/2008/element-label" xlink:from="loc_eba_MC104" xlink:to="label_eba_MC104" />
    <label:label xlink:type="resource" xlink:label="label_eba_MC104_1" xml:lang="en" xlink:role="http://www.xbrl.org/2008/role/verboseLabel" />
    <gen:arc xlink:type="arc" xlink:arcrole="http://xbrl.org/arcrole/2008/element-label" xlink:from="loc_eba_MC104" xlink:to="label_eba_MC104_1" />
    <link:loc xlink:type="locator" xlink:href="hier.xsd#eba_MC11" xlink:label="loc_eba_MC11" />
    <label:label xlink:type="resource" xlink:label="label_eba_MC11" xml:lang="en" xlink:role="http://www.xbrl.org/2008/role/label">Hierarchy for securitisation instruments</label:label>
    <gen:arc xlink:type="arc" xlink:arcrole="http://xbrl.org/arcrole/2008/element-label" xlink:from="loc_eba_MC11" xlink:to="label_eba_MC11" />
    <label:label xlink:type="resource" xlink:label="label_eba_MC11_1" xml:lang="en" xlink:role="http://www.xbrl.org/2008/role/verboseLabel" />
    <gen:arc xlink:type="arc" xlink:arcrole="http://xbrl.org/arcrole/2008/element-label" xlink:from="loc_eba_MC11" xlink:to="label_eba_MC11_1" />
    <link:loc xlink:type="locator" xlink:href="hier.xsd#eba_MC121" xlink:label="loc_eba_MC121" />
    <label:label xlink:type="resource" xlink:label="label_eba_MC121" xml:lang="en" xlink:role="http://www.xbrl.org/2008/role/label">Hierarchy for Financial instruments subject to market risk (debt instruments of the trading book)</label:label>
    <gen:arc xlink:type="arc" xlink:arcrole="http://xbrl.org/arcrole/2008/element-label" xlink:from="loc_eba_MC121" xlink:to="label_eba_MC121" />
    <label:label xlink:type="resource" xlink:label="label_eba_MC121_1" xml:lang="en" xlink:role="http://www.xbrl.org/2008/role/verboseLabel">List the different instruments which are subject to interest rate risk (trading book). Shows, how these are related and which of them are explicitly mentioned in COREP templates</label:label>
    <gen:arc xlink:type="arc" xlink:arcrole="http://xbrl.org/arcrole/2008/element-label" xlink:from="loc_eba_MC121" xlink:to="label_eba_MC121_1" />
    <link:loc xlink:type="locator" xlink:href="hier.xsd#eba_MC123" xlink:label="loc_eba_MC123" />
    <label:label xlink:type="resource" xlink:label="label_eba_MC123" xml:lang="en" xlink:role="http://www.xbrl.org/2008/role/label">Hierarchy for Financial instruments subject to market risk (banking book and trading book instruments for foreign exchange risk)</label:label>
    <gen:arc xlink:type="arc" xlink:arcrole="http://xbrl.org/arcrole/2008/element-label" xlink:from="loc_eba_MC123" xlink:to="label_eba_MC123" />
    <label:label xlink:type="resource" xlink:label="label_eba_MC123_1" xml:lang="en" xlink:role="http://www.xbrl.org/2008/role/verboseLabel">List the different instruments which are subject to foreign-exchange risk (banking book and trading book). Shows, how these are related and which of them are explicitly mentioned in COREP templates</label:label>
    <gen:arc xlink:type="arc" xlink:arcrole="http://xbrl.org/arcrole/2008/element-label" xlink:from="loc_eba_MC123" xlink:to="label_eba_MC123_1" />
    <link:loc xlink:type="locator" xlink:href="hier.xsd#eba_MC124" xlink:label="loc_eba_MC124" />
    <label:label xlink:type="resource" xlink:label="label_eba_MC124" xml:lang="en" xlink:role="http://www.xbrl.org/2008/role/label">Hierarchy for Financial instruments subject to market risk (banking book and trading book instruments for commodities risk)</label:label>
    <gen:arc xlink:type="arc" xlink:arcrole="http://xbrl.org/arcrole/2008/element-label" xlink:from="loc_eba_MC124" xlink:to="label_eba_MC124" />
    <label:label xlink:type="resource" xlink:label="label_eba_MC124_1" xml:lang="en" xlink:role="http://www.xbrl.org/2008/role/verboseLabel">List the different instruments which are subject to market risk (banking book and trading book instruments for commodities risk). Shows, how these are related and which of them are explicitly mentioned in COREP templates</label:label>
    <gen:arc xlink:type="arc" xlink:arcrole="http://xbrl.org/arcrole/2008/element-label" xlink:from="loc_eba_MC124" xlink:to="label_eba_MC124_1" />
    <link:loc xlink:type="locator" xlink:href="hier.xsd#eba_MC128" xlink:label="loc_eba_MC128" />
    <label:label xlink:type="resource" xlink:label="label_eba_MC128" xml:lang="en" xlink:role="http://www.xbrl.org/2008/role/label">Hierarchy for Financial instruments subject to market risk (trading book for equity risk)</label:label>
    <gen:arc xlink:type="arc" xlink:arcrole="http://xbrl.org/arcrole/2008/element-label" xlink:from="loc_eba_MC128" xlink:to="label_eba_MC128" />
    <label:label xlink:type="resource" xlink:label="label_eba_MC128_1" xml:lang="en" xlink:role="http://www.xbrl.org/2008/role/verboseLabel">List the different instruments which are subject to market risk (trading book). Shows, how these are related and which of them are explicitly mentioned in COREP templates</label:label>
    <gen:arc xlink:type="arc" xlink:arcrole="http://xbrl.org/arcrole/2008/element-label" xlink:from="loc_eba_MC128" xlink:to="label_eba_MC128_1" />
    <link:loc xlink:type="locator" xlink:href="hier.xsd#eba_MC13" xlink:label="loc_eba_MC13" />
    <label:label xlink:type="resource" xlink:label="label_eba_MC13" xml:lang="en" xlink:role="http://www.xbrl.org/2008/role/label">Hierarchy for instruments subject to securitisation credit risk treatment</label:label>
    <gen:arc xlink:type="arc" xlink:arcrole="http://xbrl.org/arcrole/2008/element-label" xlink:from="loc_eba_MC13" xlink:to="label_eba_MC13" />
    <label:label xlink:type="resource" xlink:label="label_eba_MC13_1" xml:lang="en" xlink:role="http://www.xbrl.org/2008/role/verboseLabel">List the different instruments which are subject to securitisation credit risk treatment. Shows, how these are related and which of them are explicitly mentioned in COREP templates</label:label>
    <gen:arc xlink:type="arc" xlink:arcrole="http://xbrl.org/arcrole/2008/element-label" xlink:from="loc_eba_MC13" xlink:to="label_eba_MC13_1" />
    <link:loc xlink:type="locator" xlink:href="hier.xsd#eba_MC130" xlink:label="loc_eba_MC130" />
    <label:label xlink:type="resource" xlink:label="label_eba_MC130" xml:lang="en" xlink:role="http://www.xbrl.org/2008/role/label">Hierarchy for Financial instruments subject to market risk (trading book instruments for CTP)</label:label>
    <gen:arc xlink:type="arc" xlink:arcrole="http://xbrl.org/arcrole/2008/element-label" xlink:from="loc_eba_MC130" xlink:to="label_eba_MC130" />
    <label:label xlink:type="resource" xlink:label="label_eba_MC130_1" xml:lang="en" xlink:role="http://www.xbrl.org/2008/role/verboseLabel">List the different instruments which can be assigned to the correlation trading portfolio.</label:label>
    <gen:arc xlink:type="arc" xlink:arcrole="http://xbrl.org/arcrole/2008/element-label" xlink:from="loc_eba_MC130" xlink:to="label_eba_MC130_1" />
    <link:loc xlink:type="locator" xlink:href="hier.xsd#eba_MC133" xlink:label="loc_eba_MC133" />
    <label:label xlink:type="resource" xlink:label="label_eba_MC133" xml:lang="en" xlink:role="http://www.xbrl.org/2008/role/label">Hierarchy for other reserves</label:label>
    <gen:arc xlink:type="arc" xlink:arcrole="http://xbrl.org/arcrole/2008/element-label" xlink:from="loc_eba_MC133" xlink:to="label_eba_MC133" />
    <label:label xlink:type="resource" xlink:label="label_eba_MC133_1" xml:lang="en" xlink:role="http://www.xbrl.org/2008/role/verboseLabel" />
    <gen:arc xlink:type="arc" xlink:arcrole="http://xbrl.org/arcrole/2008/element-label" xlink:from="loc_eba_MC133" xlink:to="label_eba_MC133_1" />
    <link:loc xlink:type="locator" xlink:href="hier.xsd#eba_MC134" xlink:label="loc_eba_MC134" />
    <label:label xlink:type="resource" xlink:label="label_eba_MC134" xml:lang="en" xlink:role="http://www.xbrl.org/2008/role/label">Hierarchy for Revaluation reserves</label:label>
    <gen:arc xlink:type="arc" xlink:arcrole="http://xbrl.org/arcrole/2008/element-label" xlink:from="loc_eba_MC134" xlink:to="label_eba_MC134" />
    <label:label xlink:type="resource" xlink:label="label_eba_MC134_1" xml:lang="en" xlink:role="http://www.xbrl.org/2008/role/verboseLabel" />
    <gen:arc xlink:type="arc" xlink:arcrole="http://xbrl.org/arcrole/2008/element-label" xlink:from="loc_eba_MC134" xlink:to="label_eba_MC134_1" />
    <link:loc xlink:type="locator" xlink:href="hier.xsd#eba_MC135" xlink:label="loc_eba_MC135" />
    <label:label xlink:type="resource" xlink:label="label_eba_MC135" xml:lang="en" xlink:role="http://www.xbrl.org/2008/role/label">Hierarchy for Fair value reserves</label:label>
    <gen:arc xlink:type="arc" xlink:arcrole="http://xbrl.org/arcrole/2008/element-label" xlink:from="loc_eba_MC135" xlink:to="label_eba_MC135" />
    <label:label xlink:type="resource" xlink:label="label_eba_MC135_1" xml:lang="en" xlink:role="http://www.xbrl.org/2008/role/verboseLabel" />
    <gen:arc xlink:type="arc" xlink:arcrole="http://xbrl.org/arcrole/2008/element-label" xlink:from="loc_eba_MC135" xlink:to="label_eba_MC135_1" />
    <link:loc xlink:type="locator" xlink:href="hier.xsd#eba_MC14" xlink:label="loc_eba_MC14" />
    <label:label xlink:type="resource" xlink:label="label_eba_MC14" xml:lang="en" xlink:role="http://www.xbrl.org/2008/role/label">Hierarchy for instruments subject to credit risk</label:label>
    <gen:arc xlink:type="arc" xlink:arcrole="http://xbrl.org/arcrole/2008/element-label" xlink:from="loc_eba_MC14" xlink:to="label_eba_MC14" />
    <label:label xlink:type="resource" xlink:label="label_eba_MC14_1" xml:lang="en" xlink:role="http://www.xbrl.org/2008/role/verboseLabel">List the different instruments which are subject to credit risk. Shows, how these are related and which of them are explicitly mentioned in COREP templates</label:label>
    <gen:arc xlink:type="arc" xlink:arcrole="http://xbrl.org/arcrole/2008/element-label" xlink:from="loc_eba_MC14" xlink:to="label_eba_MC14_1" />
    <link:loc xlink:type="locator" xlink:href="hier.xsd#eba_MC15" xlink:label="loc_eba_MC15" />
    <label:label xlink:type="resource" xlink:label="label_eba_MC15" xml:lang="en" xlink:role="http://www.xbrl.org/2008/role/label">Hierarchy for Asset encumbrance</label:label>
    <gen:arc xlink:type="arc" xlink:arcrole="http://xbrl.org/arcrole/2008/element-label" xlink:from="loc_eba_MC15" xlink:to="label_eba_MC15" />
    <label:label xlink:type="resource" xlink:label="label_eba_MC15_1" xml:lang="en" xlink:role="http://www.xbrl.org/2008/role/verboseLabel">Shows the breakdown used for the encumbered assets</label:label>
    <gen:arc xlink:type="arc" xlink:arcrole="http://xbrl.org/arcrole/2008/element-label" xlink:from="loc_eba_MC15" xlink:to="label_eba_MC15_1" />
    <link:loc xlink:type="locator" xlink:href="hier.xsd#eba_MC16" xlink:label="loc_eba_MC16" />
    <label:label xlink:type="resource" xlink:label="label_eba_MC16" xml:lang="en" xlink:role="http://www.xbrl.org/2008/role/label">Breakdown of Debt securities, Loans and advances</label:label>
    <gen:arc xlink:type="arc" xlink:arcrole="http://xbrl.org/arcrole/2008/element-label" xlink:from="loc_eba_MC16" xlink:to="label_eba_MC16" />
    <label:label xlink:type="resource" xlink:label="label_eba_MC16_1" xml:lang="en" xlink:role="http://www.xbrl.org/2008/role/verboseLabel">Breakdown of Debt securities, Loans and advances</label:label>
    <gen:arc xlink:type="arc" xlink:arcrole="http://xbrl.org/arcrole/2008/element-label" xlink:from="loc_eba_MC16" xlink:to="label_eba_MC16_1" />
    <link:loc xlink:type="locator" xlink:href="hier.xsd#eba_MC18" xlink:label="loc_eba_MC18" />
    <label:label xlink:type="resource" xlink:label="label_eba_MC18" xml:lang="en" xlink:role="http://www.xbrl.org/2008/role/label">Hierarchy for derivatives</label:label>
    <gen:arc xlink:type="arc" xlink:arcrole="http://xbrl.org/arcrole/2008/element-label" xlink:from="loc_eba_MC18" xlink:to="label_eba_MC18" />
    <label:label xlink:type="resource" xlink:label="label_eba_MC18_1" xml:lang="en" xlink:role="http://www.xbrl.org/2008/role/verboseLabel" />
    <gen:arc xlink:type="arc" xlink:arcrole="http://xbrl.org/arcrole/2008/element-label" xlink:from="loc_eba_MC18" xlink:to="label_eba_MC18_1" />
    <link:loc xlink:type="locator" xlink:href="hier.xsd#eba_MC2" xlink:label="loc_eba_MC2" />
    <label:label xlink:type="resource" xlink:label="label_eba_MC2" xml:lang="en" xlink:role="http://www.xbrl.org/2008/role/label">Equity instruments issued</label:label>
    <gen:arc xlink:type="arc" xlink:arcrole="http://xbrl.org/arcrole/2008/element-label" xlink:from="loc_eba_MC2" xlink:to="label_eba_MC2" />
    <label:label xlink:type="resource" xlink:label="label_eba_MC2_1" xml:lang="en" xlink:role="http://www.xbrl.org/2008/role/verboseLabel" />
    <gen:arc xlink:type="arc" xlink:arcrole="http://xbrl.org/arcrole/2008/element-label" xlink:from="loc_eba_MC2" xlink:to="label_eba_MC2_1" />
    <link:loc xlink:type="locator" xlink:href="hier.xsd#eba_MC21" xlink:label="loc_eba_MC21" />
    <label:label xlink:type="resource" xlink:label="label_eba_MC21" xml:lang="en" xlink:role="http://www.xbrl.org/2008/role/label">Hierarchy for collateral received</label:label>
    <gen:arc xlink:type="arc" xlink:arcrole="http://xbrl.org/arcrole/2008/element-label" xlink:from="loc_eba_MC21" xlink:to="label_eba_MC21" />
    <label:label xlink:type="resource" xlink:label="label_eba_MC21_1" xml:lang="en" xlink:role="http://www.xbrl.org/2008/role/verboseLabel" />
    <gen:arc xlink:type="arc" xlink:arcrole="http://xbrl.org/arcrole/2008/element-label" xlink:from="loc_eba_MC21" xlink:to="label_eba_MC21_1" />
    <link:loc xlink:type="locator" xlink:href="hier.xsd#eba_MC22" xlink:label="loc_eba_MC22" />
    <label:label xlink:type="resource" xlink:label="label_eba_MC22" xml:lang="en" xlink:role="http://www.xbrl.org/2008/role/label">Hierarchy for collateral received</label:label>
    <gen:arc xlink:type="arc" xlink:arcrole="http://xbrl.org/arcrole/2008/element-label" xlink:from="loc_eba_MC22" xlink:to="label_eba_MC22" />
    <label:label xlink:type="resource" xlink:label="label_eba_MC22_1" xml:lang="en" xlink:role="http://www.xbrl.org/2008/role/verboseLabel" />
    <gen:arc xlink:type="arc" xlink:arcrole="http://xbrl.org/arcrole/2008/element-label" xlink:from="loc_eba_MC22" xlink:to="label_eba_MC22_1" />
    <link:loc xlink:type="locator" xlink:href="hier.xsd#eba_MC23" xlink:label="loc_eba_MC23" />
    <label:label xlink:type="resource" xlink:label="label_eba_MC23" xml:lang="en" xlink:role="http://www.xbrl.org/2008/role/label">Hierarchy for the breakdown of "Derivatives, Securities financial transactions"</label:label>
    <gen:arc xlink:type="arc" xlink:arcrole="http://xbrl.org/arcrole/2008/element-label" xlink:from="loc_eba_MC23" xlink:to="label_eba_MC23" />
    <label:label xlink:type="resource" xlink:label="label_eba_MC23_1" xml:lang="en" xlink:role="http://www.xbrl.org/2008/role/verboseLabel">Breakdown of "Derivatives, Securities financial transactions"</label:label>
    <gen:arc xlink:type="arc" xlink:arcrole="http://xbrl.org/arcrole/2008/element-label" xlink:from="loc_eba_MC23" xlink:to="label_eba_MC23_1" />
    <link:loc xlink:type="locator" xlink:href="hier.xsd#eba_MC24" xlink:label="loc_eba_MC24" />
    <label:label xlink:type="resource" xlink:label="label_eba_MC24" xml:lang="en" xlink:role="http://www.xbrl.org/2008/role/label">Hierarchy for deferred tax liabilities</label:label>
    <gen:arc xlink:type="arc" xlink:arcrole="http://xbrl.org/arcrole/2008/element-label" xlink:from="loc_eba_MC24" xlink:to="label_eba_MC24" />
    <label:label xlink:type="resource" xlink:label="label_eba_MC24_1" xml:lang="en" xlink:role="http://www.xbrl.org/2008/role/verboseLabel" />
    <gen:arc xlink:type="arc" xlink:arcrole="http://xbrl.org/arcrole/2008/element-label" xlink:from="loc_eba_MC24" xlink:to="label_eba_MC24_1" />
    <link:loc xlink:type="locator" xlink:href="hier.xsd#eba_MC27" xlink:label="loc_eba_MC27" />
    <label:label xlink:type="resource" xlink:label="label_eba_MC27" xml:lang="en" xlink:role="http://www.xbrl.org/2008/role/label">Hierarchy for types of derivatives transactions in FINREP (I)</label:label>
    <gen:arc xlink:type="arc" xlink:arcrole="http://xbrl.org/arcrole/2008/element-label" xlink:from="loc_eba_MC27" xlink:to="label_eba_MC27" />
    <label:label xlink:type="resource" xlink:label="label_eba_MC27_1" xml:lang="en" xlink:role="http://www.xbrl.org/2008/role/verboseLabel">Types of derivatives transactions in FINREP (I)</label:label>
    <gen:arc xlink:type="arc" xlink:arcrole="http://xbrl.org/arcrole/2008/element-label" xlink:from="loc_eba_MC27" xlink:to="label_eba_MC27_1" />
    <link:loc xlink:type="locator" xlink:href="hier.xsd#eba_MC28" xlink:label="loc_eba_MC28" />
    <label:label xlink:type="resource" xlink:label="label_eba_MC28" xml:lang="en" xlink:role="http://www.xbrl.org/2008/role/label">Hierarchy for types of derivatives transactions in FINREP (II)</label:label>
    <gen:arc xlink:type="arc" xlink:arcrole="http://xbrl.org/arcrole/2008/element-label" xlink:from="loc_eba_MC28" xlink:to="label_eba_MC28" />
    <label:label xlink:type="resource" xlink:label="label_eba_MC28_1" xml:lang="en" xlink:role="http://www.xbrl.org/2008/role/verboseLabel">Types of derivatives transactions in FINREP (II)</label:label>
    <gen:arc xlink:type="arc" xlink:arcrole="http://xbrl.org/arcrole/2008/element-label" xlink:from="loc_eba_MC28" xlink:to="label_eba_MC28_1" />
    <link:loc xlink:type="locator" xlink:href="hier.xsd#eba_MC29" xlink:label="loc_eba_MC29" />
    <label:label xlink:type="resource" xlink:label="label_eba_MC29" xml:lang="en" xlink:role="http://www.xbrl.org/2008/role/label">Derivatives sold and purchased</label:label>
    <gen:arc xlink:type="arc" xlink:arcrole="http://xbrl.org/arcrole/2008/element-label" xlink:from="loc_eba_MC29" xlink:to="label_eba_MC29" />
    <label:label xlink:type="resource" xlink:label="label_eba_MC29_1" xml:lang="en" xlink:role="http://www.xbrl.org/2008/role/verboseLabel" />
    <gen:arc xlink:type="arc" xlink:arcrole="http://xbrl.org/arcrole/2008/element-label" xlink:from="loc_eba_MC29" xlink:to="label_eba_MC29_1" />
    <link:loc xlink:type="locator" xlink:href="hier.xsd#eba_MC3" xlink:label="loc_eba_MC3" />
    <label:label xlink:type="resource" xlink:label="label_eba_MC3" xml:lang="en" xlink:role="http://www.xbrl.org/2008/role/label">Hierarchy for the breakdown of All liabilities</label:label>
    <gen:arc xlink:type="arc" xlink:arcrole="http://xbrl.org/arcrole/2008/element-label" xlink:from="loc_eba_MC3" xlink:to="label_eba_MC3" />
    <label:label xlink:type="resource" xlink:label="label_eba_MC3_1" xml:lang="en" xlink:role="http://www.xbrl.org/2008/role/verboseLabel">Breakdown of All liabilities</label:label>
    <gen:arc xlink:type="arc" xlink:arcrole="http://xbrl.org/arcrole/2008/element-label" xlink:from="loc_eba_MC3" xlink:to="label_eba_MC3_1" />
    <link:loc xlink:type="locator" xlink:href="hier.xsd#eba_MC30" xlink:label="loc_eba_MC30" />
    <label:label xlink:type="resource" xlink:label="label_eba_MC30" xml:lang="en" xlink:role="http://www.xbrl.org/2008/role/label">Hierarchy for deferred tax assets</label:label>
    <gen:arc xlink:type="arc" xlink:arcrole="http://xbrl.org/arcrole/2008/element-label" xlink:from="loc_eba_MC30" xlink:to="label_eba_MC30" />
    <label:label xlink:type="resource" xlink:label="label_eba_MC30_1" xml:lang="en" xlink:role="http://www.xbrl.org/2008/role/verboseLabel" />
    <gen:arc xlink:type="arc" xlink:arcrole="http://xbrl.org/arcrole/2008/element-label" xlink:from="loc_eba_MC30" xlink:to="label_eba_MC30_1" />
    <link:loc xlink:type="locator" xlink:href="hier.xsd#eba_MC33" xlink:label="loc_eba_MC33" />
    <label:label xlink:type="resource" xlink:label="label_eba_MC33" xml:lang="en" xlink:role="http://www.xbrl.org/2008/role/label">Off-balance sheet exposures subject to credit risk</label:label>
    <gen:arc xlink:type="arc" xlink:arcrole="http://xbrl.org/arcrole/2008/element-label" xlink:from="loc_eba_MC33" xlink:to="label_eba_MC33" />
    <label:label xlink:type="resource" xlink:label="label_eba_MC33_1" xml:lang="en" xlink:role="http://www.xbrl.org/2008/role/verboseLabel" />
    <gen:arc xlink:type="arc" xlink:arcrole="http://xbrl.org/arcrole/2008/element-label" xlink:from="loc_eba_MC33" xlink:to="label_eba_MC33_1" />
    <link:loc xlink:type="locator" xlink:href="hier.xsd#eba_MC34" xlink:label="loc_eba_MC34" />
    <label:label xlink:type="resource" xlink:label="label_eba_MC34" xml:lang="en" xlink:role="http://www.xbrl.org/2008/role/label">Loan commitments, financial guarantees and other commitments received</label:label>
    <gen:arc xlink:type="arc" xlink:arcrole="http://xbrl.org/arcrole/2008/element-label" xlink:from="loc_eba_MC34" xlink:to="label_eba_MC34" />
    <label:label xlink:type="resource" xlink:label="label_eba_MC34_1" xml:lang="en" xlink:role="http://www.xbrl.org/2008/role/verboseLabel" />
    <gen:arc xlink:type="arc" xlink:arcrole="http://xbrl.org/arcrole/2008/element-label" xlink:from="loc_eba_MC34" xlink:to="label_eba_MC34_1" />
    <link:loc xlink:type="locator" xlink:href="hier.xsd#eba_MC41" xlink:label="loc_eba_MC41" />
    <label:label xlink:type="resource" xlink:label="label_eba_MC41" xml:lang="en" xlink:role="http://www.xbrl.org/2008/role/label">Hierarchy for the composition of "Assets other than Derivatives, Equity instruments, Debt securities, Loans and advances"</label:label>
    <gen:arc xlink:type="arc" xlink:arcrole="http://xbrl.org/arcrole/2008/element-label" xlink:from="loc_eba_MC41" xlink:to="label_eba_MC41" />
    <label:label xlink:type="resource" xlink:label="label_eba_MC41_1" xml:lang="en" xlink:role="http://www.xbrl.org/2008/role/verboseLabel">Composition of "Assets other than Derivatives, Equity instruments, Debt securities, Loans and advances"</label:label>
    <gen:arc xlink:type="arc" xlink:arcrole="http://xbrl.org/arcrole/2008/element-label" xlink:from="loc_eba_MC41" xlink:to="label_eba_MC41_1" />
    <link:loc xlink:type="locator" xlink:href="hier.xsd#eba_MC45" xlink:label="loc_eba_MC45" />
    <label:label xlink:type="resource" xlink:label="label_eba_MC45" xml:lang="en" xlink:role="http://www.xbrl.org/2008/role/label">Hierarchy for the breakdown of All assets (II)</label:label>
    <gen:arc xlink:type="arc" xlink:arcrole="http://xbrl.org/arcrole/2008/element-label" xlink:from="loc_eba_MC45" xlink:to="label_eba_MC45" />
    <label:label xlink:type="resource" xlink:label="label_eba_MC45_1" xml:lang="en" xlink:role="http://www.xbrl.org/2008/role/verboseLabel">Breakdown of All assets (II)</label:label>
    <gen:arc xlink:type="arc" xlink:arcrole="http://xbrl.org/arcrole/2008/element-label" xlink:from="loc_eba_MC45" xlink:to="label_eba_MC45_1" />
    <link:loc xlink:type="locator" xlink:href="hier.xsd#eba_MC48" xlink:label="loc_eba_MC48" />
    <label:label xlink:type="resource" xlink:label="label_eba_MC48" xml:lang="en" xlink:role="http://www.xbrl.org/2008/role/label">Hierarchy for breakdown of All assets (V)</label:label>
    <gen:arc xlink:type="arc" xlink:arcrole="http://xbrl.org/arcrole/2008/element-label" xlink:from="loc_eba_MC48" xlink:to="label_eba_MC48" />
    <label:label xlink:type="resource" xlink:label="label_eba_MC48_1" xml:lang="en" xlink:role="http://www.xbrl.org/2008/role/verboseLabel">Breakdown of All assets (V)</label:label>
    <gen:arc xlink:type="arc" xlink:arcrole="http://xbrl.org/arcrole/2008/element-label" xlink:from="loc_eba_MC48" xlink:to="label_eba_MC48_1" />
    <link:loc xlink:type="locator" xlink:href="hier.xsd#eba_MC49" xlink:label="loc_eba_MC49" />
    <label:label xlink:type="resource" xlink:label="label_eba_MC49" xml:lang="en" xlink:role="http://www.xbrl.org/2008/role/label">Components of "Derivatives, Debt securities, Loans and advances"</label:label>
    <gen:arc xlink:type="arc" xlink:arcrole="http://xbrl.org/arcrole/2008/element-label" xlink:from="loc_eba_MC49" xlink:to="label_eba_MC49" />
    <label:label xlink:type="resource" xlink:label="label_eba_MC49_1" xml:lang="en" xlink:role="http://www.xbrl.org/2008/role/verboseLabel">Components of "Derivatives, Debt securities, Loans and advances"</label:label>
    <gen:arc xlink:type="arc" xlink:arcrole="http://xbrl.org/arcrole/2008/element-label" xlink:from="loc_eba_MC49" xlink:to="label_eba_MC49_1" />
    <link:loc xlink:type="locator" xlink:href="hier.xsd#eba_MC51" xlink:label="loc_eba_MC51" />
    <label:label xlink:type="resource" xlink:label="label_eba_MC51" xml:lang="en" xlink:role="http://www.xbrl.org/2008/role/label">Provisions</label:label>
    <gen:arc xlink:type="arc" xlink:arcrole="http://xbrl.org/arcrole/2008/element-label" xlink:from="loc_eba_MC51" xlink:to="label_eba_MC51" />
    <label:label xlink:type="resource" xlink:label="label_eba_MC51_1" xml:lang="en" xlink:role="http://www.xbrl.org/2008/role/verboseLabel" />
    <gen:arc xlink:type="arc" xlink:arcrole="http://xbrl.org/arcrole/2008/element-label" xlink:from="loc_eba_MC51" xlink:to="label_eba_MC51_1" />
    <link:loc xlink:type="locator" xlink:href="hier.xsd#eba_MC59" xlink:label="loc_eba_MC59" />
    <label:label xlink:type="resource" xlink:label="label_eba_MC59" xml:lang="en" xlink:role="http://www.xbrl.org/2008/role/label">Components of "Derivatives, Deposits, Debt securities issued, Other financial liabilities"</label:label>
    <gen:arc xlink:type="arc" xlink:arcrole="http://xbrl.org/arcrole/2008/element-label" xlink:from="loc_eba_MC59" xlink:to="label_eba_MC59" />
    <label:label xlink:type="resource" xlink:label="label_eba_MC59_1" xml:lang="en" xlink:role="http://www.xbrl.org/2008/role/verboseLabel">Components of "Derivatives, Deposits, Debt securities issued, Other financial liabilities"</label:label>
    <gen:arc xlink:type="arc" xlink:arcrole="http://xbrl.org/arcrole/2008/element-label" xlink:from="loc_eba_MC59" xlink:to="label_eba_MC59_1" />
    <link:loc xlink:type="locator" xlink:href="hier.xsd#eba_MC61" xlink:label="loc_eba_MC61" />
    <label:label xlink:type="resource" xlink:label="label_eba_MC61" xml:lang="en" xlink:role="http://www.xbrl.org/2008/role/label">All equity</label:label>
    <gen:arc xlink:type="arc" xlink:arcrole="http://xbrl.org/arcrole/2008/element-label" xlink:from="loc_eba_MC61" xlink:to="label_eba_MC61" />
    <label:label xlink:type="resource" xlink:label="label_eba_MC61_1" xml:lang="en" xlink:role="http://www.xbrl.org/2008/role/verboseLabel" />
    <gen:arc xlink:type="arc" xlink:arcrole="http://xbrl.org/arcrole/2008/element-label" xlink:from="loc_eba_MC61" xlink:to="label_eba_MC61_1" />
    <link:loc xlink:type="locator" xlink:href="hier.xsd#eba_MC62" xlink:label="loc_eba_MC62" />
    <label:label xlink:type="resource" xlink:label="label_eba_MC62" xml:lang="en" xlink:role="http://www.xbrl.org/2008/role/label">Relationship between Qualifying revolving and UCC</label:label>
    <gen:arc xlink:type="arc" xlink:arcrole="http://xbrl.org/arcrole/2008/element-label" xlink:from="loc_eba_MC62" xlink:to="label_eba_MC62" />
    <label:label xlink:type="resource" xlink:label="label_eba_MC62_1" xml:lang="en" xlink:role="http://www.xbrl.org/2008/role/verboseLabel">Relationship between Qualifying revolving and UCC for LR calibration purposes</label:label>
    <gen:arc xlink:type="arc" xlink:arcrole="http://xbrl.org/arcrole/2008/element-label" xlink:from="loc_eba_MC62" xlink:to="label_eba_MC62_1" />
    <link:loc xlink:type="locator" xlink:href="hier.xsd#eba_MC63" xlink:label="loc_eba_MC63" />
    <label:label xlink:type="resource" xlink:label="label_eba_MC63" xml:lang="en" xlink:role="http://www.xbrl.org/2008/role/label">TBD</label:label>
    <gen:arc xlink:type="arc" xlink:arcrole="http://xbrl.org/arcrole/2008/element-label" xlink:from="loc_eba_MC63" xlink:to="label_eba_MC63" />
    <label:label xlink:type="resource" xlink:label="label_eba_MC63_1" xml:lang="en" xlink:role="http://www.xbrl.org/2008/role/verboseLabel" />
    <gen:arc xlink:type="arc" xlink:arcrole="http://xbrl.org/arcrole/2008/element-label" xlink:from="loc_eba_MC63" xlink:to="label_eba_MC63_1" />
    <link:loc xlink:type="locator" xlink:href="hier.xsd#eba_MC65" xlink:label="loc_eba_MC65" />
    <label:label xlink:type="resource" xlink:label="label_eba_MC65" xml:lang="en" xlink:role="http://www.xbrl.org/2008/role/label">TBD</label:label>
    <gen:arc xlink:type="arc" xlink:arcrole="http://xbrl.org/arcrole/2008/element-label" xlink:from="loc_eba_MC65" xlink:to="label_eba_MC65" />
    <label:label xlink:type="resource" xlink:label="label_eba_MC65_1" xml:lang="en" xlink:role="http://www.xbrl.org/2008/role/verboseLabel" />
    <gen:arc xlink:type="arc" xlink:arcrole="http://xbrl.org/arcrole/2008/element-label" xlink:from="loc_eba_MC65" xlink:to="label_eba_MC65_1" />
    <link:loc xlink:type="locator" xlink:href="hier.xsd#eba_MC66" xlink:label="loc_eba_MC66" />
    <label:label xlink:type="resource" xlink:label="label_eba_MC66" xml:lang="en" xlink:role="http://www.xbrl.org/2008/role/label">Hierarchy for breakdown of All liabilities</label:label>
    <gen:arc xlink:type="arc" xlink:arcrole="http://xbrl.org/arcrole/2008/element-label" xlink:from="loc_eba_MC66" xlink:to="label_eba_MC66" />
    <label:label xlink:type="resource" xlink:label="label_eba_MC66_1" xml:lang="en" xlink:role="http://www.xbrl.org/2008/role/verboseLabel">Breakdown of All liabilities</label:label>
    <gen:arc xlink:type="arc" xlink:arcrole="http://xbrl.org/arcrole/2008/element-label" xlink:from="loc_eba_MC66" xlink:to="label_eba_MC66_1" />
    <link:loc xlink:type="locator" xlink:href="hier.xsd#eba_MC67" xlink:label="loc_eba_MC67" />
    <label:label xlink:type="resource" xlink:label="label_eba_MC67" xml:lang="en" xlink:role="http://www.xbrl.org/2008/role/label">Components of "Equity instruments, Debt securities, Loans and advances, Deposits, Debt securities issued, Other financial liabilities"</label:label>
    <gen:arc xlink:type="arc" xlink:arcrole="http://xbrl.org/arcrole/2008/element-label" xlink:from="loc_eba_MC67" xlink:to="label_eba_MC67" />
    <label:label xlink:type="resource" xlink:label="label_eba_MC67_1" xml:lang="en" xlink:role="http://www.xbrl.org/2008/role/verboseLabel">Components of " Equity instruments, Debt securities, Loans and advances, Deposits, Debt securities issued, Other financial liabilities"</label:label>
    <gen:arc xlink:type="arc" xlink:arcrole="http://xbrl.org/arcrole/2008/element-label" xlink:from="loc_eba_MC67" xlink:to="label_eba_MC67_1" />
    <link:loc xlink:type="locator" xlink:href="hier.xsd#eba_MC69" xlink:label="loc_eba_MC69" />
    <label:label xlink:type="resource" xlink:label="label_eba_MC69" xml:lang="en" xlink:role="http://www.xbrl.org/2008/role/label">Components of "Derivatives, Equity instruments, Debt securities, Loans and advances, Short positions, Deposits, Debt securities issued, Other financial liabilities"</label:label>
    <gen:arc xlink:type="arc" xlink:arcrole="http://xbrl.org/arcrole/2008/element-label" xlink:from="loc_eba_MC69" xlink:to="label_eba_MC69" />
    <label:label xlink:type="resource" xlink:label="label_eba_MC69_1" xml:lang="en" xlink:role="http://www.xbrl.org/2008/role/verboseLabel">Components of "Derivatives, Equity instruments, Debt securities, Loans and advances, Short positions, Deposits, Debt securities issued, Other financial liabilities"</label:label>
    <gen:arc xlink:type="arc" xlink:arcrole="http://xbrl.org/arcrole/2008/element-label" xlink:from="loc_eba_MC69" xlink:to="label_eba_MC69_1" />
    <link:loc xlink:type="locator" xlink:href="hier.xsd#eba_MC72" xlink:label="loc_eba_MC72" />
    <label:label xlink:type="resource" xlink:label="label_eba_MC72" xml:lang="en" xlink:role="http://www.xbrl.org/2008/role/label">Hierarchy for the breakdown of All assets (III)</label:label>
    <gen:arc xlink:type="arc" xlink:arcrole="http://xbrl.org/arcrole/2008/element-label" xlink:from="loc_eba_MC72" xlink:to="label_eba_MC72" />
    <label:label xlink:type="resource" xlink:label="label_eba_MC72_1" xml:lang="en" xlink:role="http://www.xbrl.org/2008/role/verboseLabel">Breakdown of All Assets (III)</label:label>
    <gen:arc xlink:type="arc" xlink:arcrole="http://xbrl.org/arcrole/2008/element-label" xlink:from="loc_eba_MC72" xlink:to="label_eba_MC72_1" />
    <link:loc xlink:type="locator" xlink:href="hier.xsd#eba_MC77" xlink:label="loc_eba_MC77" />
    <label:label xlink:type="resource" xlink:label="label_eba_MC77" xml:lang="en" xlink:role="http://www.xbrl.org/2008/role/label">Profit &amp; Loss account structure</label:label>
    <gen:arc xlink:type="arc" xlink:arcrole="http://xbrl.org/arcrole/2008/element-label" xlink:from="loc_eba_MC77" xlink:to="label_eba_MC77" />
    <label:label xlink:type="resource" xlink:label="label_eba_MC77_1" xml:lang="en" xlink:role="http://www.xbrl.org/2008/role/verboseLabel">Profit &amp; Loss account structure</label:label>
    <gen:arc xlink:type="arc" xlink:arcrole="http://xbrl.org/arcrole/2008/element-label" xlink:from="loc_eba_MC77" xlink:to="label_eba_MC77_1" />
    <link:loc xlink:type="locator" xlink:href="hier.xsd#eba_MC78" xlink:label="loc_eba_MC78" />
    <label:label xlink:type="resource" xlink:label="label_eba_MC78" xml:lang="en" xlink:role="http://www.xbrl.org/2008/role/label">Components of "Derivatives, Equity Instruments"</label:label>
    <gen:arc xlink:type="arc" xlink:arcrole="http://xbrl.org/arcrole/2008/element-label" xlink:from="loc_eba_MC78" xlink:to="label_eba_MC78" />
    <label:label xlink:type="resource" xlink:label="label_eba_MC78_1" xml:lang="en" xlink:role="http://www.xbrl.org/2008/role/verboseLabel">Components of "Derivatives, Equity Instruments"</label:label>
    <gen:arc xlink:type="arc" xlink:arcrole="http://xbrl.org/arcrole/2008/element-label" xlink:from="loc_eba_MC78" xlink:to="label_eba_MC78_1" />
    <link:loc xlink:type="locator" xlink:href="hier.xsd#eba_MC85" xlink:label="loc_eba_MC85" />
    <label:label xlink:type="resource" xlink:label="label_eba_MC85" xml:lang="en" xlink:role="http://www.xbrl.org/2008/role/label">Hierarchy for the breakdown of All assets (IV)</label:label>
    <gen:arc xlink:type="arc" xlink:arcrole="http://xbrl.org/arcrole/2008/element-label" xlink:from="loc_eba_MC85" xlink:to="label_eba_MC85" />
    <label:label xlink:type="resource" xlink:label="label_eba_MC85_1" xml:lang="en" xlink:role="http://www.xbrl.org/2008/role/verboseLabel">Breakdown of All assets (IV)</label:label>
    <gen:arc xlink:type="arc" xlink:arcrole="http://xbrl.org/arcrole/2008/element-label" xlink:from="loc_eba_MC85" xlink:to="label_eba_MC85_1" />
    <link:loc xlink:type="locator" xlink:href="hier.xsd#eba_MC91" xlink:label="loc_eba_MC91" />
    <label:label xlink:type="resource" xlink:label="label_eba_MC91" xml:lang="en" xlink:role="http://www.xbrl.org/2008/role/label">Hierarchy for the breakdown of All equity (I)</label:label>
    <gen:arc xlink:type="arc" xlink:arcrole="http://xbrl.org/arcrole/2008/element-label" xlink:from="loc_eba_MC91" xlink:to="label_eba_MC91" />
    <label:label xlink:type="resource" xlink:label="label_eba_MC91_1" xml:lang="en" xlink:role="http://www.xbrl.org/2008/role/verboseLabel">Breakdown of All equity (I)</label:label>
    <gen:arc xlink:type="arc" xlink:arcrole="http://xbrl.org/arcrole/2008/element-label" xlink:from="loc_eba_MC91" xlink:to="label_eba_MC91_1" />
    <link:loc xlink:type="locator" xlink:href="hier.xsd#eba_MC92" xlink:label="loc_eba_MC92" />
    <label:label xlink:type="resource" xlink:label="label_eba_MC92" xml:lang="en" xlink:role="http://www.xbrl.org/2008/role/label">Composition of Profit or loss other comprehensive income</label:label>
    <gen:arc xlink:type="arc" xlink:arcrole="http://xbrl.org/arcrole/2008/element-label" xlink:from="loc_eba_MC92" xlink:to="label_eba_MC92" />
    <label:label xlink:type="resource" xlink:label="label_eba_MC92_1" xml:lang="en" xlink:role="http://www.xbrl.org/2008/role/verboseLabel">Composition of Profit or loss other comprehensive income</label:label>
    <gen:arc xlink:type="arc" xlink:arcrole="http://xbrl.org/arcrole/2008/element-label" xlink:from="loc_eba_MC92" xlink:to="label_eba_MC92_1" />
    <link:loc xlink:type="locator" xlink:href="hier.xsd#eba_MC93" xlink:label="loc_eba_MC93" />
    <label:label xlink:type="resource" xlink:label="label_eba_MC93" xml:lang="en" xlink:role="http://www.xbrl.org/2008/role/label">Components of "Profit or loss, Profit or loss other comprehensive income"</label:label>
    <gen:arc xlink:type="arc" xlink:arcrole="http://xbrl.org/arcrole/2008/element-label" xlink:from="loc_eba_MC93" xlink:to="label_eba_MC93" />
    <label:label xlink:type="resource" xlink:label="label_eba_MC93_1" xml:lang="en" xlink:role="http://www.xbrl.org/2008/role/verboseLabel">Components of "Profit or loss, Profit or loss other comprehensive income"</label:label>
    <gen:arc xlink:type="arc" xlink:arcrole="http://xbrl.org/arcrole/2008/element-label" xlink:from="loc_eba_MC93" xlink:to="label_eba_MC93_1" />
    <link:loc xlink:type="locator" xlink:href="hier.xsd#eba_MC95" xlink:label="loc_eba_MC95" />
    <label:label xlink:type="resource" xlink:label="label_eba_MC95" xml:lang="en" xlink:role="http://www.xbrl.org/2008/role/label">Breakdown of Deferred tax liabilities non deductible from deferred tax assets that rely on future profitability</label:label>
    <gen:arc xlink:type="arc" xlink:arcrole="http://xbrl.org/arcrole/2008/element-label" xlink:from="loc_eba_MC95" xlink:to="label_eba_MC95" />
    <label:label xlink:type="resource" xlink:label="label_eba_MC95_1" xml:lang="en" xlink:role="http://www.xbrl.org/2008/role/verboseLabel">Breakdown of Deferred tax liabilities non deductible from deferred tax assets that rely on future profitability</label:label>
    <gen:arc xlink:type="arc" xlink:arcrole="http://xbrl.org/arcrole/2008/element-label" xlink:from="loc_eba_MC95" xlink:to="label_eba_MC95_1" />
    <link:loc xlink:type="locator" xlink:href="hier.xsd#eba_MC96" xlink:label="loc_eba_MC96" />
    <label:label xlink:type="resource" xlink:label="label_eba_MC96" xml:lang="en" xlink:role="http://www.xbrl.org/2008/role/label">Composition of "Deferred tax assets that rely on future profitability and do not arise from temporary differences net of associated tax liabilities"</label:label>
    <gen:arc xlink:type="arc" xlink:arcrole="http://xbrl.org/arcrole/2008/element-label" xlink:from="loc_eba_MC96" xlink:to="label_eba_MC96" />
    <label:label xlink:type="resource" xlink:label="label_eba_MC96_1" xml:lang="en" xlink:role="http://www.xbrl.org/2008/role/verboseLabel">"Deferred tax assets that rely on future profitability and do not arise from temporary differences net of associated tax liabilities"</label:label>
    <gen:arc xlink:type="arc" xlink:arcrole="http://xbrl.org/arcrole/2008/element-label" xlink:from="loc_eba_MC96" xlink:to="label_eba_MC96_1" />
    <link:loc xlink:type="locator" xlink:href="hier.xsd#eba_MC98" xlink:label="loc_eba_MC98" />
    <label:label xlink:type="resource" xlink:label="label_eba_MC98" xml:lang="en" xlink:role="http://www.xbrl.org/2008/role/label">Hierarchy for intangible assets</label:label>
    <gen:arc xlink:type="arc" xlink:arcrole="http://xbrl.org/arcrole/2008/element-label" xlink:from="loc_eba_MC98" xlink:to="label_eba_MC98" />
    <label:label xlink:type="resource" xlink:label="label_eba_MC98_1" xml:lang="en" xlink:role="http://www.xbrl.org/2008/role/verboseLabel" />
    <gen:arc xlink:type="arc" xlink:arcrole="http://xbrl.org/arcrole/2008/element-label" xlink:from="loc_eba_MC98" xlink:to="label_eba_MC98_1" />
    <link:loc xlink:type="locator" xlink:href="hier.xsd#eba_MC99" xlink:label="loc_eba_MC99" />
    <label:label xlink:type="resource" xlink:label="label_eba_MC99" xml:lang="en" xlink:role="http://www.xbrl.org/2008/role/label">Hierarchy for "Equity instruments and subordinated financial assets"</label:label>
    <gen:arc xlink:type="arc" xlink:arcrole="http://xbrl.org/arcrole/2008/element-label" xlink:from="loc_eba_MC99" xlink:to="label_eba_MC99" />
    <label:label xlink:type="resource" xlink:label="label_eba_MC99_1" xml:lang="en" xlink:role="http://www.xbrl.org/2008/role/verboseLabel">Equity instruments and subordinated financial assets</label:label>
    <gen:arc xlink:type="arc" xlink:arcrole="http://xbrl.org/arcrole/2008/element-label" xlink:from="loc_eba_MC99" xlink:to="label_eba_MC99_1" />
    <link:loc xlink:type="locator" xlink:href="hier.xsd#eba_MC79" xlink:label="loc_eba_MC79" />
    <label:label xlink:type="resource" xlink:label="label_eba_MC79" xml:lang="en" xlink:role="http://www.xbrl.org/2008/role/label">Hierarchy for instruments subject to securitisation credit risk treatment</label:label>
    <gen:arc xlink:type="arc" xlink:arcrole="http://xbrl.org/arcrole/2008/element-label" xlink:from="loc_eba_MC79" xlink:to="label_eba_MC79" />
    <label:label xlink:type="resource" xlink:label="label_eba_MC79_1" xml:lang="en" xlink:role="http://www.xbrl.org/2008/role/verboseLabel">List the different instruments which are subject to securitisation credit risk treatment. Shows, how these are related and which of them are explicitly mentioned in COREP templates</label:label>
    <gen:arc xlink:type="arc" xlink:arcrole="http://xbrl.org/arcrole/2008/element-label" xlink:from="loc_eba_MC79" xlink:to="label_eba_MC79_1" />
  </gen:link>
</link:linkbase>