﻿<?xml version="1.0" encoding="utf-8"?>
<?taxonomy-version 2.0.0?>
<!--(C) EBA-->
<link:linkbase xmlns:xsi="http://www.w3.org/2001/XMLSchema-instance" xmlns:xlink="http://www.w3.org/1999/xlink" xmlns:link="http://www.xbrl.org/2003/linkbase" xmlns:gen="http://xbrl.org/2008/generic" xmlns:label="http://xbrl.org/2008/label" xmlns:formula="http://xbrl.org/2008/formula" xmlns:df="http://xbrl.org/2008/filter/dimension" xmlns:table="http://xbrl.org/PWD/2013-05-17/table" xmlns:model="http://www.eurofiling.info/xbrl/ext/model" xmlns:eba_dim="http://www.eba.europa.eu/xbrl/crr/dict/dim" xmlns:eba_BA="http://www.eba.europa.eu/xbrl/crr/dict/dom/BA" xmlns:eba_MC="http://www.eba.europa.eu/xbrl/crr/dict/dom/MC" xmlns:eba_OF="http://www.eba.europa.eu/xbrl/crr/dict/dom/OF" xmlns:eba_met="http://www.eba.europa.eu/xbrl/crr/dict/met" xsi:schemaLocation="http://www.xbrl.org/2003/linkbase http://www.xbrl.org/2003/xbrl-linkbase-2003-12-31.xsd http://xbrl.org/2008/generic http://www.xbrl.org/2008/generic-link.xsd http://xbrl.org/2008/label http://www.xbrl.org/2008/generic-label.xsd http://xbrl.org/2008/formula http://www.xbrl.org/2008/formula.xsd http://xbrl.org/2008/filter/dimension http://www.xbrl.org/2008/dimension-filter.xsd http://xbrl.org/PWD/2013-05-17/table http://www.xbrl.org/PWD/2013-05-17/table.xsd http://www.eurofiling.info/xbrl/ext/model http://www.eurofiling.info/eu/fr/xbrl/ext/model.xsd">
  <link:arcroleRef arcroleURI="http://xbrl.org/arcrole/PWD/2013-05-17/breakdown-tree" xlink:type="simple" xlink:href="http://www.xbrl.org/PWD/2013-05-17/table.xsd#breakdown-tree" />
  <link:arcroleRef arcroleURI="http://xbrl.org/arcrole/PWD/2013-05-17/definition-node-subtree" xlink:type="simple" xlink:href="http://www.xbrl.org/PWD/2013-05-17/table.xsd#definition-node-subtree" />
  <link:arcroleRef arcroleURI="http://xbrl.org/arcrole/PWD/2013-05-17/table-breakdown" xlink:type="simple" xlink:href="http://www.xbrl.org/PWD/2013-05-17/table.xsd#table-breakdown" />
  <link:roleRef roleURI="http://www.eba.europa.eu/xbrl/crr/role/fws/COREP/ITS-2013-02/2013-12-01/tab/C_45.00.b" xlink:type="simple" xlink:href="c_45.00.b.xsd#role" />
  <gen:link xlink:type="extended" xlink:role="http://www.eba.europa.eu/xbrl/crr/role/fws/COREP/ITS-2013-02/2013-12-01/tab/C_45.00.b">
    <table:table xlink:type="resource" xlink:label="eba_tC_45.00.b" aspectModel="dimensional" id="eba_tC_45.00.b" />
    <table:breakdown xlink:type="resource" xlink:label="eba_a1" parentChildOrder="parent-first" id="eba_a1" />
    <table:ruleNode xlink:type="resource" xlink:label="eba_a1.root" abstract="true" id="eba_a1.root" />
    <table:breakdownTreeArc xlink:type="arc" xlink:arcrole="http://xbrl.org/arcrole/PWD/2013-05-17/breakdown-tree" xlink:from="eba_a1" xlink:to="eba_a1.root" order="0" />
    <table:ruleNode xlink:type="resource" xlink:label="eba_c23634" id="eba_c23634" />
    <table:definitionNodeSubtreeArc xlink:type="arc" xlink:arcrole="http://xbrl.org/arcrole/PWD/2013-05-17/definition-node-subtree" xlink:from="eba_a1.root" xlink:to="eba_c23634" order="1" />
    <table:tableBreakdownArc xlink:type="arc" xlink:arcrole="http://xbrl.org/arcrole/PWD/2013-05-17/table-breakdown" xlink:from="eba_tC_45.00.b" xlink:to="eba_a1" axis="x" order="1" />
    <table:breakdown xlink:type="resource" xlink:label="eba_a2" parentChildOrder="parent-first" id="eba_a2" />
    <table:ruleNode xlink:type="resource" xlink:label="eba_a2.root" abstract="true" id="eba_a2.root">
      <formula:explicitDimension dimension="eba_dim:BAS">
        <formula:member>
          <formula:qname>eba_BA:x17</formula:qname>
        </formula:member>
      </formula:explicitDimension>
      <formula:explicitDimension dimension="eba_dim:MCY">
        <formula:member>
          <formula:qname>eba_MC:x275</formula:qname>
        </formula:member>
      </formula:explicitDimension>
      <formula:explicitDimension dimension="eba_dim:OFS">
        <formula:member>
          <formula:qname>eba_OF:x8</formula:qname>
        </formula:member>
      </formula:explicitDimension>
    </table:ruleNode>
    <table:breakdownTreeArc xlink:type="arc" xlink:arcrole="http://xbrl.org/arcrole/PWD/2013-05-17/breakdown-tree" xlink:from="eba_a2" xlink:to="eba_a2.root" order="0" />
    <table:ruleNode xlink:type="resource" xlink:label="eba_c23635" id="eba_c23635">
      <formula:concept>
        <formula:qname>eba_met:pi313</formula:qname>
      </formula:concept>
    </table:ruleNode>
    <table:definitionNodeSubtreeArc xlink:type="arc" xlink:arcrole="http://xbrl.org/arcrole/PWD/2013-05-17/definition-node-subtree" xlink:from="eba_a2.root" xlink:to="eba_c23635" order="1" />
    <table:ruleNode xlink:type="resource" xlink:label="eba_c23636" id="eba_c23636">
      <formula:concept>
        <formula:qname>eba_met:pi314</formula:qname>
      </formula:concept>
    </table:ruleNode>
    <table:definitionNodeSubtreeArc xlink:type="arc" xlink:arcrole="http://xbrl.org/arcrole/PWD/2013-05-17/definition-node-subtree" xlink:from="eba_a2.root" xlink:to="eba_c23636" order="2" />
    <table:tableBreakdownArc xlink:type="arc" xlink:arcrole="http://xbrl.org/arcrole/PWD/2013-05-17/table-breakdown" xlink:from="eba_tC_45.00.b" xlink:to="eba_a2" axis="y" order="2" />
  </gen:link>
</link:linkbase>