﻿<?xml version="1.0" encoding="utf-8"?>
<?taxonomy-version 2.0.1?>
<!--(C) EBA-->
<link:linkbase xmlns:xsi="http://www.w3.org/2001/XMLSchema-instance" xmlns:xlink="http://www.w3.org/1999/xlink" xmlns:link="http://www.xbrl.org/2003/linkbase" xmlns:gen="http://xbrl.org/2008/generic" xmlns:label="http://xbrl.org/2008/label" xsi:schemaLocation="http://www.xbrl.org/2003/linkbase http://www.xbrl.org/2003/xbrl-linkbase-2003-12-31.xsd http://xbrl.org/2008/generic http://www.xbrl.org/2008/generic-link.xsd http://xbrl.org/2008/label http://www.xbrl.org/2008/generic-label.xsd">
  <link:arcroleRef arcroleURI="http://xbrl.org/arcrole/2008/element-label" xlink:type="simple" xlink:href="http://www.xbrl.org/2008/generic-label.xsd#element-label" />
  <link:roleRef roleURI="http://www.eba.europa.eu/xbrl/role/dpm-db-id" xlink:type="simple" xlink:href="http://www.eba.europa.eu/eu/fr/xbrl/ext/model.xsd#dpm-db-id" />
  <link:roleRef roleURI="http://www.eurofiling.info/xbrl/role/filing-indicator-code" xlink:type="simple" xlink:href="http://www.eurofiling.info/eu/fr/xbrl/ext/model.xsd#filing-indicator-code" />
  <link:roleRef roleURI="http://www.eurofiling.info/xbrl/role/rc-code" xlink:type="simple" xlink:href="http://www.eurofiling.info/eu/fr/xbrl/ext/model.xsd#rc-code" />
  <gen:link xlink:type="extended" xlink:role="http://www.xbrl.org/2003/role/link">
    <link:loc xlink:type="locator" xlink:href="c_45.00.b-rend.xml#eba_tC_45.00.b" xlink:label="loc_eba_tC_45.00.b" />
    <label:label xlink:type="resource" xlink:label="label_eba_tC_45.00.b" xml:lang="en" xlink:role="http://www.eurofiling.info/xbrl/role/rc-code">C 45.00.b</label:label>
    <gen:arc xlink:type="arc" xlink:arcrole="http://xbrl.org/arcrole/2008/element-label" xlink:from="loc_eba_tC_45.00.b" xlink:to="label_eba_tC_45.00.b" />
    <link:loc xlink:type="locator" xlink:href="c_45.00.b-rend.xml#eba_c23634" xlink:label="loc_eba_c23634" />
    <label:label xlink:type="resource" xlink:label="label_eba_c23634" xml:lang="en" xlink:role="http://www.eurofiling.info/xbrl/role/rc-code">040</label:label>
    <gen:arc xlink:type="arc" xlink:arcrole="http://xbrl.org/arcrole/2008/element-label" xlink:from="loc_eba_c23634" xlink:to="label_eba_c23634" />
    <link:loc xlink:type="locator" xlink:href="c_45.00.b-rend.xml#eba_c23635" xlink:label="loc_eba_c23635" />
    <label:label xlink:type="resource" xlink:label="label_eba_c23635" xml:lang="en" xlink:role="http://www.eurofiling.info/xbrl/role/rc-code">180</label:label>
    <gen:arc xlink:type="arc" xlink:arcrole="http://xbrl.org/arcrole/2008/element-label" xlink:from="loc_eba_c23635" xlink:to="label_eba_c23635" />
    <link:loc xlink:type="locator" xlink:href="c_45.00.b-rend.xml#eba_c23636" xlink:label="loc_eba_c23636" />
    <label:label xlink:type="resource" xlink:label="label_eba_c23636" xml:lang="en" xlink:role="http://www.eurofiling.info/xbrl/role/rc-code">190</label:label>
    <gen:arc xlink:type="arc" xlink:arcrole="http://xbrl.org/arcrole/2008/element-label" xlink:from="loc_eba_c23636" xlink:to="label_eba_c23636" />
    <label:label xlink:type="resource" xlink:label="label_eba_tC_45.00.b_1" xml:lang="en" xlink:role="http://www.eurofiling.info/xbrl/role/filing-indicator-code">C_45.00</label:label>
    <gen:arc xlink:type="arc" xlink:arcrole="http://xbrl.org/arcrole/2008/element-label" xlink:from="loc_eba_tC_45.00.b" xlink:to="label_eba_tC_45.00.b_1" />
    <label:label xlink:type="resource" xlink:label="label_eba_tC_45.00.b_2" xml:lang="en" xlink:role="http://www.eba.europa.eu/xbrl/role/dpm-db-id">310</label:label>
    <gen:arc xlink:type="arc" xlink:arcrole="http://xbrl.org/arcrole/2008/element-label" xlink:from="loc_eba_tC_45.00.b" xlink:to="label_eba_tC_45.00.b_2" />
    <label:label xlink:type="resource" xlink:label="label_eba_c23634_1" xml:lang="en" xlink:role="http://www.eba.europa.eu/xbrl/role/dpm-db-id">23634</label:label>
    <gen:arc xlink:type="arc" xlink:arcrole="http://xbrl.org/arcrole/2008/element-label" xlink:from="loc_eba_c23634" xlink:to="label_eba_c23634_1" />
    <label:label xlink:type="resource" xlink:label="label_eba_c23635_1" xml:lang="en" xlink:role="http://www.eba.europa.eu/xbrl/role/dpm-db-id">23635</label:label>
    <gen:arc xlink:type="arc" xlink:arcrole="http://xbrl.org/arcrole/2008/element-label" xlink:from="loc_eba_c23635" xlink:to="label_eba_c23635_1" />
    <label:label xlink:type="resource" xlink:label="label_eba_c23636_1" xml:lang="en" xlink:role="http://www.eba.europa.eu/xbrl/role/dpm-db-id">23636</label:label>
    <gen:arc xlink:type="arc" xlink:arcrole="http://xbrl.org/arcrole/2008/element-label" xlink:from="loc_eba_c23636" xlink:to="label_eba_c23636_1" />
  </gen:link>
</link:linkbase>