﻿<?xml version="1.0" encoding="utf-8"?>
<?taxonomy-version 2.0.0?>
<!--(C) EBA-->
<link:linkbase xmlns:xsi="http://www.w3.org/2001/XMLSchema-instance" xmlns:xlink="http://www.w3.org/1999/xlink" xmlns:link="http://www.xbrl.org/2003/linkbase" xmlns:gen="http://xbrl.org/2008/generic" xmlns:label="http://xbrl.org/2008/label" xsi:schemaLocation="http://www.xbrl.org/2003/linkbase http://www.xbrl.org/2003/xbrl-linkbase-2003-12-31.xsd http://xbrl.org/2008/generic http://www.xbrl.org/2008/generic-link.xsd http://xbrl.org/2008/label http://www.xbrl.org/2008/generic-label.xsd">
  <link:arcroleRef arcroleURI="http://xbrl.org/arcrole/2008/element-label" xlink:type="simple" xlink:href="http://www.xbrl.org/2008/generic-label.xsd#element-label" />
  <link:roleRef roleURI="http://www.xbrl.org/2008/role/label" xlink:type="simple" xlink:href="http://www.xbrl.org/2008/generic-label.xsd#standard-label" />
  <link:roleRef roleURI="http://www.xbrl.org/2008/role/verboseLabel" xlink:type="simple" xlink:href="http://www.xbrl.org/2008/generic-label.xsd#verbose-label" />
  <gen:link xlink:type="extended" xlink:role="http://www.xbrl.org/2003/role/link">
    <link:loc xlink:type="locator" xlink:href="c_46.00.b-rend.xml#eba_tC_46.00.b" xlink:label="loc_eba_tC_46.00.b" />
    <label:label xlink:type="resource" xlink:label="label_eba_tC_46.00.b" xml:lang="en" xlink:role="http://www.xbrl.org/2008/role/label">C 46.00.b (LR6)</label:label>
    <gen:arc xlink:type="arc" xlink:arcrole="http://xbrl.org/arcrole/2008/element-label" xlink:from="loc_eba_tC_46.00.b" xlink:to="label_eba_tC_46.00.b" />
    <label:label xlink:type="resource" xlink:label="label_eba_tC_46.00.b_1" xml:lang="en" xlink:role="http://www.xbrl.org/2008/role/verboseLabel">C 46.00.b (LR6) Entities that are consolidated for accounting purposes but are not within the prudential scope of consolidation (II)</label:label>
    <gen:arc xlink:type="arc" xlink:arcrole="http://xbrl.org/arcrole/2008/element-label" xlink:from="loc_eba_tC_46.00.b" xlink:to="label_eba_tC_46.00.b_1" />
    <link:loc xlink:type="locator" xlink:href="c_46.00.b-rend.xml#eba_a1" xlink:label="loc_eba_a1" />
    <label:label xlink:type="resource" xlink:label="label_eba_a1" xml:lang="en" xlink:role="http://www.xbrl.org/2008/role/label">Columns</label:label>
    <gen:arc xlink:type="arc" xlink:arcrole="http://xbrl.org/arcrole/2008/element-label" xlink:from="loc_eba_a1" xlink:to="label_eba_a1" />
    <link:loc xlink:type="locator" xlink:href="c_46.00.b-rend.xml#eba_c23654" xlink:label="loc_eba_c23654" />
    <label:label xlink:type="resource" xlink:label="label_eba_c23654" xml:lang="en" xlink:role="http://www.xbrl.org/2008/role/label">Financial entities</label:label>
    <gen:arc xlink:type="arc" xlink:arcrole="http://xbrl.org/arcrole/2008/element-label" xlink:from="loc_eba_c23654" xlink:to="label_eba_c23654" />
    <link:loc xlink:type="locator" xlink:href="c_46.00.b-rend.xml#eba_c23655" xlink:label="loc_eba_c23655" />
    <label:label xlink:type="resource" xlink:label="label_eba_c23655" xml:lang="en" xlink:role="http://www.xbrl.org/2008/role/label">Securitisation entities</label:label>
    <gen:arc xlink:type="arc" xlink:arcrole="http://xbrl.org/arcrole/2008/element-label" xlink:from="loc_eba_c23655" xlink:to="label_eba_c23655" />
    <link:loc xlink:type="locator" xlink:href="c_46.00.b-rend.xml#eba_c23656" xlink:label="loc_eba_c23656" />
    <label:label xlink:type="resource" xlink:label="label_eba_c23656" xml:lang="en" xlink:role="http://www.xbrl.org/2008/role/label">Commercial entities</label:label>
    <gen:arc xlink:type="arc" xlink:arcrole="http://xbrl.org/arcrole/2008/element-label" xlink:from="loc_eba_c23656" xlink:to="label_eba_c23656" />
    <link:loc xlink:type="locator" xlink:href="c_46.00.b-rend.xml#eba_a2" xlink:label="loc_eba_a2" />
    <label:label xlink:type="resource" xlink:label="label_eba_a2" xml:lang="en" xlink:role="http://www.xbrl.org/2008/role/label">Rows</label:label>
    <gen:arc xlink:type="arc" xlink:arcrole="http://xbrl.org/arcrole/2008/element-label" xlink:from="loc_eba_a2" xlink:to="label_eba_a2" />
    <link:loc xlink:type="locator" xlink:href="c_46.00.b-rend.xml#eba_c23657" xlink:label="loc_eba_c23657" />
    <label:label xlink:type="resource" xlink:label="label_eba_c23657" xml:lang="en" xlink:role="http://www.xbrl.org/2008/role/label">(memo item) Total value of investments in the entities</label:label>
    <gen:arc xlink:type="arc" xlink:arcrole="http://xbrl.org/arcrole/2008/element-label" xlink:from="loc_eba_c23657" xlink:to="label_eba_c23657" />
    <link:loc xlink:type="locator" xlink:href="c_46.00.b-rend.xml#eba_c23658" xlink:label="loc_eba_c23658" />
    <label:label xlink:type="resource" xlink:label="label_eba_c23658" xml:lang="en" xlink:role="http://www.xbrl.org/2008/role/label">(memo item) Inclusion factor</label:label>
    <gen:arc xlink:type="arc" xlink:arcrole="http://xbrl.org/arcrole/2008/element-label" xlink:from="loc_eba_c23658" xlink:to="label_eba_c23658" />
  </gen:link>
</link:linkbase>