﻿<?xml version="1.0" encoding="utf-8"?>
<?taxonomy-version 2.0.1?>
<!--(C) EBA-->
<link:linkbase xmlns:xsi="http://www.w3.org/2001/XMLSchema-instance" xmlns:xlink="http://www.w3.org/1999/xlink" xmlns:link="http://www.xbrl.org/2003/linkbase" xmlns:gen="http://xbrl.org/2008/generic" xmlns:label="http://xbrl.org/2008/label" xsi:schemaLocation="http://www.xbrl.org/2003/linkbase http://www.xbrl.org/2003/xbrl-linkbase-2003-12-31.xsd http://xbrl.org/2008/generic http://www.xbrl.org/2008/generic-link.xsd http://xbrl.org/2008/label http://www.xbrl.org/2008/generic-label.xsd">
  <link:arcroleRef arcroleURI="http://xbrl.org/arcrole/2008/element-label" xlink:type="simple" xlink:href="http://www.xbrl.org/2008/generic-label.xsd#element-label" />
  <link:roleRef roleURI="http://www.eba.europa.eu/xbrl/role/dpm-db-id" xlink:type="simple" xlink:href="http://www.eba.europa.eu/eu/fr/xbrl/ext/model.xsd#dpm-db-id" />
  <link:roleRef roleURI="http://www.eurofiling.info/xbrl/role/filing-indicator-code" xlink:type="simple" xlink:href="http://www.eurofiling.info/eu/fr/xbrl/ext/model.xsd#filing-indicator-code" />
  <link:roleRef roleURI="http://www.eurofiling.info/xbrl/role/rc-code" xlink:type="simple" xlink:href="http://www.eurofiling.info/eu/fr/xbrl/ext/model.xsd#rc-code" />
  <gen:link xlink:type="extended" xlink:role="http://www.xbrl.org/2003/role/link">
    <link:loc xlink:type="locator" xlink:href="c_15.00-rend.xml#eba_tC_15.00" xlink:label="loc_eba_tC_15.00" />
    <label:label xlink:type="resource" xlink:label="label_eba_tC_15.00" xml:lang="en" xlink:role="http://www.eurofiling.info/xbrl/role/rc-code">C 15.00</label:label>
    <gen:arc xlink:type="arc" xlink:arcrole="http://xbrl.org/arcrole/2008/element-label" xlink:from="loc_eba_tC_15.00" xlink:to="label_eba_tC_15.00" />
    <link:loc xlink:type="locator" xlink:href="c_15.00-rend.xml#eba_c20429" xlink:label="loc_eba_c20429" />
    <label:label xlink:type="resource" xlink:label="label_eba_c20429" xml:lang="en" xlink:role="http://www.eurofiling.info/xbrl/role/rc-code">005</label:label>
    <gen:arc xlink:type="arc" xlink:arcrole="http://xbrl.org/arcrole/2008/element-label" xlink:from="loc_eba_c20429" xlink:to="label_eba_c20429" />
    <link:loc xlink:type="locator" xlink:href="c_15.00-rend.xml#eba_c20430" xlink:label="loc_eba_c20430" />
    <label:label xlink:type="resource" xlink:label="label_eba_c20430" xml:lang="en" xlink:role="http://www.eurofiling.info/xbrl/role/rc-code">010</label:label>
    <gen:arc xlink:type="arc" xlink:arcrole="http://xbrl.org/arcrole/2008/element-label" xlink:from="loc_eba_c20430" xlink:to="label_eba_c20430" />
    <link:loc xlink:type="locator" xlink:href="c_15.00-rend.xml#eba_c20431" xlink:label="loc_eba_c20431" />
    <label:label xlink:type="resource" xlink:label="label_eba_c20431" xml:lang="en" xlink:role="http://www.eurofiling.info/xbrl/role/rc-code">020</label:label>
    <gen:arc xlink:type="arc" xlink:arcrole="http://xbrl.org/arcrole/2008/element-label" xlink:from="loc_eba_c20431" xlink:to="label_eba_c20431" />
    <link:loc xlink:type="locator" xlink:href="c_15.00-rend.xml#eba_c20432" xlink:label="loc_eba_c20432" />
    <label:label xlink:type="resource" xlink:label="label_eba_c20432" xml:lang="en" xlink:role="http://www.eurofiling.info/xbrl/role/rc-code">030</label:label>
    <gen:arc xlink:type="arc" xlink:arcrole="http://xbrl.org/arcrole/2008/element-label" xlink:from="loc_eba_c20432" xlink:to="label_eba_c20432" />
    <link:loc xlink:type="locator" xlink:href="c_15.00-rend.xml#eba_c20433" xlink:label="loc_eba_c20433" />
    <label:label xlink:type="resource" xlink:label="label_eba_c20433" xml:lang="en" xlink:role="http://www.eurofiling.info/xbrl/role/rc-code">040</label:label>
    <gen:arc xlink:type="arc" xlink:arcrole="http://xbrl.org/arcrole/2008/element-label" xlink:from="loc_eba_c20433" xlink:to="label_eba_c20433" />
    <link:loc xlink:type="locator" xlink:href="c_15.00-rend.xml#eba_c20434" xlink:label="loc_eba_c20434" />
    <label:label xlink:type="resource" xlink:label="label_eba_c20434" xml:lang="en" xlink:role="http://www.eurofiling.info/xbrl/role/rc-code">045</label:label>
    <gen:arc xlink:type="arc" xlink:arcrole="http://xbrl.org/arcrole/2008/element-label" xlink:from="loc_eba_c20434" xlink:to="label_eba_c20434" />
    <link:loc xlink:type="locator" xlink:href="c_15.00-rend.xml#eba_c20435" xlink:label="loc_eba_c20435" />
    <label:label xlink:type="resource" xlink:label="label_eba_c20435" xml:lang="en" xlink:role="http://www.eurofiling.info/xbrl/role/rc-code">050</label:label>
    <gen:arc xlink:type="arc" xlink:arcrole="http://xbrl.org/arcrole/2008/element-label" xlink:from="loc_eba_c20435" xlink:to="label_eba_c20435" />
    <link:loc xlink:type="locator" xlink:href="c_15.00-rend.xml#eba_c20436" xlink:label="loc_eba_c20436" />
    <label:label xlink:type="resource" xlink:label="label_eba_c20436" xml:lang="en" xlink:role="http://www.eurofiling.info/xbrl/role/rc-code">010</label:label>
    <gen:arc xlink:type="arc" xlink:arcrole="http://xbrl.org/arcrole/2008/element-label" xlink:from="loc_eba_c20436" xlink:to="label_eba_c20436" />
    <link:loc xlink:type="locator" xlink:href="c_15.00-rend.xml#eba_c20437" xlink:label="loc_eba_c20437" />
    <label:label xlink:type="resource" xlink:label="label_eba_c20437" xml:lang="en" xlink:role="http://www.eurofiling.info/xbrl/role/rc-code">020</label:label>
    <gen:arc xlink:type="arc" xlink:arcrole="http://xbrl.org/arcrole/2008/element-label" xlink:from="loc_eba_c20437" xlink:to="label_eba_c20437" />
    <label:label xlink:type="resource" xlink:label="label_eba_tC_15.00_1" xml:lang="en" xlink:role="http://www.eurofiling.info/xbrl/role/filing-indicator-code">C_15.00</label:label>
    <gen:arc xlink:type="arc" xlink:arcrole="http://xbrl.org/arcrole/2008/element-label" xlink:from="loc_eba_tC_15.00" xlink:to="label_eba_tC_15.00_1" />
    <label:label xlink:type="resource" xlink:label="label_eba_tC_15.00_2" xml:lang="en" xlink:role="http://www.eba.europa.eu/xbrl/role/dpm-db-id">98</label:label>
    <gen:arc xlink:type="arc" xlink:arcrole="http://xbrl.org/arcrole/2008/element-label" xlink:from="loc_eba_tC_15.00" xlink:to="label_eba_tC_15.00_2" />
    <label:label xlink:type="resource" xlink:label="label_eba_c20429_1" xml:lang="en" xlink:role="http://www.eba.europa.eu/xbrl/role/dpm-db-id">20429</label:label>
    <gen:arc xlink:type="arc" xlink:arcrole="http://xbrl.org/arcrole/2008/element-label" xlink:from="loc_eba_c20429" xlink:to="label_eba_c20429_1" />
    <label:label xlink:type="resource" xlink:label="label_eba_c20430_1" xml:lang="en" xlink:role="http://www.eba.europa.eu/xbrl/role/dpm-db-id">20430</label:label>
    <gen:arc xlink:type="arc" xlink:arcrole="http://xbrl.org/arcrole/2008/element-label" xlink:from="loc_eba_c20430" xlink:to="label_eba_c20430_1" />
    <label:label xlink:type="resource" xlink:label="label_eba_c20431_1" xml:lang="en" xlink:role="http://www.eba.europa.eu/xbrl/role/dpm-db-id">20431</label:label>
    <gen:arc xlink:type="arc" xlink:arcrole="http://xbrl.org/arcrole/2008/element-label" xlink:from="loc_eba_c20431" xlink:to="label_eba_c20431_1" />
    <label:label xlink:type="resource" xlink:label="label_eba_c20432_1" xml:lang="en" xlink:role="http://www.eba.europa.eu/xbrl/role/dpm-db-id">20432</label:label>
    <gen:arc xlink:type="arc" xlink:arcrole="http://xbrl.org/arcrole/2008/element-label" xlink:from="loc_eba_c20432" xlink:to="label_eba_c20432_1" />
    <label:label xlink:type="resource" xlink:label="label_eba_c20433_1" xml:lang="en" xlink:role="http://www.eba.europa.eu/xbrl/role/dpm-db-id">20433</label:label>
    <gen:arc xlink:type="arc" xlink:arcrole="http://xbrl.org/arcrole/2008/element-label" xlink:from="loc_eba_c20433" xlink:to="label_eba_c20433_1" />
    <label:label xlink:type="resource" xlink:label="label_eba_c20434_1" xml:lang="en" xlink:role="http://www.eba.europa.eu/xbrl/role/dpm-db-id">20434</label:label>
    <gen:arc xlink:type="arc" xlink:arcrole="http://xbrl.org/arcrole/2008/element-label" xlink:from="loc_eba_c20434" xlink:to="label_eba_c20434_1" />
    <label:label xlink:type="resource" xlink:label="label_eba_c20435_1" xml:lang="en" xlink:role="http://www.eba.europa.eu/xbrl/role/dpm-db-id">20435</label:label>
    <gen:arc xlink:type="arc" xlink:arcrole="http://xbrl.org/arcrole/2008/element-label" xlink:from="loc_eba_c20435" xlink:to="label_eba_c20435_1" />
    <label:label xlink:type="resource" xlink:label="label_eba_c20436_1" xml:lang="en" xlink:role="http://www.eba.europa.eu/xbrl/role/dpm-db-id">20436</label:label>
    <gen:arc xlink:type="arc" xlink:arcrole="http://xbrl.org/arcrole/2008/element-label" xlink:from="loc_eba_c20436" xlink:to="label_eba_c20436_1" />
    <label:label xlink:type="resource" xlink:label="label_eba_c20437_1" xml:lang="en" xlink:role="http://www.eba.europa.eu/xbrl/role/dpm-db-id">20437</label:label>
    <gen:arc xlink:type="arc" xlink:arcrole="http://xbrl.org/arcrole/2008/element-label" xlink:from="loc_eba_c20437" xlink:to="label_eba_c20437_1" />
  </gen:link>
</link:linkbase>