﻿<?xml version="1.0" encoding="utf-8"?>
<?taxonomy-version 2.0.0?>
<!--(C) EBA-->
<link:linkbase xmlns:xsi="http://www.w3.org/2001/XMLSchema-instance" xmlns:xlink="http://www.w3.org/1999/xlink" xmlns:link="http://www.xbrl.org/2003/linkbase" xmlns:gen="http://xbrl.org/2008/generic" xmlns:label="http://xbrl.org/2008/label" xsi:schemaLocation="http://www.xbrl.org/2003/linkbase http://www.xbrl.org/2003/xbrl-linkbase-2003-12-31.xsd http://xbrl.org/2008/generic http://www.xbrl.org/2008/generic-link.xsd http://xbrl.org/2008/label http://www.xbrl.org/2008/generic-label.xsd">
  <link:arcroleRef arcroleURI="http://xbrl.org/arcrole/2008/element-label" xlink:type="simple" xlink:href="http://www.xbrl.org/2008/generic-label.xsd#element-label" />
  <link:roleRef roleURI="http://www.xbrl.org/2008/role/label" xlink:type="simple" xlink:href="http://www.xbrl.org/2008/generic-label.xsd#standard-label" />
  <link:roleRef roleURI="http://www.xbrl.org/2008/role/verboseLabel" xlink:type="simple" xlink:href="http://www.xbrl.org/2008/generic-label.xsd#verbose-label" />
  <gen:link xlink:type="extended" xlink:role="http://www.xbrl.org/2003/role/link">
    <link:loc xlink:type="locator" xlink:href="c_15.00-rend.xml#eba_tC_15.00" xlink:label="loc_eba_tC_15.00" />
    <label:label xlink:type="resource" xlink:label="label_eba_tC_15.00" xml:lang="en" xlink:role="http://www.xbrl.org/2008/role/label">C 15.00 (CR IP Losses)</label:label>
    <gen:arc xlink:type="arc" xlink:arcrole="http://xbrl.org/arcrole/2008/element-label" xlink:from="loc_eba_tC_15.00" xlink:to="label_eba_tC_15.00" />
    <label:label xlink:type="resource" xlink:label="label_eba_tC_15.00_1" xml:lang="en" xlink:role="http://www.xbrl.org/2008/role/verboseLabel">C 15.00 (CR IP Losses) Exposures and losses from lending collateralised immovable property</label:label>
    <gen:arc xlink:type="arc" xlink:arcrole="http://xbrl.org/arcrole/2008/element-label" xlink:from="loc_eba_tC_15.00" xlink:to="label_eba_tC_15.00_1" />
    <link:loc xlink:type="locator" xlink:href="c_15.00-rend.xml#eba_a1" xlink:label="loc_eba_a1" />
    <label:label xlink:type="resource" xlink:label="label_eba_a1" xml:lang="en" xlink:role="http://www.xbrl.org/2008/role/label">Columns</label:label>
    <gen:arc xlink:type="arc" xlink:arcrole="http://xbrl.org/arcrole/2008/element-label" xlink:from="loc_eba_a1" xlink:to="label_eba_a1" />
    <link:loc xlink:type="locator" xlink:href="c_15.00-rend.xml#eba_c20429" xlink:label="loc_eba_c20429" />
    <label:label xlink:type="resource" xlink:label="label_eba_c20429" xml:lang="en" xlink:role="http://www.xbrl.org/2008/role/label">Losses</label:label>
    <gen:arc xlink:type="arc" xlink:arcrole="http://xbrl.org/arcrole/2008/element-label" xlink:from="loc_eba_c20429" xlink:to="label_eba_c20429" />
    <link:loc xlink:type="locator" xlink:href="c_15.00-rend.xml#eba_c20430" xlink:label="loc_eba_c20430" />
    <label:label xlink:type="resource" xlink:label="label_eba_c20430" xml:lang="en" xlink:role="http://www.xbrl.org/2008/role/label">Sum of losses stemming from lending up to the reference percentages</label:label>
    <gen:arc xlink:type="arc" xlink:arcrole="http://xbrl.org/arcrole/2008/element-label" xlink:from="loc_eba_c20430" xlink:to="label_eba_c20430" />
    <link:loc xlink:type="locator" xlink:href="c_15.00-rend.xml#eba_c20431" xlink:label="loc_eba_c20431" />
    <label:label xlink:type="resource" xlink:label="label_eba_c20431" xml:lang="en" xlink:role="http://www.xbrl.org/2008/role/label">of which: immovable property valued with mortgage lending value</label:label>
    <gen:arc xlink:type="arc" xlink:arcrole="http://xbrl.org/arcrole/2008/element-label" xlink:from="loc_eba_c20431" xlink:to="label_eba_c20431" />
    <link:loc xlink:type="locator" xlink:href="c_15.00-rend.xml#eba_c20432" xlink:label="loc_eba_c20432" />
    <label:label xlink:type="resource" xlink:label="label_eba_c20432" xml:lang="en" xlink:role="http://www.xbrl.org/2008/role/label">Sum of overall losses</label:label>
    <gen:arc xlink:type="arc" xlink:arcrole="http://xbrl.org/arcrole/2008/element-label" xlink:from="loc_eba_c20432" xlink:to="label_eba_c20432" />
    <link:loc xlink:type="locator" xlink:href="c_15.00-rend.xml#eba_c20433" xlink:label="loc_eba_c20433" />
    <label:label xlink:type="resource" xlink:label="label_eba_c20433" xml:lang="en" xlink:role="http://www.xbrl.org/2008/role/label">of which: immovable property valued with mortgage lending value</label:label>
    <gen:arc xlink:type="arc" xlink:arcrole="http://xbrl.org/arcrole/2008/element-label" xlink:from="loc_eba_c20433" xlink:to="label_eba_c20433" />
    <link:loc xlink:type="locator" xlink:href="c_15.00-rend.xml#eba_c20434" xlink:label="loc_eba_c20434" />
    <label:label xlink:type="resource" xlink:label="label_eba_c20434" xml:lang="en" xlink:role="http://www.xbrl.org/2008/role/label">Exposures</label:label>
    <gen:arc xlink:type="arc" xlink:arcrole="http://xbrl.org/arcrole/2008/element-label" xlink:from="loc_eba_c20434" xlink:to="label_eba_c20434" />
    <link:loc xlink:type="locator" xlink:href="c_15.00-rend.xml#eba_c20435" xlink:label="loc_eba_c20435" />
    <label:label xlink:type="resource" xlink:label="label_eba_c20435" xml:lang="en" xlink:role="http://www.xbrl.org/2008/role/label">Sum of the exposures</label:label>
    <gen:arc xlink:type="arc" xlink:arcrole="http://xbrl.org/arcrole/2008/element-label" xlink:from="loc_eba_c20435" xlink:to="label_eba_c20435" />
    <link:loc xlink:type="locator" xlink:href="c_15.00-rend.xml#eba_a2" xlink:label="loc_eba_a2" />
    <label:label xlink:type="resource" xlink:label="label_eba_a2" xml:lang="en" xlink:role="http://www.xbrl.org/2008/role/label">Rows</label:label>
    <gen:arc xlink:type="arc" xlink:arcrole="http://xbrl.org/arcrole/2008/element-label" xlink:from="loc_eba_a2" xlink:to="label_eba_a2" />
    <link:loc xlink:type="locator" xlink:href="c_15.00-rend.xml#eba_c20436" xlink:label="loc_eba_c20436" />
    <label:label xlink:type="resource" xlink:label="label_eba_c20436" xml:lang="en" xlink:role="http://www.xbrl.org/2008/role/label">collateralised by: Residential property</label:label>
    <gen:arc xlink:type="arc" xlink:arcrole="http://xbrl.org/arcrole/2008/element-label" xlink:from="loc_eba_c20436" xlink:to="label_eba_c20436" />
    <link:loc xlink:type="locator" xlink:href="c_15.00-rend.xml#eba_c20437" xlink:label="loc_eba_c20437" />
    <label:label xlink:type="resource" xlink:label="label_eba_c20437" xml:lang="en" xlink:role="http://www.xbrl.org/2008/role/label">collateralised by: Commercial immovable property</label:label>
    <gen:arc xlink:type="arc" xlink:arcrole="http://xbrl.org/arcrole/2008/element-label" xlink:from="loc_eba_c20437" xlink:to="label_eba_c20437" />
    <link:loc xlink:type="locator" xlink:href="c_15.00-rend.xml#eba_a3" xlink:label="loc_eba_a3" />
    <label:label xlink:type="resource" xlink:label="label_eba_a3" xml:lang="en" xlink:role="http://www.xbrl.org/2008/role/label">Country</label:label>
    <gen:arc xlink:type="arc" xlink:arcrole="http://xbrl.org/arcrole/2008/element-label" xlink:from="loc_eba_a3" xlink:to="label_eba_a3" />
  </gen:link>
</link:linkbase>