﻿<?xml version="1.0" encoding="utf-8"?>
<?taxonomy-version 2.0.1?>
<!--(C) EBA-->
<link:linkbase xmlns:xsi="http://www.w3.org/2001/XMLSchema-instance" xmlns:xlink="http://www.w3.org/1999/xlink" xmlns:link="http://www.xbrl.org/2003/linkbase" xmlns:gen="http://xbrl.org/2008/generic" xmlns:label="http://xbrl.org/2008/label" xsi:schemaLocation="http://www.xbrl.org/2003/linkbase http://www.xbrl.org/2003/xbrl-linkbase-2003-12-31.xsd http://xbrl.org/2008/generic http://www.xbrl.org/2008/generic-link.xsd http://xbrl.org/2008/label http://www.xbrl.org/2008/generic-label.xsd">
  <link:arcroleRef arcroleURI="http://xbrl.org/arcrole/2008/element-label" xlink:type="simple" xlink:href="http://www.xbrl.org/2008/generic-label.xsd#element-label" />
  <link:roleRef roleURI="http://www.eba.europa.eu/xbrl/role/dpm-db-id" xlink:type="simple" xlink:href="http://www.eba.europa.eu/eu/fr/xbrl/ext/model.xsd#dpm-db-id" />
  <link:roleRef roleURI="http://www.eurofiling.info/xbrl/role/filing-indicator-code" xlink:type="simple" xlink:href="http://www.eurofiling.info/eu/fr/xbrl/ext/model.xsd#filing-indicator-code" />
  <link:roleRef roleURI="http://www.eurofiling.info/xbrl/role/rc-code" xlink:type="simple" xlink:href="http://www.eurofiling.info/eu/fr/xbrl/ext/model.xsd#rc-code" />
  <gen:link xlink:type="extended" xlink:role="http://www.xbrl.org/2003/role/link">
    <link:loc xlink:type="locator" xlink:href="c_21.00-rend.xml#eba_tC_21.00" xlink:label="loc_eba_tC_21.00" />
    <label:label xlink:type="resource" xlink:label="label_eba_tC_21.00" xml:lang="en" xlink:role="http://www.eurofiling.info/xbrl/role/rc-code">C 21.00</label:label>
    <gen:arc xlink:type="arc" xlink:arcrole="http://xbrl.org/arcrole/2008/element-label" xlink:from="loc_eba_tC_21.00" xlink:to="label_eba_tC_21.00" />
    <link:loc xlink:type="locator" xlink:href="c_21.00-rend.xml#eba_c20799" xlink:label="loc_eba_c20799" />
    <label:label xlink:type="resource" xlink:label="label_eba_c20799" xml:lang="en" xlink:role="http://www.eurofiling.info/xbrl/role/rc-code">005</label:label>
    <gen:arc xlink:type="arc" xlink:arcrole="http://xbrl.org/arcrole/2008/element-label" xlink:from="loc_eba_c20799" xlink:to="label_eba_c20799" />
    <link:loc xlink:type="locator" xlink:href="c_21.00-rend.xml#eba_c20800" xlink:label="loc_eba_c20800" />
    <label:label xlink:type="resource" xlink:label="label_eba_c20800" xml:lang="en" xlink:role="http://www.eurofiling.info/xbrl/role/rc-code">010</label:label>
    <gen:arc xlink:type="arc" xlink:arcrole="http://xbrl.org/arcrole/2008/element-label" xlink:from="loc_eba_c20800" xlink:to="label_eba_c20800" />
    <link:loc xlink:type="locator" xlink:href="c_21.00-rend.xml#eba_c20801" xlink:label="loc_eba_c20801" />
    <label:label xlink:type="resource" xlink:label="label_eba_c20801" xml:lang="en" xlink:role="http://www.eurofiling.info/xbrl/role/rc-code">020</label:label>
    <gen:arc xlink:type="arc" xlink:arcrole="http://xbrl.org/arcrole/2008/element-label" xlink:from="loc_eba_c20801" xlink:to="label_eba_c20801" />
    <link:loc xlink:type="locator" xlink:href="c_21.00-rend.xml#eba_c20802" xlink:label="loc_eba_c20802" />
    <label:label xlink:type="resource" xlink:label="label_eba_c20802" xml:lang="en" xlink:role="http://www.eurofiling.info/xbrl/role/rc-code">029</label:label>
    <gen:arc xlink:type="arc" xlink:arcrole="http://xbrl.org/arcrole/2008/element-label" xlink:from="loc_eba_c20802" xlink:to="label_eba_c20802" />
    <link:loc xlink:type="locator" xlink:href="c_21.00-rend.xml#eba_c20803" xlink:label="loc_eba_c20803" />
    <label:label xlink:type="resource" xlink:label="label_eba_c20803" xml:lang="en" xlink:role="http://www.eurofiling.info/xbrl/role/rc-code">030</label:label>
    <gen:arc xlink:type="arc" xlink:arcrole="http://xbrl.org/arcrole/2008/element-label" xlink:from="loc_eba_c20803" xlink:to="label_eba_c20803" />
    <link:loc xlink:type="locator" xlink:href="c_21.00-rend.xml#eba_c20804" xlink:label="loc_eba_c20804" />
    <label:label xlink:type="resource" xlink:label="label_eba_c20804" xml:lang="en" xlink:role="http://www.eurofiling.info/xbrl/role/rc-code">040</label:label>
    <gen:arc xlink:type="arc" xlink:arcrole="http://xbrl.org/arcrole/2008/element-label" xlink:from="loc_eba_c20804" xlink:to="label_eba_c20804" />
    <link:loc xlink:type="locator" xlink:href="c_21.00-rend.xml#eba_c20805" xlink:label="loc_eba_c20805" />
    <label:label xlink:type="resource" xlink:label="label_eba_c20805" xml:lang="en" xlink:role="http://www.eurofiling.info/xbrl/role/rc-code">050</label:label>
    <gen:arc xlink:type="arc" xlink:arcrole="http://xbrl.org/arcrole/2008/element-label" xlink:from="loc_eba_c20805" xlink:to="label_eba_c20805" />
    <link:loc xlink:type="locator" xlink:href="c_21.00-rend.xml#eba_c20806" xlink:label="loc_eba_c20806" />
    <label:label xlink:type="resource" xlink:label="label_eba_c20806" xml:lang="en" xlink:role="http://www.eurofiling.info/xbrl/role/rc-code">060</label:label>
    <gen:arc xlink:type="arc" xlink:arcrole="http://xbrl.org/arcrole/2008/element-label" xlink:from="loc_eba_c20806" xlink:to="label_eba_c20806" />
    <link:loc xlink:type="locator" xlink:href="c_21.00-rend.xml#eba_c20807" xlink:label="loc_eba_c20807" />
    <label:label xlink:type="resource" xlink:label="label_eba_c20807" xml:lang="en" xlink:role="http://www.eurofiling.info/xbrl/role/rc-code">070</label:label>
    <gen:arc xlink:type="arc" xlink:arcrole="http://xbrl.org/arcrole/2008/element-label" xlink:from="loc_eba_c20807" xlink:to="label_eba_c20807" />
    <link:loc xlink:type="locator" xlink:href="c_21.00-rend.xml#eba_c20808" xlink:label="loc_eba_c20808" />
    <label:label xlink:type="resource" xlink:label="label_eba_c20808" xml:lang="en" xlink:role="http://www.eurofiling.info/xbrl/role/rc-code">010</label:label>
    <gen:arc xlink:type="arc" xlink:arcrole="http://xbrl.org/arcrole/2008/element-label" xlink:from="loc_eba_c20808" xlink:to="label_eba_c20808" />
    <link:loc xlink:type="locator" xlink:href="c_21.00-rend.xml#eba_c20809" xlink:label="loc_eba_c20809" />
    <label:label xlink:type="resource" xlink:label="label_eba_c20809" xml:lang="en" xlink:role="http://www.eurofiling.info/xbrl/role/rc-code">020</label:label>
    <gen:arc xlink:type="arc" xlink:arcrole="http://xbrl.org/arcrole/2008/element-label" xlink:from="loc_eba_c20809" xlink:to="label_eba_c20809" />
    <link:loc xlink:type="locator" xlink:href="c_21.00-rend.xml#eba_c20810" xlink:label="loc_eba_c20810" />
    <label:label xlink:type="resource" xlink:label="label_eba_c20810" xml:lang="en" xlink:role="http://www.eurofiling.info/xbrl/role/rc-code">021</label:label>
    <gen:arc xlink:type="arc" xlink:arcrole="http://xbrl.org/arcrole/2008/element-label" xlink:from="loc_eba_c20810" xlink:to="label_eba_c20810" />
    <link:loc xlink:type="locator" xlink:href="c_21.00-rend.xml#eba_c20811" xlink:label="loc_eba_c20811" />
    <label:label xlink:type="resource" xlink:label="label_eba_c20811" xml:lang="en" xlink:role="http://www.eurofiling.info/xbrl/role/rc-code">022</label:label>
    <gen:arc xlink:type="arc" xlink:arcrole="http://xbrl.org/arcrole/2008/element-label" xlink:from="loc_eba_c20811" xlink:to="label_eba_c20811" />
    <link:loc xlink:type="locator" xlink:href="c_21.00-rend.xml#eba_c20812" xlink:label="loc_eba_c20812" />
    <label:label xlink:type="resource" xlink:label="label_eba_c20812" xml:lang="en" xlink:role="http://www.eurofiling.info/xbrl/role/rc-code">030</label:label>
    <gen:arc xlink:type="arc" xlink:arcrole="http://xbrl.org/arcrole/2008/element-label" xlink:from="loc_eba_c20812" xlink:to="label_eba_c20812" />
    <link:loc xlink:type="locator" xlink:href="c_21.00-rend.xml#eba_c20813" xlink:label="loc_eba_c20813" />
    <label:label xlink:type="resource" xlink:label="label_eba_c20813" xml:lang="en" xlink:role="http://www.eurofiling.info/xbrl/role/rc-code">040</label:label>
    <gen:arc xlink:type="arc" xlink:arcrole="http://xbrl.org/arcrole/2008/element-label" xlink:from="loc_eba_c20813" xlink:to="label_eba_c20813" />
    <link:loc xlink:type="locator" xlink:href="c_21.00-rend.xml#eba_c20814" xlink:label="loc_eba_c20814" />
    <label:label xlink:type="resource" xlink:label="label_eba_c20814" xml:lang="en" xlink:role="http://www.eurofiling.info/xbrl/role/rc-code">050</label:label>
    <gen:arc xlink:type="arc" xlink:arcrole="http://xbrl.org/arcrole/2008/element-label" xlink:from="loc_eba_c20814" xlink:to="label_eba_c20814" />
    <link:loc xlink:type="locator" xlink:href="c_21.00-rend.xml#eba_c20815" xlink:label="loc_eba_c20815" />
    <label:label xlink:type="resource" xlink:label="label_eba_c20815" xml:lang="en" xlink:role="http://www.eurofiling.info/xbrl/role/rc-code">080</label:label>
    <gen:arc xlink:type="arc" xlink:arcrole="http://xbrl.org/arcrole/2008/element-label" xlink:from="loc_eba_c20815" xlink:to="label_eba_c20815" />
    <link:loc xlink:type="locator" xlink:href="c_21.00-rend.xml#eba_c20816" xlink:label="loc_eba_c20816" />
    <label:label xlink:type="resource" xlink:label="label_eba_c20816" xml:lang="en" xlink:role="http://www.eurofiling.info/xbrl/role/rc-code">090</label:label>
    <gen:arc xlink:type="arc" xlink:arcrole="http://xbrl.org/arcrole/2008/element-label" xlink:from="loc_eba_c20816" xlink:to="label_eba_c20816" />
    <link:loc xlink:type="locator" xlink:href="c_21.00-rend.xml#eba_c20817" xlink:label="loc_eba_c20817" />
    <label:label xlink:type="resource" xlink:label="label_eba_c20817" xml:lang="en" xlink:role="http://www.eurofiling.info/xbrl/role/rc-code">100</label:label>
    <gen:arc xlink:type="arc" xlink:arcrole="http://xbrl.org/arcrole/2008/element-label" xlink:from="loc_eba_c20817" xlink:to="label_eba_c20817" />
    <link:loc xlink:type="locator" xlink:href="c_21.00-rend.xml#eba_c20818" xlink:label="loc_eba_c20818" />
    <label:label xlink:type="resource" xlink:label="label_eba_c20818" xml:lang="en" xlink:role="http://www.eurofiling.info/xbrl/role/rc-code">110</label:label>
    <gen:arc xlink:type="arc" xlink:arcrole="http://xbrl.org/arcrole/2008/element-label" xlink:from="loc_eba_c20818" xlink:to="label_eba_c20818" />
    <link:loc xlink:type="locator" xlink:href="c_21.00-rend.xml#eba_c20819" xlink:label="loc_eba_c20819" />
    <label:label xlink:type="resource" xlink:label="label_eba_c20819" xml:lang="en" xlink:role="http://www.eurofiling.info/xbrl/role/rc-code">120</label:label>
    <gen:arc xlink:type="arc" xlink:arcrole="http://xbrl.org/arcrole/2008/element-label" xlink:from="loc_eba_c20819" xlink:to="label_eba_c20819" />
    <link:loc xlink:type="locator" xlink:href="c_21.00-rend.xml#eba_c20820" xlink:label="loc_eba_c20820" />
    <label:label xlink:type="resource" xlink:label="label_eba_c20820" xml:lang="en" xlink:role="http://www.eurofiling.info/xbrl/role/rc-code">130</label:label>
    <gen:arc xlink:type="arc" xlink:arcrole="http://xbrl.org/arcrole/2008/element-label" xlink:from="loc_eba_c20820" xlink:to="label_eba_c20820" />
    <link:loc xlink:type="locator" xlink:href="c_21.00-rend.xml#eba_c20821" xlink:label="loc_eba_c20821" />
    <label:label xlink:type="resource" xlink:label="label_eba_c20821" xml:lang="en" xlink:role="http://www.eurofiling.info/xbrl/role/rc-code">001</label:label>
    <gen:arc xlink:type="arc" xlink:arcrole="http://xbrl.org/arcrole/2008/element-label" xlink:from="loc_eba_c20821" xlink:to="label_eba_c20821" />
    <link:loc xlink:type="locator" xlink:href="c_21.00-rend.xml#eba_c20822" xlink:label="loc_eba_c20822" />
    <label:label xlink:type="resource" xlink:label="label_eba_c20822" xml:lang="en" xlink:role="http://www.eurofiling.info/xbrl/role/rc-code">002</label:label>
    <gen:arc xlink:type="arc" xlink:arcrole="http://xbrl.org/arcrole/2008/element-label" xlink:from="loc_eba_c20822" xlink:to="label_eba_c20822" />
    <link:loc xlink:type="locator" xlink:href="c_21.00-rend.xml#eba_c20823" xlink:label="loc_eba_c20823" />
    <label:label xlink:type="resource" xlink:label="label_eba_c20823" xml:lang="en" xlink:role="http://www.eurofiling.info/xbrl/role/rc-code">003</label:label>
    <gen:arc xlink:type="arc" xlink:arcrole="http://xbrl.org/arcrole/2008/element-label" xlink:from="loc_eba_c20823" xlink:to="label_eba_c20823" />
    <link:loc xlink:type="locator" xlink:href="c_21.00-rend.xml#eba_c20824" xlink:label="loc_eba_c20824" />
    <label:label xlink:type="resource" xlink:label="label_eba_c20824" xml:lang="en" xlink:role="http://www.eurofiling.info/xbrl/role/rc-code">004</label:label>
    <gen:arc xlink:type="arc" xlink:arcrole="http://xbrl.org/arcrole/2008/element-label" xlink:from="loc_eba_c20824" xlink:to="label_eba_c20824" />
    <link:loc xlink:type="locator" xlink:href="c_21.00-rend.xml#eba_c20825" xlink:label="loc_eba_c20825" />
    <label:label xlink:type="resource" xlink:label="label_eba_c20825" xml:lang="en" xlink:role="http://www.eurofiling.info/xbrl/role/rc-code">005</label:label>
    <gen:arc xlink:type="arc" xlink:arcrole="http://xbrl.org/arcrole/2008/element-label" xlink:from="loc_eba_c20825" xlink:to="label_eba_c20825" />
    <link:loc xlink:type="locator" xlink:href="c_21.00-rend.xml#eba_c20826" xlink:label="loc_eba_c20826" />
    <label:label xlink:type="resource" xlink:label="label_eba_c20826" xml:lang="en" xlink:role="http://www.eurofiling.info/xbrl/role/rc-code">006</label:label>
    <gen:arc xlink:type="arc" xlink:arcrole="http://xbrl.org/arcrole/2008/element-label" xlink:from="loc_eba_c20826" xlink:to="label_eba_c20826" />
    <link:loc xlink:type="locator" xlink:href="c_21.00-rend.xml#eba_c20827" xlink:label="loc_eba_c20827" />
    <label:label xlink:type="resource" xlink:label="label_eba_c20827" xml:lang="en" xlink:role="http://www.eurofiling.info/xbrl/role/rc-code">007</label:label>
    <gen:arc xlink:type="arc" xlink:arcrole="http://xbrl.org/arcrole/2008/element-label" xlink:from="loc_eba_c20827" xlink:to="label_eba_c20827" />
    <link:loc xlink:type="locator" xlink:href="c_21.00-rend.xml#eba_c20828" xlink:label="loc_eba_c20828" />
    <label:label xlink:type="resource" xlink:label="label_eba_c20828" xml:lang="en" xlink:role="http://www.eurofiling.info/xbrl/role/rc-code">008</label:label>
    <gen:arc xlink:type="arc" xlink:arcrole="http://xbrl.org/arcrole/2008/element-label" xlink:from="loc_eba_c20828" xlink:to="label_eba_c20828" />
    <link:loc xlink:type="locator" xlink:href="c_21.00-rend.xml#eba_c20829" xlink:label="loc_eba_c20829" />
    <label:label xlink:type="resource" xlink:label="label_eba_c20829" xml:lang="en" xlink:role="http://www.eurofiling.info/xbrl/role/rc-code">009</label:label>
    <gen:arc xlink:type="arc" xlink:arcrole="http://xbrl.org/arcrole/2008/element-label" xlink:from="loc_eba_c20829" xlink:to="label_eba_c20829" />
    <link:loc xlink:type="locator" xlink:href="c_21.00-rend.xml#eba_c20830" xlink:label="loc_eba_c20830" />
    <label:label xlink:type="resource" xlink:label="label_eba_c20830" xml:lang="en" xlink:role="http://www.eurofiling.info/xbrl/role/rc-code">010</label:label>
    <gen:arc xlink:type="arc" xlink:arcrole="http://xbrl.org/arcrole/2008/element-label" xlink:from="loc_eba_c20830" xlink:to="label_eba_c20830" />
    <link:loc xlink:type="locator" xlink:href="c_21.00-rend.xml#eba_c20831" xlink:label="loc_eba_c20831" />
    <label:label xlink:type="resource" xlink:label="label_eba_c20831" xml:lang="en" xlink:role="http://www.eurofiling.info/xbrl/role/rc-code">011</label:label>
    <gen:arc xlink:type="arc" xlink:arcrole="http://xbrl.org/arcrole/2008/element-label" xlink:from="loc_eba_c20831" xlink:to="label_eba_c20831" />
    <link:loc xlink:type="locator" xlink:href="c_21.00-rend.xml#eba_c20832" xlink:label="loc_eba_c20832" />
    <label:label xlink:type="resource" xlink:label="label_eba_c20832" xml:lang="en" xlink:role="http://www.eurofiling.info/xbrl/role/rc-code">012</label:label>
    <gen:arc xlink:type="arc" xlink:arcrole="http://xbrl.org/arcrole/2008/element-label" xlink:from="loc_eba_c20832" xlink:to="label_eba_c20832" />
    <link:loc xlink:type="locator" xlink:href="c_21.00-rend.xml#eba_c20833" xlink:label="loc_eba_c20833" />
    <label:label xlink:type="resource" xlink:label="label_eba_c20833" xml:lang="en" xlink:role="http://www.eurofiling.info/xbrl/role/rc-code">013</label:label>
    <gen:arc xlink:type="arc" xlink:arcrole="http://xbrl.org/arcrole/2008/element-label" xlink:from="loc_eba_c20833" xlink:to="label_eba_c20833" />
    <link:loc xlink:type="locator" xlink:href="c_21.00-rend.xml#eba_c20834" xlink:label="loc_eba_c20834" />
    <label:label xlink:type="resource" xlink:label="label_eba_c20834" xml:lang="en" xlink:role="http://www.eurofiling.info/xbrl/role/rc-code">014</label:label>
    <gen:arc xlink:type="arc" xlink:arcrole="http://xbrl.org/arcrole/2008/element-label" xlink:from="loc_eba_c20834" xlink:to="label_eba_c20834" />
    <link:loc xlink:type="locator" xlink:href="c_21.00-rend.xml#eba_c20835" xlink:label="loc_eba_c20835" />
    <label:label xlink:type="resource" xlink:label="label_eba_c20835" xml:lang="en" xlink:role="http://www.eurofiling.info/xbrl/role/rc-code">015</label:label>
    <gen:arc xlink:type="arc" xlink:arcrole="http://xbrl.org/arcrole/2008/element-label" xlink:from="loc_eba_c20835" xlink:to="label_eba_c20835" />
    <link:loc xlink:type="locator" xlink:href="c_21.00-rend.xml#eba_c20836" xlink:label="loc_eba_c20836" />
    <label:label xlink:type="resource" xlink:label="label_eba_c20836" xml:lang="en" xlink:role="http://www.eurofiling.info/xbrl/role/rc-code">016</label:label>
    <gen:arc xlink:type="arc" xlink:arcrole="http://xbrl.org/arcrole/2008/element-label" xlink:from="loc_eba_c20836" xlink:to="label_eba_c20836" />
    <link:loc xlink:type="locator" xlink:href="c_21.00-rend.xml#eba_c20837" xlink:label="loc_eba_c20837" />
    <label:label xlink:type="resource" xlink:label="label_eba_c20837" xml:lang="en" xlink:role="http://www.eurofiling.info/xbrl/role/rc-code">017</label:label>
    <gen:arc xlink:type="arc" xlink:arcrole="http://xbrl.org/arcrole/2008/element-label" xlink:from="loc_eba_c20837" xlink:to="label_eba_c20837" />
    <link:loc xlink:type="locator" xlink:href="c_21.00-rend.xml#eba_c20838" xlink:label="loc_eba_c20838" />
    <label:label xlink:type="resource" xlink:label="label_eba_c20838" xml:lang="en" xlink:role="http://www.eurofiling.info/xbrl/role/rc-code">018</label:label>
    <gen:arc xlink:type="arc" xlink:arcrole="http://xbrl.org/arcrole/2008/element-label" xlink:from="loc_eba_c20838" xlink:to="label_eba_c20838" />
    <link:loc xlink:type="locator" xlink:href="c_21.00-rend.xml#eba_c20839" xlink:label="loc_eba_c20839" />
    <label:label xlink:type="resource" xlink:label="label_eba_c20839" xml:lang="en" xlink:role="http://www.eurofiling.info/xbrl/role/rc-code">019</label:label>
    <gen:arc xlink:type="arc" xlink:arcrole="http://xbrl.org/arcrole/2008/element-label" xlink:from="loc_eba_c20839" xlink:to="label_eba_c20839" />
    <link:loc xlink:type="locator" xlink:href="c_21.00-rend.xml#eba_c20840" xlink:label="loc_eba_c20840" />
    <label:label xlink:type="resource" xlink:label="label_eba_c20840" xml:lang="en" xlink:role="http://www.eurofiling.info/xbrl/role/rc-code">020</label:label>
    <gen:arc xlink:type="arc" xlink:arcrole="http://xbrl.org/arcrole/2008/element-label" xlink:from="loc_eba_c20840" xlink:to="label_eba_c20840" />
    <link:loc xlink:type="locator" xlink:href="c_21.00-rend.xml#eba_c20841" xlink:label="loc_eba_c20841" />
    <label:label xlink:type="resource" xlink:label="label_eba_c20841" xml:lang="en" xlink:role="http://www.eurofiling.info/xbrl/role/rc-code">021</label:label>
    <gen:arc xlink:type="arc" xlink:arcrole="http://xbrl.org/arcrole/2008/element-label" xlink:from="loc_eba_c20841" xlink:to="label_eba_c20841" />
    <link:loc xlink:type="locator" xlink:href="c_21.00-rend.xml#eba_c20842" xlink:label="loc_eba_c20842" />
    <label:label xlink:type="resource" xlink:label="label_eba_c20842" xml:lang="en" xlink:role="http://www.eurofiling.info/xbrl/role/rc-code">022</label:label>
    <gen:arc xlink:type="arc" xlink:arcrole="http://xbrl.org/arcrole/2008/element-label" xlink:from="loc_eba_c20842" xlink:to="label_eba_c20842" />
    <link:loc xlink:type="locator" xlink:href="c_21.00-rend.xml#eba_c20843" xlink:label="loc_eba_c20843" />
    <label:label xlink:type="resource" xlink:label="label_eba_c20843" xml:lang="en" xlink:role="http://www.eurofiling.info/xbrl/role/rc-code">023</label:label>
    <gen:arc xlink:type="arc" xlink:arcrole="http://xbrl.org/arcrole/2008/element-label" xlink:from="loc_eba_c20843" xlink:to="label_eba_c20843" />
    <link:loc xlink:type="locator" xlink:href="c_21.00-rend.xml#eba_c20844" xlink:label="loc_eba_c20844" />
    <label:label xlink:type="resource" xlink:label="label_eba_c20844" xml:lang="en" xlink:role="http://www.eurofiling.info/xbrl/role/rc-code">024</label:label>
    <gen:arc xlink:type="arc" xlink:arcrole="http://xbrl.org/arcrole/2008/element-label" xlink:from="loc_eba_c20844" xlink:to="label_eba_c20844" />
    <link:loc xlink:type="locator" xlink:href="c_21.00-rend.xml#eba_c20845" xlink:label="loc_eba_c20845" />
    <label:label xlink:type="resource" xlink:label="label_eba_c20845" xml:lang="en" xlink:role="http://www.eurofiling.info/xbrl/role/rc-code">025</label:label>
    <gen:arc xlink:type="arc" xlink:arcrole="http://xbrl.org/arcrole/2008/element-label" xlink:from="loc_eba_c20845" xlink:to="label_eba_c20845" />
    <link:loc xlink:type="locator" xlink:href="c_21.00-rend.xml#eba_c20846" xlink:label="loc_eba_c20846" />
    <label:label xlink:type="resource" xlink:label="label_eba_c20846" xml:lang="en" xlink:role="http://www.eurofiling.info/xbrl/role/rc-code">026</label:label>
    <gen:arc xlink:type="arc" xlink:arcrole="http://xbrl.org/arcrole/2008/element-label" xlink:from="loc_eba_c20846" xlink:to="label_eba_c20846" />
    <link:loc xlink:type="locator" xlink:href="c_21.00-rend.xml#eba_c20847" xlink:label="loc_eba_c20847" />
    <label:label xlink:type="resource" xlink:label="label_eba_c20847" xml:lang="en" xlink:role="http://www.eurofiling.info/xbrl/role/rc-code">027</label:label>
    <gen:arc xlink:type="arc" xlink:arcrole="http://xbrl.org/arcrole/2008/element-label" xlink:from="loc_eba_c20847" xlink:to="label_eba_c20847" />
    <link:loc xlink:type="locator" xlink:href="c_21.00-rend.xml#eba_c20848" xlink:label="loc_eba_c20848" />
    <label:label xlink:type="resource" xlink:label="label_eba_c20848" xml:lang="en" xlink:role="http://www.eurofiling.info/xbrl/role/rc-code">028</label:label>
    <gen:arc xlink:type="arc" xlink:arcrole="http://xbrl.org/arcrole/2008/element-label" xlink:from="loc_eba_c20848" xlink:to="label_eba_c20848" />
    <link:loc xlink:type="locator" xlink:href="c_21.00-rend.xml#eba_c20849" xlink:label="loc_eba_c20849" />
    <label:label xlink:type="resource" xlink:label="label_eba_c20849" xml:lang="en" xlink:role="http://www.eurofiling.info/xbrl/role/rc-code">029</label:label>
    <gen:arc xlink:type="arc" xlink:arcrole="http://xbrl.org/arcrole/2008/element-label" xlink:from="loc_eba_c20849" xlink:to="label_eba_c20849" />
    <link:loc xlink:type="locator" xlink:href="c_21.00-rend.xml#eba_c20850" xlink:label="loc_eba_c20850" />
    <label:label xlink:type="resource" xlink:label="label_eba_c20850" xml:lang="en" xlink:role="http://www.eurofiling.info/xbrl/role/rc-code">030</label:label>
    <gen:arc xlink:type="arc" xlink:arcrole="http://xbrl.org/arcrole/2008/element-label" xlink:from="loc_eba_c20850" xlink:to="label_eba_c20850" />
    <link:loc xlink:type="locator" xlink:href="c_21.00-rend.xml#eba_c20851" xlink:label="loc_eba_c20851" />
    <label:label xlink:type="resource" xlink:label="label_eba_c20851" xml:lang="en" xlink:role="http://www.eurofiling.info/xbrl/role/rc-code">031</label:label>
    <gen:arc xlink:type="arc" xlink:arcrole="http://xbrl.org/arcrole/2008/element-label" xlink:from="loc_eba_c20851" xlink:to="label_eba_c20851" />
    <link:loc xlink:type="locator" xlink:href="c_21.00-rend.xml#eba_c20852" xlink:label="loc_eba_c20852" />
    <label:label xlink:type="resource" xlink:label="label_eba_c20852" xml:lang="en" xlink:role="http://www.eurofiling.info/xbrl/role/rc-code">032</label:label>
    <gen:arc xlink:type="arc" xlink:arcrole="http://xbrl.org/arcrole/2008/element-label" xlink:from="loc_eba_c20852" xlink:to="label_eba_c20852" />
    <link:loc xlink:type="locator" xlink:href="c_21.00-rend.xml#eba_c20853" xlink:label="loc_eba_c20853" />
    <label:label xlink:type="resource" xlink:label="label_eba_c20853" xml:lang="en" xlink:role="http://www.eurofiling.info/xbrl/role/rc-code">033</label:label>
    <gen:arc xlink:type="arc" xlink:arcrole="http://xbrl.org/arcrole/2008/element-label" xlink:from="loc_eba_c20853" xlink:to="label_eba_c20853" />
    <link:loc xlink:type="locator" xlink:href="c_21.00-rend.xml#eba_c20854" xlink:label="loc_eba_c20854" />
    <label:label xlink:type="resource" xlink:label="label_eba_c20854" xml:lang="en" xlink:role="http://www.eurofiling.info/xbrl/role/rc-code">034</label:label>
    <gen:arc xlink:type="arc" xlink:arcrole="http://xbrl.org/arcrole/2008/element-label" xlink:from="loc_eba_c20854" xlink:to="label_eba_c20854" />
    <link:loc xlink:type="locator" xlink:href="c_21.00-rend.xml#eba_c20855" xlink:label="loc_eba_c20855" />
    <label:label xlink:type="resource" xlink:label="label_eba_c20855" xml:lang="en" xlink:role="http://www.eurofiling.info/xbrl/role/rc-code">035</label:label>
    <gen:arc xlink:type="arc" xlink:arcrole="http://xbrl.org/arcrole/2008/element-label" xlink:from="loc_eba_c20855" xlink:to="label_eba_c20855" />
    <link:loc xlink:type="locator" xlink:href="c_21.00-rend.xml#eba_c20856" xlink:label="loc_eba_c20856" />
    <label:label xlink:type="resource" xlink:label="label_eba_c20856" xml:lang="en" xlink:role="http://www.eurofiling.info/xbrl/role/rc-code">036</label:label>
    <gen:arc xlink:type="arc" xlink:arcrole="http://xbrl.org/arcrole/2008/element-label" xlink:from="loc_eba_c20856" xlink:to="label_eba_c20856" />
    <link:loc xlink:type="locator" xlink:href="c_21.00-rend.xml#eba_c20857" xlink:label="loc_eba_c20857" />
    <label:label xlink:type="resource" xlink:label="label_eba_c20857" xml:lang="en" xlink:role="http://www.eurofiling.info/xbrl/role/rc-code">037</label:label>
    <gen:arc xlink:type="arc" xlink:arcrole="http://xbrl.org/arcrole/2008/element-label" xlink:from="loc_eba_c20857" xlink:to="label_eba_c20857" />
    <link:loc xlink:type="locator" xlink:href="c_21.00-rend.xml#eba_c20858" xlink:label="loc_eba_c20858" />
    <label:label xlink:type="resource" xlink:label="label_eba_c20858" xml:lang="en" xlink:role="http://www.eurofiling.info/xbrl/role/rc-code">038</label:label>
    <gen:arc xlink:type="arc" xlink:arcrole="http://xbrl.org/arcrole/2008/element-label" xlink:from="loc_eba_c20858" xlink:to="label_eba_c20858" />
    <link:loc xlink:type="locator" xlink:href="c_21.00-rend.xml#eba_c20859" xlink:label="loc_eba_c20859" />
    <label:label xlink:type="resource" xlink:label="label_eba_c20859" xml:lang="en" xlink:role="http://www.eurofiling.info/xbrl/role/rc-code">039</label:label>
    <gen:arc xlink:type="arc" xlink:arcrole="http://xbrl.org/arcrole/2008/element-label" xlink:from="loc_eba_c20859" xlink:to="label_eba_c20859" />
    <link:loc xlink:type="locator" xlink:href="c_21.00-rend.xml#eba_c20860" xlink:label="loc_eba_c20860" />
    <label:label xlink:type="resource" xlink:label="label_eba_c20860" xml:lang="en" xlink:role="http://www.eurofiling.info/xbrl/role/rc-code">040</label:label>
    <gen:arc xlink:type="arc" xlink:arcrole="http://xbrl.org/arcrole/2008/element-label" xlink:from="loc_eba_c20860" xlink:to="label_eba_c20860" />
    <link:loc xlink:type="locator" xlink:href="c_21.00-rend.xml#eba_c20861" xlink:label="loc_eba_c20861" />
    <label:label xlink:type="resource" xlink:label="label_eba_c20861" xml:lang="en" xlink:role="http://www.eurofiling.info/xbrl/role/rc-code">041</label:label>
    <gen:arc xlink:type="arc" xlink:arcrole="http://xbrl.org/arcrole/2008/element-label" xlink:from="loc_eba_c20861" xlink:to="label_eba_c20861" />
    <link:loc xlink:type="locator" xlink:href="c_21.00-rend.xml#eba_c20862" xlink:label="loc_eba_c20862" />
    <label:label xlink:type="resource" xlink:label="label_eba_c20862" xml:lang="en" xlink:role="http://www.eurofiling.info/xbrl/role/rc-code">042</label:label>
    <gen:arc xlink:type="arc" xlink:arcrole="http://xbrl.org/arcrole/2008/element-label" xlink:from="loc_eba_c20862" xlink:to="label_eba_c20862" />
    <label:label xlink:type="resource" xlink:label="label_eba_tC_21.00_1" xml:lang="en" xlink:role="http://www.eurofiling.info/xbrl/role/filing-indicator-code">C_21.00</label:label>
    <gen:arc xlink:type="arc" xlink:arcrole="http://xbrl.org/arcrole/2008/element-label" xlink:from="loc_eba_tC_21.00" xlink:to="label_eba_tC_21.00_1" />
    <label:label xlink:type="resource" xlink:label="label_eba_tC_21.00_2" xml:lang="en" xlink:role="http://www.eba.europa.eu/xbrl/role/dpm-db-id">106</label:label>
    <gen:arc xlink:type="arc" xlink:arcrole="http://xbrl.org/arcrole/2008/element-label" xlink:from="loc_eba_tC_21.00" xlink:to="label_eba_tC_21.00_2" />
    <label:label xlink:type="resource" xlink:label="label_eba_c20799_1" xml:lang="en" xlink:role="http://www.eba.europa.eu/xbrl/role/dpm-db-id">20799</label:label>
    <gen:arc xlink:type="arc" xlink:arcrole="http://xbrl.org/arcrole/2008/element-label" xlink:from="loc_eba_c20799" xlink:to="label_eba_c20799_1" />
    <label:label xlink:type="resource" xlink:label="label_eba_c20800_1" xml:lang="en" xlink:role="http://www.eba.europa.eu/xbrl/role/dpm-db-id">20800</label:label>
    <gen:arc xlink:type="arc" xlink:arcrole="http://xbrl.org/arcrole/2008/element-label" xlink:from="loc_eba_c20800" xlink:to="label_eba_c20800_1" />
    <label:label xlink:type="resource" xlink:label="label_eba_c20801_1" xml:lang="en" xlink:role="http://www.eba.europa.eu/xbrl/role/dpm-db-id">20801</label:label>
    <gen:arc xlink:type="arc" xlink:arcrole="http://xbrl.org/arcrole/2008/element-label" xlink:from="loc_eba_c20801" xlink:to="label_eba_c20801_1" />
    <label:label xlink:type="resource" xlink:label="label_eba_c20802_1" xml:lang="en" xlink:role="http://www.eba.europa.eu/xbrl/role/dpm-db-id">20802</label:label>
    <gen:arc xlink:type="arc" xlink:arcrole="http://xbrl.org/arcrole/2008/element-label" xlink:from="loc_eba_c20802" xlink:to="label_eba_c20802_1" />
    <label:label xlink:type="resource" xlink:label="label_eba_c20803_1" xml:lang="en" xlink:role="http://www.eba.europa.eu/xbrl/role/dpm-db-id">20803</label:label>
    <gen:arc xlink:type="arc" xlink:arcrole="http://xbrl.org/arcrole/2008/element-label" xlink:from="loc_eba_c20803" xlink:to="label_eba_c20803_1" />
    <label:label xlink:type="resource" xlink:label="label_eba_c20804_1" xml:lang="en" xlink:role="http://www.eba.europa.eu/xbrl/role/dpm-db-id">20804</label:label>
    <gen:arc xlink:type="arc" xlink:arcrole="http://xbrl.org/arcrole/2008/element-label" xlink:from="loc_eba_c20804" xlink:to="label_eba_c20804_1" />
    <label:label xlink:type="resource" xlink:label="label_eba_c20805_1" xml:lang="en" xlink:role="http://www.eba.europa.eu/xbrl/role/dpm-db-id">20805</label:label>
    <gen:arc xlink:type="arc" xlink:arcrole="http://xbrl.org/arcrole/2008/element-label" xlink:from="loc_eba_c20805" xlink:to="label_eba_c20805_1" />
    <label:label xlink:type="resource" xlink:label="label_eba_c20806_1" xml:lang="en" xlink:role="http://www.eba.europa.eu/xbrl/role/dpm-db-id">20806</label:label>
    <gen:arc xlink:type="arc" xlink:arcrole="http://xbrl.org/arcrole/2008/element-label" xlink:from="loc_eba_c20806" xlink:to="label_eba_c20806_1" />
    <label:label xlink:type="resource" xlink:label="label_eba_c20807_1" xml:lang="en" xlink:role="http://www.eba.europa.eu/xbrl/role/dpm-db-id">20807</label:label>
    <gen:arc xlink:type="arc" xlink:arcrole="http://xbrl.org/arcrole/2008/element-label" xlink:from="loc_eba_c20807" xlink:to="label_eba_c20807_1" />
    <label:label xlink:type="resource" xlink:label="label_eba_c20808_1" xml:lang="en" xlink:role="http://www.eba.europa.eu/xbrl/role/dpm-db-id">20808</label:label>
    <gen:arc xlink:type="arc" xlink:arcrole="http://xbrl.org/arcrole/2008/element-label" xlink:from="loc_eba_c20808" xlink:to="label_eba_c20808_1" />
    <label:label xlink:type="resource" xlink:label="label_eba_c20809_1" xml:lang="en" xlink:role="http://www.eba.europa.eu/xbrl/role/dpm-db-id">20809</label:label>
    <gen:arc xlink:type="arc" xlink:arcrole="http://xbrl.org/arcrole/2008/element-label" xlink:from="loc_eba_c20809" xlink:to="label_eba_c20809_1" />
    <label:label xlink:type="resource" xlink:label="label_eba_c20810_1" xml:lang="en" xlink:role="http://www.eba.europa.eu/xbrl/role/dpm-db-id">20810</label:label>
    <gen:arc xlink:type="arc" xlink:arcrole="http://xbrl.org/arcrole/2008/element-label" xlink:from="loc_eba_c20810" xlink:to="label_eba_c20810_1" />
    <label:label xlink:type="resource" xlink:label="label_eba_c20811_1" xml:lang="en" xlink:role="http://www.eba.europa.eu/xbrl/role/dpm-db-id">20811</label:label>
    <gen:arc xlink:type="arc" xlink:arcrole="http://xbrl.org/arcrole/2008/element-label" xlink:from="loc_eba_c20811" xlink:to="label_eba_c20811_1" />
    <label:label xlink:type="resource" xlink:label="label_eba_c20812_1" xml:lang="en" xlink:role="http://www.eba.europa.eu/xbrl/role/dpm-db-id">20812</label:label>
    <gen:arc xlink:type="arc" xlink:arcrole="http://xbrl.org/arcrole/2008/element-label" xlink:from="loc_eba_c20812" xlink:to="label_eba_c20812_1" />
    <label:label xlink:type="resource" xlink:label="label_eba_c20813_1" xml:lang="en" xlink:role="http://www.eba.europa.eu/xbrl/role/dpm-db-id">20813</label:label>
    <gen:arc xlink:type="arc" xlink:arcrole="http://xbrl.org/arcrole/2008/element-label" xlink:from="loc_eba_c20813" xlink:to="label_eba_c20813_1" />
    <label:label xlink:type="resource" xlink:label="label_eba_c20814_1" xml:lang="en" xlink:role="http://www.eba.europa.eu/xbrl/role/dpm-db-id">20814</label:label>
    <gen:arc xlink:type="arc" xlink:arcrole="http://xbrl.org/arcrole/2008/element-label" xlink:from="loc_eba_c20814" xlink:to="label_eba_c20814_1" />
    <label:label xlink:type="resource" xlink:label="label_eba_c20815_1" xml:lang="en" xlink:role="http://www.eba.europa.eu/xbrl/role/dpm-db-id">20815</label:label>
    <gen:arc xlink:type="arc" xlink:arcrole="http://xbrl.org/arcrole/2008/element-label" xlink:from="loc_eba_c20815" xlink:to="label_eba_c20815_1" />
    <label:label xlink:type="resource" xlink:label="label_eba_c20816_1" xml:lang="en" xlink:role="http://www.eba.europa.eu/xbrl/role/dpm-db-id">20816</label:label>
    <gen:arc xlink:type="arc" xlink:arcrole="http://xbrl.org/arcrole/2008/element-label" xlink:from="loc_eba_c20816" xlink:to="label_eba_c20816_1" />
    <label:label xlink:type="resource" xlink:label="label_eba_c20817_1" xml:lang="en" xlink:role="http://www.eba.europa.eu/xbrl/role/dpm-db-id">20817</label:label>
    <gen:arc xlink:type="arc" xlink:arcrole="http://xbrl.org/arcrole/2008/element-label" xlink:from="loc_eba_c20817" xlink:to="label_eba_c20817_1" />
    <label:label xlink:type="resource" xlink:label="label_eba_c20818_1" xml:lang="en" xlink:role="http://www.eba.europa.eu/xbrl/role/dpm-db-id">20818</label:label>
    <gen:arc xlink:type="arc" xlink:arcrole="http://xbrl.org/arcrole/2008/element-label" xlink:from="loc_eba_c20818" xlink:to="label_eba_c20818_1" />
    <label:label xlink:type="resource" xlink:label="label_eba_c20819_1" xml:lang="en" xlink:role="http://www.eba.europa.eu/xbrl/role/dpm-db-id">20819</label:label>
    <gen:arc xlink:type="arc" xlink:arcrole="http://xbrl.org/arcrole/2008/element-label" xlink:from="loc_eba_c20819" xlink:to="label_eba_c20819_1" />
    <label:label xlink:type="resource" xlink:label="label_eba_c20820_1" xml:lang="en" xlink:role="http://www.eba.europa.eu/xbrl/role/dpm-db-id">20820</label:label>
    <gen:arc xlink:type="arc" xlink:arcrole="http://xbrl.org/arcrole/2008/element-label" xlink:from="loc_eba_c20820" xlink:to="label_eba_c20820_1" />
    <label:label xlink:type="resource" xlink:label="label_eba_c20821_1" xml:lang="en" xlink:role="http://www.eba.europa.eu/xbrl/role/dpm-db-id">20821</label:label>
    <gen:arc xlink:type="arc" xlink:arcrole="http://xbrl.org/arcrole/2008/element-label" xlink:from="loc_eba_c20821" xlink:to="label_eba_c20821_1" />
    <label:label xlink:type="resource" xlink:label="label_eba_c20822_1" xml:lang="en" xlink:role="http://www.eba.europa.eu/xbrl/role/dpm-db-id">20822</label:label>
    <gen:arc xlink:type="arc" xlink:arcrole="http://xbrl.org/arcrole/2008/element-label" xlink:from="loc_eba_c20822" xlink:to="label_eba_c20822_1" />
    <label:label xlink:type="resource" xlink:label="label_eba_c20823_1" xml:lang="en" xlink:role="http://www.eba.europa.eu/xbrl/role/dpm-db-id">20823</label:label>
    <gen:arc xlink:type="arc" xlink:arcrole="http://xbrl.org/arcrole/2008/element-label" xlink:from="loc_eba_c20823" xlink:to="label_eba_c20823_1" />
    <label:label xlink:type="resource" xlink:label="label_eba_c20824_1" xml:lang="en" xlink:role="http://www.eba.europa.eu/xbrl/role/dpm-db-id">20824</label:label>
    <gen:arc xlink:type="arc" xlink:arcrole="http://xbrl.org/arcrole/2008/element-label" xlink:from="loc_eba_c20824" xlink:to="label_eba_c20824_1" />
    <label:label xlink:type="resource" xlink:label="label_eba_c20825_1" xml:lang="en" xlink:role="http://www.eba.europa.eu/xbrl/role/dpm-db-id">20825</label:label>
    <gen:arc xlink:type="arc" xlink:arcrole="http://xbrl.org/arcrole/2008/element-label" xlink:from="loc_eba_c20825" xlink:to="label_eba_c20825_1" />
    <label:label xlink:type="resource" xlink:label="label_eba_c20826_1" xml:lang="en" xlink:role="http://www.eba.europa.eu/xbrl/role/dpm-db-id">20826</label:label>
    <gen:arc xlink:type="arc" xlink:arcrole="http://xbrl.org/arcrole/2008/element-label" xlink:from="loc_eba_c20826" xlink:to="label_eba_c20826_1" />
    <label:label xlink:type="resource" xlink:label="label_eba_c20827_1" xml:lang="en" xlink:role="http://www.eba.europa.eu/xbrl/role/dpm-db-id">20827</label:label>
    <gen:arc xlink:type="arc" xlink:arcrole="http://xbrl.org/arcrole/2008/element-label" xlink:from="loc_eba_c20827" xlink:to="label_eba_c20827_1" />
    <label:label xlink:type="resource" xlink:label="label_eba_c20828_1" xml:lang="en" xlink:role="http://www.eba.europa.eu/xbrl/role/dpm-db-id">20828</label:label>
    <gen:arc xlink:type="arc" xlink:arcrole="http://xbrl.org/arcrole/2008/element-label" xlink:from="loc_eba_c20828" xlink:to="label_eba_c20828_1" />
    <label:label xlink:type="resource" xlink:label="label_eba_c20829_1" xml:lang="en" xlink:role="http://www.eba.europa.eu/xbrl/role/dpm-db-id">20829</label:label>
    <gen:arc xlink:type="arc" xlink:arcrole="http://xbrl.org/arcrole/2008/element-label" xlink:from="loc_eba_c20829" xlink:to="label_eba_c20829_1" />
    <label:label xlink:type="resource" xlink:label="label_eba_c20830_1" xml:lang="en" xlink:role="http://www.eba.europa.eu/xbrl/role/dpm-db-id">20830</label:label>
    <gen:arc xlink:type="arc" xlink:arcrole="http://xbrl.org/arcrole/2008/element-label" xlink:from="loc_eba_c20830" xlink:to="label_eba_c20830_1" />
    <label:label xlink:type="resource" xlink:label="label_eba_c20831_1" xml:lang="en" xlink:role="http://www.eba.europa.eu/xbrl/role/dpm-db-id">20831</label:label>
    <gen:arc xlink:type="arc" xlink:arcrole="http://xbrl.org/arcrole/2008/element-label" xlink:from="loc_eba_c20831" xlink:to="label_eba_c20831_1" />
    <label:label xlink:type="resource" xlink:label="label_eba_c20832_1" xml:lang="en" xlink:role="http://www.eba.europa.eu/xbrl/role/dpm-db-id">20832</label:label>
    <gen:arc xlink:type="arc" xlink:arcrole="http://xbrl.org/arcrole/2008/element-label" xlink:from="loc_eba_c20832" xlink:to="label_eba_c20832_1" />
    <label:label xlink:type="resource" xlink:label="label_eba_c20833_1" xml:lang="en" xlink:role="http://www.eba.europa.eu/xbrl/role/dpm-db-id">20833</label:label>
    <gen:arc xlink:type="arc" xlink:arcrole="http://xbrl.org/arcrole/2008/element-label" xlink:from="loc_eba_c20833" xlink:to="label_eba_c20833_1" />
    <label:label xlink:type="resource" xlink:label="label_eba_c20834_1" xml:lang="en" xlink:role="http://www.eba.europa.eu/xbrl/role/dpm-db-id">20834</label:label>
    <gen:arc xlink:type="arc" xlink:arcrole="http://xbrl.org/arcrole/2008/element-label" xlink:from="loc_eba_c20834" xlink:to="label_eba_c20834_1" />
    <label:label xlink:type="resource" xlink:label="label_eba_c20835_1" xml:lang="en" xlink:role="http://www.eba.europa.eu/xbrl/role/dpm-db-id">20835</label:label>
    <gen:arc xlink:type="arc" xlink:arcrole="http://xbrl.org/arcrole/2008/element-label" xlink:from="loc_eba_c20835" xlink:to="label_eba_c20835_1" />
    <label:label xlink:type="resource" xlink:label="label_eba_c20836_1" xml:lang="en" xlink:role="http://www.eba.europa.eu/xbrl/role/dpm-db-id">20836</label:label>
    <gen:arc xlink:type="arc" xlink:arcrole="http://xbrl.org/arcrole/2008/element-label" xlink:from="loc_eba_c20836" xlink:to="label_eba_c20836_1" />
    <label:label xlink:type="resource" xlink:label="label_eba_c20837_1" xml:lang="en" xlink:role="http://www.eba.europa.eu/xbrl/role/dpm-db-id">20837</label:label>
    <gen:arc xlink:type="arc" xlink:arcrole="http://xbrl.org/arcrole/2008/element-label" xlink:from="loc_eba_c20837" xlink:to="label_eba_c20837_1" />
    <label:label xlink:type="resource" xlink:label="label_eba_c20838_1" xml:lang="en" xlink:role="http://www.eba.europa.eu/xbrl/role/dpm-db-id">20838</label:label>
    <gen:arc xlink:type="arc" xlink:arcrole="http://xbrl.org/arcrole/2008/element-label" xlink:from="loc_eba_c20838" xlink:to="label_eba_c20838_1" />
    <label:label xlink:type="resource" xlink:label="label_eba_c20839_1" xml:lang="en" xlink:role="http://www.eba.europa.eu/xbrl/role/dpm-db-id">20839</label:label>
    <gen:arc xlink:type="arc" xlink:arcrole="http://xbrl.org/arcrole/2008/element-label" xlink:from="loc_eba_c20839" xlink:to="label_eba_c20839_1" />
    <label:label xlink:type="resource" xlink:label="label_eba_c20840_1" xml:lang="en" xlink:role="http://www.eba.europa.eu/xbrl/role/dpm-db-id">20840</label:label>
    <gen:arc xlink:type="arc" xlink:arcrole="http://xbrl.org/arcrole/2008/element-label" xlink:from="loc_eba_c20840" xlink:to="label_eba_c20840_1" />
    <label:label xlink:type="resource" xlink:label="label_eba_c20841_1" xml:lang="en" xlink:role="http://www.eba.europa.eu/xbrl/role/dpm-db-id">20841</label:label>
    <gen:arc xlink:type="arc" xlink:arcrole="http://xbrl.org/arcrole/2008/element-label" xlink:from="loc_eba_c20841" xlink:to="label_eba_c20841_1" />
    <label:label xlink:type="resource" xlink:label="label_eba_c20842_1" xml:lang="en" xlink:role="http://www.eba.europa.eu/xbrl/role/dpm-db-id">20842</label:label>
    <gen:arc xlink:type="arc" xlink:arcrole="http://xbrl.org/arcrole/2008/element-label" xlink:from="loc_eba_c20842" xlink:to="label_eba_c20842_1" />
    <label:label xlink:type="resource" xlink:label="label_eba_c20843_1" xml:lang="en" xlink:role="http://www.eba.europa.eu/xbrl/role/dpm-db-id">20843</label:label>
    <gen:arc xlink:type="arc" xlink:arcrole="http://xbrl.org/arcrole/2008/element-label" xlink:from="loc_eba_c20843" xlink:to="label_eba_c20843_1" />
    <label:label xlink:type="resource" xlink:label="label_eba_c20844_1" xml:lang="en" xlink:role="http://www.eba.europa.eu/xbrl/role/dpm-db-id">20844</label:label>
    <gen:arc xlink:type="arc" xlink:arcrole="http://xbrl.org/arcrole/2008/element-label" xlink:from="loc_eba_c20844" xlink:to="label_eba_c20844_1" />
    <label:label xlink:type="resource" xlink:label="label_eba_c20845_1" xml:lang="en" xlink:role="http://www.eba.europa.eu/xbrl/role/dpm-db-id">20845</label:label>
    <gen:arc xlink:type="arc" xlink:arcrole="http://xbrl.org/arcrole/2008/element-label" xlink:from="loc_eba_c20845" xlink:to="label_eba_c20845_1" />
    <label:label xlink:type="resource" xlink:label="label_eba_c20846_1" xml:lang="en" xlink:role="http://www.eba.europa.eu/xbrl/role/dpm-db-id">20846</label:label>
    <gen:arc xlink:type="arc" xlink:arcrole="http://xbrl.org/arcrole/2008/element-label" xlink:from="loc_eba_c20846" xlink:to="label_eba_c20846_1" />
    <label:label xlink:type="resource" xlink:label="label_eba_c20847_1" xml:lang="en" xlink:role="http://www.eba.europa.eu/xbrl/role/dpm-db-id">20847</label:label>
    <gen:arc xlink:type="arc" xlink:arcrole="http://xbrl.org/arcrole/2008/element-label" xlink:from="loc_eba_c20847" xlink:to="label_eba_c20847_1" />
    <label:label xlink:type="resource" xlink:label="label_eba_c20848_1" xml:lang="en" xlink:role="http://www.eba.europa.eu/xbrl/role/dpm-db-id">20848</label:label>
    <gen:arc xlink:type="arc" xlink:arcrole="http://xbrl.org/arcrole/2008/element-label" xlink:from="loc_eba_c20848" xlink:to="label_eba_c20848_1" />
    <label:label xlink:type="resource" xlink:label="label_eba_c20849_1" xml:lang="en" xlink:role="http://www.eba.europa.eu/xbrl/role/dpm-db-id">20849</label:label>
    <gen:arc xlink:type="arc" xlink:arcrole="http://xbrl.org/arcrole/2008/element-label" xlink:from="loc_eba_c20849" xlink:to="label_eba_c20849_1" />
    <label:label xlink:type="resource" xlink:label="label_eba_c20850_1" xml:lang="en" xlink:role="http://www.eba.europa.eu/xbrl/role/dpm-db-id">20850</label:label>
    <gen:arc xlink:type="arc" xlink:arcrole="http://xbrl.org/arcrole/2008/element-label" xlink:from="loc_eba_c20850" xlink:to="label_eba_c20850_1" />
    <label:label xlink:type="resource" xlink:label="label_eba_c20851_1" xml:lang="en" xlink:role="http://www.eba.europa.eu/xbrl/role/dpm-db-id">20851</label:label>
    <gen:arc xlink:type="arc" xlink:arcrole="http://xbrl.org/arcrole/2008/element-label" xlink:from="loc_eba_c20851" xlink:to="label_eba_c20851_1" />
    <label:label xlink:type="resource" xlink:label="label_eba_c20852_1" xml:lang="en" xlink:role="http://www.eba.europa.eu/xbrl/role/dpm-db-id">20852</label:label>
    <gen:arc xlink:type="arc" xlink:arcrole="http://xbrl.org/arcrole/2008/element-label" xlink:from="loc_eba_c20852" xlink:to="label_eba_c20852_1" />
    <label:label xlink:type="resource" xlink:label="label_eba_c20853_1" xml:lang="en" xlink:role="http://www.eba.europa.eu/xbrl/role/dpm-db-id">20853</label:label>
    <gen:arc xlink:type="arc" xlink:arcrole="http://xbrl.org/arcrole/2008/element-label" xlink:from="loc_eba_c20853" xlink:to="label_eba_c20853_1" />
    <label:label xlink:type="resource" xlink:label="label_eba_c20854_1" xml:lang="en" xlink:role="http://www.eba.europa.eu/xbrl/role/dpm-db-id">20854</label:label>
    <gen:arc xlink:type="arc" xlink:arcrole="http://xbrl.org/arcrole/2008/element-label" xlink:from="loc_eba_c20854" xlink:to="label_eba_c20854_1" />
    <label:label xlink:type="resource" xlink:label="label_eba_c20855_1" xml:lang="en" xlink:role="http://www.eba.europa.eu/xbrl/role/dpm-db-id">20855</label:label>
    <gen:arc xlink:type="arc" xlink:arcrole="http://xbrl.org/arcrole/2008/element-label" xlink:from="loc_eba_c20855" xlink:to="label_eba_c20855_1" />
    <label:label xlink:type="resource" xlink:label="label_eba_c20856_1" xml:lang="en" xlink:role="http://www.eba.europa.eu/xbrl/role/dpm-db-id">20856</label:label>
    <gen:arc xlink:type="arc" xlink:arcrole="http://xbrl.org/arcrole/2008/element-label" xlink:from="loc_eba_c20856" xlink:to="label_eba_c20856_1" />
    <label:label xlink:type="resource" xlink:label="label_eba_c20857_1" xml:lang="en" xlink:role="http://www.eba.europa.eu/xbrl/role/dpm-db-id">20857</label:label>
    <gen:arc xlink:type="arc" xlink:arcrole="http://xbrl.org/arcrole/2008/element-label" xlink:from="loc_eba_c20857" xlink:to="label_eba_c20857_1" />
    <label:label xlink:type="resource" xlink:label="label_eba_c20858_1" xml:lang="en" xlink:role="http://www.eba.europa.eu/xbrl/role/dpm-db-id">20858</label:label>
    <gen:arc xlink:type="arc" xlink:arcrole="http://xbrl.org/arcrole/2008/element-label" xlink:from="loc_eba_c20858" xlink:to="label_eba_c20858_1" />
    <label:label xlink:type="resource" xlink:label="label_eba_c20859_1" xml:lang="en" xlink:role="http://www.eba.europa.eu/xbrl/role/dpm-db-id">20859</label:label>
    <gen:arc xlink:type="arc" xlink:arcrole="http://xbrl.org/arcrole/2008/element-label" xlink:from="loc_eba_c20859" xlink:to="label_eba_c20859_1" />
    <label:label xlink:type="resource" xlink:label="label_eba_c20860_1" xml:lang="en" xlink:role="http://www.eba.europa.eu/xbrl/role/dpm-db-id">20860</label:label>
    <gen:arc xlink:type="arc" xlink:arcrole="http://xbrl.org/arcrole/2008/element-label" xlink:from="loc_eba_c20860" xlink:to="label_eba_c20860_1" />
    <label:label xlink:type="resource" xlink:label="label_eba_c20861_1" xml:lang="en" xlink:role="http://www.eba.europa.eu/xbrl/role/dpm-db-id">20861</label:label>
    <gen:arc xlink:type="arc" xlink:arcrole="http://xbrl.org/arcrole/2008/element-label" xlink:from="loc_eba_c20861" xlink:to="label_eba_c20861_1" />
    <label:label xlink:type="resource" xlink:label="label_eba_c20862_1" xml:lang="en" xlink:role="http://www.eba.europa.eu/xbrl/role/dpm-db-id">20862</label:label>
    <gen:arc xlink:type="arc" xlink:arcrole="http://xbrl.org/arcrole/2008/element-label" xlink:from="loc_eba_c20862" xlink:to="label_eba_c20862_1" />
  </gen:link>
</link:linkbase>