﻿<?xml version="1.0" encoding="utf-8"?>
<?taxonomy-version 2.0.0?>
<!--(C) EBA-->
<link:linkbase xmlns:xsi="http://www.w3.org/2001/XMLSchema-instance" xmlns:xlink="http://www.w3.org/1999/xlink" xmlns:link="http://www.xbrl.org/2003/linkbase" xmlns:gen="http://xbrl.org/2008/generic" xmlns:label="http://xbrl.org/2008/label" xsi:schemaLocation="http://www.xbrl.org/2003/linkbase http://www.xbrl.org/2003/xbrl-linkbase-2003-12-31.xsd http://xbrl.org/2008/generic http://www.xbrl.org/2008/generic-link.xsd http://xbrl.org/2008/label http://www.xbrl.org/2008/generic-label.xsd">
  <link:arcroleRef arcroleURI="http://xbrl.org/arcrole/2008/element-label" xlink:type="simple" xlink:href="http://www.xbrl.org/2008/generic-label.xsd#element-label" />
  <link:roleRef roleURI="http://www.xbrl.org/2008/role/documentation" xlink:type="simple" xlink:href="http://www.xbrl.org/2008/generic-label.xsd#documentation" />
  <link:roleRef roleURI="http://www.xbrl.org/2008/role/label" xlink:type="simple" xlink:href="http://www.xbrl.org/2008/generic-label.xsd#standard-label" />
  <link:roleRef roleURI="http://www.xbrl.org/2008/role/verboseLabel" xlink:type="simple" xlink:href="http://www.xbrl.org/2008/generic-label.xsd#verbose-label" />
  <gen:link xlink:type="extended" xlink:role="http://www.xbrl.org/2003/role/link">
    <link:loc xlink:type="locator" xlink:href="c_21.00-rend.xml#eba_tC_21.00" xlink:label="loc_eba_tC_21.00" />
    <label:label xlink:type="resource" xlink:label="label_eba_tC_21.00" xml:lang="en" xlink:role="http://www.xbrl.org/2008/role/label">C 21.00 (MKR SA EQU)</label:label>
    <gen:arc xlink:type="arc" xlink:arcrole="http://xbrl.org/arcrole/2008/element-label" xlink:from="loc_eba_tC_21.00" xlink:to="label_eba_tC_21.00" />
    <label:label xlink:type="resource" xlink:label="label_eba_tC_21.00_1" xml:lang="en" xlink:role="http://www.xbrl.org/2008/role/verboseLabel">C 21.00 (MKR SA EQU) Market risk: Standardised Approach for position risk in equities</label:label>
    <gen:arc xlink:type="arc" xlink:arcrole="http://xbrl.org/arcrole/2008/element-label" xlink:from="loc_eba_tC_21.00" xlink:to="label_eba_tC_21.00_1" />
    <link:loc xlink:type="locator" xlink:href="c_21.00-rend.xml#eba_a1" xlink:label="loc_eba_a1" />
    <label:label xlink:type="resource" xlink:label="label_eba_a1" xml:lang="en" xlink:role="http://www.xbrl.org/2008/role/label">Columns</label:label>
    <gen:arc xlink:type="arc" xlink:arcrole="http://xbrl.org/arcrole/2008/element-label" xlink:from="loc_eba_a1" xlink:to="label_eba_a1" />
    <link:loc xlink:type="locator" xlink:href="c_21.00-rend.xml#eba_c20799" xlink:label="loc_eba_c20799" />
    <label:label xlink:type="resource" xlink:label="label_eba_c20799" xml:lang="en" xlink:role="http://www.xbrl.org/2008/role/label">All positions</label:label>
    <gen:arc xlink:type="arc" xlink:arcrole="http://xbrl.org/arcrole/2008/element-label" xlink:from="loc_eba_c20799" xlink:to="label_eba_c20799" />
    <link:loc xlink:type="locator" xlink:href="c_21.00-rend.xml#eba_c20800" xlink:label="loc_eba_c20800" />
    <label:label xlink:type="resource" xlink:label="label_eba_c20800" xml:lang="en" xlink:role="http://www.xbrl.org/2008/role/label">Long</label:label>
    <gen:arc xlink:type="arc" xlink:arcrole="http://xbrl.org/arcrole/2008/element-label" xlink:from="loc_eba_c20800" xlink:to="label_eba_c20800" />
    <link:loc xlink:type="locator" xlink:href="c_21.00-rend.xml#eba_c20801" xlink:label="loc_eba_c20801" />
    <label:label xlink:type="resource" xlink:label="label_eba_c20801" xml:lang="en" xlink:role="http://www.xbrl.org/2008/role/label">Short</label:label>
    <gen:arc xlink:type="arc" xlink:arcrole="http://xbrl.org/arcrole/2008/element-label" xlink:from="loc_eba_c20801" xlink:to="label_eba_c20801" />
    <link:loc xlink:type="locator" xlink:href="c_21.00-rend.xml#eba_c20802" xlink:label="loc_eba_c20802" />
    <label:label xlink:type="resource" xlink:label="label_eba_c20802" xml:lang="en" xlink:role="http://www.xbrl.org/2008/role/label">Net positions</label:label>
    <gen:arc xlink:type="arc" xlink:arcrole="http://xbrl.org/arcrole/2008/element-label" xlink:from="loc_eba_c20802" xlink:to="label_eba_c20802" />
    <link:loc xlink:type="locator" xlink:href="c_21.00-rend.xml#eba_c20803" xlink:label="loc_eba_c20803" />
    <label:label xlink:type="resource" xlink:label="label_eba_c20803" xml:lang="en" xlink:role="http://www.xbrl.org/2008/role/label">Long</label:label>
    <gen:arc xlink:type="arc" xlink:arcrole="http://xbrl.org/arcrole/2008/element-label" xlink:from="loc_eba_c20803" xlink:to="label_eba_c20803" />
    <link:loc xlink:type="locator" xlink:href="c_21.00-rend.xml#eba_c20804" xlink:label="loc_eba_c20804" />
    <label:label xlink:type="resource" xlink:label="label_eba_c20804" xml:lang="en" xlink:role="http://www.xbrl.org/2008/role/label">Short</label:label>
    <gen:arc xlink:type="arc" xlink:arcrole="http://xbrl.org/arcrole/2008/element-label" xlink:from="loc_eba_c20804" xlink:to="label_eba_c20804" />
    <link:loc xlink:type="locator" xlink:href="c_21.00-rend.xml#eba_c20805" xlink:label="loc_eba_c20805" />
    <label:label xlink:type="resource" xlink:label="label_eba_c20805" xml:lang="en" xlink:role="http://www.xbrl.org/2008/role/label">Positions subject to capital charge</label:label>
    <gen:arc xlink:type="arc" xlink:arcrole="http://xbrl.org/arcrole/2008/element-label" xlink:from="loc_eba_c20805" xlink:to="label_eba_c20805" />
    <link:loc xlink:type="locator" xlink:href="c_21.00-rend.xml#eba_c20806" xlink:label="loc_eba_c20806" />
    <label:label xlink:type="resource" xlink:label="label_eba_c20806" xml:lang="en" xlink:role="http://www.xbrl.org/2008/role/label">Own funds requirements</label:label>
    <gen:arc xlink:type="arc" xlink:arcrole="http://xbrl.org/arcrole/2008/element-label" xlink:from="loc_eba_c20806" xlink:to="label_eba_c20806" />
    <link:loc xlink:type="locator" xlink:href="c_21.00-rend.xml#eba_c20807" xlink:label="loc_eba_c20807" />
    <label:label xlink:type="resource" xlink:label="label_eba_c20807" xml:lang="en" xlink:role="http://www.xbrl.org/2008/role/label">Total risk exposure amount</label:label>
    <gen:arc xlink:type="arc" xlink:arcrole="http://xbrl.org/arcrole/2008/element-label" xlink:from="loc_eba_c20807" xlink:to="label_eba_c20807" />
    <link:loc xlink:type="locator" xlink:href="c_21.00-rend.xml#eba_a2" xlink:label="loc_eba_a2" />
    <label:label xlink:type="resource" xlink:label="label_eba_a2" xml:lang="en" xlink:role="http://www.xbrl.org/2008/role/label">Rows</label:label>
    <gen:arc xlink:type="arc" xlink:arcrole="http://xbrl.org/arcrole/2008/element-label" xlink:from="loc_eba_a2" xlink:to="label_eba_a2" />
    <link:loc xlink:type="locator" xlink:href="c_21.00-rend.xml#eba_c20808" xlink:label="loc_eba_c20808" />
    <label:label xlink:type="resource" xlink:label="label_eba_c20808" xml:lang="en" xlink:role="http://www.xbrl.org/2008/role/label">EQUITIES IN TRADING BOOK</label:label>
    <gen:arc xlink:type="arc" xlink:arcrole="http://xbrl.org/arcrole/2008/element-label" xlink:from="loc_eba_c20808" xlink:to="label_eba_c20808" />
    <link:loc xlink:type="locator" xlink:href="c_21.00-rend.xml#eba_c20809" xlink:label="loc_eba_c20809" />
    <label:label xlink:type="resource" xlink:label="label_eba_c20809" xml:lang="en" xlink:role="http://www.xbrl.org/2008/role/label">General risk</label:label>
    <gen:arc xlink:type="arc" xlink:arcrole="http://xbrl.org/arcrole/2008/element-label" xlink:from="loc_eba_c20809" xlink:to="label_eba_c20809" />
    <label:label xlink:type="resource" xlink:label="label_eba_c20809_1" xml:lang="en" xlink:role="http://www.xbrl.org/2008/role/documentation">CRR 343
CRR 329 ¶1</label:label>
    <gen:arc xlink:type="arc" xlink:arcrole="http://xbrl.org/arcrole/2008/element-label" xlink:from="loc_eba_c20809" xlink:to="label_eba_c20809_1" />
    <link:loc xlink:type="locator" xlink:href="c_21.00-rend.xml#eba_c20810" xlink:label="loc_eba_c20810" />
    <label:label xlink:type="resource" xlink:label="label_eba_c20810" xml:lang="en" xlink:role="http://www.xbrl.org/2008/role/label">Derivatives</label:label>
    <gen:arc xlink:type="arc" xlink:arcrole="http://xbrl.org/arcrole/2008/element-label" xlink:from="loc_eba_c20810" xlink:to="label_eba_c20810" />
    <label:label xlink:type="resource" xlink:label="label_eba_c20810_1" xml:lang="en" xlink:role="http://www.xbrl.org/2008/role/documentation">CRR 329 ¶1
CRR 332</label:label>
    <gen:arc xlink:type="arc" xlink:arcrole="http://xbrl.org/arcrole/2008/element-label" xlink:from="loc_eba_c20810" xlink:to="label_eba_c20810_1" />
    <link:loc xlink:type="locator" xlink:href="c_21.00-rend.xml#eba_c20811" xlink:label="loc_eba_c20811" />
    <label:label xlink:type="resource" xlink:label="label_eba_c20811" xml:lang="en" xlink:role="http://www.xbrl.org/2008/role/label">Other assets and liabilities</label:label>
    <gen:arc xlink:type="arc" xlink:arcrole="http://xbrl.org/arcrole/2008/element-label" xlink:from="loc_eba_c20811" xlink:to="label_eba_c20811" />
    <link:loc xlink:type="locator" xlink:href="c_21.00-rend.xml#eba_c20812" xlink:label="loc_eba_c20812" />
    <label:label xlink:type="resource" xlink:label="label_eba_c20812" xml:lang="en" xlink:role="http://www.xbrl.org/2008/role/label">Exchange traded stock-index futures broadly diversified subject to particular approach</label:label>
    <gen:arc xlink:type="arc" xlink:arcrole="http://xbrl.org/arcrole/2008/element-label" xlink:from="loc_eba_c20812" xlink:to="label_eba_c20812" />
    <label:label xlink:type="resource" xlink:label="label_eba_c20812_1" xml:lang="en" xlink:role="http://www.xbrl.org/2008/role/documentation">CRR 344 ¶1
CRR 345 ¶4
CRR 329 ¶1</label:label>
    <gen:arc xlink:type="arc" xlink:arcrole="http://xbrl.org/arcrole/2008/element-label" xlink:from="loc_eba_c20812" xlink:to="label_eba_c20812_1" />
    <link:loc xlink:type="locator" xlink:href="c_21.00-rend.xml#eba_c20813" xlink:label="loc_eba_c20813" />
    <label:label xlink:type="resource" xlink:label="label_eba_c20813" xml:lang="en" xlink:role="http://www.xbrl.org/2008/role/label">Other equities than exchange traded stock-index futures broadly diversified</label:label>
    <gen:arc xlink:type="arc" xlink:arcrole="http://xbrl.org/arcrole/2008/element-label" xlink:from="loc_eba_c20813" xlink:to="label_eba_c20813" />
    <label:label xlink:type="resource" xlink:label="label_eba_c20813_1" xml:lang="en" xlink:role="http://www.xbrl.org/2008/role/documentation">CRR 343
CRR 344 ¶3
CRR 329 ¶1</label:label>
    <gen:arc xlink:type="arc" xlink:arcrole="http://xbrl.org/arcrole/2008/element-label" xlink:from="loc_eba_c20813" xlink:to="label_eba_c20813_1" />
    <link:loc xlink:type="locator" xlink:href="c_21.00-rend.xml#eba_c20814" xlink:label="loc_eba_c20814" />
    <label:label xlink:type="resource" xlink:label="label_eba_c20814" xml:lang="en" xlink:role="http://www.xbrl.org/2008/role/label">Specific risk</label:label>
    <gen:arc xlink:type="arc" xlink:arcrole="http://xbrl.org/arcrole/2008/element-label" xlink:from="loc_eba_c20814" xlink:to="label_eba_c20814" />
    <label:label xlink:type="resource" xlink:label="label_eba_c20814_1" xml:lang="en" xlink:role="http://www.xbrl.org/2008/role/documentation">CRR 342
CRR 329 ¶1</label:label>
    <gen:arc xlink:type="arc" xlink:arcrole="http://xbrl.org/arcrole/2008/element-label" xlink:from="loc_eba_c20814" xlink:to="label_eba_c20814_1" />
    <link:loc xlink:type="locator" xlink:href="c_21.00-rend.xml#eba_c20815" xlink:label="loc_eba_c20815" />
    <label:label xlink:type="resource" xlink:label="label_eba_c20815" xml:lang="en" xlink:role="http://www.xbrl.org/2008/role/label">Particular Approach for position risk in CIUs</label:label>
    <gen:arc xlink:type="arc" xlink:arcrole="http://xbrl.org/arcrole/2008/element-label" xlink:from="loc_eba_c20815" xlink:to="label_eba_c20815" />
    <label:label xlink:type="resource" xlink:label="label_eba_c20815_1" xml:lang="en" xlink:role="http://www.xbrl.org/2008/role/documentation">CRR 348</label:label>
    <gen:arc xlink:type="arc" xlink:arcrole="http://xbrl.org/arcrole/2008/element-label" xlink:from="loc_eba_c20815" xlink:to="label_eba_c20815_1" />
    <link:loc xlink:type="locator" xlink:href="c_21.00-rend.xml#eba_c20816" xlink:label="loc_eba_c20816" />
    <label:label xlink:type="resource" xlink:label="label_eba_c20816" xml:lang="en" xlink:role="http://www.xbrl.org/2008/role/label">Other non-delta risks for options</label:label>
    <gen:arc xlink:type="arc" xlink:arcrole="http://xbrl.org/arcrole/2008/element-label" xlink:from="loc_eba_c20816" xlink:to="label_eba_c20816" />
    <label:label xlink:type="resource" xlink:label="label_eba_c20816_1" xml:lang="en" xlink:role="http://www.xbrl.org/2008/role/documentation">CRR 329 ¶2
CRR 329 ¶3</label:label>
    <gen:arc xlink:type="arc" xlink:arcrole="http://xbrl.org/arcrole/2008/element-label" xlink:from="loc_eba_c20816" xlink:to="label_eba_c20816_1" />
    <link:loc xlink:type="locator" xlink:href="c_21.00-rend.xml#eba_c20817" xlink:label="loc_eba_c20817" />
    <label:label xlink:type="resource" xlink:label="label_eba_c20817" xml:lang="en" xlink:role="http://www.xbrl.org/2008/role/label">Simplified method</label:label>
    <gen:arc xlink:type="arc" xlink:arcrole="http://xbrl.org/arcrole/2008/element-label" xlink:from="loc_eba_c20817" xlink:to="label_eba_c20817" />
    <label:label xlink:type="resource" xlink:label="label_eba_c20817_1" xml:lang="en" xlink:role="http://www.xbrl.org/2008/role/documentation">CRR 329 ¶2
CRR 329 ¶3</label:label>
    <gen:arc xlink:type="arc" xlink:arcrole="http://xbrl.org/arcrole/2008/element-label" xlink:from="loc_eba_c20817" xlink:to="label_eba_c20817_1" />
    <link:loc xlink:type="locator" xlink:href="c_21.00-rend.xml#eba_c20818" xlink:label="loc_eba_c20818" />
    <label:label xlink:type="resource" xlink:label="label_eba_c20818" xml:lang="en" xlink:role="http://www.xbrl.org/2008/role/label">Delta plus approach - additional requirements for gamma risk</label:label>
    <gen:arc xlink:type="arc" xlink:arcrole="http://xbrl.org/arcrole/2008/element-label" xlink:from="loc_eba_c20818" xlink:to="label_eba_c20818" />
    <label:label xlink:type="resource" xlink:label="label_eba_c20818_1" xml:lang="en" xlink:role="http://www.xbrl.org/2008/role/documentation">CRR 329 ¶2
CRR 329 ¶3</label:label>
    <gen:arc xlink:type="arc" xlink:arcrole="http://xbrl.org/arcrole/2008/element-label" xlink:from="loc_eba_c20818" xlink:to="label_eba_c20818_1" />
    <link:loc xlink:type="locator" xlink:href="c_21.00-rend.xml#eba_c20819" xlink:label="loc_eba_c20819" />
    <label:label xlink:type="resource" xlink:label="label_eba_c20819" xml:lang="en" xlink:role="http://www.xbrl.org/2008/role/label">Delta plus approach - additional requirements for vega risk</label:label>
    <gen:arc xlink:type="arc" xlink:arcrole="http://xbrl.org/arcrole/2008/element-label" xlink:from="loc_eba_c20819" xlink:to="label_eba_c20819" />
    <label:label xlink:type="resource" xlink:label="label_eba_c20819_1" xml:lang="en" xlink:role="http://www.xbrl.org/2008/role/documentation">CRR 329 ¶2
CRR 329 ¶3</label:label>
    <gen:arc xlink:type="arc" xlink:arcrole="http://xbrl.org/arcrole/2008/element-label" xlink:from="loc_eba_c20819" xlink:to="label_eba_c20819_1" />
    <link:loc xlink:type="locator" xlink:href="c_21.00-rend.xml#eba_c20820" xlink:label="loc_eba_c20820" />
    <label:label xlink:type="resource" xlink:label="label_eba_c20820" xml:lang="en" xlink:role="http://www.xbrl.org/2008/role/label">Scenario matrix approach</label:label>
    <gen:arc xlink:type="arc" xlink:arcrole="http://xbrl.org/arcrole/2008/element-label" xlink:from="loc_eba_c20820" xlink:to="label_eba_c20820" />
    <label:label xlink:type="resource" xlink:label="label_eba_c20820_1" xml:lang="en" xlink:role="http://www.xbrl.org/2008/role/documentation">CRR 329 ¶2
CRR 329 ¶3</label:label>
    <gen:arc xlink:type="arc" xlink:arcrole="http://xbrl.org/arcrole/2008/element-label" xlink:from="loc_eba_c20820" xlink:to="label_eba_c20820_1" />
    <link:loc xlink:type="locator" xlink:href="c_21.00-rend.xml#eba_a3" xlink:label="loc_eba_a3" />
    <label:label xlink:type="resource" xlink:label="label_eba_a3" xml:lang="en" xlink:role="http://www.xbrl.org/2008/role/label">Sheets</label:label>
    <gen:arc xlink:type="arc" xlink:arcrole="http://xbrl.org/arcrole/2008/element-label" xlink:from="loc_eba_a3" xlink:to="label_eba_a3" />
    <link:loc xlink:type="locator" xlink:href="c_21.00-rend.xml#eba_c20821" xlink:label="loc_eba_c20821" />
    <label:label xlink:type="resource" xlink:label="label_eba_c20821" xml:lang="en" xlink:role="http://www.xbrl.org/2008/role/label">Total</label:label>
    <gen:arc xlink:type="arc" xlink:arcrole="http://xbrl.org/arcrole/2008/element-label" xlink:from="loc_eba_c20821" xlink:to="label_eba_c20821" />
    <link:loc xlink:type="locator" xlink:href="c_21.00-rend.xml#eba_c20822" xlink:label="loc_eba_c20822" />
    <label:label xlink:type="resource" xlink:label="label_eba_c20822" xml:lang="en" xlink:role="http://www.xbrl.org/2008/role/label">Austria</label:label>
    <gen:arc xlink:type="arc" xlink:arcrole="http://xbrl.org/arcrole/2008/element-label" xlink:from="loc_eba_c20822" xlink:to="label_eba_c20822" />
    <link:loc xlink:type="locator" xlink:href="c_21.00-rend.xml#eba_c20823" xlink:label="loc_eba_c20823" />
    <label:label xlink:type="resource" xlink:label="label_eba_c20823" xml:lang="en" xlink:role="http://www.xbrl.org/2008/role/label">Belgium</label:label>
    <gen:arc xlink:type="arc" xlink:arcrole="http://xbrl.org/arcrole/2008/element-label" xlink:from="loc_eba_c20823" xlink:to="label_eba_c20823" />
    <link:loc xlink:type="locator" xlink:href="c_21.00-rend.xml#eba_c20824" xlink:label="loc_eba_c20824" />
    <label:label xlink:type="resource" xlink:label="label_eba_c20824" xml:lang="en" xlink:role="http://www.xbrl.org/2008/role/label">Bulgaria</label:label>
    <gen:arc xlink:type="arc" xlink:arcrole="http://xbrl.org/arcrole/2008/element-label" xlink:from="loc_eba_c20824" xlink:to="label_eba_c20824" />
    <link:loc xlink:type="locator" xlink:href="c_21.00-rend.xml#eba_c20825" xlink:label="loc_eba_c20825" />
    <label:label xlink:type="resource" xlink:label="label_eba_c20825" xml:lang="en" xlink:role="http://www.xbrl.org/2008/role/label">Cyprus</label:label>
    <gen:arc xlink:type="arc" xlink:arcrole="http://xbrl.org/arcrole/2008/element-label" xlink:from="loc_eba_c20825" xlink:to="label_eba_c20825" />
    <link:loc xlink:type="locator" xlink:href="c_21.00-rend.xml#eba_c20826" xlink:label="loc_eba_c20826" />
    <label:label xlink:type="resource" xlink:label="label_eba_c20826" xml:lang="en" xlink:role="http://www.xbrl.org/2008/role/label">Czech Republic</label:label>
    <gen:arc xlink:type="arc" xlink:arcrole="http://xbrl.org/arcrole/2008/element-label" xlink:from="loc_eba_c20826" xlink:to="label_eba_c20826" />
    <link:loc xlink:type="locator" xlink:href="c_21.00-rend.xml#eba_c20827" xlink:label="loc_eba_c20827" />
    <label:label xlink:type="resource" xlink:label="label_eba_c20827" xml:lang="en" xlink:role="http://www.xbrl.org/2008/role/label">Denmark</label:label>
    <gen:arc xlink:type="arc" xlink:arcrole="http://xbrl.org/arcrole/2008/element-label" xlink:from="loc_eba_c20827" xlink:to="label_eba_c20827" />
    <link:loc xlink:type="locator" xlink:href="c_21.00-rend.xml#eba_c20828" xlink:label="loc_eba_c20828" />
    <label:label xlink:type="resource" xlink:label="label_eba_c20828" xml:lang="en" xlink:role="http://www.xbrl.org/2008/role/label">Estonia</label:label>
    <gen:arc xlink:type="arc" xlink:arcrole="http://xbrl.org/arcrole/2008/element-label" xlink:from="loc_eba_c20828" xlink:to="label_eba_c20828" />
    <link:loc xlink:type="locator" xlink:href="c_21.00-rend.xml#eba_c20829" xlink:label="loc_eba_c20829" />
    <label:label xlink:type="resource" xlink:label="label_eba_c20829" xml:lang="en" xlink:role="http://www.xbrl.org/2008/role/label">Finland</label:label>
    <gen:arc xlink:type="arc" xlink:arcrole="http://xbrl.org/arcrole/2008/element-label" xlink:from="loc_eba_c20829" xlink:to="label_eba_c20829" />
    <link:loc xlink:type="locator" xlink:href="c_21.00-rend.xml#eba_c20830" xlink:label="loc_eba_c20830" />
    <label:label xlink:type="resource" xlink:label="label_eba_c20830" xml:lang="en" xlink:role="http://www.xbrl.org/2008/role/label">France</label:label>
    <gen:arc xlink:type="arc" xlink:arcrole="http://xbrl.org/arcrole/2008/element-label" xlink:from="loc_eba_c20830" xlink:to="label_eba_c20830" />
    <link:loc xlink:type="locator" xlink:href="c_21.00-rend.xml#eba_c20831" xlink:label="loc_eba_c20831" />
    <label:label xlink:type="resource" xlink:label="label_eba_c20831" xml:lang="en" xlink:role="http://www.xbrl.org/2008/role/label">Germany</label:label>
    <gen:arc xlink:type="arc" xlink:arcrole="http://xbrl.org/arcrole/2008/element-label" xlink:from="loc_eba_c20831" xlink:to="label_eba_c20831" />
    <link:loc xlink:type="locator" xlink:href="c_21.00-rend.xml#eba_c20832" xlink:label="loc_eba_c20832" />
    <label:label xlink:type="resource" xlink:label="label_eba_c20832" xml:lang="en" xlink:role="http://www.xbrl.org/2008/role/label">Greece</label:label>
    <gen:arc xlink:type="arc" xlink:arcrole="http://xbrl.org/arcrole/2008/element-label" xlink:from="loc_eba_c20832" xlink:to="label_eba_c20832" />
    <link:loc xlink:type="locator" xlink:href="c_21.00-rend.xml#eba_c20833" xlink:label="loc_eba_c20833" />
    <label:label xlink:type="resource" xlink:label="label_eba_c20833" xml:lang="en" xlink:role="http://www.xbrl.org/2008/role/label">Hungary</label:label>
    <gen:arc xlink:type="arc" xlink:arcrole="http://xbrl.org/arcrole/2008/element-label" xlink:from="loc_eba_c20833" xlink:to="label_eba_c20833" />
    <link:loc xlink:type="locator" xlink:href="c_21.00-rend.xml#eba_c20834" xlink:label="loc_eba_c20834" />
    <label:label xlink:type="resource" xlink:label="label_eba_c20834" xml:lang="en" xlink:role="http://www.xbrl.org/2008/role/label">Ireland</label:label>
    <gen:arc xlink:type="arc" xlink:arcrole="http://xbrl.org/arcrole/2008/element-label" xlink:from="loc_eba_c20834" xlink:to="label_eba_c20834" />
    <link:loc xlink:type="locator" xlink:href="c_21.00-rend.xml#eba_c20835" xlink:label="loc_eba_c20835" />
    <label:label xlink:type="resource" xlink:label="label_eba_c20835" xml:lang="en" xlink:role="http://www.xbrl.org/2008/role/label">Italy</label:label>
    <gen:arc xlink:type="arc" xlink:arcrole="http://xbrl.org/arcrole/2008/element-label" xlink:from="loc_eba_c20835" xlink:to="label_eba_c20835" />
    <link:loc xlink:type="locator" xlink:href="c_21.00-rend.xml#eba_c20836" xlink:label="loc_eba_c20836" />
    <label:label xlink:type="resource" xlink:label="label_eba_c20836" xml:lang="en" xlink:role="http://www.xbrl.org/2008/role/label">Latvia</label:label>
    <gen:arc xlink:type="arc" xlink:arcrole="http://xbrl.org/arcrole/2008/element-label" xlink:from="loc_eba_c20836" xlink:to="label_eba_c20836" />
    <link:loc xlink:type="locator" xlink:href="c_21.00-rend.xml#eba_c20837" xlink:label="loc_eba_c20837" />
    <label:label xlink:type="resource" xlink:label="label_eba_c20837" xml:lang="en" xlink:role="http://www.xbrl.org/2008/role/label">Lithuania</label:label>
    <gen:arc xlink:type="arc" xlink:arcrole="http://xbrl.org/arcrole/2008/element-label" xlink:from="loc_eba_c20837" xlink:to="label_eba_c20837" />
    <link:loc xlink:type="locator" xlink:href="c_21.00-rend.xml#eba_c20838" xlink:label="loc_eba_c20838" />
    <label:label xlink:type="resource" xlink:label="label_eba_c20838" xml:lang="en" xlink:role="http://www.xbrl.org/2008/role/label">Luxembourg</label:label>
    <gen:arc xlink:type="arc" xlink:arcrole="http://xbrl.org/arcrole/2008/element-label" xlink:from="loc_eba_c20838" xlink:to="label_eba_c20838" />
    <link:loc xlink:type="locator" xlink:href="c_21.00-rend.xml#eba_c20839" xlink:label="loc_eba_c20839" />
    <label:label xlink:type="resource" xlink:label="label_eba_c20839" xml:lang="en" xlink:role="http://www.xbrl.org/2008/role/label">Malta</label:label>
    <gen:arc xlink:type="arc" xlink:arcrole="http://xbrl.org/arcrole/2008/element-label" xlink:from="loc_eba_c20839" xlink:to="label_eba_c20839" />
    <link:loc xlink:type="locator" xlink:href="c_21.00-rend.xml#eba_c20840" xlink:label="loc_eba_c20840" />
    <label:label xlink:type="resource" xlink:label="label_eba_c20840" xml:lang="en" xlink:role="http://www.xbrl.org/2008/role/label">Netherlands</label:label>
    <gen:arc xlink:type="arc" xlink:arcrole="http://xbrl.org/arcrole/2008/element-label" xlink:from="loc_eba_c20840" xlink:to="label_eba_c20840" />
    <link:loc xlink:type="locator" xlink:href="c_21.00-rend.xml#eba_c20841" xlink:label="loc_eba_c20841" />
    <label:label xlink:type="resource" xlink:label="label_eba_c20841" xml:lang="en" xlink:role="http://www.xbrl.org/2008/role/label">Poland</label:label>
    <gen:arc xlink:type="arc" xlink:arcrole="http://xbrl.org/arcrole/2008/element-label" xlink:from="loc_eba_c20841" xlink:to="label_eba_c20841" />
    <link:loc xlink:type="locator" xlink:href="c_21.00-rend.xml#eba_c20842" xlink:label="loc_eba_c20842" />
    <label:label xlink:type="resource" xlink:label="label_eba_c20842" xml:lang="en" xlink:role="http://www.xbrl.org/2008/role/label">Portugal</label:label>
    <gen:arc xlink:type="arc" xlink:arcrole="http://xbrl.org/arcrole/2008/element-label" xlink:from="loc_eba_c20842" xlink:to="label_eba_c20842" />
    <link:loc xlink:type="locator" xlink:href="c_21.00-rend.xml#eba_c20843" xlink:label="loc_eba_c20843" />
    <label:label xlink:type="resource" xlink:label="label_eba_c20843" xml:lang="en" xlink:role="http://www.xbrl.org/2008/role/label">Romania</label:label>
    <gen:arc xlink:type="arc" xlink:arcrole="http://xbrl.org/arcrole/2008/element-label" xlink:from="loc_eba_c20843" xlink:to="label_eba_c20843" />
    <link:loc xlink:type="locator" xlink:href="c_21.00-rend.xml#eba_c20844" xlink:label="loc_eba_c20844" />
    <label:label xlink:type="resource" xlink:label="label_eba_c20844" xml:lang="en" xlink:role="http://www.xbrl.org/2008/role/label">Slovakia</label:label>
    <gen:arc xlink:type="arc" xlink:arcrole="http://xbrl.org/arcrole/2008/element-label" xlink:from="loc_eba_c20844" xlink:to="label_eba_c20844" />
    <link:loc xlink:type="locator" xlink:href="c_21.00-rend.xml#eba_c20845" xlink:label="loc_eba_c20845" />
    <label:label xlink:type="resource" xlink:label="label_eba_c20845" xml:lang="en" xlink:role="http://www.xbrl.org/2008/role/label">Slovenia</label:label>
    <gen:arc xlink:type="arc" xlink:arcrole="http://xbrl.org/arcrole/2008/element-label" xlink:from="loc_eba_c20845" xlink:to="label_eba_c20845" />
    <link:loc xlink:type="locator" xlink:href="c_21.00-rend.xml#eba_c20846" xlink:label="loc_eba_c20846" />
    <label:label xlink:type="resource" xlink:label="label_eba_c20846" xml:lang="en" xlink:role="http://www.xbrl.org/2008/role/label">Spain</label:label>
    <gen:arc xlink:type="arc" xlink:arcrole="http://xbrl.org/arcrole/2008/element-label" xlink:from="loc_eba_c20846" xlink:to="label_eba_c20846" />
    <link:loc xlink:type="locator" xlink:href="c_21.00-rend.xml#eba_c20847" xlink:label="loc_eba_c20847" />
    <label:label xlink:type="resource" xlink:label="label_eba_c20847" xml:lang="en" xlink:role="http://www.xbrl.org/2008/role/label">Sweden</label:label>
    <gen:arc xlink:type="arc" xlink:arcrole="http://xbrl.org/arcrole/2008/element-label" xlink:from="loc_eba_c20847" xlink:to="label_eba_c20847" />
    <link:loc xlink:type="locator" xlink:href="c_21.00-rend.xml#eba_c20848" xlink:label="loc_eba_c20848" />
    <label:label xlink:type="resource" xlink:label="label_eba_c20848" xml:lang="en" xlink:role="http://www.xbrl.org/2008/role/label">United Kingdom</label:label>
    <gen:arc xlink:type="arc" xlink:arcrole="http://xbrl.org/arcrole/2008/element-label" xlink:from="loc_eba_c20848" xlink:to="label_eba_c20848" />
    <link:loc xlink:type="locator" xlink:href="c_21.00-rend.xml#eba_c20849" xlink:label="loc_eba_c20849" />
    <label:label xlink:type="resource" xlink:label="label_eba_c20849" xml:lang="en" xlink:role="http://www.xbrl.org/2008/role/label">Albania</label:label>
    <gen:arc xlink:type="arc" xlink:arcrole="http://xbrl.org/arcrole/2008/element-label" xlink:from="loc_eba_c20849" xlink:to="label_eba_c20849" />
    <link:loc xlink:type="locator" xlink:href="c_21.00-rend.xml#eba_c20850" xlink:label="loc_eba_c20850" />
    <label:label xlink:type="resource" xlink:label="label_eba_c20850" xml:lang="en" xlink:role="http://www.xbrl.org/2008/role/label">Japan</label:label>
    <gen:arc xlink:type="arc" xlink:arcrole="http://xbrl.org/arcrole/2008/element-label" xlink:from="loc_eba_c20850" xlink:to="label_eba_c20850" />
    <link:loc xlink:type="locator" xlink:href="c_21.00-rend.xml#eba_c20851" xlink:label="loc_eba_c20851" />
    <label:label xlink:type="resource" xlink:label="label_eba_c20851" xml:lang="en" xlink:role="http://www.xbrl.org/2008/role/label">Macedonia</label:label>
    <gen:arc xlink:type="arc" xlink:arcrole="http://xbrl.org/arcrole/2008/element-label" xlink:from="loc_eba_c20851" xlink:to="label_eba_c20851" />
    <link:loc xlink:type="locator" xlink:href="c_21.00-rend.xml#eba_c20852" xlink:label="loc_eba_c20852" />
    <label:label xlink:type="resource" xlink:label="label_eba_c20852" xml:lang="en" xlink:role="http://www.xbrl.org/2008/role/label">Russian Federation</label:label>
    <gen:arc xlink:type="arc" xlink:arcrole="http://xbrl.org/arcrole/2008/element-label" xlink:from="loc_eba_c20852" xlink:to="label_eba_c20852" />
    <link:loc xlink:type="locator" xlink:href="c_21.00-rend.xml#eba_c20853" xlink:label="loc_eba_c20853" />
    <label:label xlink:type="resource" xlink:label="label_eba_c20853" xml:lang="en" xlink:role="http://www.xbrl.org/2008/role/label">Serbia</label:label>
    <gen:arc xlink:type="arc" xlink:arcrole="http://xbrl.org/arcrole/2008/element-label" xlink:from="loc_eba_c20853" xlink:to="label_eba_c20853" />
    <link:loc xlink:type="locator" xlink:href="c_21.00-rend.xml#eba_c20854" xlink:label="loc_eba_c20854" />
    <label:label xlink:type="resource" xlink:label="label_eba_c20854" xml:lang="en" xlink:role="http://www.xbrl.org/2008/role/label">Switzerland</label:label>
    <gen:arc xlink:type="arc" xlink:arcrole="http://xbrl.org/arcrole/2008/element-label" xlink:from="loc_eba_c20854" xlink:to="label_eba_c20854" />
    <link:loc xlink:type="locator" xlink:href="c_21.00-rend.xml#eba_c20855" xlink:label="loc_eba_c20855" />
    <label:label xlink:type="resource" xlink:label="label_eba_c20855" xml:lang="en" xlink:role="http://www.xbrl.org/2008/role/label">Turkey</label:label>
    <gen:arc xlink:type="arc" xlink:arcrole="http://xbrl.org/arcrole/2008/element-label" xlink:from="loc_eba_c20855" xlink:to="label_eba_c20855" />
    <link:loc xlink:type="locator" xlink:href="c_21.00-rend.xml#eba_c20856" xlink:label="loc_eba_c20856" />
    <label:label xlink:type="resource" xlink:label="label_eba_c20856" xml:lang="en" xlink:role="http://www.xbrl.org/2008/role/label">Ukraine</label:label>
    <gen:arc xlink:type="arc" xlink:arcrole="http://xbrl.org/arcrole/2008/element-label" xlink:from="loc_eba_c20856" xlink:to="label_eba_c20856" />
    <link:loc xlink:type="locator" xlink:href="c_21.00-rend.xml#eba_c20857" xlink:label="loc_eba_c20857" />
    <label:label xlink:type="resource" xlink:label="label_eba_c20857" xml:lang="en" xlink:role="http://www.xbrl.org/2008/role/label">USA</label:label>
    <gen:arc xlink:type="arc" xlink:arcrole="http://xbrl.org/arcrole/2008/element-label" xlink:from="loc_eba_c20857" xlink:to="label_eba_c20857" />
    <link:loc xlink:type="locator" xlink:href="c_21.00-rend.xml#eba_c20858" xlink:label="loc_eba_c20858" />
    <label:label xlink:type="resource" xlink:label="label_eba_c20858" xml:lang="en" xlink:role="http://www.xbrl.org/2008/role/label">Norway</label:label>
    <gen:arc xlink:type="arc" xlink:arcrole="http://xbrl.org/arcrole/2008/element-label" xlink:from="loc_eba_c20858" xlink:to="label_eba_c20858" />
    <link:loc xlink:type="locator" xlink:href="c_21.00-rend.xml#eba_c20859" xlink:label="loc_eba_c20859" />
    <label:label xlink:type="resource" xlink:label="label_eba_c20859" xml:lang="en" xlink:role="http://www.xbrl.org/2008/role/label">Egypt</label:label>
    <gen:arc xlink:type="arc" xlink:arcrole="http://xbrl.org/arcrole/2008/element-label" xlink:from="loc_eba_c20859" xlink:to="label_eba_c20859" />
    <link:loc xlink:type="locator" xlink:href="c_21.00-rend.xml#eba_c20860" xlink:label="loc_eba_c20860" />
    <label:label xlink:type="resource" xlink:label="label_eba_c20860" xml:lang="en" xlink:role="http://www.xbrl.org/2008/role/label">Iceland</label:label>
    <gen:arc xlink:type="arc" xlink:arcrole="http://xbrl.org/arcrole/2008/element-label" xlink:from="loc_eba_c20860" xlink:to="label_eba_c20860" />
    <link:loc xlink:type="locator" xlink:href="c_21.00-rend.xml#eba_c20861" xlink:label="loc_eba_c20861" />
    <label:label xlink:type="resource" xlink:label="label_eba_c20861" xml:lang="en" xlink:role="http://www.xbrl.org/2008/role/label">Liechtenstein</label:label>
    <gen:arc xlink:type="arc" xlink:arcrole="http://xbrl.org/arcrole/2008/element-label" xlink:from="loc_eba_c20861" xlink:to="label_eba_c20861" />
    <link:loc xlink:type="locator" xlink:href="c_21.00-rend.xml#eba_c20862" xlink:label="loc_eba_c20862" />
    <label:label xlink:type="resource" xlink:label="label_eba_c20862" xml:lang="en" xlink:role="http://www.xbrl.org/2008/role/label">Other</label:label>
    <gen:arc xlink:type="arc" xlink:arcrole="http://xbrl.org/arcrole/2008/element-label" xlink:from="loc_eba_c20862" xlink:to="label_eba_c20862" />
  </gen:link>
</link:linkbase>