﻿<?xml version="1.0" encoding="utf-8"?>
<?taxonomy-version 2.0.0?>
<!--(C) EBA-->
<link:linkbase xmlns:xsi="http://www.w3.org/2001/XMLSchema-instance" xmlns:xlink="http://www.w3.org/1999/xlink" xmlns:link="http://www.xbrl.org/2003/linkbase" xmlns:gen="http://xbrl.org/2008/generic" xmlns:label="http://xbrl.org/2008/label" xsi:schemaLocation="http://www.xbrl.org/2003/linkbase http://www.xbrl.org/2003/xbrl-linkbase-2003-12-31.xsd http://xbrl.org/2008/generic http://www.xbrl.org/2008/generic-link.xsd http://xbrl.org/2008/label http://www.xbrl.org/2008/generic-label.xsd">
  <link:arcroleRef arcroleURI="http://xbrl.org/arcrole/2008/element-label" xlink:type="simple" xlink:href="http://www.xbrl.org/2008/generic-label.xsd#element-label" />
  <link:roleRef roleURI="http://www.xbrl.org/2008/role/label" xlink:type="simple" xlink:href="http://www.xbrl.org/2008/generic-label.xsd#standard-label" />
  <link:roleRef roleURI="http://www.xbrl.org/2008/role/verboseLabel" xlink:type="simple" xlink:href="http://www.xbrl.org/2008/generic-label.xsd#verbose-label" />
  <gen:link xlink:type="extended" xlink:role="http://www.xbrl.org/2003/role/link">
    <link:loc xlink:type="locator" xlink:href="hier.xsd#eba_RP1" xlink:label="loc_eba_RP1" />
    <label:label xlink:type="resource" xlink:label="label_eba_RP1" xml:lang="en" xlink:role="http://www.xbrl.org/2008/role/label">Hierarchy for related parties</label:label>
    <gen:arc xlink:type="arc" xlink:arcrole="http://xbrl.org/arcrole/2008/element-label" xlink:from="loc_eba_RP1" xlink:to="label_eba_RP1" />
    <label:label xlink:type="resource" xlink:label="label_eba_RP1_1" xml:lang="en" xlink:role="http://www.xbrl.org/2008/role/verboseLabel">Especially used for own funds items. Different treatments are connected with the fact whether the counterpart is an entity of the financial sector or not.</label:label>
    <gen:arc xlink:type="arc" xlink:arcrole="http://xbrl.org/arcrole/2008/element-label" xlink:from="loc_eba_RP1" xlink:to="label_eba_RP1_1" />
    <link:loc xlink:type="locator" xlink:href="hier.xsd#eba_RP61" xlink:label="loc_eba_RP61" />
    <label:label xlink:type="resource" xlink:label="label_eba_RP61" xml:lang="en" xlink:role="http://www.xbrl.org/2008/role/label">Breakdown of All related parties/All relationships</label:label>
    <gen:arc xlink:type="arc" xlink:arcrole="http://xbrl.org/arcrole/2008/element-label" xlink:from="loc_eba_RP61" xlink:to="label_eba_RP61" />
    <label:label xlink:type="resource" xlink:label="label_eba_RP61_1" xml:lang="en" xlink:role="http://www.xbrl.org/2008/role/verboseLabel">Breakdown of All related parties/All relationships</label:label>
    <gen:arc xlink:type="arc" xlink:arcrole="http://xbrl.org/arcrole/2008/element-label" xlink:from="loc_eba_RP61" xlink:to="label_eba_RP61_1" />
    <link:loc xlink:type="locator" xlink:href="hier.xsd#eba_RP2" xlink:label="loc_eba_RP2" />
    <label:label xlink:type="resource" xlink:label="label_eba_RP2" xml:lang="en" xlink:role="http://www.xbrl.org/2008/role/label">Options for "Group structure"</label:label>
    <gen:arc xlink:type="arc" xlink:arcrole="http://xbrl.org/arcrole/2008/element-label" xlink:from="loc_eba_RP2" xlink:to="label_eba_RP2" />
    <label:label xlink:type="resource" xlink:label="label_eba_RP2_1" xml:lang="en" xlink:role="http://www.xbrl.org/2008/role/verboseLabel" />
    <gen:arc xlink:type="arc" xlink:arcrole="http://xbrl.org/arcrole/2008/element-label" xlink:from="loc_eba_RP2" xlink:to="label_eba_RP2_1" />
  </gen:link>
</link:linkbase>