﻿<?xml version="1.0" encoding="utf-8"?>
<?taxonomy-version 2.0.0?>
<!--(C) EBA-->
<link:linkbase xmlns:xsi="http://www.w3.org/2001/XMLSchema-instance" xmlns:xlink="http://www.w3.org/1999/xlink" xmlns:link="http://www.xbrl.org/2003/linkbase" xmlns:gen="http://xbrl.org/2008/generic" xmlns:label="http://xbrl.org/2008/label" xmlns:formula="http://xbrl.org/2008/formula" xmlns:df="http://xbrl.org/2008/filter/dimension" xmlns:table="http://xbrl.org/PWD/2013-05-17/table" xmlns:model="http://www.eurofiling.info/xbrl/ext/model" xmlns:eba_dim="http://www.eba.europa.eu/xbrl/crr/dict/dim" xmlns:eba_PL="http://www.eba.europa.eu/xbrl/crr/dict/dom/PL" xmlns:eba_met="http://www.eba.europa.eu/xbrl/crr/dict/met" xmlns:eba_BA="http://www.eba.europa.eu/xbrl/crr/dict/dom/BA" xmlns:eba_MC="http://www.eba.europa.eu/xbrl/crr/dict/dom/MC" xmlns:eba_IM="http://www.eba.europa.eu/xbrl/crr/dict/dom/IM" xmlns:eba_AP="http://www.eba.europa.eu/xbrl/crr/dict/dom/AP" xmlns:eba_TR="http://www.eba.europa.eu/xbrl/crr/dict/dom/TR" xmlns:eba_CT="http://www.eba.europa.eu/xbrl/crr/dict/dom/CT" xmlns:eba_EC="http://www.eba.europa.eu/xbrl/crr/dict/dom/EC" xmlns:eba_CP="http://www.eba.europa.eu/xbrl/crr/dict/dom/CP" xmlns:eba_GA="http://www.eba.europa.eu/xbrl/crr/dict/dom/GA" xsi:schemaLocation="http://www.xbrl.org/2003/linkbase http://www.xbrl.org/2003/xbrl-linkbase-2003-12-31.xsd http://xbrl.org/2008/generic http://www.xbrl.org/2008/generic-link.xsd http://xbrl.org/2008/label http://www.xbrl.org/2008/generic-label.xsd http://xbrl.org/2008/formula http://www.xbrl.org/2008/formula.xsd http://xbrl.org/2008/filter/dimension http://www.xbrl.org/2008/dimension-filter.xsd http://xbrl.org/PWD/2013-05-17/table http://www.xbrl.org/PWD/2013-05-17/table.xsd http://www.eurofiling.info/xbrl/ext/model http://www.eurofiling.info/eu/fr/xbrl/ext/model.xsd">
  <link:arcroleRef arcroleURI="http://xbrl.org/arcrole/PWD/2013-05-17/aspect-node-filter" xlink:type="simple" xlink:href="http://www.xbrl.org/PWD/2013-05-17/table.xsd#aspect-node-filter" />
  <link:arcroleRef arcroleURI="http://xbrl.org/arcrole/PWD/2013-05-17/breakdown-tree" xlink:type="simple" xlink:href="http://www.xbrl.org/PWD/2013-05-17/table.xsd#breakdown-tree" />
  <link:arcroleRef arcroleURI="http://xbrl.org/arcrole/PWD/2013-05-17/definition-node-subtree" xlink:type="simple" xlink:href="http://www.xbrl.org/PWD/2013-05-17/table.xsd#definition-node-subtree" />
  <link:arcroleRef arcroleURI="http://xbrl.org/arcrole/PWD/2013-05-17/table-breakdown" xlink:type="simple" xlink:href="http://www.xbrl.org/PWD/2013-05-17/table.xsd#table-breakdown" />
  <link:roleRef roleURI="http://www.eba.europa.eu/xbrl/crr/role/dict/dom/GA/GA5" xlink:type="simple" xlink:href="../../../../../../dict/dom/ga/hier.xsd#eba_GA5" />
  <link:roleRef roleURI="http://www.eba.europa.eu/xbrl/crr/role/fws/COREP/ITS-2013-02/2013-12-01/tab/C_09.01.b" xlink:type="simple" xlink:href="c_09.01.b.xsd#role" />
  <gen:link xlink:type="extended" xlink:role="http://www.eba.europa.eu/xbrl/crr/role/fws/COREP/ITS-2013-02/2013-12-01/tab/C_09.01.b">
    <table:table xlink:type="resource" xlink:label="eba_tC_09.01.b" aspectModel="dimensional" id="eba_tC_09.01.b" />
    <table:breakdown xlink:type="resource" xlink:label="eba_a1" parentChildOrder="parent-first" id="eba_a1" />
    <table:ruleNode xlink:type="resource" xlink:label="eba_a1.root" abstract="true" id="eba_a1.root">
      <formula:explicitDimension dimension="eba_dim:PRP">
        <formula:member>
          <formula:qname>eba_PL:x10</formula:qname>
        </formula:member>
      </formula:explicitDimension>
    </table:ruleNode>
    <table:breakdownTreeArc xlink:type="arc" xlink:arcrole="http://xbrl.org/arcrole/PWD/2013-05-17/breakdown-tree" xlink:from="eba_a1" xlink:to="eba_a1.root" order="0" />
    <table:ruleNode xlink:type="resource" xlink:label="eba_c20052" id="eba_c20052">
      <formula:concept>
        <formula:qname>eba_met:mi180</formula:qname>
      </formula:concept>
      <formula:explicitDimension dimension="eba_dim:BAS">
        <formula:member>
          <formula:qname>eba_BA:x9</formula:qname>
        </formula:member>
      </formula:explicitDimension>
      <formula:explicitDimension dimension="eba_dim:MCY">
        <formula:member>
          <formula:qname>eba_MC:x195</formula:qname>
        </formula:member>
      </formula:explicitDimension>
      <formula:explicitDimension dimension="eba_dim:IMS">
        <formula:member>
          <formula:qname>eba_IM:x3</formula:qname>
        </formula:member>
      </formula:explicitDimension>
    </table:ruleNode>
    <table:definitionNodeSubtreeArc xlink:type="arc" xlink:arcrole="http://xbrl.org/arcrole/PWD/2013-05-17/definition-node-subtree" xlink:from="eba_a1.root" xlink:to="eba_c20052" order="1" />
    <table:ruleNode xlink:type="resource" xlink:label="eba_c20053" id="eba_c20053">
      <formula:concept>
        <formula:qname>eba_met:md179</formula:qname>
      </formula:concept>
      <formula:explicitDimension dimension="eba_dim:BAS">
        <formula:member>
          <formula:qname>eba_BA:x17</formula:qname>
        </formula:member>
      </formula:explicitDimension>
      <formula:explicitDimension dimension="eba_dim:MCY">
        <formula:member>
          <formula:qname>eba_MC:x195</formula:qname>
        </formula:member>
      </formula:explicitDimension>
      <formula:explicitDimension dimension="eba_dim:IMS">
        <formula:member>
          <formula:qname>eba_IM:x3</formula:qname>
        </formula:member>
      </formula:explicitDimension>
    </table:ruleNode>
    <table:definitionNodeSubtreeArc xlink:type="arc" xlink:arcrole="http://xbrl.org/arcrole/PWD/2013-05-17/definition-node-subtree" xlink:from="eba_a1.root" xlink:to="eba_c20053" order="2" />
    <table:ruleNode xlink:type="resource" xlink:label="eba_c20054" id="eba_c20054">
      <formula:concept>
        <formula:qname>eba_met:mi76</formula:qname>
      </formula:concept>
      <formula:explicitDimension dimension="eba_dim:BAS">
        <formula:member>
          <formula:qname>eba_BA:x17</formula:qname>
        </formula:member>
      </formula:explicitDimension>
      <formula:explicitDimension dimension="eba_dim:MCY">
        <formula:member>
          <formula:qname>eba_MC:x393</formula:qname>
        </formula:member>
      </formula:explicitDimension>
    </table:ruleNode>
    <table:definitionNodeSubtreeArc xlink:type="arc" xlink:arcrole="http://xbrl.org/arcrole/PWD/2013-05-17/definition-node-subtree" xlink:from="eba_a1.root" xlink:to="eba_c20054" order="3" />
    <table:tableBreakdownArc xlink:type="arc" xlink:arcrole="http://xbrl.org/arcrole/PWD/2013-05-17/table-breakdown" xlink:from="eba_tC_09.01.b" xlink:to="eba_a1" axis="x" order="1" />
    <table:breakdown xlink:type="resource" xlink:label="eba_a2" parentChildOrder="parent-first" id="eba_a2" />
    <table:ruleNode xlink:type="resource" xlink:label="eba_a2.root" abstract="true" id="eba_a2.root">
      <formula:explicitDimension dimension="eba_dim:APR">
        <formula:member>
          <formula:qname>eba_AP:x42</formula:qname>
        </formula:member>
      </formula:explicitDimension>
      <formula:explicitDimension dimension="eba_dim:TRI">
        <formula:member>
          <formula:qname>eba_TR:x4</formula:qname>
        </formula:member>
      </formula:explicitDimension>
    </table:ruleNode>
    <table:breakdownTreeArc xlink:type="arc" xlink:arcrole="http://xbrl.org/arcrole/PWD/2013-05-17/breakdown-tree" xlink:from="eba_a2" xlink:to="eba_a2.root" order="0" />
    <table:ruleNode xlink:type="resource" xlink:label="eba_c20055" id="eba_c20055">
      <formula:explicitDimension dimension="eba_dim:CPS">
        <formula:member>
          <formula:qname>eba_CT:x2</formula:qname>
        </formula:member>
      </formula:explicitDimension>
      <formula:explicitDimension dimension="eba_dim:ECB">
        <formula:member>
          <formula:qname>eba_EC:x16</formula:qname>
        </formula:member>
      </formula:explicitDimension>
    </table:ruleNode>
    <table:definitionNodeSubtreeArc xlink:type="arc" xlink:arcrole="http://xbrl.org/arcrole/PWD/2013-05-17/definition-node-subtree" xlink:from="eba_a2.root" xlink:to="eba_c20055" order="1" />
    <table:ruleNode xlink:type="resource" xlink:label="eba_c20056" id="eba_c20056">
      <formula:explicitDimension dimension="eba_dim:CPS">
        <formula:member>
          <formula:qname>eba_CT:x16</formula:qname>
        </formula:member>
      </formula:explicitDimension>
      <formula:explicitDimension dimension="eba_dim:ECB">
        <formula:member>
          <formula:qname>eba_EC:x23</formula:qname>
        </formula:member>
      </formula:explicitDimension>
    </table:ruleNode>
    <table:definitionNodeSubtreeArc xlink:type="arc" xlink:arcrole="http://xbrl.org/arcrole/PWD/2013-05-17/definition-node-subtree" xlink:from="eba_a2.root" xlink:to="eba_c20056" order="2" />
    <table:ruleNode xlink:type="resource" xlink:label="eba_c20057" id="eba_c20057">
      <formula:explicitDimension dimension="eba_dim:CPS">
        <formula:member>
          <formula:qname>eba_CT:x19</formula:qname>
        </formula:member>
      </formula:explicitDimension>
      <formula:explicitDimension dimension="eba_dim:ECB">
        <formula:member>
          <formula:qname>eba_EC:x22</formula:qname>
        </formula:member>
      </formula:explicitDimension>
    </table:ruleNode>
    <table:definitionNodeSubtreeArc xlink:type="arc" xlink:arcrole="http://xbrl.org/arcrole/PWD/2013-05-17/definition-node-subtree" xlink:from="eba_a2.root" xlink:to="eba_c20057" order="3" />
    <table:ruleNode xlink:type="resource" xlink:label="eba_c20058" id="eba_c20058">
      <formula:explicitDimension dimension="eba_dim:CPS">
        <formula:member>
          <formula:qname>eba_CT:x15</formula:qname>
        </formula:member>
      </formula:explicitDimension>
      <formula:explicitDimension dimension="eba_dim:ECB">
        <formula:member>
          <formula:qname>eba_EC:x21</formula:qname>
        </formula:member>
      </formula:explicitDimension>
    </table:ruleNode>
    <table:definitionNodeSubtreeArc xlink:type="arc" xlink:arcrole="http://xbrl.org/arcrole/PWD/2013-05-17/definition-node-subtree" xlink:from="eba_a2.root" xlink:to="eba_c20058" order="4" />
    <table:ruleNode xlink:type="resource" xlink:label="eba_c20059" id="eba_c20059">
      <formula:explicitDimension dimension="eba_dim:CPS">
        <formula:member>
          <formula:qname>eba_CT:x13</formula:qname>
        </formula:member>
      </formula:explicitDimension>
      <formula:explicitDimension dimension="eba_dim:ECB">
        <formula:member>
          <formula:qname>eba_EC:x20</formula:qname>
        </formula:member>
      </formula:explicitDimension>
    </table:ruleNode>
    <table:definitionNodeSubtreeArc xlink:type="arc" xlink:arcrole="http://xbrl.org/arcrole/PWD/2013-05-17/definition-node-subtree" xlink:from="eba_a2.root" xlink:to="eba_c20059" order="5" />
    <table:ruleNode xlink:type="resource" xlink:label="eba_c20060" id="eba_c20060">
      <formula:explicitDimension dimension="eba_dim:CPS">
        <formula:member>
          <formula:qname>eba_CT:x6</formula:qname>
        </formula:member>
      </formula:explicitDimension>
      <formula:explicitDimension dimension="eba_dim:ECB">
        <formula:member>
          <formula:qname>eba_EC:x19</formula:qname>
        </formula:member>
      </formula:explicitDimension>
    </table:ruleNode>
    <table:definitionNodeSubtreeArc xlink:type="arc" xlink:arcrole="http://xbrl.org/arcrole/PWD/2013-05-17/definition-node-subtree" xlink:from="eba_a2.root" xlink:to="eba_c20060" order="6" />
    <table:ruleNode xlink:type="resource" xlink:label="eba_c20061" id="eba_c20061">
      <formula:explicitDimension dimension="eba_dim:CPS">
        <formula:member>
          <formula:qname>eba_CT:x51</formula:qname>
        </formula:member>
      </formula:explicitDimension>
      <formula:explicitDimension dimension="eba_dim:ECB">
        <formula:member>
          <formula:qname>eba_EC:x17</formula:qname>
        </formula:member>
      </formula:explicitDimension>
    </table:ruleNode>
    <table:definitionNodeSubtreeArc xlink:type="arc" xlink:arcrole="http://xbrl.org/arcrole/PWD/2013-05-17/definition-node-subtree" xlink:from="eba_a2.root" xlink:to="eba_c20061" order="7" />
    <table:ruleNode xlink:type="resource" xlink:label="eba_c20062" id="eba_c20062">
      <formula:explicitDimension dimension="eba_dim:CPS">
        <formula:member>
          <formula:qname>eba_CT:x51</formula:qname>
        </formula:member>
      </formula:explicitDimension>
      <formula:explicitDimension dimension="eba_dim:ECB">
        <formula:member>
          <formula:qname>eba_EC:x17</formula:qname>
        </formula:member>
      </formula:explicitDimension>
      <formula:explicitDimension dimension="eba_dim:CPZ">
        <formula:member>
          <formula:qname>eba_CT:x23</formula:qname>
        </formula:member>
      </formula:explicitDimension>
    </table:ruleNode>
    <table:definitionNodeSubtreeArc xlink:type="arc" xlink:arcrole="http://xbrl.org/arcrole/PWD/2013-05-17/definition-node-subtree" xlink:from="eba_a2.root" xlink:to="eba_c20062" order="8" />
    <table:ruleNode xlink:type="resource" xlink:label="eba_c20063" id="eba_c20063">
      <formula:explicitDimension dimension="eba_dim:CPS">
        <formula:member>
          <formula:qname>eba_CT:x22</formula:qname>
        </formula:member>
      </formula:explicitDimension>
      <formula:explicitDimension dimension="eba_dim:ECB">
        <formula:member>
          <formula:qname>eba_EC:x26</formula:qname>
        </formula:member>
      </formula:explicitDimension>
    </table:ruleNode>
    <table:definitionNodeSubtreeArc xlink:type="arc" xlink:arcrole="http://xbrl.org/arcrole/PWD/2013-05-17/definition-node-subtree" xlink:from="eba_a2.root" xlink:to="eba_c20063" order="9" />
    <table:ruleNode xlink:type="resource" xlink:label="eba_c20064" id="eba_c20064">
      <formula:explicitDimension dimension="eba_dim:CPS">
        <formula:member>
          <formula:qname>eba_CT:x22</formula:qname>
        </formula:member>
      </formula:explicitDimension>
      <formula:explicitDimension dimension="eba_dim:ECB">
        <formula:member>
          <formula:qname>eba_EC:x26</formula:qname>
        </formula:member>
      </formula:explicitDimension>
      <formula:explicitDimension dimension="eba_dim:CPZ">
        <formula:member>
          <formula:qname>eba_CT:x23</formula:qname>
        </formula:member>
      </formula:explicitDimension>
    </table:ruleNode>
    <table:definitionNodeSubtreeArc xlink:type="arc" xlink:arcrole="http://xbrl.org/arcrole/PWD/2013-05-17/definition-node-subtree" xlink:from="eba_a2.root" xlink:to="eba_c20064" order="10" />
    <table:ruleNode xlink:type="resource" xlink:label="eba_c20065" id="eba_c20065">
      <formula:explicitDimension dimension="eba_dim:ECB">
        <formula:member>
          <formula:qname>eba_EC:x15</formula:qname>
        </formula:member>
      </formula:explicitDimension>
      <formula:explicitDimension dimension="eba_dim:TCP">
        <formula:member>
          <formula:qname>eba_CP:x33</formula:qname>
        </formula:member>
      </formula:explicitDimension>
    </table:ruleNode>
    <table:definitionNodeSubtreeArc xlink:type="arc" xlink:arcrole="http://xbrl.org/arcrole/PWD/2013-05-17/definition-node-subtree" xlink:from="eba_a2.root" xlink:to="eba_c20065" order="11" />
    <table:ruleNode xlink:type="resource" xlink:label="eba_c20066" id="eba_c20066">
      <formula:explicitDimension dimension="eba_dim:ECB">
        <formula:member>
          <formula:qname>eba_EC:x15</formula:qname>
        </formula:member>
      </formula:explicitDimension>
      <formula:explicitDimension dimension="eba_dim:TCP">
        <formula:member>
          <formula:qname>eba_CP:x33</formula:qname>
        </formula:member>
      </formula:explicitDimension>
      <formula:explicitDimension dimension="eba_dim:CPZ">
        <formula:member>
          <formula:qname>eba_CT:x23</formula:qname>
        </formula:member>
      </formula:explicitDimension>
    </table:ruleNode>
    <table:definitionNodeSubtreeArc xlink:type="arc" xlink:arcrole="http://xbrl.org/arcrole/PWD/2013-05-17/definition-node-subtree" xlink:from="eba_a2.root" xlink:to="eba_c20066" order="12" />
    <table:ruleNode xlink:type="resource" xlink:label="eba_c20067" id="eba_c20067">
      <formula:explicitDimension dimension="eba_dim:ECB">
        <formula:member>
          <formula:qname>eba_EC:x24</formula:qname>
        </formula:member>
      </formula:explicitDimension>
    </table:ruleNode>
    <table:definitionNodeSubtreeArc xlink:type="arc" xlink:arcrole="http://xbrl.org/arcrole/PWD/2013-05-17/definition-node-subtree" xlink:from="eba_a2.root" xlink:to="eba_c20067" order="13" />
    <table:ruleNode xlink:type="resource" xlink:label="eba_c20068" id="eba_c20068">
      <formula:explicitDimension dimension="eba_dim:ECB">
        <formula:member>
          <formula:qname>eba_EC:x13</formula:qname>
        </formula:member>
      </formula:explicitDimension>
    </table:ruleNode>
    <table:definitionNodeSubtreeArc xlink:type="arc" xlink:arcrole="http://xbrl.org/arcrole/PWD/2013-05-17/definition-node-subtree" xlink:from="eba_a2.root" xlink:to="eba_c20068" order="14" />
    <table:ruleNode xlink:type="resource" xlink:label="eba_c20069" id="eba_c20069">
      <formula:explicitDimension dimension="eba_dim:ECB">
        <formula:member>
          <formula:qname>eba_EC:x18</formula:qname>
        </formula:member>
      </formula:explicitDimension>
    </table:ruleNode>
    <table:definitionNodeSubtreeArc xlink:type="arc" xlink:arcrole="http://xbrl.org/arcrole/PWD/2013-05-17/definition-node-subtree" xlink:from="eba_a2.root" xlink:to="eba_c20069" order="15" />
    <table:ruleNode xlink:type="resource" xlink:label="eba_c20070" id="eba_c20070">
      <formula:explicitDimension dimension="eba_dim:ECB">
        <formula:member>
          <formula:qname>eba_EC:x14</formula:qname>
        </formula:member>
      </formula:explicitDimension>
    </table:ruleNode>
    <table:definitionNodeSubtreeArc xlink:type="arc" xlink:arcrole="http://xbrl.org/arcrole/PWD/2013-05-17/definition-node-subtree" xlink:from="eba_a2.root" xlink:to="eba_c20070" order="16" />
    <table:ruleNode xlink:type="resource" xlink:label="eba_c20071" id="eba_c20071">
      <formula:explicitDimension dimension="eba_dim:ECB">
        <formula:member>
          <formula:qname>eba_EC:x1</formula:qname>
        </formula:member>
      </formula:explicitDimension>
    </table:ruleNode>
    <table:definitionNodeSubtreeArc xlink:type="arc" xlink:arcrole="http://xbrl.org/arcrole/PWD/2013-05-17/definition-node-subtree" xlink:from="eba_a2.root" xlink:to="eba_c20071" order="17" />
    <table:ruleNode xlink:type="resource" xlink:label="eba_c20072" id="eba_c20072">
      <formula:explicitDimension dimension="eba_dim:ECB">
        <formula:member>
          <formula:qname>eba_EC:x25</formula:qname>
        </formula:member>
      </formula:explicitDimension>
    </table:ruleNode>
    <table:definitionNodeSubtreeArc xlink:type="arc" xlink:arcrole="http://xbrl.org/arcrole/PWD/2013-05-17/definition-node-subtree" xlink:from="eba_a2.root" xlink:to="eba_c20072" order="18" />
    <table:ruleNode xlink:type="resource" xlink:label="eba_c20073" id="eba_c20073" />
    <table:definitionNodeSubtreeArc xlink:type="arc" xlink:arcrole="http://xbrl.org/arcrole/PWD/2013-05-17/definition-node-subtree" xlink:from="eba_a2.root" xlink:to="eba_c20073" order="19" />
    <table:tableBreakdownArc xlink:type="arc" xlink:arcrole="http://xbrl.org/arcrole/PWD/2013-05-17/table-breakdown" xlink:from="eba_tC_09.01.b" xlink:to="eba_a2" axis="y" order="2" />
    <table:breakdown xlink:type="resource" xlink:label="eba_a3" parentChildOrder="parent-first" id="eba_a3" />
    <table:aspectNode xlink:type="resource" xlink:label="eba_a3.root" id="eba_a3.root">
      <table:dimensionAspect>eba_dim:CEG</table:dimensionAspect>
    </table:aspectNode>
    <table:breakdownTreeArc xlink:type="arc" xlink:arcrole="http://xbrl.org/arcrole/PWD/2013-05-17/breakdown-tree" xlink:from="eba_a3" xlink:to="eba_a3.root" order="0" />
    <df:explicitDimension xlink:type="resource" xlink:label="eba_a3.root.filter" id="eba_a3.root.filter">
      <df:dimension>
        <df:qname>eba_dim:CEG</df:qname>
      </df:dimension>
      <df:member>
        <df:qname>eba_GA:x0</df:qname>
        <df:linkrole>http://www.eba.europa.eu/xbrl/crr/role/dict/dom/GA/GA5</df:linkrole>
        <df:arcrole>http://xbrl.org/int/dim/arcrole/domain-member</df:arcrole>
        <df:axis>descendant</df:axis>
      </df:member>
    </df:explicitDimension>
    <table:aspectNodeFilterArc xlink:type="arc" xlink:arcrole="http://xbrl.org/arcrole/PWD/2013-05-17/aspect-node-filter" xlink:from="eba_a3.root" xlink:to="eba_a3.root.filter" complement="false" />
    <table:tableBreakdownArc xlink:type="arc" xlink:arcrole="http://xbrl.org/arcrole/PWD/2013-05-17/table-breakdown" xlink:from="eba_tC_09.01.b" xlink:to="eba_a3" axis="z" order="3" />
  </gen:link>
</link:linkbase>