﻿<?xml version="1.0" encoding="utf-8"?>
<?taxonomy-version 2.0.1?>
<!--(C) EBA-->
<link:linkbase xmlns:xsi="http://www.w3.org/2001/XMLSchema-instance" xmlns:xlink="http://www.w3.org/1999/xlink" xmlns:link="http://www.xbrl.org/2003/linkbase" xmlns:gen="http://xbrl.org/2008/generic" xmlns:label="http://xbrl.org/2008/label" xsi:schemaLocation="http://www.xbrl.org/2003/linkbase http://www.xbrl.org/2003/xbrl-linkbase-2003-12-31.xsd http://xbrl.org/2008/generic http://www.xbrl.org/2008/generic-link.xsd http://xbrl.org/2008/label http://www.xbrl.org/2008/generic-label.xsd">
  <link:arcroleRef arcroleURI="http://xbrl.org/arcrole/2008/element-label" xlink:type="simple" xlink:href="http://www.xbrl.org/2008/generic-label.xsd#element-label" />
  <link:roleRef roleURI="http://www.eba.europa.eu/xbrl/role/dpm-db-id" xlink:type="simple" xlink:href="http://www.eba.europa.eu/eu/fr/xbrl/ext/model.xsd#dpm-db-id" />
  <link:roleRef roleURI="http://www.eurofiling.info/xbrl/role/filing-indicator-code" xlink:type="simple" xlink:href="http://www.eurofiling.info/eu/fr/xbrl/ext/model.xsd#filing-indicator-code" />
  <link:roleRef roleURI="http://www.eurofiling.info/xbrl/role/rc-code" xlink:type="simple" xlink:href="http://www.eurofiling.info/eu/fr/xbrl/ext/model.xsd#rc-code" />
  <gen:link xlink:type="extended" xlink:role="http://www.xbrl.org/2003/role/link">
    <link:loc xlink:type="locator" xlink:href="c_09.01.b-rend.xml#eba_tC_09.01.b" xlink:label="loc_eba_tC_09.01.b" />
    <label:label xlink:type="resource" xlink:label="label_eba_tC_09.01.b" xml:lang="en" xlink:role="http://www.eurofiling.info/xbrl/role/rc-code">C 09.01.b</label:label>
    <gen:arc xlink:type="arc" xlink:arcrole="http://xbrl.org/arcrole/2008/element-label" xlink:from="loc_eba_tC_09.01.b" xlink:to="label_eba_tC_09.01.b" />
    <link:loc xlink:type="locator" xlink:href="c_09.01.b-rend.xml#eba_c20052" xlink:label="loc_eba_c20052" />
    <label:label xlink:type="resource" xlink:label="label_eba_c20052" xml:lang="en" xlink:role="http://www.eurofiling.info/xbrl/role/rc-code">020</label:label>
    <gen:arc xlink:type="arc" xlink:arcrole="http://xbrl.org/arcrole/2008/element-label" xlink:from="loc_eba_c20052" xlink:to="label_eba_c20052" />
    <link:loc xlink:type="locator" xlink:href="c_09.01.b-rend.xml#eba_c20053" xlink:label="loc_eba_c20053" />
    <label:label xlink:type="resource" xlink:label="label_eba_c20053" xml:lang="en" xlink:role="http://www.eurofiling.info/xbrl/role/rc-code">040</label:label>
    <gen:arc xlink:type="arc" xlink:arcrole="http://xbrl.org/arcrole/2008/element-label" xlink:from="loc_eba_c20053" xlink:to="label_eba_c20053" />
    <link:loc xlink:type="locator" xlink:href="c_09.01.b-rend.xml#eba_c20054" xlink:label="loc_eba_c20054" />
    <label:label xlink:type="resource" xlink:label="label_eba_c20054" xml:lang="en" xlink:role="http://www.eurofiling.info/xbrl/role/rc-code">070</label:label>
    <gen:arc xlink:type="arc" xlink:arcrole="http://xbrl.org/arcrole/2008/element-label" xlink:from="loc_eba_c20054" xlink:to="label_eba_c20054" />
    <link:loc xlink:type="locator" xlink:href="c_09.01.b-rend.xml#eba_c20055" xlink:label="loc_eba_c20055" />
    <label:label xlink:type="resource" xlink:label="label_eba_c20055" xml:lang="en" xlink:role="http://www.eurofiling.info/xbrl/role/rc-code">010</label:label>
    <gen:arc xlink:type="arc" xlink:arcrole="http://xbrl.org/arcrole/2008/element-label" xlink:from="loc_eba_c20055" xlink:to="label_eba_c20055" />
    <link:loc xlink:type="locator" xlink:href="c_09.01.b-rend.xml#eba_c20056" xlink:label="loc_eba_c20056" />
    <label:label xlink:type="resource" xlink:label="label_eba_c20056" xml:lang="en" xlink:role="http://www.eurofiling.info/xbrl/role/rc-code">020</label:label>
    <gen:arc xlink:type="arc" xlink:arcrole="http://xbrl.org/arcrole/2008/element-label" xlink:from="loc_eba_c20056" xlink:to="label_eba_c20056" />
    <link:loc xlink:type="locator" xlink:href="c_09.01.b-rend.xml#eba_c20057" xlink:label="loc_eba_c20057" />
    <label:label xlink:type="resource" xlink:label="label_eba_c20057" xml:lang="en" xlink:role="http://www.eurofiling.info/xbrl/role/rc-code">030</label:label>
    <gen:arc xlink:type="arc" xlink:arcrole="http://xbrl.org/arcrole/2008/element-label" xlink:from="loc_eba_c20057" xlink:to="label_eba_c20057" />
    <link:loc xlink:type="locator" xlink:href="c_09.01.b-rend.xml#eba_c20058" xlink:label="loc_eba_c20058" />
    <label:label xlink:type="resource" xlink:label="label_eba_c20058" xml:lang="en" xlink:role="http://www.eurofiling.info/xbrl/role/rc-code">040</label:label>
    <gen:arc xlink:type="arc" xlink:arcrole="http://xbrl.org/arcrole/2008/element-label" xlink:from="loc_eba_c20058" xlink:to="label_eba_c20058" />
    <link:loc xlink:type="locator" xlink:href="c_09.01.b-rend.xml#eba_c20059" xlink:label="loc_eba_c20059" />
    <label:label xlink:type="resource" xlink:label="label_eba_c20059" xml:lang="en" xlink:role="http://www.eurofiling.info/xbrl/role/rc-code">050</label:label>
    <gen:arc xlink:type="arc" xlink:arcrole="http://xbrl.org/arcrole/2008/element-label" xlink:from="loc_eba_c20059" xlink:to="label_eba_c20059" />
    <link:loc xlink:type="locator" xlink:href="c_09.01.b-rend.xml#eba_c20060" xlink:label="loc_eba_c20060" />
    <label:label xlink:type="resource" xlink:label="label_eba_c20060" xml:lang="en" xlink:role="http://www.eurofiling.info/xbrl/role/rc-code">060</label:label>
    <gen:arc xlink:type="arc" xlink:arcrole="http://xbrl.org/arcrole/2008/element-label" xlink:from="loc_eba_c20060" xlink:to="label_eba_c20060" />
    <link:loc xlink:type="locator" xlink:href="c_09.01.b-rend.xml#eba_c20061" xlink:label="loc_eba_c20061" />
    <label:label xlink:type="resource" xlink:label="label_eba_c20061" xml:lang="en" xlink:role="http://www.eurofiling.info/xbrl/role/rc-code">070</label:label>
    <gen:arc xlink:type="arc" xlink:arcrole="http://xbrl.org/arcrole/2008/element-label" xlink:from="loc_eba_c20061" xlink:to="label_eba_c20061" />
    <link:loc xlink:type="locator" xlink:href="c_09.01.b-rend.xml#eba_c20062" xlink:label="loc_eba_c20062" />
    <label:label xlink:type="resource" xlink:label="label_eba_c20062" xml:lang="en" xlink:role="http://www.eurofiling.info/xbrl/role/rc-code">075</label:label>
    <gen:arc xlink:type="arc" xlink:arcrole="http://xbrl.org/arcrole/2008/element-label" xlink:from="loc_eba_c20062" xlink:to="label_eba_c20062" />
    <link:loc xlink:type="locator" xlink:href="c_09.01.b-rend.xml#eba_c20063" xlink:label="loc_eba_c20063" />
    <label:label xlink:type="resource" xlink:label="label_eba_c20063" xml:lang="en" xlink:role="http://www.eurofiling.info/xbrl/role/rc-code">080</label:label>
    <gen:arc xlink:type="arc" xlink:arcrole="http://xbrl.org/arcrole/2008/element-label" xlink:from="loc_eba_c20063" xlink:to="label_eba_c20063" />
    <link:loc xlink:type="locator" xlink:href="c_09.01.b-rend.xml#eba_c20064" xlink:label="loc_eba_c20064" />
    <label:label xlink:type="resource" xlink:label="label_eba_c20064" xml:lang="en" xlink:role="http://www.eurofiling.info/xbrl/role/rc-code">085</label:label>
    <gen:arc xlink:type="arc" xlink:arcrole="http://xbrl.org/arcrole/2008/element-label" xlink:from="loc_eba_c20064" xlink:to="label_eba_c20064" />
    <link:loc xlink:type="locator" xlink:href="c_09.01.b-rend.xml#eba_c20065" xlink:label="loc_eba_c20065" />
    <label:label xlink:type="resource" xlink:label="label_eba_c20065" xml:lang="en" xlink:role="http://www.eurofiling.info/xbrl/role/rc-code">090</label:label>
    <gen:arc xlink:type="arc" xlink:arcrole="http://xbrl.org/arcrole/2008/element-label" xlink:from="loc_eba_c20065" xlink:to="label_eba_c20065" />
    <link:loc xlink:type="locator" xlink:href="c_09.01.b-rend.xml#eba_c20066" xlink:label="loc_eba_c20066" />
    <label:label xlink:type="resource" xlink:label="label_eba_c20066" xml:lang="en" xlink:role="http://www.eurofiling.info/xbrl/role/rc-code">095</label:label>
    <gen:arc xlink:type="arc" xlink:arcrole="http://xbrl.org/arcrole/2008/element-label" xlink:from="loc_eba_c20066" xlink:to="label_eba_c20066" />
    <link:loc xlink:type="locator" xlink:href="c_09.01.b-rend.xml#eba_c20067" xlink:label="loc_eba_c20067" />
    <label:label xlink:type="resource" xlink:label="label_eba_c20067" xml:lang="en" xlink:role="http://www.eurofiling.info/xbrl/role/rc-code">110</label:label>
    <gen:arc xlink:type="arc" xlink:arcrole="http://xbrl.org/arcrole/2008/element-label" xlink:from="loc_eba_c20067" xlink:to="label_eba_c20067" />
    <link:loc xlink:type="locator" xlink:href="c_09.01.b-rend.xml#eba_c20068" xlink:label="loc_eba_c20068" />
    <label:label xlink:type="resource" xlink:label="label_eba_c20068" xml:lang="en" xlink:role="http://www.eurofiling.info/xbrl/role/rc-code">120</label:label>
    <gen:arc xlink:type="arc" xlink:arcrole="http://xbrl.org/arcrole/2008/element-label" xlink:from="loc_eba_c20068" xlink:to="label_eba_c20068" />
    <link:loc xlink:type="locator" xlink:href="c_09.01.b-rend.xml#eba_c20069" xlink:label="loc_eba_c20069" />
    <label:label xlink:type="resource" xlink:label="label_eba_c20069" xml:lang="en" xlink:role="http://www.eurofiling.info/xbrl/role/rc-code">130</label:label>
    <gen:arc xlink:type="arc" xlink:arcrole="http://xbrl.org/arcrole/2008/element-label" xlink:from="loc_eba_c20069" xlink:to="label_eba_c20069" />
    <link:loc xlink:type="locator" xlink:href="c_09.01.b-rend.xml#eba_c20070" xlink:label="loc_eba_c20070" />
    <label:label xlink:type="resource" xlink:label="label_eba_c20070" xml:lang="en" xlink:role="http://www.eurofiling.info/xbrl/role/rc-code">140</label:label>
    <gen:arc xlink:type="arc" xlink:arcrole="http://xbrl.org/arcrole/2008/element-label" xlink:from="loc_eba_c20070" xlink:to="label_eba_c20070" />
    <link:loc xlink:type="locator" xlink:href="c_09.01.b-rend.xml#eba_c20071" xlink:label="loc_eba_c20071" />
    <label:label xlink:type="resource" xlink:label="label_eba_c20071" xml:lang="en" xlink:role="http://www.eurofiling.info/xbrl/role/rc-code">150</label:label>
    <gen:arc xlink:type="arc" xlink:arcrole="http://xbrl.org/arcrole/2008/element-label" xlink:from="loc_eba_c20071" xlink:to="label_eba_c20071" />
    <link:loc xlink:type="locator" xlink:href="c_09.01.b-rend.xml#eba_c20072" xlink:label="loc_eba_c20072" />
    <label:label xlink:type="resource" xlink:label="label_eba_c20072" xml:lang="en" xlink:role="http://www.eurofiling.info/xbrl/role/rc-code">160</label:label>
    <gen:arc xlink:type="arc" xlink:arcrole="http://xbrl.org/arcrole/2008/element-label" xlink:from="loc_eba_c20072" xlink:to="label_eba_c20072" />
    <link:loc xlink:type="locator" xlink:href="c_09.01.b-rend.xml#eba_c20073" xlink:label="loc_eba_c20073" />
    <label:label xlink:type="resource" xlink:label="label_eba_c20073" xml:lang="en" xlink:role="http://www.eurofiling.info/xbrl/role/rc-code">170</label:label>
    <gen:arc xlink:type="arc" xlink:arcrole="http://xbrl.org/arcrole/2008/element-label" xlink:from="loc_eba_c20073" xlink:to="label_eba_c20073" />
    <label:label xlink:type="resource" xlink:label="label_eba_tC_09.01.b_1" xml:lang="en" xlink:role="http://www.eurofiling.info/xbrl/role/filing-indicator-code">C_09.01</label:label>
    <gen:arc xlink:type="arc" xlink:arcrole="http://xbrl.org/arcrole/2008/element-label" xlink:from="loc_eba_tC_09.01.b" xlink:to="label_eba_tC_09.01.b_1" />
    <label:label xlink:type="resource" xlink:label="label_eba_tC_09.01.b_2" xml:lang="en" xlink:role="http://www.eba.europa.eu/xbrl/role/dpm-db-id">89</label:label>
    <gen:arc xlink:type="arc" xlink:arcrole="http://xbrl.org/arcrole/2008/element-label" xlink:from="loc_eba_tC_09.01.b" xlink:to="label_eba_tC_09.01.b_2" />
    <label:label xlink:type="resource" xlink:label="label_eba_c20052_1" xml:lang="en" xlink:role="http://www.eba.europa.eu/xbrl/role/dpm-db-id">20052</label:label>
    <gen:arc xlink:type="arc" xlink:arcrole="http://xbrl.org/arcrole/2008/element-label" xlink:from="loc_eba_c20052" xlink:to="label_eba_c20052_1" />
    <label:label xlink:type="resource" xlink:label="label_eba_c20053_1" xml:lang="en" xlink:role="http://www.eba.europa.eu/xbrl/role/dpm-db-id">20053</label:label>
    <gen:arc xlink:type="arc" xlink:arcrole="http://xbrl.org/arcrole/2008/element-label" xlink:from="loc_eba_c20053" xlink:to="label_eba_c20053_1" />
    <label:label xlink:type="resource" xlink:label="label_eba_c20054_1" xml:lang="en" xlink:role="http://www.eba.europa.eu/xbrl/role/dpm-db-id">20054</label:label>
    <gen:arc xlink:type="arc" xlink:arcrole="http://xbrl.org/arcrole/2008/element-label" xlink:from="loc_eba_c20054" xlink:to="label_eba_c20054_1" />
    <label:label xlink:type="resource" xlink:label="label_eba_c20055_1" xml:lang="en" xlink:role="http://www.eba.europa.eu/xbrl/role/dpm-db-id">20055</label:label>
    <gen:arc xlink:type="arc" xlink:arcrole="http://xbrl.org/arcrole/2008/element-label" xlink:from="loc_eba_c20055" xlink:to="label_eba_c20055_1" />
    <label:label xlink:type="resource" xlink:label="label_eba_c20056_1" xml:lang="en" xlink:role="http://www.eba.europa.eu/xbrl/role/dpm-db-id">20056</label:label>
    <gen:arc xlink:type="arc" xlink:arcrole="http://xbrl.org/arcrole/2008/element-label" xlink:from="loc_eba_c20056" xlink:to="label_eba_c20056_1" />
    <label:label xlink:type="resource" xlink:label="label_eba_c20057_1" xml:lang="en" xlink:role="http://www.eba.europa.eu/xbrl/role/dpm-db-id">20057</label:label>
    <gen:arc xlink:type="arc" xlink:arcrole="http://xbrl.org/arcrole/2008/element-label" xlink:from="loc_eba_c20057" xlink:to="label_eba_c20057_1" />
    <label:label xlink:type="resource" xlink:label="label_eba_c20058_1" xml:lang="en" xlink:role="http://www.eba.europa.eu/xbrl/role/dpm-db-id">20058</label:label>
    <gen:arc xlink:type="arc" xlink:arcrole="http://xbrl.org/arcrole/2008/element-label" xlink:from="loc_eba_c20058" xlink:to="label_eba_c20058_1" />
    <label:label xlink:type="resource" xlink:label="label_eba_c20059_1" xml:lang="en" xlink:role="http://www.eba.europa.eu/xbrl/role/dpm-db-id">20059</label:label>
    <gen:arc xlink:type="arc" xlink:arcrole="http://xbrl.org/arcrole/2008/element-label" xlink:from="loc_eba_c20059" xlink:to="label_eba_c20059_1" />
    <label:label xlink:type="resource" xlink:label="label_eba_c20060_1" xml:lang="en" xlink:role="http://www.eba.europa.eu/xbrl/role/dpm-db-id">20060</label:label>
    <gen:arc xlink:type="arc" xlink:arcrole="http://xbrl.org/arcrole/2008/element-label" xlink:from="loc_eba_c20060" xlink:to="label_eba_c20060_1" />
    <label:label xlink:type="resource" xlink:label="label_eba_c20061_1" xml:lang="en" xlink:role="http://www.eba.europa.eu/xbrl/role/dpm-db-id">20061</label:label>
    <gen:arc xlink:type="arc" xlink:arcrole="http://xbrl.org/arcrole/2008/element-label" xlink:from="loc_eba_c20061" xlink:to="label_eba_c20061_1" />
    <label:label xlink:type="resource" xlink:label="label_eba_c20062_1" xml:lang="en" xlink:role="http://www.eba.europa.eu/xbrl/role/dpm-db-id">20062</label:label>
    <gen:arc xlink:type="arc" xlink:arcrole="http://xbrl.org/arcrole/2008/element-label" xlink:from="loc_eba_c20062" xlink:to="label_eba_c20062_1" />
    <label:label xlink:type="resource" xlink:label="label_eba_c20063_1" xml:lang="en" xlink:role="http://www.eba.europa.eu/xbrl/role/dpm-db-id">20063</label:label>
    <gen:arc xlink:type="arc" xlink:arcrole="http://xbrl.org/arcrole/2008/element-label" xlink:from="loc_eba_c20063" xlink:to="label_eba_c20063_1" />
    <label:label xlink:type="resource" xlink:label="label_eba_c20064_1" xml:lang="en" xlink:role="http://www.eba.europa.eu/xbrl/role/dpm-db-id">20064</label:label>
    <gen:arc xlink:type="arc" xlink:arcrole="http://xbrl.org/arcrole/2008/element-label" xlink:from="loc_eba_c20064" xlink:to="label_eba_c20064_1" />
    <label:label xlink:type="resource" xlink:label="label_eba_c20065_1" xml:lang="en" xlink:role="http://www.eba.europa.eu/xbrl/role/dpm-db-id">20065</label:label>
    <gen:arc xlink:type="arc" xlink:arcrole="http://xbrl.org/arcrole/2008/element-label" xlink:from="loc_eba_c20065" xlink:to="label_eba_c20065_1" />
    <label:label xlink:type="resource" xlink:label="label_eba_c20066_1" xml:lang="en" xlink:role="http://www.eba.europa.eu/xbrl/role/dpm-db-id">20066</label:label>
    <gen:arc xlink:type="arc" xlink:arcrole="http://xbrl.org/arcrole/2008/element-label" xlink:from="loc_eba_c20066" xlink:to="label_eba_c20066_1" />
    <label:label xlink:type="resource" xlink:label="label_eba_c20067_1" xml:lang="en" xlink:role="http://www.eba.europa.eu/xbrl/role/dpm-db-id">20067</label:label>
    <gen:arc xlink:type="arc" xlink:arcrole="http://xbrl.org/arcrole/2008/element-label" xlink:from="loc_eba_c20067" xlink:to="label_eba_c20067_1" />
    <label:label xlink:type="resource" xlink:label="label_eba_c20068_1" xml:lang="en" xlink:role="http://www.eba.europa.eu/xbrl/role/dpm-db-id">20068</label:label>
    <gen:arc xlink:type="arc" xlink:arcrole="http://xbrl.org/arcrole/2008/element-label" xlink:from="loc_eba_c20068" xlink:to="label_eba_c20068_1" />
    <label:label xlink:type="resource" xlink:label="label_eba_c20069_1" xml:lang="en" xlink:role="http://www.eba.europa.eu/xbrl/role/dpm-db-id">20069</label:label>
    <gen:arc xlink:type="arc" xlink:arcrole="http://xbrl.org/arcrole/2008/element-label" xlink:from="loc_eba_c20069" xlink:to="label_eba_c20069_1" />
    <label:label xlink:type="resource" xlink:label="label_eba_c20070_1" xml:lang="en" xlink:role="http://www.eba.europa.eu/xbrl/role/dpm-db-id">20070</label:label>
    <gen:arc xlink:type="arc" xlink:arcrole="http://xbrl.org/arcrole/2008/element-label" xlink:from="loc_eba_c20070" xlink:to="label_eba_c20070_1" />
    <label:label xlink:type="resource" xlink:label="label_eba_c20071_1" xml:lang="en" xlink:role="http://www.eba.europa.eu/xbrl/role/dpm-db-id">20071</label:label>
    <gen:arc xlink:type="arc" xlink:arcrole="http://xbrl.org/arcrole/2008/element-label" xlink:from="loc_eba_c20071" xlink:to="label_eba_c20071_1" />
    <label:label xlink:type="resource" xlink:label="label_eba_c20072_1" xml:lang="en" xlink:role="http://www.eba.europa.eu/xbrl/role/dpm-db-id">20072</label:label>
    <gen:arc xlink:type="arc" xlink:arcrole="http://xbrl.org/arcrole/2008/element-label" xlink:from="loc_eba_c20072" xlink:to="label_eba_c20072_1" />
    <label:label xlink:type="resource" xlink:label="label_eba_c20073_1" xml:lang="en" xlink:role="http://www.eba.europa.eu/xbrl/role/dpm-db-id">20073</label:label>
    <gen:arc xlink:type="arc" xlink:arcrole="http://xbrl.org/arcrole/2008/element-label" xlink:from="loc_eba_c20073" xlink:to="label_eba_c20073_1" />
  </gen:link>
</link:linkbase>