﻿<?xml version="1.0" encoding="utf-8"?>
<?taxonomy-version 2.0.0?>
<!--(C) EBA-->
<link:linkbase xmlns:xsi="http://www.w3.org/2001/XMLSchema-instance" xmlns:xlink="http://www.w3.org/1999/xlink" xmlns:link="http://www.xbrl.org/2003/linkbase" xsi:schemaLocation="http://www.xbrl.org/2003/linkbase http://www.xbrl.org/2003/xbrl-linkbase-2003-12-31.xsd">
  <link:labelLink xlink:type="extended" xlink:role="http://www.xbrl.org/2003/role/link">
    <link:loc xlink:type="locator" xlink:href="dim.xsd#eba_MCC" xlink:label="loc_eba_MCC" />
    <link:label xlink:type="resource" xlink:label="label_eba_MCC" xml:lang="en" xlink:role="http://www.xbrl.org/2003/role/label">Main category of collateral or guarantee given</link:label>
    <link:labelArc xlink:type="arc" xlink:arcrole="http://www.xbrl.org/2003/arcrole/concept-label" xlink:from="loc_eba_MCC" xlink:to="label_eba_MCC" />
    <link:label xlink:type="resource" xlink:label="label_eba_MCC_1" xml:lang="en" xlink:role="http://www.xbrl.org/2003/role/verboseLabel">Defines the main category of collateral or guarantees given</link:label>
    <link:labelArc xlink:type="arc" xlink:arcrole="http://www.xbrl.org/2003/arcrole/concept-label" xlink:from="loc_eba_MCC" xlink:to="label_eba_MCC_1" />
    <link:loc xlink:type="locator" xlink:href="dim.xsd#eba_BAS" xlink:label="loc_eba_BAS" />
    <link:label xlink:type="resource" xlink:label="label_eba_BAS" xml:lang="en" xlink:role="http://www.xbrl.org/2003/role/label">Base</link:label>
    <link:labelArc xlink:type="arc" xlink:arcrole="http://www.xbrl.org/2003/arcrole/concept-label" xlink:from="loc_eba_BAS" xlink:to="label_eba_BAS" />
    <link:label xlink:type="resource" xlink:label="label_eba_BAS_1" xml:lang="en" xlink:role="http://www.xbrl.org/2003/role/verboseLabel">Defines the basic conceptual meaning of a data point. 
Identifies the framework in which a data point is included. For FINREP, it indicates in which group of element of the financial statement should be included the data point (e.g. assets, liabilities, equity, income, expenses). For COREP, it indicates whether the data point should be computed in the numerator (own funds) or the denominator (exposures) of the Pillar I solvency ratio. 
It determines whether the data point has a "debit" or a "credit" attribute.</link:label>
    <link:labelArc xlink:type="arc" xlink:arcrole="http://www.xbrl.org/2003/arcrole/concept-label" xlink:from="loc_eba_BAS" xlink:to="label_eba_BAS_1" />
    <link:loc xlink:type="locator" xlink:href="dim.xsd#eba_LQG" xlink:label="loc_eba_LQG" />
    <link:label xlink:type="resource" xlink:label="label_eba_LQG" xml:lang="en" xlink:role="http://www.xbrl.org/2003/role/label">Liquidity quality of collateral given</link:label>
    <link:labelArc xlink:type="arc" xlink:arcrole="http://www.xbrl.org/2003/arcrole/concept-label" xlink:from="loc_eba_LQG" xlink:to="label_eba_LQG" />
    <link:label xlink:type="resource" xlink:label="label_eba_LQG_1" xml:lang="en" xlink:role="http://www.xbrl.org/2003/role/verboseLabel">Liquidity conditions specified for collateral given under the liquidity provisions framework</link:label>
    <link:labelArc xlink:type="arc" xlink:arcrole="http://www.xbrl.org/2003/arcrole/concept-label" xlink:from="loc_eba_LQG" xlink:to="label_eba_LQG_1" />
    <link:loc xlink:type="locator" xlink:href="dim.xsd#eba_MCY" xlink:label="loc_eba_MCY" />
    <link:label xlink:type="resource" xlink:label="label_eba_MCY" xml:lang="en" xlink:role="http://www.xbrl.org/2003/role/label">Main category</link:label>
    <link:labelArc xlink:type="arc" xlink:arcrole="http://www.xbrl.org/2003/arcrole/concept-label" xlink:from="loc_eba_MCY" xlink:to="label_eba_MCY" />
    <link:label xlink:type="resource" xlink:label="label_eba_MCY_1" xml:lang="en" xlink:role="http://www.xbrl.org/2003/role/verboseLabel">Specifies the nature of the item reported (i.e. answers the question: what is reported?).
For financial instruments, defines the instrument (e.g. deposits, debt securities issued...) or range of instruments reported. 
It should be defined for each data point.</link:label>
    <link:labelArc xlink:type="arc" xlink:arcrole="http://www.xbrl.org/2003/arcrole/concept-label" xlink:from="loc_eba_MCY" xlink:to="label_eba_MCY_1" />
    <link:loc xlink:type="locator" xlink:href="dim.xsd#eba_RPC" xlink:label="loc_eba_RPC" />
    <link:label xlink:type="resource" xlink:label="label_eba_RPC" xml:lang="en" xlink:role="http://www.xbrl.org/2003/role/label">Related parties/Relationship of the collateral</link:label>
    <link:labelArc xlink:type="arc" xlink:arcrole="http://www.xbrl.org/2003/arcrole/concept-label" xlink:from="loc_eba_RPC" xlink:to="label_eba_RPC" />
    <link:label xlink:type="resource" xlink:label="label_eba_RPC_1" xml:lang="en" xlink:role="http://www.xbrl.org/2003/role/verboseLabel">Defines the relationship between counterparty of the collateral with an entity or a person; in particular, it specifies the type of related party.</link:label>
    <link:labelArc xlink:type="arc" xlink:arcrole="http://www.xbrl.org/2003/arcrole/concept-label" xlink:from="loc_eba_RPC" xlink:to="label_eba_RPC_1" />
    <link:loc xlink:type="locator" xlink:href="dim.xsd#eba_APR" xlink:label="loc_eba_APR" />
    <link:label xlink:type="resource" xlink:label="label_eba_APR" xml:lang="en" xlink:role="http://www.xbrl.org/2003/role/label">Approach for prudential purposes</link:label>
    <link:labelArc xlink:type="arc" xlink:arcrole="http://www.xbrl.org/2003/arcrole/concept-label" xlink:from="loc_eba_APR" xlink:to="label_eba_APR" />
    <link:label xlink:type="resource" xlink:label="label_eba_APR_1" xml:lang="en" xlink:role="http://www.xbrl.org/2003/role/verboseLabel">Approach used for the calculation of capital requirements.</link:label>
    <link:labelArc xlink:type="arc" xlink:arcrole="http://www.xbrl.org/2003/arcrole/concept-label" xlink:from="loc_eba_APR" xlink:to="label_eba_APR_1" />
    <link:loc xlink:type="locator" xlink:href="dim.xsd#eba_CLC" xlink:label="loc_eba_CLC" />
    <link:label xlink:type="resource" xlink:label="label_eba_CLC" xml:lang="en" xlink:role="http://www.xbrl.org/2003/role/label">Collateral status of the collateral</link:label>
    <link:labelArc xlink:type="arc" xlink:arcrole="http://www.xbrl.org/2003/arcrole/concept-label" xlink:from="loc_eba_CLC" xlink:to="label_eba_CLC" />
    <link:label xlink:type="resource" xlink:label="label_eba_CLC_1" xml:lang="en" xlink:role="http://www.xbrl.org/2003/role/verboseLabel">Defines the terms and conditions of the collateral of the collateral</link:label>
    <link:labelArc xlink:type="arc" xlink:arcrole="http://www.xbrl.org/2003/arcrole/concept-label" xlink:from="loc_eba_CLC" xlink:to="label_eba_CLC_1" />
    <link:loc xlink:type="locator" xlink:href="dim.xsd#eba_OFS" xlink:label="loc_eba_OFS" />
    <link:label xlink:type="resource" xlink:label="label_eba_OFS" xml:lang="en" xlink:role="http://www.xbrl.org/2003/role/label">Own funds</link:label>
    <link:labelArc xlink:type="arc" xlink:arcrole="http://www.xbrl.org/2003/arcrole/concept-label" xlink:from="loc_eba_OFS" xlink:to="label_eba_OFS" />
    <link:label xlink:type="resource" xlink:label="label_eba_OFS_1" xml:lang="en" xlink:role="http://www.xbrl.org/2003/role/verboseLabel">Specifies the eligibility for the various levels of own funds for the fully phased-in period (without transitional provisions).</link:label>
    <link:labelArc xlink:type="arc" xlink:arcrole="http://www.xbrl.org/2003/arcrole/concept-label" xlink:from="loc_eba_OFS" xlink:to="label_eba_OFS_1" />
    <link:loc xlink:type="locator" xlink:href="dim.xsd#eba_CUC" xlink:label="loc_eba_CUC" />
    <link:label xlink:type="resource" xlink:label="label_eba_CUC" xml:lang="en" xlink:role="http://www.xbrl.org/2003/role/label">Currency of the collateral</link:label>
    <link:labelArc xlink:type="arc" xlink:arcrole="http://www.xbrl.org/2003/arcrole/concept-label" xlink:from="loc_eba_CUC" xlink:to="label_eba_CUC" />
    <link:label xlink:type="resource" xlink:label="label_eba_CUC_1" xml:lang="en" xlink:role="http://www.xbrl.org/2003/role/verboseLabel">Defines the currencies in which the collateral (or given or received) is denominated</link:label>
    <link:labelArc xlink:type="arc" xlink:arcrole="http://www.xbrl.org/2003/arcrole/concept-label" xlink:from="loc_eba_CUC" xlink:to="label_eba_CUC_1" />
    <link:loc xlink:type="locator" xlink:href="dim.xsd#eba_EXC" xlink:label="loc_eba_EXC" />
    <link:label xlink:type="resource" xlink:label="label_eba_EXC" xml:lang="en" xlink:role="http://www.xbrl.org/2003/role/label">Exposure class</link:label>
    <link:labelArc xlink:type="arc" xlink:arcrole="http://www.xbrl.org/2003/arcrole/concept-label" xlink:from="loc_eba_EXC" xlink:to="label_eba_EXC" />
    <link:label xlink:type="resource" xlink:label="label_eba_EXC_1" xml:lang="en" xlink:role="http://www.xbrl.org/2003/role/verboseLabel">Defines the exposure class for capital requirement purposes</link:label>
    <link:labelArc xlink:type="arc" xlink:arcrole="http://www.xbrl.org/2003/arcrole/concept-label" xlink:from="loc_eba_EXC" xlink:to="label_eba_EXC_1" />
    <link:loc xlink:type="locator" xlink:href="dim.xsd#eba_CCC" xlink:label="loc_eba_CCC" />
    <link:label xlink:type="resource" xlink:label="label_eba_CCC" xml:lang="en" xlink:role="http://www.xbrl.org/2003/role/label">Main category of the collateral of the collateral</link:label>
    <link:labelArc xlink:type="arc" xlink:arcrole="http://www.xbrl.org/2003/arcrole/concept-label" xlink:from="loc_eba_CCC" xlink:to="label_eba_CCC" />
    <link:label xlink:type="resource" xlink:label="label_eba_CCC_1" xml:lang="en" xlink:role="http://www.xbrl.org/2003/role/verboseLabel">Defines the main category of the collateral of the collateral or guarantees (both given and received)</link:label>
    <link:labelArc xlink:type="arc" xlink:arcrole="http://www.xbrl.org/2003/arcrole/concept-label" xlink:from="loc_eba_CCC" xlink:to="label_eba_CCC_1" />
    <link:loc xlink:type="locator" xlink:href="dim.xsd#eba_CPS" xlink:label="loc_eba_CPS" />
    <link:label xlink:type="resource" xlink:label="label_eba_CPS" xml:lang="en" xlink:role="http://www.xbrl.org/2003/role/label">Counterparty sector</link:label>
    <link:labelArc xlink:type="arc" xlink:arcrole="http://www.xbrl.org/2003/arcrole/concept-label" xlink:from="loc_eba_CPS" xlink:to="label_eba_CPS" />
    <link:label xlink:type="resource" xlink:label="label_eba_CPS_1" xml:lang="en" xlink:role="http://www.xbrl.org/2003/role/verboseLabel">Defines the sector of the counterparty of financial instruments (e.g. Central banks or Credit institutions).</link:label>
    <link:labelArc xlink:type="arc" xlink:arcrole="http://www.xbrl.org/2003/arcrole/concept-label" xlink:from="loc_eba_CPS" xlink:to="label_eba_CPS_1" />
    <link:loc xlink:type="locator" xlink:href="dim.xsd#eba_ECG" xlink:label="loc_eba_ECG" />
    <link:label xlink:type="resource" xlink:label="label_eba_ECG" xml:lang="en" xlink:role="http://www.xbrl.org/2003/role/label">Exposure class of the collateral given</link:label>
    <link:labelArc xlink:type="arc" xlink:arcrole="http://www.xbrl.org/2003/arcrole/concept-label" xlink:from="loc_eba_ECG" xlink:to="label_eba_ECG" />
    <link:label xlink:type="resource" xlink:label="label_eba_ECG_1" xml:lang="en" xlink:role="http://www.xbrl.org/2003/role/verboseLabel">For Liquidity purposes, defines the exposure class of the collateral given</link:label>
    <link:labelArc xlink:type="arc" xlink:arcrole="http://www.xbrl.org/2003/arcrole/concept-label" xlink:from="loc_eba_ECG" xlink:to="label_eba_ECG_1" />
    <link:loc xlink:type="locator" xlink:href="dim.xsd#eba_TRI" xlink:label="loc_eba_TRI" />
    <link:label xlink:type="resource" xlink:label="label_eba_TRI" xml:lang="en" xlink:role="http://www.xbrl.org/2003/role/label">Type of risk</link:label>
    <link:labelArc xlink:type="arc" xlink:arcrole="http://www.xbrl.org/2003/arcrole/concept-label" xlink:from="loc_eba_TRI" xlink:to="label_eba_TRI" />
    <link:label xlink:type="resource" xlink:label="label_eba_TRI_1" xml:lang="en" xlink:role="http://www.xbrl.org/2003/role/verboseLabel">Indicates the type of risk arising from exposures or transactions (e.g. credit risk or market risk).</link:label>
    <link:labelArc xlink:type="arc" xlink:arcrole="http://www.xbrl.org/2003/arcrole/concept-label" xlink:from="loc_eba_TRI" xlink:to="label_eba_TRI_1" />
    <link:loc xlink:type="locator" xlink:href="dim.xsd#eba_APL" xlink:label="loc_eba_APL" />
    <link:label xlink:type="resource" xlink:label="label_eba_APL" xml:lang="en" xlink:role="http://www.xbrl.org/2003/role/label">Accounting portfolio</link:label>
    <link:labelArc xlink:type="arc" xlink:arcrole="http://www.xbrl.org/2003/arcrole/concept-label" xlink:from="loc_eba_APL" xlink:to="label_eba_APL" />
    <link:label xlink:type="resource" xlink:label="label_eba_APL_1" xml:lang="en" xlink:role="http://www.xbrl.org/2003/role/verboseLabel">Accounting portfolios shall mean financial instruments aggregated by valuation rules (e.g. "Available-for-sale financial assets"). Accounting portfolios only comprise financial assets and financial liabilities.</link:label>
    <link:labelArc xlink:type="arc" xlink:arcrole="http://www.xbrl.org/2003/arcrole/concept-label" xlink:from="loc_eba_APL" xlink:to="label_eba_APL_1" />
    <link:loc xlink:type="locator" xlink:href="dim.xsd#eba_PLT" xlink:label="loc_eba_PLT" />
    <link:label xlink:type="resource" xlink:label="label_eba_PLT" xml:lang="en" xlink:role="http://www.xbrl.org/2003/role/label">Accounting portfolio of the transferred financial asset to which the liability is associated to</link:label>
    <link:labelArc xlink:type="arc" xlink:arcrole="http://www.xbrl.org/2003/arcrole/concept-label" xlink:from="loc_eba_PLT" xlink:to="label_eba_PLT" />
    <link:label xlink:type="resource" xlink:label="label_eba_PLT_1" xml:lang="en" xlink:role="http://www.xbrl.org/2003/role/verboseLabel">For liabilities associated to a transferred financial asset, it defines the accounting portfolio of the transferred financial asset.</link:label>
    <link:labelArc xlink:type="arc" xlink:arcrole="http://www.xbrl.org/2003/arcrole/concept-label" xlink:from="loc_eba_PLT" xlink:to="label_eba_PLT_1" />
    <link:loc xlink:type="locator" xlink:href="dim.xsd#eba_BLI" xlink:label="loc_eba_BLI" />
    <link:label xlink:type="resource" xlink:label="label_eba_BLI" xml:lang="en" xlink:role="http://www.xbrl.org/2003/role/label">Business line</link:label>
    <link:labelArc xlink:type="arc" xlink:arcrole="http://www.xbrl.org/2003/arcrole/concept-label" xlink:from="loc_eba_BLI" xlink:to="label_eba_BLI" />
    <link:label xlink:type="resource" xlink:label="label_eba_BLI_1" xml:lang="en" xlink:role="http://www.xbrl.org/2003/role/verboseLabel">Defines the business line that generates operational risk.</link:label>
    <link:labelArc xlink:type="arc" xlink:arcrole="http://www.xbrl.org/2003/arcrole/concept-label" xlink:from="loc_eba_BLI" xlink:to="label_eba_BLI_1" />
    <link:loc xlink:type="locator" xlink:href="dim.xsd#eba_COI" xlink:label="loc_eba_COI" />
    <link:label xlink:type="resource" xlink:label="label_eba_COI" xml:lang="en" xlink:role="http://www.xbrl.org/2003/role/label">Callability of the instruments</link:label>
    <link:labelArc xlink:type="arc" xlink:arcrole="http://www.xbrl.org/2003/arcrole/concept-label" xlink:from="loc_eba_COI" xlink:to="label_eba_COI" />
    <link:label xlink:type="resource" xlink:label="label_eba_COI_1" xml:lang="en" xlink:role="http://www.xbrl.org/2003/role/verboseLabel">For instruments on which a call option has been incorporated, it indicates whether they meet the conditions to qualify for inclusion in own funds.</link:label>
    <link:labelArc xlink:type="arc" xlink:arcrole="http://www.xbrl.org/2003/arcrole/concept-label" xlink:from="loc_eba_COI" xlink:to="label_eba_COI_1" />
    <link:loc xlink:type="locator" xlink:href="dim.xsd#eba_MCG" xlink:label="loc_eba_MCG" />
    <link:label xlink:type="resource" xlink:label="label_eba_MCG" xml:lang="en" xlink:role="http://www.xbrl.org/2003/role/label">Main category of collateral or guarantee received</link:label>
    <link:labelArc xlink:type="arc" xlink:arcrole="http://www.xbrl.org/2003/arcrole/concept-label" xlink:from="loc_eba_MCG" xlink:to="label_eba_MCG" />
    <link:label xlink:type="resource" xlink:label="label_eba_MCG_1" xml:lang="en" xlink:role="http://www.xbrl.org/2003/role/verboseLabel">Defines the main category of collateral or guarantees received</link:label>
    <link:labelArc xlink:type="arc" xlink:arcrole="http://www.xbrl.org/2003/arcrole/concept-label" xlink:from="loc_eba_MCG" xlink:to="label_eba_MCG_1" />
    <link:loc xlink:type="locator" xlink:href="dim.xsd#eba_CLS" xlink:label="loc_eba_CLS" />
    <link:label xlink:type="resource" xlink:label="label_eba_CLS" xml:lang="en" xlink:role="http://www.xbrl.org/2003/role/label">Collateral status</link:label>
    <link:labelArc xlink:type="arc" xlink:arcrole="http://www.xbrl.org/2003/arcrole/concept-label" xlink:from="loc_eba_CLS" xlink:to="label_eba_CLS" />
    <link:label xlink:type="resource" xlink:label="label_eba_CLS_1" xml:lang="en" xlink:role="http://www.xbrl.org/2003/role/verboseLabel">Defines the terms and conditions of the collateral given</link:label>
    <link:labelArc xlink:type="arc" xlink:arcrole="http://www.xbrl.org/2003/arcrole/concept-label" xlink:from="loc_eba_CLS" xlink:to="label_eba_CLS_1" />
    <link:loc xlink:type="locator" xlink:href="dim.xsd#eba_CNO" xlink:label="loc_eba_CNO" />
    <link:label xlink:type="resource" xlink:label="label_eba_CNO" xml:lang="en" xlink:role="http://www.xbrl.org/2003/role/label">Controlling and non-controlling owners</link:label>
    <link:labelArc xlink:type="arc" xlink:arcrole="http://www.xbrl.org/2003/arcrole/concept-label" xlink:from="loc_eba_CNO" xlink:to="label_eba_CNO" />
    <link:label xlink:type="resource" xlink:label="label_eba_CNO_1" xml:lang="en" xlink:role="http://www.xbrl.org/2003/role/verboseLabel">For equity components, it indicates whether they belong to the owners of the parent or to non-controlling owners (minority interests).</link:label>
    <link:labelArc xlink:type="arc" xlink:arcrole="http://www.xbrl.org/2003/arcrole/concept-label" xlink:from="loc_eba_CNO" xlink:to="label_eba_CNO_1" />
    <link:loc xlink:type="locator" xlink:href="dim.xsd#eba_CFO" xlink:label="loc_eba_CFO" />
    <link:label xlink:type="resource" xlink:label="label_eba_CFO" xml:lang="en" xlink:role="http://www.xbrl.org/2003/role/label">Conversion factors for off-balance sheet items</link:label>
    <link:labelArc xlink:type="arc" xlink:arcrole="http://www.xbrl.org/2003/arcrole/concept-label" xlink:from="loc_eba_CFO" xlink:to="label_eba_CFO" />
    <link:label xlink:type="resource" xlink:label="label_eba_CFO_1" xml:lang="en" xlink:role="http://www.xbrl.org/2003/role/verboseLabel">For off-balance sheet items, it specifies the value of the conversion factors to be applied to calculate their exposure value.</link:label>
    <link:labelArc xlink:type="arc" xlink:arcrole="http://www.xbrl.org/2003/arcrole/concept-label" xlink:from="loc_eba_CFO" xlink:to="label_eba_CFO_1" />
    <link:loc xlink:type="locator" xlink:href="dim.xsd#eba_CPY" xlink:label="loc_eba_CPY" />
    <link:label xlink:type="resource" xlink:label="label_eba_CPY" xml:lang="en" xlink:role="http://www.xbrl.org/2003/role/label">Counterparty</link:label>
    <link:labelArc xlink:type="arc" xlink:arcrole="http://www.xbrl.org/2003/arcrole/concept-label" xlink:from="loc_eba_CPY" xlink:to="label_eba_CPY" />
    <link:label xlink:type="resource" xlink:label="label_eba_CPY_1" xml:lang="en" xlink:role="http://www.xbrl.org/2003/role/verboseLabel">Specifies whether the counterparty is to be considered a large regulated financial entity according to the CRR.</link:label>
    <link:labelArc xlink:type="arc" xlink:arcrole="http://www.xbrl.org/2003/arcrole/concept-label" xlink:from="loc_eba_CPY" xlink:to="label_eba_CPY_1" />
    <link:loc xlink:type="locator" xlink:href="dim.xsd#eba_CPC" xlink:label="loc_eba_CPC" />
    <link:label xlink:type="resource" xlink:label="label_eba_CPC" xml:lang="en" xlink:role="http://www.xbrl.org/2003/role/label">Counterparty sector of the collateral</link:label>
    <link:labelArc xlink:type="arc" xlink:arcrole="http://www.xbrl.org/2003/arcrole/concept-label" xlink:from="loc_eba_CPC" xlink:to="label_eba_CPC" />
    <link:label xlink:type="resource" xlink:label="label_eba_CPC_1" xml:lang="en" xlink:role="http://www.xbrl.org/2003/role/verboseLabel">Defines the institutional sector of the counterparty of financial instruments received/given as collateral.</link:label>
    <link:labelArc xlink:type="arc" xlink:arcrole="http://www.xbrl.org/2003/arcrole/concept-label" xlink:from="loc_eba_CPC" xlink:to="label_eba_CPC_1" />
    <link:loc xlink:type="locator" xlink:href="dim.xsd#eba_CMA" xlink:label="loc_eba_CMA" />
    <link:label xlink:type="resource" xlink:label="label_eba_CMA" xml:lang="en" xlink:role="http://www.xbrl.org/2003/role/label">Country of the market</link:label>
    <link:labelArc xlink:type="arc" xlink:arcrole="http://www.xbrl.org/2003/arcrole/concept-label" xlink:from="loc_eba_CMA" xlink:to="label_eba_CMA" />
    <link:label xlink:type="resource" xlink:label="label_eba_CMA_1" xml:lang="en" xlink:role="http://www.xbrl.org/2003/role/verboseLabel">Defined the country in which is located the market on which the instrument is traded.</link:label>
    <link:labelArc xlink:type="arc" xlink:arcrole="http://www.xbrl.org/2003/arcrole/concept-label" xlink:from="loc_eba_CMA" xlink:to="label_eba_CMA_1" />
    <link:loc xlink:type="locator" xlink:href="dim.xsd#eba_CEG" xlink:label="loc_eba_CEG" />
    <link:label xlink:type="resource" xlink:label="label_eba_CEG" xml:lang="en" xlink:role="http://www.xbrl.org/2003/role/label">Country where the exposure is generated</link:label>
    <link:labelArc xlink:type="arc" xlink:arcrole="http://www.xbrl.org/2003/arcrole/concept-label" xlink:from="loc_eba_CEG" xlink:to="label_eba_CEG" />
    <link:label xlink:type="resource" xlink:label="label_eba_CEG_1" xml:lang="en" xlink:role="http://www.xbrl.org/2003/role/verboseLabel">Defines the country where the exposure is generated.</link:label>
    <link:labelArc xlink:type="arc" xlink:arcrole="http://www.xbrl.org/2003/arcrole/concept-label" xlink:from="loc_eba_CEG" xlink:to="label_eba_CEG_1" />
    <link:loc xlink:type="locator" xlink:href="dim.xsd#eba_CRM" xlink:label="loc_eba_CRM" />
    <link:label xlink:type="resource" xlink:label="label_eba_CRM" xml:lang="en" xlink:role="http://www.xbrl.org/2003/role/label">CRM Effects/Collateral</link:label>
    <link:labelArc xlink:type="arc" xlink:arcrole="http://www.xbrl.org/2003/arcrole/concept-label" xlink:from="loc_eba_CRM" xlink:to="label_eba_CRM" />
    <link:label xlink:type="resource" xlink:label="label_eba_CRM_1" xml:lang="en" xlink:role="http://www.xbrl.org/2003/role/verboseLabel">When Credit Risk Mitigation techniques are used, it specifies the type of technique that is applied and the effects of that technique.</link:label>
    <link:labelArc xlink:type="arc" xlink:arcrole="http://www.xbrl.org/2003/arcrole/concept-label" xlink:from="loc_eba_CRM" xlink:to="label_eba_CRM_1" />
    <link:loc xlink:type="locator" xlink:href="dim.xsd#eba_CUE" xlink:label="loc_eba_CUE" />
    <link:label xlink:type="resource" xlink:label="label_eba_CUE" xml:lang="en" xlink:role="http://www.xbrl.org/2003/role/label">Currency of the exposure</link:label>
    <link:labelArc xlink:type="arc" xlink:arcrole="http://www.xbrl.org/2003/arcrole/concept-label" xlink:from="loc_eba_CUE" xlink:to="label_eba_CUE" />
    <link:label xlink:type="resource" xlink:label="label_eba_CUE_1" xml:lang="en" xlink:role="http://www.xbrl.org/2003/role/verboseLabel">Defines the currency in which the item is denominated</link:label>
    <link:labelArc xlink:type="arc" xlink:arcrole="http://www.xbrl.org/2003/arcrole/concept-label" xlink:from="loc_eba_CUE" xlink:to="label_eba_CUE_1" />
    <link:loc xlink:type="locator" xlink:href="dim.xsd#eba_DOF" xlink:label="loc_eba_DOF" />
    <link:label xlink:type="resource" xlink:label="label_eba_DOF" xml:lang="en" xlink:role="http://www.xbrl.org/2003/role/label">Deducted from own funds</link:label>
    <link:labelArc xlink:type="arc" xlink:arcrole="http://www.xbrl.org/2003/arcrole/concept-label" xlink:from="loc_eba_DOF" xlink:to="label_eba_DOF" />
    <link:label xlink:type="resource" xlink:label="label_eba_DOF_1" xml:lang="en" xlink:role="http://www.xbrl.org/2003/role/verboseLabel">Specifies if the asset, in calculating the solvency ratio, is or not deducted from own funds.</link:label>
    <link:labelArc xlink:type="arc" xlink:arcrole="http://www.xbrl.org/2003/arcrole/concept-label" xlink:from="loc_eba_DOF" xlink:to="label_eba_DOF_1" />
    <link:loc xlink:type="locator" xlink:href="dim.xsd#eba_DPS" xlink:label="loc_eba_DPS" />
    <link:label xlink:type="resource" xlink:label="label_eba_DPS" xml:lang="en" xlink:role="http://www.xbrl.org/2003/role/label">Derivatives Purchased/Sold</link:label>
    <link:labelArc xlink:type="arc" xlink:arcrole="http://www.xbrl.org/2003/arcrole/concept-label" xlink:from="loc_eba_DPS" xlink:to="label_eba_DPS" />
    <link:label xlink:type="resource" xlink:label="label_eba_DPS_1" xml:lang="en" xlink:role="http://www.xbrl.org/2003/role/verboseLabel">For derivatives, it indicates whether the reporting institution has sold or purchased them.</link:label>
    <link:labelArc xlink:type="arc" xlink:arcrole="http://www.xbrl.org/2003/arcrole/concept-label" xlink:from="loc_eba_DPS" xlink:to="label_eba_DPS_1" />
    <link:loc xlink:type="locator" xlink:href="dim.xsd#eba_COF" xlink:label="loc_eba_COF" />
    <link:label xlink:type="resource" xlink:label="label_eba_COF" xml:lang="en" xlink:role="http://www.xbrl.org/2003/role/label">Eligibility for own funds for transitional period</link:label>
    <link:labelArc xlink:type="arc" xlink:arcrole="http://www.xbrl.org/2003/arcrole/concept-label" xlink:from="loc_eba_COF" xlink:to="label_eba_COF" />
    <link:label xlink:type="resource" xlink:label="label_eba_COF_1" xml:lang="en" xlink:role="http://www.xbrl.org/2003/role/verboseLabel">Defines the eligibility for the various transitional own funds items. This dimension is only applicable during the transitional period.</link:label>
    <link:labelArc xlink:type="arc" xlink:arcrole="http://www.xbrl.org/2003/arcrole/concept-label" xlink:from="loc_eba_COF" xlink:to="label_eba_COF_1" />
    <link:loc xlink:type="locator" xlink:href="dim.xsd#eba_ENC" xlink:label="loc_eba_ENC" />
    <link:label xlink:type="resource" xlink:label="label_eba_ENC" xml:lang="en" xlink:role="http://www.xbrl.org/2003/role/label">Encumbrance</link:label>
    <link:labelArc xlink:type="arc" xlink:arcrole="http://www.xbrl.org/2003/arcrole/concept-label" xlink:from="loc_eba_ENC" xlink:to="label_eba_ENC" />
    <link:label xlink:type="resource" xlink:label="label_eba_ENC_1" xml:lang="en" xlink:role="http://www.xbrl.org/2003/role/verboseLabel">Specifies the condition related to the encumbrance of the asset</link:label>
    <link:labelArc xlink:type="arc" xlink:arcrole="http://www.xbrl.org/2003/arcrole/concept-label" xlink:from="loc_eba_ENC" xlink:to="label_eba_ENC_1" />
    <link:loc xlink:type="locator" xlink:href="dim.xsd#eba_ETY" xlink:label="loc_eba_ETY" />
    <link:label xlink:type="resource" xlink:label="label_eba_ETY" xml:lang="en" xlink:role="http://www.xbrl.org/2003/role/label">Event Type</link:label>
    <link:labelArc xlink:type="arc" xlink:arcrole="http://www.xbrl.org/2003/arcrole/concept-label" xlink:from="loc_eba_ETY" xlink:to="label_eba_ETY" />
    <link:label xlink:type="resource" xlink:label="label_eba_ETY_1" xml:lang="en" xlink:role="http://www.xbrl.org/2003/role/verboseLabel">Defines the type of event that has generated an operational loss.</link:label>
    <link:labelArc xlink:type="arc" xlink:arcrole="http://www.xbrl.org/2003/arcrole/concept-label" xlink:from="loc_eba_ETY" xlink:to="label_eba_ETY_1" />
    <link:loc xlink:type="locator" xlink:href="dim.xsd#eba_ECB" xlink:label="loc_eba_ECB" />
    <link:label xlink:type="resource" xlink:label="label_eba_ECB" xml:lang="en" xlink:role="http://www.xbrl.org/2003/role/label">Exposure class before reassignment</link:label>
    <link:labelArc xlink:type="arc" xlink:arcrole="http://www.xbrl.org/2003/arcrole/concept-label" xlink:from="loc_eba_ECB" xlink:to="label_eba_ECB" />
    <link:label xlink:type="resource" xlink:label="label_eba_ECB_1" xml:lang="en" xlink:role="http://www.xbrl.org/2003/role/verboseLabel">Defines the Exposure class an exposure was assigned to before reassignment to the current exposure class. Applicable for the exposure classes "Exposures in default" and "Exposures secured by mortgages on immovable property" in the Standardised Approach.</link:label>
    <link:labelArc xlink:type="arc" xlink:arcrole="http://www.xbrl.org/2003/arcrole/concept-label" xlink:from="loc_eba_ECB" xlink:to="label_eba_ECB_1" />
    <link:loc xlink:type="locator" xlink:href="dim.xsd#eba_ECC" xlink:label="loc_eba_ECC" />
    <link:label xlink:type="resource" xlink:label="label_eba_ECC" xml:lang="en" xlink:role="http://www.xbrl.org/2003/role/label">Exposure class of the collateral received</link:label>
    <link:labelArc xlink:type="arc" xlink:arcrole="http://www.xbrl.org/2003/arcrole/concept-label" xlink:from="loc_eba_ECC" xlink:to="label_eba_ECC" />
    <link:label xlink:type="resource" xlink:label="label_eba_ECC_1" xml:lang="en" xlink:role="http://www.xbrl.org/2003/role/verboseLabel">For Liquidity purposes, defines the exposure class of the collateral received</link:label>
    <link:labelArc xlink:type="arc" xlink:arcrole="http://www.xbrl.org/2003/arcrole/concept-label" xlink:from="loc_eba_ECC" xlink:to="label_eba_ECC_1" />
    <link:loc xlink:type="locator" xlink:href="dim.xsd#eba_ECW" xlink:label="loc_eba_ECW" />
    <link:label xlink:type="resource" xlink:label="label_eba_ECW" xml:lang="en" xlink:role="http://www.xbrl.org/2003/role/label">Exposure classes used for weighting purposes</link:label>
    <link:labelArc xlink:type="arc" xlink:arcrole="http://www.xbrl.org/2003/arcrole/concept-label" xlink:from="loc_eba_ECW" xlink:to="label_eba_ECW" />
    <link:label xlink:type="resource" xlink:label="label_eba_ECW_1" xml:lang="en" xlink:role="http://www.xbrl.org/2003/role/verboseLabel">For Leverage Ratio templates, defines the assimilated EC used for weighting purposes</link:label>
    <link:labelArc xlink:type="arc" xlink:arcrole="http://www.xbrl.org/2003/arcrole/concept-label" xlink:from="loc_eba_ECW" xlink:to="label_eba_ECW_1" />
    <link:loc xlink:type="locator" xlink:href="dim.xsd#eba_CQI" xlink:label="loc_eba_CQI" />
    <link:label xlink:type="resource" xlink:label="label_eba_CQI" xml:lang="en" xlink:role="http://www.xbrl.org/2003/role/label">Exposures by Credit Quality steps at inception</link:label>
    <link:labelArc xlink:type="arc" xlink:arcrole="http://www.xbrl.org/2003/arcrole/concept-label" xlink:from="loc_eba_CQI" xlink:to="label_eba_CQI" />
    <link:label xlink:type="resource" xlink:label="label_eba_CQI_1" xml:lang="en" xlink:role="http://www.xbrl.org/2003/role/verboseLabel">Defines the credit quality of the securitisation position according to the Credit Quality Steps scale at inception.</link:label>
    <link:labelArc xlink:type="arc" xlink:arcrole="http://www.xbrl.org/2003/arcrole/concept-label" xlink:from="loc_eba_CQI" xlink:to="label_eba_CQI_1" />
    <link:loc xlink:type="locator" xlink:href="dim.xsd#eba_CQS" xlink:label="loc_eba_CQS" />
    <link:label xlink:type="resource" xlink:label="label_eba_CQS" xml:lang="en" xlink:role="http://www.xbrl.org/2003/role/label">Exposures by Credit Quality steps at reporting date</link:label>
    <link:labelArc xlink:type="arc" xlink:arcrole="http://www.xbrl.org/2003/arcrole/concept-label" xlink:from="loc_eba_CQS" xlink:to="label_eba_CQS" />
    <link:label xlink:type="resource" xlink:label="label_eba_CQS_1" xml:lang="en" xlink:role="http://www.xbrl.org/2003/role/verboseLabel">Defines the credit quality of the securitisation exposure position to the Credit Quality Steps scale at the reporting date.</link:label>
    <link:labelArc xlink:type="arc" xlink:arcrole="http://www.xbrl.org/2003/arcrole/concept-label" xlink:from="loc_eba_CQS" xlink:to="label_eba_CQS_1" />
    <link:loc xlink:type="locator" xlink:href="dim.xsd#eba_CQC" xlink:label="loc_eba_CQC" />
    <link:label xlink:type="resource" xlink:label="label_eba_CQC" xml:lang="en" xlink:role="http://www.xbrl.org/2003/role/label">Exposures by Credit Quality steps at reporting date of the collateral</link:label>
    <link:labelArc xlink:type="arc" xlink:arcrole="http://www.xbrl.org/2003/arcrole/concept-label" xlink:from="loc_eba_CQC" xlink:to="label_eba_CQC" />
    <link:label xlink:type="resource" xlink:label="label_eba_CQC_1" xml:lang="en" xlink:role="http://www.xbrl.org/2003/role/verboseLabel">For liquidity purposes, defines the "Exposures by Credit Quality steps at reporting date" of the collateral received</link:label>
    <link:labelArc xlink:type="arc" xlink:arcrole="http://www.xbrl.org/2003/arcrole/concept-label" xlink:from="loc_eba_CQC" xlink:to="label_eba_CQC_1" />
    <link:loc xlink:type="locator" xlink:href="dim.xsd#eba_FVH" xlink:label="loc_eba_FVH" />
    <link:label xlink:type="resource" xlink:label="label_eba_FVH" xml:lang="en" xlink:role="http://www.xbrl.org/2003/role/label">Fair value hierarchy</link:label>
    <link:labelArc xlink:type="arc" xlink:arcrole="http://www.xbrl.org/2003/arcrole/concept-label" xlink:from="loc_eba_FVH" xlink:to="label_eba_FVH" />
    <link:label xlink:type="resource" xlink:label="label_eba_FVH_1" xml:lang="en" xlink:role="http://www.xbrl.org/2003/role/verboseLabel">Determines the level in the fair value hierarchy to which the estimation belongs.</link:label>
    <link:labelArc xlink:type="arc" xlink:arcrole="http://www.xbrl.org/2003/arcrole/concept-label" xlink:from="loc_eba_FVH" xlink:to="label_eba_FVH_1" />
    <link:loc xlink:type="locator" xlink:href="dim.xsd#eba_LIQ" xlink:label="loc_eba_LIQ" />
    <link:label xlink:type="resource" xlink:label="label_eba_LIQ" xml:lang="en" xlink:role="http://www.xbrl.org/2003/role/label">General liquidity requirements</link:label>
    <link:labelArc xlink:type="arc" xlink:arcrole="http://www.xbrl.org/2003/arcrole/concept-label" xlink:from="loc_eba_LIQ" xlink:to="label_eba_LIQ" />
    <link:label xlink:type="resource" xlink:label="label_eba_LIQ_1" xml:lang="en" xlink:role="http://www.xbrl.org/2003/role/verboseLabel">General conditions related to liquidity under the liquidity provisions framework</link:label>
    <link:labelArc xlink:type="arc" xlink:arcrole="http://www.xbrl.org/2003/arcrole/concept-label" xlink:from="loc_eba_LIQ" xlink:to="label_eba_LIQ_1" />
    <link:loc xlink:type="locator" xlink:href="dim.xsd#eba_GTR" xlink:label="loc_eba_GTR" />
    <link:label xlink:type="resource" xlink:label="label_eba_GTR" xml:lang="en" xlink:role="http://www.xbrl.org/2003/role/label">Guarantor</link:label>
    <link:labelArc xlink:type="arc" xlink:arcrole="http://www.xbrl.org/2003/arcrole/concept-label" xlink:from="loc_eba_GTR" xlink:to="label_eba_GTR" />
    <link:label xlink:type="resource" xlink:label="label_eba_GTR_1" xml:lang="en" xlink:role="http://www.xbrl.org/2003/role/verboseLabel">Defines the institutional sector of the guarantor (e.g. Central banks or Credit institutions).</link:label>
    <link:labelArc xlink:type="arc" xlink:arcrole="http://www.xbrl.org/2003/arcrole/concept-label" xlink:from="loc_eba_GTR" xlink:to="label_eba_GTR_1" />
    <link:loc xlink:type="locator" xlink:href="dim.xsd#eba_GTC" xlink:label="loc_eba_GTC" />
    <link:label xlink:type="resource" xlink:label="label_eba_GTC" xml:lang="en" xlink:role="http://www.xbrl.org/2003/role/label">Guarantor of the collateral</link:label>
    <link:labelArc xlink:type="arc" xlink:arcrole="http://www.xbrl.org/2003/arcrole/concept-label" xlink:from="loc_eba_GTC" xlink:to="label_eba_GTC" />
    <link:label xlink:type="resource" xlink:label="label_eba_GTC_1" xml:lang="en" xlink:role="http://www.xbrl.org/2003/role/verboseLabel">Defines the institutional sector of the guarantor of the collateral received/given.</link:label>
    <link:labelArc xlink:type="arc" xlink:arcrole="http://www.xbrl.org/2003/arcrole/concept-label" xlink:from="loc_eba_GTC" xlink:to="label_eba_GTC_1" />
    <link:loc xlink:type="locator" xlink:href="dim.xsd#eba_HFI" xlink:label="loc_eba_HFI" />
    <link:label xlink:type="resource" xlink:label="label_eba_HFI" xml:lang="en" xlink:role="http://www.xbrl.org/2003/role/label">Hybrid instruments</link:label>
    <link:labelArc xlink:type="arc" xlink:arcrole="http://www.xbrl.org/2003/arcrole/concept-label" xlink:from="loc_eba_HFI" xlink:to="label_eba_HFI" />
    <link:label xlink:type="resource" xlink:label="label_eba_HFI_1" xml:lang="en" xlink:role="http://www.xbrl.org/2003/role/verboseLabel">For financial instruments, it indicates whether there are hybrid instruments (i.e. that combine a host contract with embedded derivative contracts) or not.</link:label>
    <link:labelArc xlink:type="arc" xlink:arcrole="http://www.xbrl.org/2003/arcrole/concept-label" xlink:from="loc_eba_HFI" xlink:to="label_eba_HFI_1" />
    <link:loc xlink:type="locator" xlink:href="dim.xsd#eba_IMS" xlink:label="loc_eba_IMS" />
    <link:label xlink:type="resource" xlink:label="label_eba_IMS" xml:lang="en" xlink:role="http://www.xbrl.org/2003/role/label">Impairment status</link:label>
    <link:labelArc xlink:type="arc" xlink:arcrole="http://www.xbrl.org/2003/arcrole/concept-label" xlink:from="loc_eba_IMS" xlink:to="label_eba_IMS" />
    <link:label xlink:type="resource" xlink:label="label_eba_IMS_1" xml:lang="en" xlink:role="http://www.xbrl.org/2003/role/verboseLabel">Status for monitoring credit quality of financial assets and off-balance sheet items (e.g. past due, impaired, defaulted).</link:label>
    <link:labelArc xlink:type="arc" xlink:arcrole="http://www.xbrl.org/2003/arcrole/concept-label" xlink:from="loc_eba_IMS" xlink:to="label_eba_IMS_1" />
    <link:loc xlink:type="locator" xlink:href="dim.xsd#eba_LEC" xlink:label="loc_eba_LEC" />
    <link:label xlink:type="resource" xlink:label="label_eba_LEC" xml:lang="en" xlink:role="http://www.xbrl.org/2003/role/label">Legal entity</link:label>
    <link:labelArc xlink:type="arc" xlink:arcrole="http://www.xbrl.org/2003/arcrole/concept-label" xlink:from="loc_eba_LEC" xlink:to="label_eba_LEC" />
    <link:label xlink:type="resource" xlink:label="label_eba_LEC_1" xml:lang="en" xlink:role="http://www.xbrl.org/2003/role/verboseLabel">Defines the entity code of the entity for which information is provided.</link:label>
    <link:labelArc xlink:type="arc" xlink:arcrole="http://www.xbrl.org/2003/arcrole/concept-label" xlink:from="loc_eba_LEC" xlink:to="label_eba_LEC_1" />
    <link:loc xlink:type="locator" xlink:href="dim.xsd#eba_LQA" xlink:label="loc_eba_LQA" />
    <link:label xlink:type="resource" xlink:label="label_eba_LQA" xml:lang="en" xlink:role="http://www.xbrl.org/2003/role/label">Liquidity quality of assets</link:label>
    <link:labelArc xlink:type="arc" xlink:arcrole="http://www.xbrl.org/2003/arcrole/concept-label" xlink:from="loc_eba_LQA" xlink:to="label_eba_LQA" />
    <link:label xlink:type="resource" xlink:label="label_eba_LQA_1" xml:lang="en" xlink:role="http://www.xbrl.org/2003/role/verboseLabel">Liquidity conditions specified for assets under the liquidity provisions framework</link:label>
    <link:labelArc xlink:type="arc" xlink:arcrole="http://www.xbrl.org/2003/arcrole/concept-label" xlink:from="loc_eba_LQA" xlink:to="label_eba_LQA_1" />
    <link:loc xlink:type="locator" xlink:href="dim.xsd#eba_LQC" xlink:label="loc_eba_LQC" />
    <link:label xlink:type="resource" xlink:label="label_eba_LQC" xml:lang="en" xlink:role="http://www.xbrl.org/2003/role/label">Liquidity quality of collateral received</link:label>
    <link:labelArc xlink:type="arc" xlink:arcrole="http://www.xbrl.org/2003/arcrole/concept-label" xlink:from="loc_eba_LQC" xlink:to="label_eba_LQC" />
    <link:label xlink:type="resource" xlink:label="label_eba_LQC_1" xml:lang="en" xlink:role="http://www.xbrl.org/2003/role/verboseLabel">Liquidity conditions specified for collateral received under the liquidity provisions framework</link:label>
    <link:labelArc xlink:type="arc" xlink:arcrole="http://www.xbrl.org/2003/arcrole/concept-label" xlink:from="loc_eba_LQC" xlink:to="label_eba_LQC_1" />
    <link:loc xlink:type="locator" xlink:href="dim.xsd#eba_LTV" xlink:label="loc_eba_LTV" />
    <link:label xlink:type="resource" xlink:label="label_eba_LTV" xml:lang="en" xlink:role="http://www.xbrl.org/2003/role/label">Loan to value</link:label>
    <link:labelArc xlink:type="arc" xlink:arcrole="http://www.xbrl.org/2003/arcrole/concept-label" xlink:from="loc_eba_LTV" xlink:to="label_eba_LTV" />
    <link:label xlink:type="resource" xlink:label="label_eba_LTV_1" xml:lang="en" xlink:role="http://www.xbrl.org/2003/role/verboseLabel">Ratio of the exposures divided by their collateral.</link:label>
    <link:labelArc xlink:type="arc" xlink:arcrole="http://www.xbrl.org/2003/arcrole/concept-label" xlink:from="loc_eba_LTV" xlink:to="label_eba_LTV_1" />
    <link:loc xlink:type="locator" xlink:href="dim.xsd#eba_LAC" xlink:label="loc_eba_LAC" />
    <link:label xlink:type="resource" xlink:label="label_eba_LAC" xml:lang="en" xlink:role="http://www.xbrl.org/2003/role/label">Location of the activities</link:label>
    <link:labelArc xlink:type="arc" xlink:arcrole="http://www.xbrl.org/2003/arcrole/concept-label" xlink:from="loc_eba_LAC" xlink:to="label_eba_LAC" />
    <link:label xlink:type="resource" xlink:label="label_eba_LAC_1" xml:lang="en" xlink:role="http://www.xbrl.org/2003/role/verboseLabel">Identifies the nature of the geographical area where activities are undertaken. "Location" means the jurisdiction of incorporation of the legal entity which has recognised the asset or liability; for branches, it means the jurisdiction of residence.</link:label>
    <link:labelArc xlink:type="arc" xlink:arcrole="http://www.xbrl.org/2003/arcrole/concept-label" xlink:from="loc_eba_LAC" xlink:to="label_eba_LAC_1" />
    <link:loc xlink:type="locator" xlink:href="dim.xsd#eba_MCD" xlink:label="loc_eba_MCD" />
    <link:label xlink:type="resource" xlink:label="label_eba_MCD" xml:lang="en" xlink:role="http://www.xbrl.org/2003/role/label">Main category of the Defined benefit plan assets</link:label>
    <link:labelArc xlink:type="arc" xlink:arcrole="http://www.xbrl.org/2003/arcrole/concept-label" xlink:from="loc_eba_MCD" xlink:to="label_eba_MCD" />
    <link:label xlink:type="resource" xlink:label="label_eba_MCD_1" xml:lang="en" xlink:role="http://www.xbrl.org/2003/role/verboseLabel">For defined benefit plan assets, defines their nature.</link:label>
    <link:labelArc xlink:type="arc" xlink:arcrole="http://www.xbrl.org/2003/arcrole/concept-label" xlink:from="loc_eba_MCD" xlink:to="label_eba_MCD_1" />
    <link:loc xlink:type="locator" xlink:href="dim.xsd#eba_MCT" xlink:label="loc_eba_MCT" />
    <link:label xlink:type="resource" xlink:label="label_eba_MCT" xml:lang="en" xlink:role="http://www.xbrl.org/2003/role/label">Main category of the transferred financial asset to which the liability is associated to</link:label>
    <link:labelArc xlink:type="arc" xlink:arcrole="http://www.xbrl.org/2003/arcrole/concept-label" xlink:from="loc_eba_MCT" xlink:to="label_eba_MCT" />
    <link:label xlink:type="resource" xlink:label="label_eba_MCT_1" xml:lang="en" xlink:role="http://www.xbrl.org/2003/role/verboseLabel">For liabilities associated to transferred financial assets, defines the type of instrument of the financial asset that has been transferred.</link:label>
    <link:labelArc xlink:type="arc" xlink:arcrole="http://www.xbrl.org/2003/arcrole/concept-label" xlink:from="loc_eba_MCT" xlink:to="label_eba_MCT_1" />
    <link:loc xlink:type="locator" xlink:href="dim.xsd#eba_MCI" xlink:label="loc_eba_MCI" />
    <link:label xlink:type="resource" xlink:label="label_eba_MCI" xml:lang="en" xlink:role="http://www.xbrl.org/2003/role/label">Main category provided of Investee</link:label>
    <link:labelArc xlink:type="arc" xlink:arcrole="http://www.xbrl.org/2003/arcrole/concept-label" xlink:from="loc_eba_MCI" xlink:to="label_eba_MCI" />
    <link:label xlink:type="resource" xlink:label="label_eba_MCI_1" xml:lang="en" xlink:role="http://www.xbrl.org/2003/role/verboseLabel">When information on an "investee-by-investee" basis is provided, specifies the main category of the information on the investee to be reported.</link:label>
    <link:labelArc xlink:type="arc" xlink:arcrole="http://www.xbrl.org/2003/arcrole/concept-label" xlink:from="loc_eba_MCI" xlink:to="label_eba_MCI_1" />
    <link:loc xlink:type="locator" xlink:href="dim.xsd#eba_MCE" xlink:label="loc_eba_MCE" />
    <link:label xlink:type="resource" xlink:label="label_eba_MCE" xml:lang="en" xlink:role="http://www.xbrl.org/2003/role/label">Main category that generates income or expenses</link:label>
    <link:labelArc xlink:type="arc" xlink:arcrole="http://www.xbrl.org/2003/arcrole/concept-label" xlink:from="loc_eba_MCE" xlink:to="label_eba_MCE" />
    <link:label xlink:type="resource" xlink:label="label_eba_MCE_1" xml:lang="en" xlink:role="http://www.xbrl.org/2003/role/verboseLabel">Defines the main category that generates the related income or expense.</link:label>
    <link:labelArc xlink:type="arc" xlink:arcrole="http://www.xbrl.org/2003/arcrole/concept-label" xlink:from="loc_eba_MCE" xlink:to="label_eba_MCE_1" />
    <link:loc xlink:type="locator" xlink:href="dim.xsd#eba_MCL" xlink:label="loc_eba_MCL" />
    <link:label xlink:type="resource" xlink:label="label_eba_MCL" xml:lang="en" xlink:role="http://www.xbrl.org/2003/role/label">Main category that generates the deferred tax liability</link:label>
    <link:labelArc xlink:type="arc" xlink:arcrole="http://www.xbrl.org/2003/arcrole/concept-label" xlink:from="loc_eba_MCL" xlink:to="label_eba_MCL" />
    <link:label xlink:type="resource" xlink:label="label_eba_MCL_1" xml:lang="en" xlink:role="http://www.xbrl.org/2003/role/verboseLabel">Defines the main category generating the deferred tax liability.</link:label>
    <link:labelArc xlink:type="arc" xlink:arcrole="http://www.xbrl.org/2003/arcrole/concept-label" xlink:from="loc_eba_MCL" xlink:to="label_eba_MCL_1" />
    <link:loc xlink:type="locator" xlink:href="dim.xsd#eba_MCP" xlink:label="loc_eba_MCP" />
    <link:label xlink:type="resource" xlink:label="label_eba_MCP" xml:lang="en" xlink:role="http://www.xbrl.org/2003/role/label">Main category of the off-balance sheet item that generates the provision</link:label>
    <link:labelArc xlink:type="arc" xlink:arcrole="http://www.xbrl.org/2003/arcrole/concept-label" xlink:from="loc_eba_MCP" xlink:to="label_eba_MCP" />
    <link:label xlink:type="resource" xlink:label="label_eba_MCP_1" xml:lang="en" xlink:role="http://www.xbrl.org/2003/role/verboseLabel">Defines the main category that generates the related provisions.</link:label>
    <link:labelArc xlink:type="arc" xlink:arcrole="http://www.xbrl.org/2003/arcrole/concept-label" xlink:from="loc_eba_MCP" xlink:to="label_eba_MCP_1" />
    <link:loc xlink:type="locator" xlink:href="dim.xsd#eba_MCU" xlink:label="loc_eba_MCU" />
    <link:label xlink:type="resource" xlink:label="label_eba_MCU" xml:lang="en" xlink:role="http://www.xbrl.org/2003/role/label">Main category of the underlying</link:label>
    <link:labelArc xlink:type="arc" xlink:arcrole="http://www.xbrl.org/2003/arcrole/concept-label" xlink:from="loc_eba_MCU" xlink:to="label_eba_MCU" />
    <link:label xlink:type="resource" xlink:label="label_eba_MCU_1" xml:lang="en" xlink:role="http://www.xbrl.org/2003/role/verboseLabel">Defines the type of instrument underlying another balance or transaction (e.g. short position).</link:label>
    <link:labelArc xlink:type="arc" xlink:arcrole="http://www.xbrl.org/2003/arcrole/concept-label" xlink:from="loc_eba_MCU" xlink:to="label_eba_MCU_1" />
    <link:loc xlink:type="locator" xlink:href="dim.xsd#eba_MRW" xlink:label="loc_eba_MRW" />
    <link:label xlink:type="resource" xlink:label="label_eba_MRW" xml:lang="en" xlink:role="http://www.xbrl.org/2003/role/label">Methods to determine risk weights</link:label>
    <link:labelArc xlink:type="arc" xlink:arcrole="http://www.xbrl.org/2003/arcrole/concept-label" xlink:from="loc_eba_MRW" xlink:to="label_eba_MRW" />
    <link:label xlink:type="resource" xlink:label="label_eba_MRW_1" xml:lang="en" xlink:role="http://www.xbrl.org/2003/role/verboseLabel">Defines the relevant method used to determine the risk weights for capital requirements purposes.</link:label>
    <link:labelArc xlink:type="arc" xlink:arcrole="http://www.xbrl.org/2003/arcrole/concept-label" xlink:from="loc_eba_MRW" xlink:to="label_eba_MRW_1" />
    <link:loc xlink:type="locator" xlink:href="dim.xsd#eba_NAC" xlink:label="loc_eba_NAC" />
    <link:label xlink:type="resource" xlink:label="label_eba_NAC" xml:lang="en" xlink:role="http://www.xbrl.org/2003/role/label">NACE code counterparty</link:label>
    <link:labelArc xlink:type="arc" xlink:arcrole="http://www.xbrl.org/2003/arcrole/concept-label" xlink:from="loc_eba_NAC" xlink:to="label_eba_NAC" />
    <link:label xlink:type="resource" xlink:label="label_eba_NAC_1" xml:lang="en" xlink:role="http://www.xbrl.org/2003/role/verboseLabel">Defines the NACE code of the counterparty, whenever it is applicable.</link:label>
    <link:labelArc xlink:type="arc" xlink:arcrole="http://www.xbrl.org/2003/arcrole/concept-label" xlink:from="loc_eba_NAC" xlink:to="label_eba_NAC_1" />
    <link:loc xlink:type="locator" xlink:href="dim.xsd#eba_OGR" xlink:label="loc_eba_OGR" />
    <link:label xlink:type="resource" xlink:label="label_eba_OGR" xml:lang="en" xlink:role="http://www.xbrl.org/2003/role/label">Obligor grade</link:label>
    <link:labelArc xlink:type="arc" xlink:arcrole="http://www.xbrl.org/2003/arcrole/concept-label" xlink:from="loc_eba_OGR" xlink:to="label_eba_OGR" />
    <link:label xlink:type="resource" xlink:label="label_eba_OGR_1" xml:lang="en" xlink:role="http://www.xbrl.org/2003/role/verboseLabel">Obligor grades or pools of exposures (sequential number, unique per report)</link:label>
    <link:labelArc xlink:type="arc" xlink:arcrole="http://www.xbrl.org/2003/arcrole/concept-label" xlink:from="loc_eba_OGR" xlink:to="label_eba_OGR_1" />
    <link:loc xlink:type="locator" xlink:href="dim.xsd#eba_SRN" xlink:label="loc_eba_SRN" />
    <link:label xlink:type="resource" xlink:label="label_eba_SRN" xml:lang="en" xlink:role="http://www.xbrl.org/2003/role/label">Securitisation Row Number</link:label>
    <link:labelArc xlink:type="arc" xlink:arcrole="http://www.xbrl.org/2003/arcrole/concept-label" xlink:from="loc_eba_SRN" xlink:to="label_eba_SRN" />
    <link:label xlink:type="resource" xlink:label="label_eba_SRN_1" xml:lang="en" xlink:role="http://www.xbrl.org/2003/role/verboseLabel">Row number of securitisation details entry in table C 14 (artificial sequential number, unique per report)</link:label>
    <link:labelArc xlink:type="arc" xlink:arcrole="http://www.xbrl.org/2003/arcrole/concept-label" xlink:from="loc_eba_SRN" xlink:to="label_eba_SRN_1" />
    <link:loc xlink:type="locator" xlink:href="dim.xsd#eba_PAU" xlink:label="loc_eba_PAU" />
    <link:label xlink:type="resource" xlink:label="label_eba_PAU" xml:lang="en" xlink:role="http://www.xbrl.org/2003/role/label">Partial use</link:label>
    <link:labelArc xlink:type="arc" xlink:arcrole="http://www.xbrl.org/2003/arcrole/concept-label" xlink:from="loc_eba_PAU" xlink:to="label_eba_PAU" />
    <link:label xlink:type="resource" xlink:label="label_eba_PAU_1" xml:lang="en" xlink:role="http://www.xbrl.org/2003/role/verboseLabel">Shows exposures subject to partial use</link:label>
    <link:labelArc xlink:type="arc" xlink:arcrole="http://www.xbrl.org/2003/arcrole/concept-label" xlink:from="loc_eba_PAU" xlink:to="label_eba_PAU_1" />
    <link:loc xlink:type="locator" xlink:href="dim.xsd#eba_PIN" xlink:label="loc_eba_PIN" />
    <link:label xlink:type="resource" xlink:label="label_eba_PIN" xml:lang="en" xlink:role="http://www.xbrl.org/2003/role/label">Positions in the instrument</link:label>
    <link:labelArc xlink:type="arc" xlink:arcrole="http://www.xbrl.org/2003/arcrole/concept-label" xlink:from="loc_eba_PIN" xlink:to="label_eba_PIN" />
    <link:label xlink:type="resource" xlink:label="label_eba_PIN_1" xml:lang="en" xlink:role="http://www.xbrl.org/2003/role/verboseLabel">Defines the position (long/short) taken in the instrument, as well as the aggregation level related to the market risk capital requirement calculations (gross/net).</link:label>
    <link:labelArc xlink:type="arc" xlink:arcrole="http://www.xbrl.org/2003/arcrole/concept-label" xlink:from="loc_eba_PIN" xlink:to="label_eba_PIN_1" />
    <link:loc xlink:type="locator" xlink:href="dim.xsd#eba_PRP" xlink:label="loc_eba_PRP" />
    <link:label xlink:type="resource" xlink:label="label_eba_PRP" xml:lang="en" xlink:role="http://www.xbrl.org/2003/role/label">Prudential portfolio</link:label>
    <link:labelArc xlink:type="arc" xlink:arcrole="http://www.xbrl.org/2003/arcrole/concept-label" xlink:from="loc_eba_PRP" xlink:to="label_eba_PRP" />
    <link:label xlink:type="resource" xlink:label="label_eba_PRP_1" xml:lang="en" xlink:role="http://www.xbrl.org/2003/role/verboseLabel">Defines whether it is reported the trading book business, the "banking" book business, or both of them.</link:label>
    <link:labelArc xlink:type="arc" xlink:arcrole="http://www.xbrl.org/2003/arcrole/concept-label" xlink:from="loc_eba_PRP" xlink:to="label_eba_PRP_1" />
    <link:loc xlink:type="locator" xlink:href="dim.xsd#eba_PUR" xlink:label="loc_eba_PUR" />
    <link:label xlink:type="resource" xlink:label="label_eba_PUR" xml:lang="en" xlink:role="http://www.xbrl.org/2003/role/label">Purpose</link:label>
    <link:labelArc xlink:type="arc" xlink:arcrole="http://www.xbrl.org/2003/arcrole/concept-label" xlink:from="loc_eba_PUR" xlink:to="label_eba_PUR" />
    <link:label xlink:type="resource" xlink:label="label_eba_PUR_1" xml:lang="en" xlink:role="http://www.xbrl.org/2003/role/verboseLabel">Defines the purpose of a balance or transaction.</link:label>
    <link:labelArc xlink:type="arc" xlink:arcrole="http://www.xbrl.org/2003/arcrole/concept-label" xlink:from="loc_eba_PUR" xlink:to="label_eba_PUR_1" />
    <link:loc xlink:type="locator" xlink:href="dim.xsd#eba_REF" xlink:label="loc_eba_REF" />
    <link:label xlink:type="resource" xlink:label="label_eba_REF" xml:lang="en" xlink:role="http://www.xbrl.org/2003/role/label">Reference date or period</link:label>
    <link:labelArc xlink:type="arc" xlink:arcrole="http://www.xbrl.org/2003/arcrole/concept-label" xlink:from="loc_eba_REF" xlink:to="label_eba_REF" />
    <link:label xlink:type="resource" xlink:label="label_eba_REF_1" xml:lang="en" xlink:role="http://www.xbrl.org/2003/role/verboseLabel">Specifies the date or the period to which the data is referred</link:label>
    <link:labelArc xlink:type="arc" xlink:arcrole="http://www.xbrl.org/2003/arcrole/concept-label" xlink:from="loc_eba_REF" xlink:to="label_eba_REF_1" />
    <link:loc xlink:type="locator" xlink:href="dim.xsd#eba_RPR" xlink:label="loc_eba_RPR" />
    <link:label xlink:type="resource" xlink:label="label_eba_RPR" xml:lang="en" xlink:role="http://www.xbrl.org/2003/role/label">Related parties/Relationships</link:label>
    <link:labelArc xlink:type="arc" xlink:arcrole="http://www.xbrl.org/2003/arcrole/concept-label" xlink:from="loc_eba_RPR" xlink:to="label_eba_RPR" />
    <link:label xlink:type="resource" xlink:label="label_eba_RPR_1" xml:lang="en" xlink:role="http://www.xbrl.org/2003/role/verboseLabel">Defines the relationship between the reporting institution with an entity or a person; in particular, it specifies the type of related party.</link:label>
    <link:labelArc xlink:type="arc" xlink:arcrole="http://www.xbrl.org/2003/arcrole/concept-label" xlink:from="loc_eba_RPR" xlink:to="label_eba_RPR_1" />
    <link:loc xlink:type="locator" xlink:href="dim.xsd#eba_RCP" xlink:label="loc_eba_RCP" />
    <link:label xlink:type="resource" xlink:label="label_eba_RCP" xml:lang="en" xlink:role="http://www.xbrl.org/2003/role/label">Residence of counterparty</link:label>
    <link:labelArc xlink:type="arc" xlink:arcrole="http://www.xbrl.org/2003/arcrole/concept-label" xlink:from="loc_eba_RCP" xlink:to="label_eba_RCP" />
    <link:label xlink:type="resource" xlink:label="label_eba_RCP_1" xml:lang="en" xlink:role="http://www.xbrl.org/2003/role/verboseLabel">Defines the geographical area where the counterparty of the contract or transaction resides.</link:label>
    <link:labelArc xlink:type="arc" xlink:arcrole="http://www.xbrl.org/2003/arcrole/concept-label" xlink:from="loc_eba_RCP" xlink:to="label_eba_RCP_1" />
    <link:loc xlink:type="locator" xlink:href="dim.xsd#eba_RES" xlink:label="loc_eba_RES" />
    <link:label xlink:type="resource" xlink:label="label_eba_RES" xml:lang="en" xlink:role="http://www.xbrl.org/2003/role/label">Residual maturity</link:label>
    <link:labelArc xlink:type="arc" xlink:arcrole="http://www.xbrl.org/2003/arcrole/concept-label" xlink:from="loc_eba_RES" xlink:to="label_eba_RES" />
    <link:label xlink:type="resource" xlink:label="label_eba_RES_1" xml:lang="en" xlink:role="http://www.xbrl.org/2003/role/verboseLabel">Time remaining from the reporting date to the maturity date.</link:label>
    <link:labelArc xlink:type="arc" xlink:arcrole="http://www.xbrl.org/2003/arcrole/concept-label" xlink:from="loc_eba_RES" xlink:to="label_eba_RES_1" />
    <link:loc xlink:type="locator" xlink:href="dim.xsd#eba_RWS" xlink:label="loc_eba_RWS" />
    <link:label xlink:type="resource" xlink:label="label_eba_RWS" xml:lang="en" xlink:role="http://www.xbrl.org/2003/role/label">Risk weights</link:label>
    <link:labelArc xlink:type="arc" xlink:arcrole="http://www.xbrl.org/2003/arcrole/concept-label" xlink:from="loc_eba_RWS" xlink:to="label_eba_RWS" />
    <link:label xlink:type="resource" xlink:label="label_eba_RWS_1" xml:lang="en" xlink:role="http://www.xbrl.org/2003/role/verboseLabel">Specifies the value of the risk weights that are applied to an exposure for capital requirement purposes.</link:label>
    <link:labelArc xlink:type="arc" xlink:arcrole="http://www.xbrl.org/2003/arcrole/concept-label" xlink:from="loc_eba_RWS" xlink:to="label_eba_RWS_1" />
    <link:loc xlink:type="locator" xlink:href="dim.xsd#eba_RWC" xlink:label="loc_eba_RWC" />
    <link:label xlink:type="resource" xlink:label="label_eba_RWC" xml:lang="en" xlink:role="http://www.xbrl.org/2003/role/label">Risk weights of the collateral</link:label>
    <link:labelArc xlink:type="arc" xlink:arcrole="http://www.xbrl.org/2003/arcrole/concept-label" xlink:from="loc_eba_RWC" xlink:to="label_eba_RWC" />
    <link:label xlink:type="resource" xlink:label="label_eba_RWC_1" xml:lang="en" xlink:role="http://www.xbrl.org/2003/role/verboseLabel">Specifies the value of the risk weights that would be applied apply for capital requirement purposes to a collateral.</link:label>
    <link:labelArc xlink:type="arc" xlink:arcrole="http://www.xbrl.org/2003/arcrole/concept-label" xlink:from="loc_eba_RWC" xlink:to="label_eba_RWC_1" />
    <link:loc xlink:type="locator" xlink:href="dim.xsd#eba_RSP" xlink:label="loc_eba_RSP" />
    <link:label xlink:type="resource" xlink:label="label_eba_RSP" xml:lang="en" xlink:role="http://www.xbrl.org/2003/role/label">Role in the securitisation process</link:label>
    <link:labelArc xlink:type="arc" xlink:arcrole="http://www.xbrl.org/2003/arcrole/concept-label" xlink:from="loc_eba_RSP" xlink:to="label_eba_RSP" />
    <link:label xlink:type="resource" xlink:label="label_eba_RSP_1" xml:lang="en" xlink:role="http://www.xbrl.org/2003/role/verboseLabel">Defines the role played by the reporting entity in the securitisation process.</link:label>
    <link:labelArc xlink:type="arc" xlink:arcrole="http://www.xbrl.org/2003/arcrole/concept-label" xlink:from="loc_eba_RSP" xlink:to="label_eba_RSP_1" />
    <link:loc xlink:type="locator" xlink:href="dim.xsd#eba_SST" xlink:label="loc_eba_SST" />
    <link:label xlink:type="resource" xlink:label="label_eba_SST" xml:lang="en" xlink:role="http://www.xbrl.org/2003/role/label">Securitisation structure</link:label>
    <link:labelArc xlink:type="arc" xlink:arcrole="http://www.xbrl.org/2003/arcrole/concept-label" xlink:from="loc_eba_SST" xlink:to="label_eba_SST" />
    <link:label xlink:type="resource" xlink:label="label_eba_SST_1" xml:lang="en" xlink:role="http://www.xbrl.org/2003/role/verboseLabel">Defines the tranche of the exposure in the securitisation structure.</link:label>
    <link:labelArc xlink:type="arc" xlink:arcrole="http://www.xbrl.org/2003/arcrole/concept-label" xlink:from="loc_eba_SST" xlink:to="label_eba_SST_1" />
    <link:loc xlink:type="locator" xlink:href="dim.xsd#eba_STC" xlink:label="loc_eba_STC" />
    <link:label xlink:type="resource" xlink:label="label_eba_STC" xml:lang="en" xlink:role="http://www.xbrl.org/2003/role/label">Security</link:label>
    <link:labelArc xlink:type="arc" xlink:arcrole="http://www.xbrl.org/2003/arcrole/concept-label" xlink:from="loc_eba_STC" xlink:to="label_eba_STC" />
    <link:label xlink:type="resource" xlink:label="label_eba_STC_1" xml:lang="en" xlink:role="http://www.xbrl.org/2003/role/verboseLabel">When information is provided on a security-by-security basis, defines the code of the security for which information is provided.</link:label>
    <link:labelArc xlink:type="arc" xlink:arcrole="http://www.xbrl.org/2003/arcrole/concept-label" xlink:from="loc_eba_STC" xlink:to="label_eba_STC_1" />
    <link:loc xlink:type="locator" xlink:href="dim.xsd#eba_INV" xlink:label="loc_eba_INV" />
    <link:label xlink:type="resource" xlink:label="label_eba_INV" xml:lang="en" xlink:role="http://www.xbrl.org/2003/role/label">Significant investments</link:label>
    <link:labelArc xlink:type="arc" xlink:arcrole="http://www.xbrl.org/2003/arcrole/concept-label" xlink:from="loc_eba_INV" xlink:to="label_eba_INV" />
    <link:label xlink:type="resource" xlink:label="label_eba_INV_1" xml:lang="en" xlink:role="http://www.xbrl.org/2003/role/verboseLabel">For the purposes of deductions of own funds, it indicates whether the reporting institutions has a significant investment in another entity.</link:label>
    <link:labelArc xlink:type="arc" xlink:arcrole="http://www.xbrl.org/2003/arcrole/concept-label" xlink:from="loc_eba_INV" xlink:to="label_eba_INV_1" />
    <link:loc xlink:type="locator" xlink:href="dim.xsd#eba_SCC" xlink:label="loc_eba_SCC" />
    <link:label xlink:type="resource" xlink:label="label_eba_SCC" xml:lang="en" xlink:role="http://www.xbrl.org/2003/role/label">Specific contract clauses or netting agreements</link:label>
    <link:labelArc xlink:type="arc" xlink:arcrole="http://www.xbrl.org/2003/arcrole/concept-label" xlink:from="loc_eba_SCC" xlink:to="label_eba_SCC" />
    <link:label xlink:type="resource" xlink:label="label_eba_SCC_1" xml:lang="en" xlink:role="http://www.xbrl.org/2003/role/verboseLabel">Defines specific contract clauses or netting agreements.</link:label>
    <link:labelArc xlink:type="arc" xlink:arcrole="http://www.xbrl.org/2003/arcrole/concept-label" xlink:from="loc_eba_SCC" xlink:to="label_eba_SCC_1" />
    <link:loc xlink:type="locator" xlink:href="dim.xsd#eba_SLQ" xlink:label="loc_eba_SLQ" />
    <link:label xlink:type="resource" xlink:label="label_eba_SLQ" xml:lang="en" xlink:role="http://www.xbrl.org/2003/role/label">Specific liquidity requirements</link:label>
    <link:labelArc xlink:type="arc" xlink:arcrole="http://www.xbrl.org/2003/arcrole/concept-label" xlink:from="loc_eba_SLQ" xlink:to="label_eba_SLQ" />
    <link:label xlink:type="resource" xlink:label="label_eba_SLQ_1" xml:lang="en" xlink:role="http://www.xbrl.org/2003/role/verboseLabel">Specific conditions related to liquidity under the liquidity provisions framework</link:label>
    <link:labelArc xlink:type="arc" xlink:arcrole="http://www.xbrl.org/2003/arcrole/concept-label" xlink:from="loc_eba_SLQ" xlink:to="label_eba_SLQ_1" />
    <link:loc xlink:type="locator" xlink:href="dim.xsd#eba_SOL" xlink:label="loc_eba_SOL" />
    <link:label xlink:type="resource" xlink:label="label_eba_SOL" xml:lang="en" xlink:role="http://www.xbrl.org/2003/role/label">Subject to operating lease (reporting entity lessor)</link:label>
    <link:labelArc xlink:type="arc" xlink:arcrole="http://www.xbrl.org/2003/arcrole/concept-label" xlink:from="loc_eba_SOL" xlink:to="label_eba_SOL" />
    <link:label xlink:type="resource" xlink:label="label_eba_SOL_1" xml:lang="en" xlink:role="http://www.xbrl.org/2003/role/verboseLabel">For tangible and intangible assets, it indicates whether they are subject to operating leases in which the reporting institution is the lessor.</link:label>
    <link:labelArc xlink:type="arc" xlink:arcrole="http://www.xbrl.org/2003/arcrole/concept-label" xlink:from="loc_eba_SOL" xlink:to="label_eba_SOL_1" />
    <link:loc xlink:type="locator" xlink:href="dim.xsd#eba_SUB" xlink:label="loc_eba_SUB" />
    <link:label xlink:type="resource" xlink:label="label_eba_SUB" xml:lang="en" xlink:role="http://www.xbrl.org/2003/role/label">Subordinated</link:label>
    <link:labelArc xlink:type="arc" xlink:arcrole="http://www.xbrl.org/2003/arcrole/concept-label" xlink:from="loc_eba_SUB" xlink:to="label_eba_SUB" />
    <link:label xlink:type="resource" xlink:label="label_eba_SUB_1" xml:lang="en" xlink:role="http://www.xbrl.org/2003/role/verboseLabel">Indicates that the financial instrument is a subordinated financial asset or liability</link:label>
    <link:labelArc xlink:type="arc" xlink:arcrole="http://www.xbrl.org/2003/arcrole/concept-label" xlink:from="loc_eba_SUB" xlink:to="label_eba_SUB_1" />
    <link:loc xlink:type="locator" xlink:href="dim.xsd#eba_DST" xlink:label="loc_eba_DST" />
    <link:label xlink:type="resource" xlink:label="label_eba_DST" xml:lang="en" xlink:role="http://www.xbrl.org/2003/role/label">Time from the due time for settlement</link:label>
    <link:labelArc xlink:type="arc" xlink:arcrole="http://www.xbrl.org/2003/arcrole/concept-label" xlink:from="loc_eba_DST" xlink:to="label_eba_DST" />
    <link:label xlink:type="resource" xlink:label="label_eba_DST_1" xml:lang="en" xlink:role="http://www.xbrl.org/2003/role/verboseLabel">Time passed between the settlement date and the reference date.</link:label>
    <link:labelArc xlink:type="arc" xlink:arcrole="http://www.xbrl.org/2003/arcrole/concept-label" xlink:from="loc_eba_DST" xlink:to="label_eba_DST_1" />
    <link:loc xlink:type="locator" xlink:href="dim.xsd#eba_EUT" xlink:label="loc_eba_EUT" />
    <link:label xlink:type="resource" xlink:label="label_eba_EUT" xml:lang="en" xlink:role="http://www.xbrl.org/2003/role/label">Time of encumbrance</link:label>
    <link:labelArc xlink:type="arc" xlink:arcrole="http://www.xbrl.org/2003/arcrole/concept-label" xlink:from="loc_eba_EUT" xlink:to="label_eba_EUT" />
    <link:label xlink:type="resource" xlink:label="label_eba_EUT_1" xml:lang="en" xlink:role="http://www.xbrl.org/2003/role/verboseLabel">Specifies the time that the assets is expected to remain encumbered.</link:label>
    <link:labelArc xlink:type="arc" xlink:arcrole="http://www.xbrl.org/2003/arcrole/concept-label" xlink:from="loc_eba_EUT" xlink:to="label_eba_EUT_1" />
    <link:loc xlink:type="locator" xlink:href="dim.xsd#eba_TPD" xlink:label="loc_eba_TPD" />
    <link:label xlink:type="resource" xlink:label="label_eba_TPD" xml:lang="en" xlink:role="http://www.xbrl.org/2003/role/label">Time past due</link:label>
    <link:labelArc xlink:type="arc" xlink:arcrole="http://www.xbrl.org/2003/arcrole/concept-label" xlink:from="loc_eba_TPD" xlink:to="label_eba_TPD" />
    <link:label xlink:type="resource" xlink:label="label_eba_TPD_1" xml:lang="en" xlink:role="http://www.xbrl.org/2003/role/verboseLabel">For debt instruments that are past due, time passed between the date on which the payment was due and the reference date.</link:label>
    <link:labelArc xlink:type="arc" xlink:arcrole="http://www.xbrl.org/2003/arcrole/concept-label" xlink:from="loc_eba_TPD" xlink:to="label_eba_TPD_1" />
    <link:loc xlink:type="locator" xlink:href="dim.xsd#eba_REC" xlink:label="loc_eba_REC" />
    <link:label xlink:type="resource" xlink:label="label_eba_REC" xml:lang="en" xlink:role="http://www.xbrl.org/2003/role/label">To be reclassified to profit or loss</link:label>
    <link:labelArc xlink:type="arc" xlink:arcrole="http://www.xbrl.org/2003/arcrole/concept-label" xlink:from="loc_eba_REC" xlink:to="label_eba_REC" />
    <link:label xlink:type="resource" xlink:label="label_eba_REC_1" xml:lang="en" xlink:role="http://www.xbrl.org/2003/role/verboseLabel">For the accumulated other comprehensive income items, it indicates whether they could be reclassified to profit and loss.</link:label>
    <link:labelArc xlink:type="arc" xlink:arcrole="http://www.xbrl.org/2003/arcrole/concept-label" xlink:from="loc_eba_REC" xlink:to="label_eba_REC_1" />
    <link:loc xlink:type="locator" xlink:href="dim.xsd#eba_TOF" xlink:label="loc_eba_TOF" />
    <link:label xlink:type="resource" xlink:label="label_eba_TOF" xml:lang="en" xlink:role="http://www.xbrl.org/2003/role/label">Transitionally treated as in Own Funds</link:label>
    <link:labelArc xlink:type="arc" xlink:arcrole="http://www.xbrl.org/2003/arcrole/concept-label" xlink:from="loc_eba_TOF" xlink:to="label_eba_TOF" />
    <link:label xlink:type="resource" xlink:label="label_eba_TOF_1" xml:lang="en" xlink:role="http://www.xbrl.org/2003/role/verboseLabel">Those items are included transitionally as a higher (instruments) or lower (deductions) in level of own funds, although they do not meet the criteria (instruments).</link:label>
    <link:labelArc xlink:type="arc" xlink:arcrole="http://www.xbrl.org/2003/arcrole/concept-label" xlink:from="loc_eba_TOF" xlink:to="label_eba_TOF_1" />
    <link:loc xlink:type="locator" xlink:href="dim.xsd#eba_TYA" xlink:label="loc_eba_TYA" />
    <link:label xlink:type="resource" xlink:label="label_eba_TYA" xml:lang="en" xlink:role="http://www.xbrl.org/2003/role/label">Type of activity</link:label>
    <link:labelArc xlink:type="arc" xlink:arcrole="http://www.xbrl.org/2003/arcrole/concept-label" xlink:from="loc_eba_TYA" xlink:to="label_eba_TYA" />
    <link:label xlink:type="resource" xlink:label="label_eba_TYA_1" xml:lang="en" xlink:role="http://www.xbrl.org/2003/role/verboseLabel">Defines the type of activity (e.g. asset management or custody).</link:label>
    <link:labelArc xlink:type="arc" xlink:arcrole="http://www.xbrl.org/2003/arcrole/concept-label" xlink:from="loc_eba_TYA" xlink:to="label_eba_TYA_1" />
    <link:loc xlink:type="locator" xlink:href="dim.xsd#eba_TYR" xlink:label="loc_eba_TYR" />
    <link:label xlink:type="resource" xlink:label="label_eba_TYR" xml:lang="en" xlink:role="http://www.xbrl.org/2003/role/label">Type of activity of Related parties/Relationships</link:label>
    <link:labelArc xlink:type="arc" xlink:arcrole="http://www.xbrl.org/2003/arcrole/concept-label" xlink:from="loc_eba_TYR" xlink:to="label_eba_TYR" />
    <link:label xlink:type="resource" xlink:label="label_eba_TYR_1" xml:lang="en" xlink:role="http://www.xbrl.org/2003/role/verboseLabel">Defines the nature of the activities of related parties.</link:label>
    <link:labelArc xlink:type="arc" xlink:arcrole="http://www.xbrl.org/2003/arcrole/concept-label" xlink:from="loc_eba_TYR" xlink:to="label_eba_TYR_1" />
    <link:loc xlink:type="locator" xlink:href="dim.xsd#eba_ALO" xlink:label="loc_eba_ALO" />
    <link:label xlink:type="resource" xlink:label="label_eba_ALO" xml:lang="en" xlink:role="http://www.xbrl.org/2003/role/label">Type of allowance</link:label>
    <link:labelArc xlink:type="arc" xlink:arcrole="http://www.xbrl.org/2003/arcrole/concept-label" xlink:from="loc_eba_ALO" xlink:to="label_eba_ALO" />
    <link:label xlink:type="resource" xlink:label="label_eba_ALO_1" xml:lang="en" xlink:role="http://www.xbrl.org/2003/role/verboseLabel">Specifies the type of allowance for credit losses.</link:label>
    <link:labelArc xlink:type="arc" xlink:arcrole="http://www.xbrl.org/2003/arcrole/concept-label" xlink:from="loc_eba_ALO" xlink:to="label_eba_ALO_1" />
    <link:loc xlink:type="locator" xlink:href="dim.xsd#eba_TAC" xlink:label="loc_eba_TAC" />
    <link:label xlink:type="resource" xlink:label="label_eba_TAC" xml:lang="en" xlink:role="http://www.xbrl.org/2003/role/label">Type of assets with collateral received</link:label>
    <link:labelArc xlink:type="arc" xlink:arcrole="http://www.xbrl.org/2003/arcrole/concept-label" xlink:from="loc_eba_TAC" xlink:to="label_eba_TAC" />
    <link:label xlink:type="resource" xlink:label="label_eba_TAC_1" xml:lang="en" xlink:role="http://www.xbrl.org/2003/role/verboseLabel">Specifies the type of assets for which financial assets have been received as collateral.</link:label>
    <link:labelArc xlink:type="arc" xlink:arcrole="http://www.xbrl.org/2003/arcrole/concept-label" xlink:from="loc_eba_TAC" xlink:to="label_eba_TAC_1" />
    <link:loc xlink:type="locator" xlink:href="dim.xsd#eba_TCP" xlink:label="loc_eba_TCP" />
    <link:label xlink:type="resource" xlink:label="label_eba_TCP" xml:lang="en" xlink:role="http://www.xbrl.org/2003/role/label">Type of credit protection</link:label>
    <link:labelArc xlink:type="arc" xlink:arcrole="http://www.xbrl.org/2003/arcrole/concept-label" xlink:from="loc_eba_TCP" xlink:to="label_eba_TCP" />
    <link:label xlink:type="resource" xlink:label="label_eba_TCP_1" xml:lang="en" xlink:role="http://www.xbrl.org/2003/role/verboseLabel">Specifies the type of credit protection</link:label>
    <link:labelArc xlink:type="arc" xlink:arcrole="http://www.xbrl.org/2003/arcrole/concept-label" xlink:from="loc_eba_TCP" xlink:to="label_eba_TCP_1" />
    <link:loc xlink:type="locator" xlink:href="dim.xsd#eba_TIF" xlink:label="loc_eba_TIF" />
    <link:label xlink:type="resource" xlink:label="label_eba_TIF" xml:lang="en" xlink:role="http://www.xbrl.org/2003/role/label">Type of investment firm</link:label>
    <link:labelArc xlink:type="arc" xlink:arcrole="http://www.xbrl.org/2003/arcrole/concept-label" xlink:from="loc_eba_TIF" xlink:to="label_eba_TIF" />
    <link:label xlink:type="resource" xlink:label="label_eba_TIF_1" xml:lang="en" xlink:role="http://www.xbrl.org/2003/role/verboseLabel">Specifies the type activities authorised to the effects of the calculation of own funds requirements for investment firms with limited activities.</link:label>
    <link:labelArc xlink:type="arc" xlink:arcrole="http://www.xbrl.org/2003/arcrole/concept-label" xlink:from="loc_eba_TIF" xlink:to="label_eba_TIF_1" />
    <link:loc xlink:type="locator" xlink:href="dim.xsd#eba_TMA" xlink:label="loc_eba_TMA" />
    <link:label xlink:type="resource" xlink:label="label_eba_TMA" xml:lang="en" xlink:role="http://www.xbrl.org/2003/role/label">Type of market</link:label>
    <link:labelArc xlink:type="arc" xlink:arcrole="http://www.xbrl.org/2003/arcrole/concept-label" xlink:from="loc_eba_TMA" xlink:to="label_eba_TMA" />
    <link:label xlink:type="resource" xlink:label="label_eba_TMA_1" xml:lang="en" xlink:role="http://www.xbrl.org/2003/role/verboseLabel">Defines the type of market on which reported instruments are traded.</link:label>
    <link:labelArc xlink:type="arc" xlink:arcrole="http://www.xbrl.org/2003/arcrole/concept-label" xlink:from="loc_eba_TMA" xlink:to="label_eba_TMA_1" />
    <link:loc xlink:type="locator" xlink:href="dim.xsd#eba_TRT" xlink:label="loc_eba_TRT" />
    <link:label xlink:type="resource" xlink:label="label_eba_TRT" xml:lang="en" xlink:role="http://www.xbrl.org/2003/role/label">Type of risk transfer</link:label>
    <link:labelArc xlink:type="arc" xlink:arcrole="http://www.xbrl.org/2003/arcrole/concept-label" xlink:from="loc_eba_TRT" xlink:to="label_eba_TRT" />
    <link:label xlink:type="resource" xlink:label="label_eba_TRT_1" xml:lang="en" xlink:role="http://www.xbrl.org/2003/role/verboseLabel">Defines the way in which a risk has been transferred in a securitisation (traditional or synthetic securitisations).</link:label>
    <link:labelArc xlink:type="arc" xlink:arcrole="http://www.xbrl.org/2003/arcrole/concept-label" xlink:from="loc_eba_TRT" xlink:to="label_eba_TRT_1" />
    <link:loc xlink:type="locator" xlink:href="dim.xsd#eba_TSE" xlink:label="loc_eba_TSE" />
    <link:label xlink:type="resource" xlink:label="label_eba_TSE" xml:lang="en" xlink:role="http://www.xbrl.org/2003/role/label">Type of securitisation</link:label>
    <link:labelArc xlink:type="arc" xlink:arcrole="http://www.xbrl.org/2003/arcrole/concept-label" xlink:from="loc_eba_TSE" xlink:to="label_eba_TSE" />
    <link:label xlink:type="resource" xlink:label="label_eba_TSE_1" xml:lang="en" xlink:role="http://www.xbrl.org/2003/role/verboseLabel">Specifies the type of securitisation.</link:label>
    <link:labelArc xlink:type="arc" xlink:arcrole="http://www.xbrl.org/2003/arcrole/concept-label" xlink:from="loc_eba_TSE" xlink:to="label_eba_TSE_1" />
    <link:loc xlink:type="locator" xlink:href="dim.xsd#eba_UES" xlink:label="loc_eba_UES" />
    <link:label xlink:type="resource" xlink:label="label_eba_UES" xml:lang="en" xlink:role="http://www.xbrl.org/2003/role/label">Type of underlying</link:label>
    <link:labelArc xlink:type="arc" xlink:arcrole="http://www.xbrl.org/2003/arcrole/concept-label" xlink:from="loc_eba_UES" xlink:to="label_eba_UES" />
    <link:label xlink:type="resource" xlink:label="label_eba_UES_1" xml:lang="en" xlink:role="http://www.xbrl.org/2003/role/verboseLabel">For securitisations, defines the underlying securitised items.</link:label>
    <link:labelArc xlink:type="arc" xlink:arcrole="http://www.xbrl.org/2003/arcrole/concept-label" xlink:from="loc_eba_UES" xlink:to="label_eba_UES_1" />
    <link:loc xlink:type="locator" xlink:href="dim.xsd#eba_ALM" xlink:label="loc_eba_ALM" />
    <link:label xlink:type="resource" xlink:label="label_eba_ALM" xml:lang="en" xlink:role="http://www.xbrl.org/2003/role/label">Use of allocation mechanism</link:label>
    <link:labelArc xlink:type="arc" xlink:arcrole="http://www.xbrl.org/2003/arcrole/concept-label" xlink:from="loc_eba_ALM" xlink:to="label_eba_ALM" />
    <link:label xlink:type="resource" xlink:label="label_eba_ALM_1" xml:lang="en" xlink:role="http://www.xbrl.org/2003/role/verboseLabel">For activities subject to AMA, it indicates whether an allocation mechanism has been used.</link:label>
    <link:labelArc xlink:type="arc" xlink:arcrole="http://www.xbrl.org/2003/arcrole/concept-label" xlink:from="loc_eba_ALM" xlink:to="label_eba_ALM_1" />
    <link:loc xlink:type="locator" xlink:href="dim.xsd#eba_EXT" xlink:label="loc_eba_EXT" />
    <link:label xlink:type="resource" xlink:label="label_eba_EXT" xml:lang="en" xlink:role="http://www.xbrl.org/2003/role/label">Use of external ratings</link:label>
    <link:labelArc xlink:type="arc" xlink:arcrole="http://www.xbrl.org/2003/arcrole/concept-label" xlink:from="loc_eba_EXT" xlink:to="label_eba_EXT" />
    <link:label xlink:type="resource" xlink:label="label_eba_EXT_1" xml:lang="en" xlink:role="http://www.xbrl.org/2003/role/verboseLabel">Defines the type of credit external ratings applying to the exposure.</link:label>
    <link:labelArc xlink:type="arc" xlink:arcrole="http://www.xbrl.org/2003/arcrole/concept-label" xlink:from="loc_eba_EXT" xlink:to="label_eba_EXT_1" />
    <link:loc xlink:type="locator" xlink:href="dim.xsd#eba_SCO" xlink:label="loc_eba_SCO" />
    <link:label xlink:type="resource" xlink:label="label_eba_SCO" xml:lang="en" xlink:role="http://www.xbrl.org/2003/role/label">Scope of consolidation</link:label>
    <link:labelArc xlink:type="arc" xlink:arcrole="http://www.xbrl.org/2003/arcrole/concept-label" xlink:from="loc_eba_SCO" xlink:to="label_eba_SCO" />
    <link:label xlink:type="resource" xlink:label="label_eba_SCO_1" xml:lang="en" xlink:role="http://www.xbrl.org/2003/role/verboseLabel">Specifies the scope of consolidation of reporting when different from CRR scope</link:label>
    <link:labelArc xlink:type="arc" xlink:arcrole="http://www.xbrl.org/2003/arcrole/concept-label" xlink:from="loc_eba_SCO" xlink:to="label_eba_SCO_1" />
    <link:loc xlink:type="locator" xlink:href="dim.xsd#eba_MCS" xlink:label="loc_eba_MCS" />
    <link:label xlink:type="resource" xlink:label="label_eba_MCS" xml:lang="en" xlink:role="http://www.xbrl.org/2003/role/label">Main category of the source of encumbrance</link:label>
    <link:labelArc xlink:type="arc" xlink:arcrole="http://www.xbrl.org/2003/arcrole/concept-label" xlink:from="loc_eba_MCS" xlink:to="label_eba_MCS" />
    <link:label xlink:type="resource" xlink:label="label_eba_MCS_1" xml:lang="en" xlink:role="http://www.xbrl.org/2003/role/verboseLabel">For encumbered assets, defines the main category of the transaction that entails encumbrance; for liabilities/contingent liabilities, identifies those who are a source of encumbrance</link:label>
    <link:labelArc xlink:type="arc" xlink:arcrole="http://www.xbrl.org/2003/arcrole/concept-label" xlink:from="loc_eba_MCS" xlink:to="label_eba_MCS_1" />
    <link:loc xlink:type="locator" xlink:href="dim.xsd#eba_CPE" xlink:label="loc_eba_CPE" />
    <link:label xlink:type="resource" xlink:label="label_eba_CPE" xml:lang="en" xlink:role="http://www.xbrl.org/2003/role/label">Counterparty sector of the source of encumbrance</link:label>
    <link:labelArc xlink:type="arc" xlink:arcrole="http://www.xbrl.org/2003/arcrole/concept-label" xlink:from="loc_eba_CPE" xlink:to="label_eba_CPE" />
    <link:label xlink:type="resource" xlink:label="label_eba_CPE_1" xml:lang="en" xlink:role="http://www.xbrl.org/2003/role/verboseLabel">Defines the counterparty sector of the transactions that pose a source of encumbrance</link:label>
    <link:labelArc xlink:type="arc" xlink:arcrole="http://www.xbrl.org/2003/arcrole/concept-label" xlink:from="loc_eba_CPE" xlink:to="label_eba_CPE_1" />
    <link:loc xlink:type="locator" xlink:href="dim.xsd#eba_CSC" xlink:label="loc_eba_CSC" />
    <link:label xlink:type="resource" xlink:label="label_eba_CSC" xml:lang="en" xlink:role="http://www.xbrl.org/2003/role/label">Contingent scenario</link:label>
    <link:labelArc xlink:type="arc" xlink:arcrole="http://www.xbrl.org/2003/arcrole/concept-label" xlink:from="loc_eba_CSC" xlink:to="label_eba_CSC" />
    <link:label xlink:type="resource" xlink:label="label_eba_CSC_1" xml:lang="en" xlink:role="http://www.xbrl.org/2003/role/verboseLabel">Contingent scenario whose impact is reported</link:label>
    <link:labelArc xlink:type="arc" xlink:arcrole="http://www.xbrl.org/2003/arcrole/concept-label" xlink:from="loc_eba_CSC" xlink:to="label_eba_CSC_1" />
    <link:loc xlink:type="locator" xlink:href="dim.xsd#eba_CUS" xlink:label="loc_eba_CUS" />
    <link:label xlink:type="resource" xlink:label="label_eba_CUS" xml:lang="en" xlink:role="http://www.xbrl.org/2003/role/label">Currency with significant liabilities</link:label>
    <link:labelArc xlink:type="arc" xlink:arcrole="http://www.xbrl.org/2003/arcrole/concept-label" xlink:from="loc_eba_CUS" xlink:to="label_eba_CUS" />
    <link:label xlink:type="resource" xlink:label="label_eba_CUS_1" xml:lang="en" xlink:role="http://www.xbrl.org/2003/role/verboseLabel">Defines the currencies of the significant liabilities</link:label>
    <link:labelArc xlink:type="arc" xlink:arcrole="http://www.xbrl.org/2003/arcrole/concept-label" xlink:from="loc_eba_CUS" xlink:to="label_eba_CUS_1" />
    <link:loc xlink:type="locator" xlink:href="dim.xsd#eba_CPZ" xlink:label="loc_eba_CPZ" />
    <link:label xlink:type="resource" xlink:label="label_eba_CPZ" xml:lang="en" xlink:role="http://www.xbrl.org/2003/role/label">Size of the counterparty</link:label>
    <link:labelArc xlink:type="arc" xlink:arcrole="http://www.xbrl.org/2003/arcrole/concept-label" xlink:from="loc_eba_CPZ" xlink:to="label_eba_CPZ" />
    <link:loc xlink:type="locator" xlink:href="dim.xsd#eba_ACT" xlink:label="loc_eba_ACT" />
    <link:label xlink:type="resource" xlink:label="label_eba_ACT" xml:lang="en" xlink:role="http://www.xbrl.org/2003/role/label">Accounting treatment</link:label>
    <link:labelArc xlink:type="arc" xlink:arcrole="http://www.xbrl.org/2003/arcrole/concept-label" xlink:from="loc_eba_ACT" xlink:to="label_eba_ACT" />
    <link:label xlink:type="resource" xlink:label="label_eba_ACT_1" xml:lang="en" xlink:role="http://www.xbrl.org/2003/role/verboseLabel">Defines whether the item is entirely or partially recognized or derecognized in the accounting statements of the reporting institution.</link:label>
    <link:labelArc xlink:type="arc" xlink:arcrole="http://www.xbrl.org/2003/arcrole/concept-label" xlink:from="loc_eba_ACT" xlink:to="label_eba_ACT_1" />
    <link:loc xlink:type="locator" xlink:href="dim.xsd#eba_INC" xlink:label="loc_eba_INC" />
    <link:label xlink:type="resource" xlink:label="label_eba_INC" xml:lang="en" xlink:role="http://www.xbrl.org/2003/role/label">Individual clients</link:label>
    <link:labelArc xlink:type="arc" xlink:arcrole="http://www.xbrl.org/2003/arcrole/concept-label" xlink:from="loc_eba_INC" xlink:to="label_eba_INC" />
    <link:label xlink:type="resource" xlink:label="label_eba_INC_1" xml:lang="en" xlink:role="http://www.xbrl.org/2003/role/verboseLabel">Indicate the code for individual clients.</link:label>
    <link:labelArc xlink:type="arc" xlink:arcrole="http://www.xbrl.org/2003/arcrole/concept-label" xlink:from="loc_eba_INC" xlink:to="label_eba_INC_1" />
    <link:loc xlink:type="locator" xlink:href="dim.xsd#eba_GCC" xlink:label="loc_eba_GCC" />
    <link:label xlink:type="resource" xlink:label="label_eba_GCC" xml:lang="en" xlink:role="http://www.xbrl.org/2003/role/label">Group of connected clients</link:label>
    <link:labelArc xlink:type="arc" xlink:arcrole="http://www.xbrl.org/2003/arcrole/concept-label" xlink:from="loc_eba_GCC" xlink:to="label_eba_GCC" />
    <link:label xlink:type="resource" xlink:label="label_eba_GCC_1" xml:lang="en" xlink:role="http://www.xbrl.org/2003/role/verboseLabel">Indicate the code for Groups of connected clients.</link:label>
    <link:labelArc xlink:type="arc" xlink:arcrole="http://www.xbrl.org/2003/arcrole/concept-label" xlink:from="loc_eba_GCC" xlink:to="label_eba_GCC_1" />
    <link:loc xlink:type="locator" xlink:href="dim.xsd#eba_AST" xlink:label="loc_eba_AST" />
    <link:label xlink:type="resource" xlink:label="label_eba_AST" xml:lang="en" xlink:role="http://www.xbrl.org/2003/role/label">Accounting standard</link:label>
    <link:labelArc xlink:type="arc" xlink:arcrole="http://www.xbrl.org/2003/arcrole/concept-label" xlink:from="loc_eba_AST" xlink:to="label_eba_AST" />
    <link:label xlink:type="resource" xlink:label="label_eba_AST_1" xml:lang="en" xlink:role="http://www.xbrl.org/2003/role/verboseLabel">The accounting standard used to prepare figures or reports</link:label>
    <link:labelArc xlink:type="arc" xlink:arcrole="http://www.xbrl.org/2003/arcrole/concept-label" xlink:from="loc_eba_AST" xlink:to="label_eba_AST_1" />
  </link:labelLink>
</link:linkbase>