﻿<?xml version="1.0" encoding="utf-8"?>
<?taxonomy-version 2.0.0?>
<!--(C) EBA-->
<link:linkbase xmlns:xsi="http://www.w3.org/2001/XMLSchema-instance" xmlns:xlink="http://www.w3.org/1999/xlink" xmlns:link="http://www.xbrl.org/2003/linkbase" xmlns:gen="http://xbrl.org/2008/generic" xmlns:label="http://xbrl.org/2008/label" xsi:schemaLocation="http://www.xbrl.org/2003/linkbase http://www.xbrl.org/2003/xbrl-linkbase-2003-12-31.xsd http://xbrl.org/2008/generic http://www.xbrl.org/2008/generic-link.xsd http://xbrl.org/2008/label http://www.xbrl.org/2008/generic-label.xsd">
  <link:arcroleRef arcroleURI="http://xbrl.org/arcrole/2008/element-label" xlink:type="simple" xlink:href="http://www.xbrl.org/2008/generic-label.xsd#element-label" />
  <link:roleRef roleURI="http://www.xbrl.org/2008/role/label" xlink:type="simple" xlink:href="http://www.xbrl.org/2008/generic-label.xsd#standard-label" />
  <link:roleRef roleURI="http://www.xbrl.org/2008/role/verboseLabel" xlink:type="simple" xlink:href="http://www.xbrl.org/2008/generic-label.xsd#verbose-label" />
  <gen:link xlink:type="extended" xlink:role="http://www.xbrl.org/2003/role/link">
    <link:loc xlink:type="locator" xlink:href="c_02.00-rend.xml#eba_tC_02.00" xlink:label="loc_eba_tC_02.00" />
    <label:label xlink:type="resource" xlink:label="label_eba_tC_02.00" xml:lang="en" xlink:role="http://www.xbrl.org/2008/role/label">C 02.00 (CA 2)</label:label>
    <gen:arc xlink:type="arc" xlink:arcrole="http://xbrl.org/arcrole/2008/element-label" xlink:from="loc_eba_tC_02.00" xlink:to="label_eba_tC_02.00" />
    <label:label xlink:type="resource" xlink:label="label_eba_tC_02.00_1" xml:lang="en" xlink:role="http://www.xbrl.org/2008/role/verboseLabel">C 02.00 (CA 2) Capital Adequacy - Risk Exposure Amounts</label:label>
    <gen:arc xlink:type="arc" xlink:arcrole="http://xbrl.org/arcrole/2008/element-label" xlink:from="loc_eba_tC_02.00" xlink:to="label_eba_tC_02.00_1" />
    <link:loc xlink:type="locator" xlink:href="c_02.00-rend.xml#eba_a1" xlink:label="loc_eba_a1" />
    <label:label xlink:type="resource" xlink:label="label_eba_a1" xml:lang="en" xlink:role="http://www.xbrl.org/2008/role/label">Columns</label:label>
    <gen:arc xlink:type="arc" xlink:arcrole="http://xbrl.org/arcrole/2008/element-label" xlink:from="loc_eba_a1" xlink:to="label_eba_a1" />
    <link:loc xlink:type="locator" xlink:href="c_02.00-rend.xml#eba_c19293" xlink:label="loc_eba_c19293" />
    <label:label xlink:type="resource" xlink:label="label_eba_c19293" xml:lang="en" xlink:role="http://www.xbrl.org/2008/role/label">Amount</label:label>
    <gen:arc xlink:type="arc" xlink:arcrole="http://xbrl.org/arcrole/2008/element-label" xlink:from="loc_eba_c19293" xlink:to="label_eba_c19293" />
    <link:loc xlink:type="locator" xlink:href="c_02.00-rend.xml#eba_a2" xlink:label="loc_eba_a2" />
    <label:label xlink:type="resource" xlink:label="label_eba_a2" xml:lang="en" xlink:role="http://www.xbrl.org/2008/role/label">Rows</label:label>
    <gen:arc xlink:type="arc" xlink:arcrole="http://xbrl.org/arcrole/2008/element-label" xlink:from="loc_eba_a2" xlink:to="label_eba_a2" />
    <link:loc xlink:type="locator" xlink:href="c_02.00-rend.xml#eba_c19294" xlink:label="loc_eba_c19294" />
    <label:label xlink:type="resource" xlink:label="label_eba_c19294" xml:lang="en" xlink:role="http://www.xbrl.org/2008/role/label">TOTAL RISK EXPOSURE AMOUNT</label:label>
    <gen:arc xlink:type="arc" xlink:arcrole="http://xbrl.org/arcrole/2008/element-label" xlink:from="loc_eba_c19294" xlink:to="label_eba_c19294" />
    <link:loc xlink:type="locator" xlink:href="c_02.00-rend.xml#eba_c19295" xlink:label="loc_eba_c19295" />
    <label:label xlink:type="resource" xlink:label="label_eba_c19295" xml:lang="en" xlink:role="http://www.xbrl.org/2008/role/label">Of which: Investment firms under Article 90 paragraph 2 and Article 93 of CRR</label:label>
    <gen:arc xlink:type="arc" xlink:arcrole="http://xbrl.org/arcrole/2008/element-label" xlink:from="loc_eba_c19295" xlink:to="label_eba_c19295" />
    <link:loc xlink:type="locator" xlink:href="c_02.00-rend.xml#eba_c19296" xlink:label="loc_eba_c19296" />
    <label:label xlink:type="resource" xlink:label="label_eba_c19296" xml:lang="en" xlink:role="http://www.xbrl.org/2008/role/label">Of which: Investment firms under Article 91 paragraph 1 and 2 and Article 92 of CRR</label:label>
    <gen:arc xlink:type="arc" xlink:arcrole="http://xbrl.org/arcrole/2008/element-label" xlink:from="loc_eba_c19296" xlink:to="label_eba_c19296" />
    <link:loc xlink:type="locator" xlink:href="c_02.00-rend.xml#eba_c19297" xlink:label="loc_eba_c19297" />
    <label:label xlink:type="resource" xlink:label="label_eba_c19297" xml:lang="en" xlink:role="http://www.xbrl.org/2008/role/label">RISK WEIGHTED EXPOSURE AMOUNTS FOR CREDIT, COUNTERPARTY CREDIT AND DILUTION RISKS AND FREE DELIVERIES</label:label>
    <gen:arc xlink:type="arc" xlink:arcrole="http://xbrl.org/arcrole/2008/element-label" xlink:from="loc_eba_c19297" xlink:to="label_eba_c19297" />
    <link:loc xlink:type="locator" xlink:href="c_02.00-rend.xml#eba_c19298" xlink:label="loc_eba_c19298" />
    <label:label xlink:type="resource" xlink:label="label_eba_c19298" xml:lang="en" xlink:role="http://www.xbrl.org/2008/role/label">Standardised Approach (SA)</label:label>
    <gen:arc xlink:type="arc" xlink:arcrole="http://xbrl.org/arcrole/2008/element-label" xlink:from="loc_eba_c19298" xlink:to="label_eba_c19298" />
    <link:loc xlink:type="locator" xlink:href="c_02.00-rend.xml#eba_c19299" xlink:label="loc_eba_c19299" />
    <label:label xlink:type="resource" xlink:label="label_eba_c19299" xml:lang="en" xlink:role="http://www.xbrl.org/2008/role/label">SA exposure classes excluding securitisation positions</label:label>
    <gen:arc xlink:type="arc" xlink:arcrole="http://xbrl.org/arcrole/2008/element-label" xlink:from="loc_eba_c19299" xlink:to="label_eba_c19299" />
    <link:loc xlink:type="locator" xlink:href="c_02.00-rend.xml#eba_c19300" xlink:label="loc_eba_c19300" />
    <label:label xlink:type="resource" xlink:label="label_eba_c19300" xml:lang="en" xlink:role="http://www.xbrl.org/2008/role/label">Central governments or central banks</label:label>
    <gen:arc xlink:type="arc" xlink:arcrole="http://xbrl.org/arcrole/2008/element-label" xlink:from="loc_eba_c19300" xlink:to="label_eba_c19300" />
    <link:loc xlink:type="locator" xlink:href="c_02.00-rend.xml#eba_c19301" xlink:label="loc_eba_c19301" />
    <label:label xlink:type="resource" xlink:label="label_eba_c19301" xml:lang="en" xlink:role="http://www.xbrl.org/2008/role/label">Regional governments or local authorities</label:label>
    <gen:arc xlink:type="arc" xlink:arcrole="http://xbrl.org/arcrole/2008/element-label" xlink:from="loc_eba_c19301" xlink:to="label_eba_c19301" />
    <link:loc xlink:type="locator" xlink:href="c_02.00-rend.xml#eba_c19302" xlink:label="loc_eba_c19302" />
    <label:label xlink:type="resource" xlink:label="label_eba_c19302" xml:lang="en" xlink:role="http://www.xbrl.org/2008/role/label">Public sector entities</label:label>
    <gen:arc xlink:type="arc" xlink:arcrole="http://xbrl.org/arcrole/2008/element-label" xlink:from="loc_eba_c19302" xlink:to="label_eba_c19302" />
    <link:loc xlink:type="locator" xlink:href="c_02.00-rend.xml#eba_c19303" xlink:label="loc_eba_c19303" />
    <label:label xlink:type="resource" xlink:label="label_eba_c19303" xml:lang="en" xlink:role="http://www.xbrl.org/2008/role/label">Multilateral Development Banks</label:label>
    <gen:arc xlink:type="arc" xlink:arcrole="http://xbrl.org/arcrole/2008/element-label" xlink:from="loc_eba_c19303" xlink:to="label_eba_c19303" />
    <link:loc xlink:type="locator" xlink:href="c_02.00-rend.xml#eba_c19304" xlink:label="loc_eba_c19304" />
    <label:label xlink:type="resource" xlink:label="label_eba_c19304" xml:lang="en" xlink:role="http://www.xbrl.org/2008/role/label">International Organisations</label:label>
    <gen:arc xlink:type="arc" xlink:arcrole="http://xbrl.org/arcrole/2008/element-label" xlink:from="loc_eba_c19304" xlink:to="label_eba_c19304" />
    <link:loc xlink:type="locator" xlink:href="c_02.00-rend.xml#eba_c19305" xlink:label="loc_eba_c19305" />
    <label:label xlink:type="resource" xlink:label="label_eba_c19305" xml:lang="en" xlink:role="http://www.xbrl.org/2008/role/label">Institutions</label:label>
    <gen:arc xlink:type="arc" xlink:arcrole="http://xbrl.org/arcrole/2008/element-label" xlink:from="loc_eba_c19305" xlink:to="label_eba_c19305" />
    <link:loc xlink:type="locator" xlink:href="c_02.00-rend.xml#eba_c19306" xlink:label="loc_eba_c19306" />
    <label:label xlink:type="resource" xlink:label="label_eba_c19306" xml:lang="en" xlink:role="http://www.xbrl.org/2008/role/label">Corporates</label:label>
    <gen:arc xlink:type="arc" xlink:arcrole="http://xbrl.org/arcrole/2008/element-label" xlink:from="loc_eba_c19306" xlink:to="label_eba_c19306" />
    <link:loc xlink:type="locator" xlink:href="c_02.00-rend.xml#eba_c19307" xlink:label="loc_eba_c19307" />
    <label:label xlink:type="resource" xlink:label="label_eba_c19307" xml:lang="en" xlink:role="http://www.xbrl.org/2008/role/label">Retail</label:label>
    <gen:arc xlink:type="arc" xlink:arcrole="http://xbrl.org/arcrole/2008/element-label" xlink:from="loc_eba_c19307" xlink:to="label_eba_c19307" />
    <link:loc xlink:type="locator" xlink:href="c_02.00-rend.xml#eba_c19308" xlink:label="loc_eba_c19308" />
    <label:label xlink:type="resource" xlink:label="label_eba_c19308" xml:lang="en" xlink:role="http://www.xbrl.org/2008/role/label">Secured by mortgages on immovable property</label:label>
    <gen:arc xlink:type="arc" xlink:arcrole="http://xbrl.org/arcrole/2008/element-label" xlink:from="loc_eba_c19308" xlink:to="label_eba_c19308" />
    <link:loc xlink:type="locator" xlink:href="c_02.00-rend.xml#eba_c19309" xlink:label="loc_eba_c19309" />
    <label:label xlink:type="resource" xlink:label="label_eba_c19309" xml:lang="en" xlink:role="http://www.xbrl.org/2008/role/label">Exposures in default</label:label>
    <gen:arc xlink:type="arc" xlink:arcrole="http://xbrl.org/arcrole/2008/element-label" xlink:from="loc_eba_c19309" xlink:to="label_eba_c19309" />
    <link:loc xlink:type="locator" xlink:href="c_02.00-rend.xml#eba_c19310" xlink:label="loc_eba_c19310" />
    <label:label xlink:type="resource" xlink:label="label_eba_c19310" xml:lang="en" xlink:role="http://www.xbrl.org/2008/role/label">Items associated with particular high risk</label:label>
    <gen:arc xlink:type="arc" xlink:arcrole="http://xbrl.org/arcrole/2008/element-label" xlink:from="loc_eba_c19310" xlink:to="label_eba_c19310" />
    <link:loc xlink:type="locator" xlink:href="c_02.00-rend.xml#eba_c19311" xlink:label="loc_eba_c19311" />
    <label:label xlink:type="resource" xlink:label="label_eba_c19311" xml:lang="en" xlink:role="http://www.xbrl.org/2008/role/label">Covered bonds</label:label>
    <gen:arc xlink:type="arc" xlink:arcrole="http://xbrl.org/arcrole/2008/element-label" xlink:from="loc_eba_c19311" xlink:to="label_eba_c19311" />
    <link:loc xlink:type="locator" xlink:href="c_02.00-rend.xml#eba_c19312" xlink:label="loc_eba_c19312" />
    <label:label xlink:type="resource" xlink:label="label_eba_c19312" xml:lang="en" xlink:role="http://www.xbrl.org/2008/role/label">Claims on institutions and corporates with a short-term credit assessment</label:label>
    <gen:arc xlink:type="arc" xlink:arcrole="http://xbrl.org/arcrole/2008/element-label" xlink:from="loc_eba_c19312" xlink:to="label_eba_c19312" />
    <link:loc xlink:type="locator" xlink:href="c_02.00-rend.xml#eba_c19313" xlink:label="loc_eba_c19313" />
    <label:label xlink:type="resource" xlink:label="label_eba_c19313" xml:lang="en" xlink:role="http://www.xbrl.org/2008/role/label">Collective investments undertakings (CIU)</label:label>
    <gen:arc xlink:type="arc" xlink:arcrole="http://xbrl.org/arcrole/2008/element-label" xlink:from="loc_eba_c19313" xlink:to="label_eba_c19313" />
    <link:loc xlink:type="locator" xlink:href="c_02.00-rend.xml#eba_c19314" xlink:label="loc_eba_c19314" />
    <label:label xlink:type="resource" xlink:label="label_eba_c19314" xml:lang="en" xlink:role="http://www.xbrl.org/2008/role/label">Equity</label:label>
    <gen:arc xlink:type="arc" xlink:arcrole="http://xbrl.org/arcrole/2008/element-label" xlink:from="loc_eba_c19314" xlink:to="label_eba_c19314" />
    <link:loc xlink:type="locator" xlink:href="c_02.00-rend.xml#eba_c19315" xlink:label="loc_eba_c19315" />
    <label:label xlink:type="resource" xlink:label="label_eba_c19315" xml:lang="en" xlink:role="http://www.xbrl.org/2008/role/label">Other items</label:label>
    <gen:arc xlink:type="arc" xlink:arcrole="http://xbrl.org/arcrole/2008/element-label" xlink:from="loc_eba_c19315" xlink:to="label_eba_c19315" />
    <link:loc xlink:type="locator" xlink:href="c_02.00-rend.xml#eba_c19316" xlink:label="loc_eba_c19316" />
    <label:label xlink:type="resource" xlink:label="label_eba_c19316" xml:lang="en" xlink:role="http://www.xbrl.org/2008/role/label">Securitisation positions SA</label:label>
    <gen:arc xlink:type="arc" xlink:arcrole="http://xbrl.org/arcrole/2008/element-label" xlink:from="loc_eba_c19316" xlink:to="label_eba_c19316" />
    <link:loc xlink:type="locator" xlink:href="c_02.00-rend.xml#eba_c19317" xlink:label="loc_eba_c19317" />
    <label:label xlink:type="resource" xlink:label="label_eba_c19317" xml:lang="en" xlink:role="http://www.xbrl.org/2008/role/label">of which: resecuritisation</label:label>
    <gen:arc xlink:type="arc" xlink:arcrole="http://xbrl.org/arcrole/2008/element-label" xlink:from="loc_eba_c19317" xlink:to="label_eba_c19317" />
    <link:loc xlink:type="locator" xlink:href="c_02.00-rend.xml#eba_c19318" xlink:label="loc_eba_c19318" />
    <label:label xlink:type="resource" xlink:label="label_eba_c19318" xml:lang="en" xlink:role="http://www.xbrl.org/2008/role/label">Internal ratings based Approach(IRB)</label:label>
    <gen:arc xlink:type="arc" xlink:arcrole="http://xbrl.org/arcrole/2008/element-label" xlink:from="loc_eba_c19318" xlink:to="label_eba_c19318" />
    <link:loc xlink:type="locator" xlink:href="c_02.00-rend.xml#eba_c19319" xlink:label="loc_eba_c19319" />
    <label:label xlink:type="resource" xlink:label="label_eba_c19319" xml:lang="en" xlink:role="http://www.xbrl.org/2008/role/label">IRB approaches when neither own estimates of LGD nor Conversion Factors are used</label:label>
    <gen:arc xlink:type="arc" xlink:arcrole="http://xbrl.org/arcrole/2008/element-label" xlink:from="loc_eba_c19319" xlink:to="label_eba_c19319" />
    <link:loc xlink:type="locator" xlink:href="c_02.00-rend.xml#eba_c19320" xlink:label="loc_eba_c19320" />
    <label:label xlink:type="resource" xlink:label="label_eba_c19320" xml:lang="en" xlink:role="http://www.xbrl.org/2008/role/label">Central governments and central banks</label:label>
    <gen:arc xlink:type="arc" xlink:arcrole="http://xbrl.org/arcrole/2008/element-label" xlink:from="loc_eba_c19320" xlink:to="label_eba_c19320" />
    <link:loc xlink:type="locator" xlink:href="c_02.00-rend.xml#eba_c19321" xlink:label="loc_eba_c19321" />
    <label:label xlink:type="resource" xlink:label="label_eba_c19321" xml:lang="en" xlink:role="http://www.xbrl.org/2008/role/label">Institutions</label:label>
    <gen:arc xlink:type="arc" xlink:arcrole="http://xbrl.org/arcrole/2008/element-label" xlink:from="loc_eba_c19321" xlink:to="label_eba_c19321" />
    <link:loc xlink:type="locator" xlink:href="c_02.00-rend.xml#eba_c19322" xlink:label="loc_eba_c19322" />
    <label:label xlink:type="resource" xlink:label="label_eba_c19322" xml:lang="en" xlink:role="http://www.xbrl.org/2008/role/label">Corporates - SME</label:label>
    <gen:arc xlink:type="arc" xlink:arcrole="http://xbrl.org/arcrole/2008/element-label" xlink:from="loc_eba_c19322" xlink:to="label_eba_c19322" />
    <link:loc xlink:type="locator" xlink:href="c_02.00-rend.xml#eba_c19323" xlink:label="loc_eba_c19323" />
    <label:label xlink:type="resource" xlink:label="label_eba_c19323" xml:lang="en" xlink:role="http://www.xbrl.org/2008/role/label">Corporates - Specialised Lending</label:label>
    <gen:arc xlink:type="arc" xlink:arcrole="http://xbrl.org/arcrole/2008/element-label" xlink:from="loc_eba_c19323" xlink:to="label_eba_c19323" />
    <link:loc xlink:type="locator" xlink:href="c_02.00-rend.xml#eba_c19324" xlink:label="loc_eba_c19324" />
    <label:label xlink:type="resource" xlink:label="label_eba_c19324" xml:lang="en" xlink:role="http://www.xbrl.org/2008/role/label">Corporates - Other</label:label>
    <gen:arc xlink:type="arc" xlink:arcrole="http://xbrl.org/arcrole/2008/element-label" xlink:from="loc_eba_c19324" xlink:to="label_eba_c19324" />
    <link:loc xlink:type="locator" xlink:href="c_02.00-rend.xml#eba_c19325" xlink:label="loc_eba_c19325" />
    <label:label xlink:type="resource" xlink:label="label_eba_c19325" xml:lang="en" xlink:role="http://www.xbrl.org/2008/role/label">IRB approaches when own estimates of LGD and/or Conversion Factors are used</label:label>
    <gen:arc xlink:type="arc" xlink:arcrole="http://xbrl.org/arcrole/2008/element-label" xlink:from="loc_eba_c19325" xlink:to="label_eba_c19325" />
    <link:loc xlink:type="locator" xlink:href="c_02.00-rend.xml#eba_c19326" xlink:label="loc_eba_c19326" />
    <label:label xlink:type="resource" xlink:label="label_eba_c19326" xml:lang="en" xlink:role="http://www.xbrl.org/2008/role/label">Central governments and central banks</label:label>
    <gen:arc xlink:type="arc" xlink:arcrole="http://xbrl.org/arcrole/2008/element-label" xlink:from="loc_eba_c19326" xlink:to="label_eba_c19326" />
    <link:loc xlink:type="locator" xlink:href="c_02.00-rend.xml#eba_c19327" xlink:label="loc_eba_c19327" />
    <label:label xlink:type="resource" xlink:label="label_eba_c19327" xml:lang="en" xlink:role="http://www.xbrl.org/2008/role/label">Institutions</label:label>
    <gen:arc xlink:type="arc" xlink:arcrole="http://xbrl.org/arcrole/2008/element-label" xlink:from="loc_eba_c19327" xlink:to="label_eba_c19327" />
    <link:loc xlink:type="locator" xlink:href="c_02.00-rend.xml#eba_c19328" xlink:label="loc_eba_c19328" />
    <label:label xlink:type="resource" xlink:label="label_eba_c19328" xml:lang="en" xlink:role="http://www.xbrl.org/2008/role/label">Corporates - SME</label:label>
    <gen:arc xlink:type="arc" xlink:arcrole="http://xbrl.org/arcrole/2008/element-label" xlink:from="loc_eba_c19328" xlink:to="label_eba_c19328" />
    <link:loc xlink:type="locator" xlink:href="c_02.00-rend.xml#eba_c19329" xlink:label="loc_eba_c19329" />
    <label:label xlink:type="resource" xlink:label="label_eba_c19329" xml:lang="en" xlink:role="http://www.xbrl.org/2008/role/label">Corporates - Specialised Lending</label:label>
    <gen:arc xlink:type="arc" xlink:arcrole="http://xbrl.org/arcrole/2008/element-label" xlink:from="loc_eba_c19329" xlink:to="label_eba_c19329" />
    <link:loc xlink:type="locator" xlink:href="c_02.00-rend.xml#eba_c19330" xlink:label="loc_eba_c19330" />
    <label:label xlink:type="resource" xlink:label="label_eba_c19330" xml:lang="en" xlink:role="http://www.xbrl.org/2008/role/label">Corporates - Other</label:label>
    <gen:arc xlink:type="arc" xlink:arcrole="http://xbrl.org/arcrole/2008/element-label" xlink:from="loc_eba_c19330" xlink:to="label_eba_c19330" />
    <link:loc xlink:type="locator" xlink:href="c_02.00-rend.xml#eba_c19331" xlink:label="loc_eba_c19331" />
    <label:label xlink:type="resource" xlink:label="label_eba_c19331" xml:lang="en" xlink:role="http://www.xbrl.org/2008/role/label">Retail - Secured by real estate SME</label:label>
    <gen:arc xlink:type="arc" xlink:arcrole="http://xbrl.org/arcrole/2008/element-label" xlink:from="loc_eba_c19331" xlink:to="label_eba_c19331" />
    <link:loc xlink:type="locator" xlink:href="c_02.00-rend.xml#eba_c19332" xlink:label="loc_eba_c19332" />
    <label:label xlink:type="resource" xlink:label="label_eba_c19332" xml:lang="en" xlink:role="http://www.xbrl.org/2008/role/label">Retail - Secured by real estate non-SME</label:label>
    <gen:arc xlink:type="arc" xlink:arcrole="http://xbrl.org/arcrole/2008/element-label" xlink:from="loc_eba_c19332" xlink:to="label_eba_c19332" />
    <link:loc xlink:type="locator" xlink:href="c_02.00-rend.xml#eba_c19333" xlink:label="loc_eba_c19333" />
    <label:label xlink:type="resource" xlink:label="label_eba_c19333" xml:lang="en" xlink:role="http://www.xbrl.org/2008/role/label">Retail - Qualifying revolving</label:label>
    <gen:arc xlink:type="arc" xlink:arcrole="http://xbrl.org/arcrole/2008/element-label" xlink:from="loc_eba_c19333" xlink:to="label_eba_c19333" />
    <link:loc xlink:type="locator" xlink:href="c_02.00-rend.xml#eba_c19334" xlink:label="loc_eba_c19334" />
    <label:label xlink:type="resource" xlink:label="label_eba_c19334" xml:lang="en" xlink:role="http://www.xbrl.org/2008/role/label">Retail - Other SME</label:label>
    <gen:arc xlink:type="arc" xlink:arcrole="http://xbrl.org/arcrole/2008/element-label" xlink:from="loc_eba_c19334" xlink:to="label_eba_c19334" />
    <link:loc xlink:type="locator" xlink:href="c_02.00-rend.xml#eba_c19335" xlink:label="loc_eba_c19335" />
    <label:label xlink:type="resource" xlink:label="label_eba_c19335" xml:lang="en" xlink:role="http://www.xbrl.org/2008/role/label">Retail - Other non-SME</label:label>
    <gen:arc xlink:type="arc" xlink:arcrole="http://xbrl.org/arcrole/2008/element-label" xlink:from="loc_eba_c19335" xlink:to="label_eba_c19335" />
    <link:loc xlink:type="locator" xlink:href="c_02.00-rend.xml#eba_c19336" xlink:label="loc_eba_c19336" />
    <label:label xlink:type="resource" xlink:label="label_eba_c19336" xml:lang="en" xlink:role="http://www.xbrl.org/2008/role/label">Equity IRB</label:label>
    <gen:arc xlink:type="arc" xlink:arcrole="http://xbrl.org/arcrole/2008/element-label" xlink:from="loc_eba_c19336" xlink:to="label_eba_c19336" />
    <link:loc xlink:type="locator" xlink:href="c_02.00-rend.xml#eba_c19337" xlink:label="loc_eba_c19337" />
    <label:label xlink:type="resource" xlink:label="label_eba_c19337" xml:lang="en" xlink:role="http://www.xbrl.org/2008/role/label">Securitisation positions IRB</label:label>
    <gen:arc xlink:type="arc" xlink:arcrole="http://xbrl.org/arcrole/2008/element-label" xlink:from="loc_eba_c19337" xlink:to="label_eba_c19337" />
    <link:loc xlink:type="locator" xlink:href="c_02.00-rend.xml#eba_c19338" xlink:label="loc_eba_c19338" />
    <label:label xlink:type="resource" xlink:label="label_eba_c19338" xml:lang="en" xlink:role="http://www.xbrl.org/2008/role/label">Of which: resecuritisation</label:label>
    <gen:arc xlink:type="arc" xlink:arcrole="http://xbrl.org/arcrole/2008/element-label" xlink:from="loc_eba_c19338" xlink:to="label_eba_c19338" />
    <link:loc xlink:type="locator" xlink:href="c_02.00-rend.xml#eba_c19339" xlink:label="loc_eba_c19339" />
    <label:label xlink:type="resource" xlink:label="label_eba_c19339" xml:lang="en" xlink:role="http://www.xbrl.org/2008/role/label">Other non credit-obligation assets</label:label>
    <gen:arc xlink:type="arc" xlink:arcrole="http://xbrl.org/arcrole/2008/element-label" xlink:from="loc_eba_c19339" xlink:to="label_eba_c19339" />
    <link:loc xlink:type="locator" xlink:href="c_02.00-rend.xml#eba_c19340" xlink:label="loc_eba_c19340" />
    <label:label xlink:type="resource" xlink:label="label_eba_c19340" xml:lang="en" xlink:role="http://www.xbrl.org/2008/role/label">Risk exposure amount for contributions to the default fund of a CCP</label:label>
    <gen:arc xlink:type="arc" xlink:arcrole="http://xbrl.org/arcrole/2008/element-label" xlink:from="loc_eba_c19340" xlink:to="label_eba_c19340" />
    <link:loc xlink:type="locator" xlink:href="c_02.00-rend.xml#eba_c19341" xlink:label="loc_eba_c19341" />
    <label:label xlink:type="resource" xlink:label="label_eba_c19341" xml:lang="en" xlink:role="http://www.xbrl.org/2008/role/label">TOTAL RISK EXPOSURE AMOUNT FOR SETTLEMENT/DELIVERY</label:label>
    <gen:arc xlink:type="arc" xlink:arcrole="http://xbrl.org/arcrole/2008/element-label" xlink:from="loc_eba_c19341" xlink:to="label_eba_c19341" />
    <link:loc xlink:type="locator" xlink:href="c_02.00-rend.xml#eba_c19342" xlink:label="loc_eba_c19342" />
    <label:label xlink:type="resource" xlink:label="label_eba_c19342" xml:lang="en" xlink:role="http://www.xbrl.org/2008/role/label">Settlement/delivery risk in the non-Trading book</label:label>
    <gen:arc xlink:type="arc" xlink:arcrole="http://xbrl.org/arcrole/2008/element-label" xlink:from="loc_eba_c19342" xlink:to="label_eba_c19342" />
    <link:loc xlink:type="locator" xlink:href="c_02.00-rend.xml#eba_c19343" xlink:label="loc_eba_c19343" />
    <label:label xlink:type="resource" xlink:label="label_eba_c19343" xml:lang="en" xlink:role="http://www.xbrl.org/2008/role/label">Settlement/delivery risk in the Trading book</label:label>
    <gen:arc xlink:type="arc" xlink:arcrole="http://xbrl.org/arcrole/2008/element-label" xlink:from="loc_eba_c19343" xlink:to="label_eba_c19343" />
    <link:loc xlink:type="locator" xlink:href="c_02.00-rend.xml#eba_c19344" xlink:label="loc_eba_c19344" />
    <label:label xlink:type="resource" xlink:label="label_eba_c19344" xml:lang="en" xlink:role="http://www.xbrl.org/2008/role/label">TOTAL RISK EXPOSURE AMOUNT FOR POSITION, FOREIGN EXCHANGE AND COMMODITIES RISKS</label:label>
    <gen:arc xlink:type="arc" xlink:arcrole="http://xbrl.org/arcrole/2008/element-label" xlink:from="loc_eba_c19344" xlink:to="label_eba_c19344" />
    <link:loc xlink:type="locator" xlink:href="c_02.00-rend.xml#eba_c19345" xlink:label="loc_eba_c19345" />
    <label:label xlink:type="resource" xlink:label="label_eba_c19345" xml:lang="en" xlink:role="http://www.xbrl.org/2008/role/label">Risk exposure amount for position, foreign exchange and commodities risks under standardised approaches (SA)</label:label>
    <gen:arc xlink:type="arc" xlink:arcrole="http://xbrl.org/arcrole/2008/element-label" xlink:from="loc_eba_c19345" xlink:to="label_eba_c19345" />
    <link:loc xlink:type="locator" xlink:href="c_02.00-rend.xml#eba_c19346" xlink:label="loc_eba_c19346" />
    <label:label xlink:type="resource" xlink:label="label_eba_c19346" xml:lang="en" xlink:role="http://www.xbrl.org/2008/role/label">Traded debt instruments</label:label>
    <gen:arc xlink:type="arc" xlink:arcrole="http://xbrl.org/arcrole/2008/element-label" xlink:from="loc_eba_c19346" xlink:to="label_eba_c19346" />
    <link:loc xlink:type="locator" xlink:href="c_02.00-rend.xml#eba_c19347" xlink:label="loc_eba_c19347" />
    <label:label xlink:type="resource" xlink:label="label_eba_c19347" xml:lang="en" xlink:role="http://www.xbrl.org/2008/role/label">Equity</label:label>
    <gen:arc xlink:type="arc" xlink:arcrole="http://xbrl.org/arcrole/2008/element-label" xlink:from="loc_eba_c19347" xlink:to="label_eba_c19347" />
    <link:loc xlink:type="locator" xlink:href="c_02.00-rend.xml#eba_c19348" xlink:label="loc_eba_c19348" />
    <label:label xlink:type="resource" xlink:label="label_eba_c19348" xml:lang="en" xlink:role="http://www.xbrl.org/2008/role/label">Foreign Exchange</label:label>
    <gen:arc xlink:type="arc" xlink:arcrole="http://xbrl.org/arcrole/2008/element-label" xlink:from="loc_eba_c19348" xlink:to="label_eba_c19348" />
    <link:loc xlink:type="locator" xlink:href="c_02.00-rend.xml#eba_c19349" xlink:label="loc_eba_c19349" />
    <label:label xlink:type="resource" xlink:label="label_eba_c19349" xml:lang="en" xlink:role="http://www.xbrl.org/2008/role/label">Commodities</label:label>
    <gen:arc xlink:type="arc" xlink:arcrole="http://xbrl.org/arcrole/2008/element-label" xlink:from="loc_eba_c19349" xlink:to="label_eba_c19349" />
    <link:loc xlink:type="locator" xlink:href="c_02.00-rend.xml#eba_c19350" xlink:label="loc_eba_c19350" />
    <label:label xlink:type="resource" xlink:label="label_eba_c19350" xml:lang="en" xlink:role="http://www.xbrl.org/2008/role/label">Risk exposure amount for Position, foreign exchange and commodities risks under internal models (IM)</label:label>
    <gen:arc xlink:type="arc" xlink:arcrole="http://xbrl.org/arcrole/2008/element-label" xlink:from="loc_eba_c19350" xlink:to="label_eba_c19350" />
    <link:loc xlink:type="locator" xlink:href="c_02.00-rend.xml#eba_c19351" xlink:label="loc_eba_c19351" />
    <label:label xlink:type="resource" xlink:label="label_eba_c19351" xml:lang="en" xlink:role="http://www.xbrl.org/2008/role/label">TOTAL RISK EXPOSURE AMOUNT FOR OPERATIONAL RISK (OpR )</label:label>
    <gen:arc xlink:type="arc" xlink:arcrole="http://xbrl.org/arcrole/2008/element-label" xlink:from="loc_eba_c19351" xlink:to="label_eba_c19351" />
    <link:loc xlink:type="locator" xlink:href="c_02.00-rend.xml#eba_c19352" xlink:label="loc_eba_c19352" />
    <label:label xlink:type="resource" xlink:label="label_eba_c19352" xml:lang="en" xlink:role="http://www.xbrl.org/2008/role/label">OpR Basic indicator Approach (BIA)</label:label>
    <gen:arc xlink:type="arc" xlink:arcrole="http://xbrl.org/arcrole/2008/element-label" xlink:from="loc_eba_c19352" xlink:to="label_eba_c19352" />
    <link:loc xlink:type="locator" xlink:href="c_02.00-rend.xml#eba_c19353" xlink:label="loc_eba_c19353" />
    <label:label xlink:type="resource" xlink:label="label_eba_c19353" xml:lang="en" xlink:role="http://www.xbrl.org/2008/role/label">OpR Standardised (STA) / Alternative Standardised (ASA) approaches</label:label>
    <gen:arc xlink:type="arc" xlink:arcrole="http://xbrl.org/arcrole/2008/element-label" xlink:from="loc_eba_c19353" xlink:to="label_eba_c19353" />
    <link:loc xlink:type="locator" xlink:href="c_02.00-rend.xml#eba_c19354" xlink:label="loc_eba_c19354" />
    <label:label xlink:type="resource" xlink:label="label_eba_c19354" xml:lang="en" xlink:role="http://www.xbrl.org/2008/role/label">OpR Advanced measurement approaches (AMA)</label:label>
    <gen:arc xlink:type="arc" xlink:arcrole="http://xbrl.org/arcrole/2008/element-label" xlink:from="loc_eba_c19354" xlink:to="label_eba_c19354" />
    <link:loc xlink:type="locator" xlink:href="c_02.00-rend.xml#eba_c19355" xlink:label="loc_eba_c19355" />
    <label:label xlink:type="resource" xlink:label="label_eba_c19355" xml:lang="en" xlink:role="http://www.xbrl.org/2008/role/label">ADDITIONAL RISK EXPOSURE AMOUNT DUE TO FIXED OVERHEADS</label:label>
    <gen:arc xlink:type="arc" xlink:arcrole="http://xbrl.org/arcrole/2008/element-label" xlink:from="loc_eba_c19355" xlink:to="label_eba_c19355" />
    <link:loc xlink:type="locator" xlink:href="c_02.00-rend.xml#eba_c19356" xlink:label="loc_eba_c19356" />
    <label:label xlink:type="resource" xlink:label="label_eba_c19356" xml:lang="en" xlink:role="http://www.xbrl.org/2008/role/label">TOTAL RISK EXPOSURE AMOUNT FOR CREDIT VALUATION ADJUSTMENT</label:label>
    <gen:arc xlink:type="arc" xlink:arcrole="http://xbrl.org/arcrole/2008/element-label" xlink:from="loc_eba_c19356" xlink:to="label_eba_c19356" />
    <link:loc xlink:type="locator" xlink:href="c_02.00-rend.xml#eba_c19357" xlink:label="loc_eba_c19357" />
    <label:label xlink:type="resource" xlink:label="label_eba_c19357" xml:lang="en" xlink:role="http://www.xbrl.org/2008/role/label">Advanced method</label:label>
    <gen:arc xlink:type="arc" xlink:arcrole="http://xbrl.org/arcrole/2008/element-label" xlink:from="loc_eba_c19357" xlink:to="label_eba_c19357" />
    <link:loc xlink:type="locator" xlink:href="c_02.00-rend.xml#eba_c19358" xlink:label="loc_eba_c19358" />
    <label:label xlink:type="resource" xlink:label="label_eba_c19358" xml:lang="en" xlink:role="http://www.xbrl.org/2008/role/label">Standardised method</label:label>
    <gen:arc xlink:type="arc" xlink:arcrole="http://xbrl.org/arcrole/2008/element-label" xlink:from="loc_eba_c19358" xlink:to="label_eba_c19358" />
    <link:loc xlink:type="locator" xlink:href="c_02.00-rend.xml#eba_c19359" xlink:label="loc_eba_c19359" />
    <label:label xlink:type="resource" xlink:label="label_eba_c19359" xml:lang="en" xlink:role="http://www.xbrl.org/2008/role/label">Based on OEM</label:label>
    <gen:arc xlink:type="arc" xlink:arcrole="http://xbrl.org/arcrole/2008/element-label" xlink:from="loc_eba_c19359" xlink:to="label_eba_c19359" />
    <link:loc xlink:type="locator" xlink:href="c_02.00-rend.xml#eba_c19360" xlink:label="loc_eba_c19360" />
    <label:label xlink:type="resource" xlink:label="label_eba_c19360" xml:lang="en" xlink:role="http://www.xbrl.org/2008/role/label">TOTAL RISK EXPOSURE AMOUNT RELATED TO LARGE EXPOSURES IN THE TRADING BOOK</label:label>
    <gen:arc xlink:type="arc" xlink:arcrole="http://xbrl.org/arcrole/2008/element-label" xlink:from="loc_eba_c19360" xlink:to="label_eba_c19360" />
    <link:loc xlink:type="locator" xlink:href="c_02.00-rend.xml#eba_c19361" xlink:label="loc_eba_c19361" />
    <label:label xlink:type="resource" xlink:label="label_eba_c19361" xml:lang="en" xlink:role="http://www.xbrl.org/2008/role/label">OTHER RISK EXPOSURE AMOUNTS</label:label>
    <gen:arc xlink:type="arc" xlink:arcrole="http://xbrl.org/arcrole/2008/element-label" xlink:from="loc_eba_c19361" xlink:to="label_eba_c19361" />
    <link:loc xlink:type="locator" xlink:href="c_02.00-rend.xml#eba_c19362" xlink:label="loc_eba_c19362" />
    <label:label xlink:type="resource" xlink:label="label_eba_c19362" xml:lang="en" xlink:role="http://www.xbrl.org/2008/role/label">Of which: Additional stricter prudential requirements based on Art 458</label:label>
    <gen:arc xlink:type="arc" xlink:arcrole="http://xbrl.org/arcrole/2008/element-label" xlink:from="loc_eba_c19362" xlink:to="label_eba_c19362" />
    <link:loc xlink:type="locator" xlink:href="c_02.00-rend.xml#eba_c19363" xlink:label="loc_eba_c19363" />
    <label:label xlink:type="resource" xlink:label="label_eba_c19363" xml:lang="en" xlink:role="http://www.xbrl.org/2008/role/label">Of which: requirements for large exposures</label:label>
    <gen:arc xlink:type="arc" xlink:arcrole="http://xbrl.org/arcrole/2008/element-label" xlink:from="loc_eba_c19363" xlink:to="label_eba_c19363" />
    <link:loc xlink:type="locator" xlink:href="c_02.00-rend.xml#eba_c19364" xlink:label="loc_eba_c19364" />
    <label:label xlink:type="resource" xlink:label="label_eba_c19364" xml:lang="en" xlink:role="http://www.xbrl.org/2008/role/label">Of which: due to modified risk weights for targeting asset bubbles in the residential and commercial property</label:label>
    <gen:arc xlink:type="arc" xlink:arcrole="http://xbrl.org/arcrole/2008/element-label" xlink:from="loc_eba_c19364" xlink:to="label_eba_c19364" />
    <link:loc xlink:type="locator" xlink:href="c_02.00-rend.xml#eba_c19365" xlink:label="loc_eba_c19365" />
    <label:label xlink:type="resource" xlink:label="label_eba_c19365" xml:lang="en" xlink:role="http://www.xbrl.org/2008/role/label">Of which: due to intra financial sector exposures</label:label>
    <gen:arc xlink:type="arc" xlink:arcrole="http://xbrl.org/arcrole/2008/element-label" xlink:from="loc_eba_c19365" xlink:to="label_eba_c19365" />
    <link:loc xlink:type="locator" xlink:href="c_02.00-rend.xml#eba_c19366" xlink:label="loc_eba_c19366" />
    <label:label xlink:type="resource" xlink:label="label_eba_c19366" xml:lang="en" xlink:role="http://www.xbrl.org/2008/role/label">Of which: Additional stricter prudential requirements based on Art 459</label:label>
    <gen:arc xlink:type="arc" xlink:arcrole="http://xbrl.org/arcrole/2008/element-label" xlink:from="loc_eba_c19366" xlink:to="label_eba_c19366" />
    <link:loc xlink:type="locator" xlink:href="c_02.00-rend.xml#eba_c19367" xlink:label="loc_eba_c19367" />
    <label:label xlink:type="resource" xlink:label="label_eba_c19367" xml:lang="en" xlink:role="http://www.xbrl.org/2008/role/label">Of which: Additional risk exposure amount due to Article 3 CRR</label:label>
    <gen:arc xlink:type="arc" xlink:arcrole="http://xbrl.org/arcrole/2008/element-label" xlink:from="loc_eba_c19367" xlink:to="label_eba_c19367" />
  </gen:link>
</link:linkbase>