﻿<?xml version="1.0" encoding="utf-8"?>
<?taxonomy-version 2.0.1?>
<!--(C) EBA-->
<link:linkbase xmlns:xsi="http://www.w3.org/2001/XMLSchema-instance" xmlns:xlink="http://www.w3.org/1999/xlink" xmlns:link="http://www.xbrl.org/2003/linkbase" xmlns:gen="http://xbrl.org/2008/generic" xmlns:label="http://xbrl.org/2008/label" xsi:schemaLocation="http://www.xbrl.org/2003/linkbase http://www.xbrl.org/2003/xbrl-linkbase-2003-12-31.xsd http://xbrl.org/2008/generic http://www.xbrl.org/2008/generic-link.xsd http://xbrl.org/2008/label http://www.xbrl.org/2008/generic-label.xsd">
  <link:arcroleRef arcroleURI="http://xbrl.org/arcrole/2008/element-label" xlink:type="simple" xlink:href="http://www.xbrl.org/2008/generic-label.xsd#element-label" />
  <link:roleRef roleURI="http://www.eba.europa.eu/xbrl/role/dpm-db-id" xlink:type="simple" xlink:href="http://www.eba.europa.eu/eu/fr/xbrl/ext/model.xsd#dpm-db-id" />
  <link:roleRef roleURI="http://www.eurofiling.info/xbrl/role/filing-indicator-code" xlink:type="simple" xlink:href="http://www.eurofiling.info/eu/fr/xbrl/ext/model.xsd#filing-indicator-code" />
  <link:roleRef roleURI="http://www.eurofiling.info/xbrl/role/rc-code" xlink:type="simple" xlink:href="http://www.eurofiling.info/eu/fr/xbrl/ext/model.xsd#rc-code" />
  <gen:link xlink:type="extended" xlink:role="http://www.xbrl.org/2003/role/link">
    <link:loc xlink:type="locator" xlink:href="c_02.00-rend.xml#eba_tC_02.00" xlink:label="loc_eba_tC_02.00" />
    <label:label xlink:type="resource" xlink:label="label_eba_tC_02.00" xml:lang="en" xlink:role="http://www.eurofiling.info/xbrl/role/rc-code">C 02.00</label:label>
    <gen:arc xlink:type="arc" xlink:arcrole="http://xbrl.org/arcrole/2008/element-label" xlink:from="loc_eba_tC_02.00" xlink:to="label_eba_tC_02.00" />
    <link:loc xlink:type="locator" xlink:href="c_02.00-rend.xml#eba_c19293" xlink:label="loc_eba_c19293" />
    <label:label xlink:type="resource" xlink:label="label_eba_c19293" xml:lang="en" xlink:role="http://www.eurofiling.info/xbrl/role/rc-code">010</label:label>
    <gen:arc xlink:type="arc" xlink:arcrole="http://xbrl.org/arcrole/2008/element-label" xlink:from="loc_eba_c19293" xlink:to="label_eba_c19293" />
    <link:loc xlink:type="locator" xlink:href="c_02.00-rend.xml#eba_c19294" xlink:label="loc_eba_c19294" />
    <label:label xlink:type="resource" xlink:label="label_eba_c19294" xml:lang="en" xlink:role="http://www.eurofiling.info/xbrl/role/rc-code">010</label:label>
    <gen:arc xlink:type="arc" xlink:arcrole="http://xbrl.org/arcrole/2008/element-label" xlink:from="loc_eba_c19294" xlink:to="label_eba_c19294" />
    <link:loc xlink:type="locator" xlink:href="c_02.00-rend.xml#eba_c19295" xlink:label="loc_eba_c19295" />
    <label:label xlink:type="resource" xlink:label="label_eba_c19295" xml:lang="en" xlink:role="http://www.eurofiling.info/xbrl/role/rc-code">020</label:label>
    <gen:arc xlink:type="arc" xlink:arcrole="http://xbrl.org/arcrole/2008/element-label" xlink:from="loc_eba_c19295" xlink:to="label_eba_c19295" />
    <link:loc xlink:type="locator" xlink:href="c_02.00-rend.xml#eba_c19296" xlink:label="loc_eba_c19296" />
    <label:label xlink:type="resource" xlink:label="label_eba_c19296" xml:lang="en" xlink:role="http://www.eurofiling.info/xbrl/role/rc-code">030</label:label>
    <gen:arc xlink:type="arc" xlink:arcrole="http://xbrl.org/arcrole/2008/element-label" xlink:from="loc_eba_c19296" xlink:to="label_eba_c19296" />
    <link:loc xlink:type="locator" xlink:href="c_02.00-rend.xml#eba_c19297" xlink:label="loc_eba_c19297" />
    <label:label xlink:type="resource" xlink:label="label_eba_c19297" xml:lang="en" xlink:role="http://www.eurofiling.info/xbrl/role/rc-code">040</label:label>
    <gen:arc xlink:type="arc" xlink:arcrole="http://xbrl.org/arcrole/2008/element-label" xlink:from="loc_eba_c19297" xlink:to="label_eba_c19297" />
    <link:loc xlink:type="locator" xlink:href="c_02.00-rend.xml#eba_c19298" xlink:label="loc_eba_c19298" />
    <label:label xlink:type="resource" xlink:label="label_eba_c19298" xml:lang="en" xlink:role="http://www.eurofiling.info/xbrl/role/rc-code">050</label:label>
    <gen:arc xlink:type="arc" xlink:arcrole="http://xbrl.org/arcrole/2008/element-label" xlink:from="loc_eba_c19298" xlink:to="label_eba_c19298" />
    <link:loc xlink:type="locator" xlink:href="c_02.00-rend.xml#eba_c19299" xlink:label="loc_eba_c19299" />
    <label:label xlink:type="resource" xlink:label="label_eba_c19299" xml:lang="en" xlink:role="http://www.eurofiling.info/xbrl/role/rc-code">060</label:label>
    <gen:arc xlink:type="arc" xlink:arcrole="http://xbrl.org/arcrole/2008/element-label" xlink:from="loc_eba_c19299" xlink:to="label_eba_c19299" />
    <link:loc xlink:type="locator" xlink:href="c_02.00-rend.xml#eba_c19300" xlink:label="loc_eba_c19300" />
    <label:label xlink:type="resource" xlink:label="label_eba_c19300" xml:lang="en" xlink:role="http://www.eurofiling.info/xbrl/role/rc-code">070</label:label>
    <gen:arc xlink:type="arc" xlink:arcrole="http://xbrl.org/arcrole/2008/element-label" xlink:from="loc_eba_c19300" xlink:to="label_eba_c19300" />
    <link:loc xlink:type="locator" xlink:href="c_02.00-rend.xml#eba_c19301" xlink:label="loc_eba_c19301" />
    <label:label xlink:type="resource" xlink:label="label_eba_c19301" xml:lang="en" xlink:role="http://www.eurofiling.info/xbrl/role/rc-code">080</label:label>
    <gen:arc xlink:type="arc" xlink:arcrole="http://xbrl.org/arcrole/2008/element-label" xlink:from="loc_eba_c19301" xlink:to="label_eba_c19301" />
    <link:loc xlink:type="locator" xlink:href="c_02.00-rend.xml#eba_c19302" xlink:label="loc_eba_c19302" />
    <label:label xlink:type="resource" xlink:label="label_eba_c19302" xml:lang="en" xlink:role="http://www.eurofiling.info/xbrl/role/rc-code">090</label:label>
    <gen:arc xlink:type="arc" xlink:arcrole="http://xbrl.org/arcrole/2008/element-label" xlink:from="loc_eba_c19302" xlink:to="label_eba_c19302" />
    <link:loc xlink:type="locator" xlink:href="c_02.00-rend.xml#eba_c19303" xlink:label="loc_eba_c19303" />
    <label:label xlink:type="resource" xlink:label="label_eba_c19303" xml:lang="en" xlink:role="http://www.eurofiling.info/xbrl/role/rc-code">100</label:label>
    <gen:arc xlink:type="arc" xlink:arcrole="http://xbrl.org/arcrole/2008/element-label" xlink:from="loc_eba_c19303" xlink:to="label_eba_c19303" />
    <link:loc xlink:type="locator" xlink:href="c_02.00-rend.xml#eba_c19304" xlink:label="loc_eba_c19304" />
    <label:label xlink:type="resource" xlink:label="label_eba_c19304" xml:lang="en" xlink:role="http://www.eurofiling.info/xbrl/role/rc-code">110</label:label>
    <gen:arc xlink:type="arc" xlink:arcrole="http://xbrl.org/arcrole/2008/element-label" xlink:from="loc_eba_c19304" xlink:to="label_eba_c19304" />
    <link:loc xlink:type="locator" xlink:href="c_02.00-rend.xml#eba_c19305" xlink:label="loc_eba_c19305" />
    <label:label xlink:type="resource" xlink:label="label_eba_c19305" xml:lang="en" xlink:role="http://www.eurofiling.info/xbrl/role/rc-code">120</label:label>
    <gen:arc xlink:type="arc" xlink:arcrole="http://xbrl.org/arcrole/2008/element-label" xlink:from="loc_eba_c19305" xlink:to="label_eba_c19305" />
    <link:loc xlink:type="locator" xlink:href="c_02.00-rend.xml#eba_c19306" xlink:label="loc_eba_c19306" />
    <label:label xlink:type="resource" xlink:label="label_eba_c19306" xml:lang="en" xlink:role="http://www.eurofiling.info/xbrl/role/rc-code">130</label:label>
    <gen:arc xlink:type="arc" xlink:arcrole="http://xbrl.org/arcrole/2008/element-label" xlink:from="loc_eba_c19306" xlink:to="label_eba_c19306" />
    <link:loc xlink:type="locator" xlink:href="c_02.00-rend.xml#eba_c19307" xlink:label="loc_eba_c19307" />
    <label:label xlink:type="resource" xlink:label="label_eba_c19307" xml:lang="en" xlink:role="http://www.eurofiling.info/xbrl/role/rc-code">140</label:label>
    <gen:arc xlink:type="arc" xlink:arcrole="http://xbrl.org/arcrole/2008/element-label" xlink:from="loc_eba_c19307" xlink:to="label_eba_c19307" />
    <link:loc xlink:type="locator" xlink:href="c_02.00-rend.xml#eba_c19308" xlink:label="loc_eba_c19308" />
    <label:label xlink:type="resource" xlink:label="label_eba_c19308" xml:lang="en" xlink:role="http://www.eurofiling.info/xbrl/role/rc-code">150</label:label>
    <gen:arc xlink:type="arc" xlink:arcrole="http://xbrl.org/arcrole/2008/element-label" xlink:from="loc_eba_c19308" xlink:to="label_eba_c19308" />
    <link:loc xlink:type="locator" xlink:href="c_02.00-rend.xml#eba_c19309" xlink:label="loc_eba_c19309" />
    <label:label xlink:type="resource" xlink:label="label_eba_c19309" xml:lang="en" xlink:role="http://www.eurofiling.info/xbrl/role/rc-code">160</label:label>
    <gen:arc xlink:type="arc" xlink:arcrole="http://xbrl.org/arcrole/2008/element-label" xlink:from="loc_eba_c19309" xlink:to="label_eba_c19309" />
    <link:loc xlink:type="locator" xlink:href="c_02.00-rend.xml#eba_c19310" xlink:label="loc_eba_c19310" />
    <label:label xlink:type="resource" xlink:label="label_eba_c19310" xml:lang="en" xlink:role="http://www.eurofiling.info/xbrl/role/rc-code">170</label:label>
    <gen:arc xlink:type="arc" xlink:arcrole="http://xbrl.org/arcrole/2008/element-label" xlink:from="loc_eba_c19310" xlink:to="label_eba_c19310" />
    <link:loc xlink:type="locator" xlink:href="c_02.00-rend.xml#eba_c19311" xlink:label="loc_eba_c19311" />
    <label:label xlink:type="resource" xlink:label="label_eba_c19311" xml:lang="en" xlink:role="http://www.eurofiling.info/xbrl/role/rc-code">180</label:label>
    <gen:arc xlink:type="arc" xlink:arcrole="http://xbrl.org/arcrole/2008/element-label" xlink:from="loc_eba_c19311" xlink:to="label_eba_c19311" />
    <link:loc xlink:type="locator" xlink:href="c_02.00-rend.xml#eba_c19312" xlink:label="loc_eba_c19312" />
    <label:label xlink:type="resource" xlink:label="label_eba_c19312" xml:lang="en" xlink:role="http://www.eurofiling.info/xbrl/role/rc-code">190</label:label>
    <gen:arc xlink:type="arc" xlink:arcrole="http://xbrl.org/arcrole/2008/element-label" xlink:from="loc_eba_c19312" xlink:to="label_eba_c19312" />
    <link:loc xlink:type="locator" xlink:href="c_02.00-rend.xml#eba_c19313" xlink:label="loc_eba_c19313" />
    <label:label xlink:type="resource" xlink:label="label_eba_c19313" xml:lang="en" xlink:role="http://www.eurofiling.info/xbrl/role/rc-code">200</label:label>
    <gen:arc xlink:type="arc" xlink:arcrole="http://xbrl.org/arcrole/2008/element-label" xlink:from="loc_eba_c19313" xlink:to="label_eba_c19313" />
    <link:loc xlink:type="locator" xlink:href="c_02.00-rend.xml#eba_c19314" xlink:label="loc_eba_c19314" />
    <label:label xlink:type="resource" xlink:label="label_eba_c19314" xml:lang="en" xlink:role="http://www.eurofiling.info/xbrl/role/rc-code">210</label:label>
    <gen:arc xlink:type="arc" xlink:arcrole="http://xbrl.org/arcrole/2008/element-label" xlink:from="loc_eba_c19314" xlink:to="label_eba_c19314" />
    <link:loc xlink:type="locator" xlink:href="c_02.00-rend.xml#eba_c19315" xlink:label="loc_eba_c19315" />
    <label:label xlink:type="resource" xlink:label="label_eba_c19315" xml:lang="en" xlink:role="http://www.eurofiling.info/xbrl/role/rc-code">211</label:label>
    <gen:arc xlink:type="arc" xlink:arcrole="http://xbrl.org/arcrole/2008/element-label" xlink:from="loc_eba_c19315" xlink:to="label_eba_c19315" />
    <link:loc xlink:type="locator" xlink:href="c_02.00-rend.xml#eba_c19316" xlink:label="loc_eba_c19316" />
    <label:label xlink:type="resource" xlink:label="label_eba_c19316" xml:lang="en" xlink:role="http://www.eurofiling.info/xbrl/role/rc-code">220</label:label>
    <gen:arc xlink:type="arc" xlink:arcrole="http://xbrl.org/arcrole/2008/element-label" xlink:from="loc_eba_c19316" xlink:to="label_eba_c19316" />
    <link:loc xlink:type="locator" xlink:href="c_02.00-rend.xml#eba_c19317" xlink:label="loc_eba_c19317" />
    <label:label xlink:type="resource" xlink:label="label_eba_c19317" xml:lang="en" xlink:role="http://www.eurofiling.info/xbrl/role/rc-code">230</label:label>
    <gen:arc xlink:type="arc" xlink:arcrole="http://xbrl.org/arcrole/2008/element-label" xlink:from="loc_eba_c19317" xlink:to="label_eba_c19317" />
    <link:loc xlink:type="locator" xlink:href="c_02.00-rend.xml#eba_c19318" xlink:label="loc_eba_c19318" />
    <label:label xlink:type="resource" xlink:label="label_eba_c19318" xml:lang="en" xlink:role="http://www.eurofiling.info/xbrl/role/rc-code">240</label:label>
    <gen:arc xlink:type="arc" xlink:arcrole="http://xbrl.org/arcrole/2008/element-label" xlink:from="loc_eba_c19318" xlink:to="label_eba_c19318" />
    <link:loc xlink:type="locator" xlink:href="c_02.00-rend.xml#eba_c19319" xlink:label="loc_eba_c19319" />
    <label:label xlink:type="resource" xlink:label="label_eba_c19319" xml:lang="en" xlink:role="http://www.eurofiling.info/xbrl/role/rc-code">250</label:label>
    <gen:arc xlink:type="arc" xlink:arcrole="http://xbrl.org/arcrole/2008/element-label" xlink:from="loc_eba_c19319" xlink:to="label_eba_c19319" />
    <link:loc xlink:type="locator" xlink:href="c_02.00-rend.xml#eba_c19320" xlink:label="loc_eba_c19320" />
    <label:label xlink:type="resource" xlink:label="label_eba_c19320" xml:lang="en" xlink:role="http://www.eurofiling.info/xbrl/role/rc-code">260</label:label>
    <gen:arc xlink:type="arc" xlink:arcrole="http://xbrl.org/arcrole/2008/element-label" xlink:from="loc_eba_c19320" xlink:to="label_eba_c19320" />
    <link:loc xlink:type="locator" xlink:href="c_02.00-rend.xml#eba_c19321" xlink:label="loc_eba_c19321" />
    <label:label xlink:type="resource" xlink:label="label_eba_c19321" xml:lang="en" xlink:role="http://www.eurofiling.info/xbrl/role/rc-code">270</label:label>
    <gen:arc xlink:type="arc" xlink:arcrole="http://xbrl.org/arcrole/2008/element-label" xlink:from="loc_eba_c19321" xlink:to="label_eba_c19321" />
    <link:loc xlink:type="locator" xlink:href="c_02.00-rend.xml#eba_c19322" xlink:label="loc_eba_c19322" />
    <label:label xlink:type="resource" xlink:label="label_eba_c19322" xml:lang="en" xlink:role="http://www.eurofiling.info/xbrl/role/rc-code">280</label:label>
    <gen:arc xlink:type="arc" xlink:arcrole="http://xbrl.org/arcrole/2008/element-label" xlink:from="loc_eba_c19322" xlink:to="label_eba_c19322" />
    <link:loc xlink:type="locator" xlink:href="c_02.00-rend.xml#eba_c19323" xlink:label="loc_eba_c19323" />
    <label:label xlink:type="resource" xlink:label="label_eba_c19323" xml:lang="en" xlink:role="http://www.eurofiling.info/xbrl/role/rc-code">290</label:label>
    <gen:arc xlink:type="arc" xlink:arcrole="http://xbrl.org/arcrole/2008/element-label" xlink:from="loc_eba_c19323" xlink:to="label_eba_c19323" />
    <link:loc xlink:type="locator" xlink:href="c_02.00-rend.xml#eba_c19324" xlink:label="loc_eba_c19324" />
    <label:label xlink:type="resource" xlink:label="label_eba_c19324" xml:lang="en" xlink:role="http://www.eurofiling.info/xbrl/role/rc-code">300</label:label>
    <gen:arc xlink:type="arc" xlink:arcrole="http://xbrl.org/arcrole/2008/element-label" xlink:from="loc_eba_c19324" xlink:to="label_eba_c19324" />
    <link:loc xlink:type="locator" xlink:href="c_02.00-rend.xml#eba_c19325" xlink:label="loc_eba_c19325" />
    <label:label xlink:type="resource" xlink:label="label_eba_c19325" xml:lang="en" xlink:role="http://www.eurofiling.info/xbrl/role/rc-code">310</label:label>
    <gen:arc xlink:type="arc" xlink:arcrole="http://xbrl.org/arcrole/2008/element-label" xlink:from="loc_eba_c19325" xlink:to="label_eba_c19325" />
    <link:loc xlink:type="locator" xlink:href="c_02.00-rend.xml#eba_c19326" xlink:label="loc_eba_c19326" />
    <label:label xlink:type="resource" xlink:label="label_eba_c19326" xml:lang="en" xlink:role="http://www.eurofiling.info/xbrl/role/rc-code">320</label:label>
    <gen:arc xlink:type="arc" xlink:arcrole="http://xbrl.org/arcrole/2008/element-label" xlink:from="loc_eba_c19326" xlink:to="label_eba_c19326" />
    <link:loc xlink:type="locator" xlink:href="c_02.00-rend.xml#eba_c19327" xlink:label="loc_eba_c19327" />
    <label:label xlink:type="resource" xlink:label="label_eba_c19327" xml:lang="en" xlink:role="http://www.eurofiling.info/xbrl/role/rc-code">330</label:label>
    <gen:arc xlink:type="arc" xlink:arcrole="http://xbrl.org/arcrole/2008/element-label" xlink:from="loc_eba_c19327" xlink:to="label_eba_c19327" />
    <link:loc xlink:type="locator" xlink:href="c_02.00-rend.xml#eba_c19328" xlink:label="loc_eba_c19328" />
    <label:label xlink:type="resource" xlink:label="label_eba_c19328" xml:lang="en" xlink:role="http://www.eurofiling.info/xbrl/role/rc-code">340</label:label>
    <gen:arc xlink:type="arc" xlink:arcrole="http://xbrl.org/arcrole/2008/element-label" xlink:from="loc_eba_c19328" xlink:to="label_eba_c19328" />
    <link:loc xlink:type="locator" xlink:href="c_02.00-rend.xml#eba_c19329" xlink:label="loc_eba_c19329" />
    <label:label xlink:type="resource" xlink:label="label_eba_c19329" xml:lang="en" xlink:role="http://www.eurofiling.info/xbrl/role/rc-code">350</label:label>
    <gen:arc xlink:type="arc" xlink:arcrole="http://xbrl.org/arcrole/2008/element-label" xlink:from="loc_eba_c19329" xlink:to="label_eba_c19329" />
    <link:loc xlink:type="locator" xlink:href="c_02.00-rend.xml#eba_c19330" xlink:label="loc_eba_c19330" />
    <label:label xlink:type="resource" xlink:label="label_eba_c19330" xml:lang="en" xlink:role="http://www.eurofiling.info/xbrl/role/rc-code">360</label:label>
    <gen:arc xlink:type="arc" xlink:arcrole="http://xbrl.org/arcrole/2008/element-label" xlink:from="loc_eba_c19330" xlink:to="label_eba_c19330" />
    <link:loc xlink:type="locator" xlink:href="c_02.00-rend.xml#eba_c19331" xlink:label="loc_eba_c19331" />
    <label:label xlink:type="resource" xlink:label="label_eba_c19331" xml:lang="en" xlink:role="http://www.eurofiling.info/xbrl/role/rc-code">370</label:label>
    <gen:arc xlink:type="arc" xlink:arcrole="http://xbrl.org/arcrole/2008/element-label" xlink:from="loc_eba_c19331" xlink:to="label_eba_c19331" />
    <link:loc xlink:type="locator" xlink:href="c_02.00-rend.xml#eba_c19332" xlink:label="loc_eba_c19332" />
    <label:label xlink:type="resource" xlink:label="label_eba_c19332" xml:lang="en" xlink:role="http://www.eurofiling.info/xbrl/role/rc-code">380</label:label>
    <gen:arc xlink:type="arc" xlink:arcrole="http://xbrl.org/arcrole/2008/element-label" xlink:from="loc_eba_c19332" xlink:to="label_eba_c19332" />
    <link:loc xlink:type="locator" xlink:href="c_02.00-rend.xml#eba_c19333" xlink:label="loc_eba_c19333" />
    <label:label xlink:type="resource" xlink:label="label_eba_c19333" xml:lang="en" xlink:role="http://www.eurofiling.info/xbrl/role/rc-code">390</label:label>
    <gen:arc xlink:type="arc" xlink:arcrole="http://xbrl.org/arcrole/2008/element-label" xlink:from="loc_eba_c19333" xlink:to="label_eba_c19333" />
    <link:loc xlink:type="locator" xlink:href="c_02.00-rend.xml#eba_c19334" xlink:label="loc_eba_c19334" />
    <label:label xlink:type="resource" xlink:label="label_eba_c19334" xml:lang="en" xlink:role="http://www.eurofiling.info/xbrl/role/rc-code">400</label:label>
    <gen:arc xlink:type="arc" xlink:arcrole="http://xbrl.org/arcrole/2008/element-label" xlink:from="loc_eba_c19334" xlink:to="label_eba_c19334" />
    <link:loc xlink:type="locator" xlink:href="c_02.00-rend.xml#eba_c19335" xlink:label="loc_eba_c19335" />
    <label:label xlink:type="resource" xlink:label="label_eba_c19335" xml:lang="en" xlink:role="http://www.eurofiling.info/xbrl/role/rc-code">410</label:label>
    <gen:arc xlink:type="arc" xlink:arcrole="http://xbrl.org/arcrole/2008/element-label" xlink:from="loc_eba_c19335" xlink:to="label_eba_c19335" />
    <link:loc xlink:type="locator" xlink:href="c_02.00-rend.xml#eba_c19336" xlink:label="loc_eba_c19336" />
    <label:label xlink:type="resource" xlink:label="label_eba_c19336" xml:lang="en" xlink:role="http://www.eurofiling.info/xbrl/role/rc-code">420</label:label>
    <gen:arc xlink:type="arc" xlink:arcrole="http://xbrl.org/arcrole/2008/element-label" xlink:from="loc_eba_c19336" xlink:to="label_eba_c19336" />
    <link:loc xlink:type="locator" xlink:href="c_02.00-rend.xml#eba_c19337" xlink:label="loc_eba_c19337" />
    <label:label xlink:type="resource" xlink:label="label_eba_c19337" xml:lang="en" xlink:role="http://www.eurofiling.info/xbrl/role/rc-code">430</label:label>
    <gen:arc xlink:type="arc" xlink:arcrole="http://xbrl.org/arcrole/2008/element-label" xlink:from="loc_eba_c19337" xlink:to="label_eba_c19337" />
    <link:loc xlink:type="locator" xlink:href="c_02.00-rend.xml#eba_c19338" xlink:label="loc_eba_c19338" />
    <label:label xlink:type="resource" xlink:label="label_eba_c19338" xml:lang="en" xlink:role="http://www.eurofiling.info/xbrl/role/rc-code">440</label:label>
    <gen:arc xlink:type="arc" xlink:arcrole="http://xbrl.org/arcrole/2008/element-label" xlink:from="loc_eba_c19338" xlink:to="label_eba_c19338" />
    <link:loc xlink:type="locator" xlink:href="c_02.00-rend.xml#eba_c19339" xlink:label="loc_eba_c19339" />
    <label:label xlink:type="resource" xlink:label="label_eba_c19339" xml:lang="en" xlink:role="http://www.eurofiling.info/xbrl/role/rc-code">450</label:label>
    <gen:arc xlink:type="arc" xlink:arcrole="http://xbrl.org/arcrole/2008/element-label" xlink:from="loc_eba_c19339" xlink:to="label_eba_c19339" />
    <link:loc xlink:type="locator" xlink:href="c_02.00-rend.xml#eba_c19340" xlink:label="loc_eba_c19340" />
    <label:label xlink:type="resource" xlink:label="label_eba_c19340" xml:lang="en" xlink:role="http://www.eurofiling.info/xbrl/role/rc-code">460</label:label>
    <gen:arc xlink:type="arc" xlink:arcrole="http://xbrl.org/arcrole/2008/element-label" xlink:from="loc_eba_c19340" xlink:to="label_eba_c19340" />
    <link:loc xlink:type="locator" xlink:href="c_02.00-rend.xml#eba_c19341" xlink:label="loc_eba_c19341" />
    <label:label xlink:type="resource" xlink:label="label_eba_c19341" xml:lang="en" xlink:role="http://www.eurofiling.info/xbrl/role/rc-code">490</label:label>
    <gen:arc xlink:type="arc" xlink:arcrole="http://xbrl.org/arcrole/2008/element-label" xlink:from="loc_eba_c19341" xlink:to="label_eba_c19341" />
    <link:loc xlink:type="locator" xlink:href="c_02.00-rend.xml#eba_c19342" xlink:label="loc_eba_c19342" />
    <label:label xlink:type="resource" xlink:label="label_eba_c19342" xml:lang="en" xlink:role="http://www.eurofiling.info/xbrl/role/rc-code">500</label:label>
    <gen:arc xlink:type="arc" xlink:arcrole="http://xbrl.org/arcrole/2008/element-label" xlink:from="loc_eba_c19342" xlink:to="label_eba_c19342" />
    <link:loc xlink:type="locator" xlink:href="c_02.00-rend.xml#eba_c19343" xlink:label="loc_eba_c19343" />
    <label:label xlink:type="resource" xlink:label="label_eba_c19343" xml:lang="en" xlink:role="http://www.eurofiling.info/xbrl/role/rc-code">510</label:label>
    <gen:arc xlink:type="arc" xlink:arcrole="http://xbrl.org/arcrole/2008/element-label" xlink:from="loc_eba_c19343" xlink:to="label_eba_c19343" />
    <link:loc xlink:type="locator" xlink:href="c_02.00-rend.xml#eba_c19344" xlink:label="loc_eba_c19344" />
    <label:label xlink:type="resource" xlink:label="label_eba_c19344" xml:lang="en" xlink:role="http://www.eurofiling.info/xbrl/role/rc-code">520</label:label>
    <gen:arc xlink:type="arc" xlink:arcrole="http://xbrl.org/arcrole/2008/element-label" xlink:from="loc_eba_c19344" xlink:to="label_eba_c19344" />
    <link:loc xlink:type="locator" xlink:href="c_02.00-rend.xml#eba_c19345" xlink:label="loc_eba_c19345" />
    <label:label xlink:type="resource" xlink:label="label_eba_c19345" xml:lang="en" xlink:role="http://www.eurofiling.info/xbrl/role/rc-code">530</label:label>
    <gen:arc xlink:type="arc" xlink:arcrole="http://xbrl.org/arcrole/2008/element-label" xlink:from="loc_eba_c19345" xlink:to="label_eba_c19345" />
    <link:loc xlink:type="locator" xlink:href="c_02.00-rend.xml#eba_c19346" xlink:label="loc_eba_c19346" />
    <label:label xlink:type="resource" xlink:label="label_eba_c19346" xml:lang="en" xlink:role="http://www.eurofiling.info/xbrl/role/rc-code">540</label:label>
    <gen:arc xlink:type="arc" xlink:arcrole="http://xbrl.org/arcrole/2008/element-label" xlink:from="loc_eba_c19346" xlink:to="label_eba_c19346" />
    <link:loc xlink:type="locator" xlink:href="c_02.00-rend.xml#eba_c19347" xlink:label="loc_eba_c19347" />
    <label:label xlink:type="resource" xlink:label="label_eba_c19347" xml:lang="en" xlink:role="http://www.eurofiling.info/xbrl/role/rc-code">550</label:label>
    <gen:arc xlink:type="arc" xlink:arcrole="http://xbrl.org/arcrole/2008/element-label" xlink:from="loc_eba_c19347" xlink:to="label_eba_c19347" />
    <link:loc xlink:type="locator" xlink:href="c_02.00-rend.xml#eba_c19348" xlink:label="loc_eba_c19348" />
    <label:label xlink:type="resource" xlink:label="label_eba_c19348" xml:lang="en" xlink:role="http://www.eurofiling.info/xbrl/role/rc-code">560</label:label>
    <gen:arc xlink:type="arc" xlink:arcrole="http://xbrl.org/arcrole/2008/element-label" xlink:from="loc_eba_c19348" xlink:to="label_eba_c19348" />
    <link:loc xlink:type="locator" xlink:href="c_02.00-rend.xml#eba_c19349" xlink:label="loc_eba_c19349" />
    <label:label xlink:type="resource" xlink:label="label_eba_c19349" xml:lang="en" xlink:role="http://www.eurofiling.info/xbrl/role/rc-code">570</label:label>
    <gen:arc xlink:type="arc" xlink:arcrole="http://xbrl.org/arcrole/2008/element-label" xlink:from="loc_eba_c19349" xlink:to="label_eba_c19349" />
    <link:loc xlink:type="locator" xlink:href="c_02.00-rend.xml#eba_c19350" xlink:label="loc_eba_c19350" />
    <label:label xlink:type="resource" xlink:label="label_eba_c19350" xml:lang="en" xlink:role="http://www.eurofiling.info/xbrl/role/rc-code">580</label:label>
    <gen:arc xlink:type="arc" xlink:arcrole="http://xbrl.org/arcrole/2008/element-label" xlink:from="loc_eba_c19350" xlink:to="label_eba_c19350" />
    <link:loc xlink:type="locator" xlink:href="c_02.00-rend.xml#eba_c19351" xlink:label="loc_eba_c19351" />
    <label:label xlink:type="resource" xlink:label="label_eba_c19351" xml:lang="en" xlink:role="http://www.eurofiling.info/xbrl/role/rc-code">590</label:label>
    <gen:arc xlink:type="arc" xlink:arcrole="http://xbrl.org/arcrole/2008/element-label" xlink:from="loc_eba_c19351" xlink:to="label_eba_c19351" />
    <link:loc xlink:type="locator" xlink:href="c_02.00-rend.xml#eba_c19352" xlink:label="loc_eba_c19352" />
    <label:label xlink:type="resource" xlink:label="label_eba_c19352" xml:lang="en" xlink:role="http://www.eurofiling.info/xbrl/role/rc-code">600</label:label>
    <gen:arc xlink:type="arc" xlink:arcrole="http://xbrl.org/arcrole/2008/element-label" xlink:from="loc_eba_c19352" xlink:to="label_eba_c19352" />
    <link:loc xlink:type="locator" xlink:href="c_02.00-rend.xml#eba_c19353" xlink:label="loc_eba_c19353" />
    <label:label xlink:type="resource" xlink:label="label_eba_c19353" xml:lang="en" xlink:role="http://www.eurofiling.info/xbrl/role/rc-code">610</label:label>
    <gen:arc xlink:type="arc" xlink:arcrole="http://xbrl.org/arcrole/2008/element-label" xlink:from="loc_eba_c19353" xlink:to="label_eba_c19353" />
    <link:loc xlink:type="locator" xlink:href="c_02.00-rend.xml#eba_c19354" xlink:label="loc_eba_c19354" />
    <label:label xlink:type="resource" xlink:label="label_eba_c19354" xml:lang="en" xlink:role="http://www.eurofiling.info/xbrl/role/rc-code">620</label:label>
    <gen:arc xlink:type="arc" xlink:arcrole="http://xbrl.org/arcrole/2008/element-label" xlink:from="loc_eba_c19354" xlink:to="label_eba_c19354" />
    <link:loc xlink:type="locator" xlink:href="c_02.00-rend.xml#eba_c19355" xlink:label="loc_eba_c19355" />
    <label:label xlink:type="resource" xlink:label="label_eba_c19355" xml:lang="en" xlink:role="http://www.eurofiling.info/xbrl/role/rc-code">630</label:label>
    <gen:arc xlink:type="arc" xlink:arcrole="http://xbrl.org/arcrole/2008/element-label" xlink:from="loc_eba_c19355" xlink:to="label_eba_c19355" />
    <link:loc xlink:type="locator" xlink:href="c_02.00-rend.xml#eba_c19356" xlink:label="loc_eba_c19356" />
    <label:label xlink:type="resource" xlink:label="label_eba_c19356" xml:lang="en" xlink:role="http://www.eurofiling.info/xbrl/role/rc-code">640</label:label>
    <gen:arc xlink:type="arc" xlink:arcrole="http://xbrl.org/arcrole/2008/element-label" xlink:from="loc_eba_c19356" xlink:to="label_eba_c19356" />
    <link:loc xlink:type="locator" xlink:href="c_02.00-rend.xml#eba_c19357" xlink:label="loc_eba_c19357" />
    <label:label xlink:type="resource" xlink:label="label_eba_c19357" xml:lang="en" xlink:role="http://www.eurofiling.info/xbrl/role/rc-code">650</label:label>
    <gen:arc xlink:type="arc" xlink:arcrole="http://xbrl.org/arcrole/2008/element-label" xlink:from="loc_eba_c19357" xlink:to="label_eba_c19357" />
    <link:loc xlink:type="locator" xlink:href="c_02.00-rend.xml#eba_c19358" xlink:label="loc_eba_c19358" />
    <label:label xlink:type="resource" xlink:label="label_eba_c19358" xml:lang="en" xlink:role="http://www.eurofiling.info/xbrl/role/rc-code">660</label:label>
    <gen:arc xlink:type="arc" xlink:arcrole="http://xbrl.org/arcrole/2008/element-label" xlink:from="loc_eba_c19358" xlink:to="label_eba_c19358" />
    <link:loc xlink:type="locator" xlink:href="c_02.00-rend.xml#eba_c19359" xlink:label="loc_eba_c19359" />
    <label:label xlink:type="resource" xlink:label="label_eba_c19359" xml:lang="en" xlink:role="http://www.eurofiling.info/xbrl/role/rc-code">670</label:label>
    <gen:arc xlink:type="arc" xlink:arcrole="http://xbrl.org/arcrole/2008/element-label" xlink:from="loc_eba_c19359" xlink:to="label_eba_c19359" />
    <link:loc xlink:type="locator" xlink:href="c_02.00-rend.xml#eba_c19360" xlink:label="loc_eba_c19360" />
    <label:label xlink:type="resource" xlink:label="label_eba_c19360" xml:lang="en" xlink:role="http://www.eurofiling.info/xbrl/role/rc-code">680</label:label>
    <gen:arc xlink:type="arc" xlink:arcrole="http://xbrl.org/arcrole/2008/element-label" xlink:from="loc_eba_c19360" xlink:to="label_eba_c19360" />
    <link:loc xlink:type="locator" xlink:href="c_02.00-rend.xml#eba_c19361" xlink:label="loc_eba_c19361" />
    <label:label xlink:type="resource" xlink:label="label_eba_c19361" xml:lang="en" xlink:role="http://www.eurofiling.info/xbrl/role/rc-code">690</label:label>
    <gen:arc xlink:type="arc" xlink:arcrole="http://xbrl.org/arcrole/2008/element-label" xlink:from="loc_eba_c19361" xlink:to="label_eba_c19361" />
    <link:loc xlink:type="locator" xlink:href="c_02.00-rend.xml#eba_c19362" xlink:label="loc_eba_c19362" />
    <label:label xlink:type="resource" xlink:label="label_eba_c19362" xml:lang="en" xlink:role="http://www.eurofiling.info/xbrl/role/rc-code">710</label:label>
    <gen:arc xlink:type="arc" xlink:arcrole="http://xbrl.org/arcrole/2008/element-label" xlink:from="loc_eba_c19362" xlink:to="label_eba_c19362" />
    <link:loc xlink:type="locator" xlink:href="c_02.00-rend.xml#eba_c19363" xlink:label="loc_eba_c19363" />
    <label:label xlink:type="resource" xlink:label="label_eba_c19363" xml:lang="en" xlink:role="http://www.eurofiling.info/xbrl/role/rc-code">720</label:label>
    <gen:arc xlink:type="arc" xlink:arcrole="http://xbrl.org/arcrole/2008/element-label" xlink:from="loc_eba_c19363" xlink:to="label_eba_c19363" />
    <link:loc xlink:type="locator" xlink:href="c_02.00-rend.xml#eba_c19364" xlink:label="loc_eba_c19364" />
    <label:label xlink:type="resource" xlink:label="label_eba_c19364" xml:lang="en" xlink:role="http://www.eurofiling.info/xbrl/role/rc-code">730</label:label>
    <gen:arc xlink:type="arc" xlink:arcrole="http://xbrl.org/arcrole/2008/element-label" xlink:from="loc_eba_c19364" xlink:to="label_eba_c19364" />
    <link:loc xlink:type="locator" xlink:href="c_02.00-rend.xml#eba_c19365" xlink:label="loc_eba_c19365" />
    <label:label xlink:type="resource" xlink:label="label_eba_c19365" xml:lang="en" xlink:role="http://www.eurofiling.info/xbrl/role/rc-code">740</label:label>
    <gen:arc xlink:type="arc" xlink:arcrole="http://xbrl.org/arcrole/2008/element-label" xlink:from="loc_eba_c19365" xlink:to="label_eba_c19365" />
    <link:loc xlink:type="locator" xlink:href="c_02.00-rend.xml#eba_c19366" xlink:label="loc_eba_c19366" />
    <label:label xlink:type="resource" xlink:label="label_eba_c19366" xml:lang="en" xlink:role="http://www.eurofiling.info/xbrl/role/rc-code">750</label:label>
    <gen:arc xlink:type="arc" xlink:arcrole="http://xbrl.org/arcrole/2008/element-label" xlink:from="loc_eba_c19366" xlink:to="label_eba_c19366" />
    <link:loc xlink:type="locator" xlink:href="c_02.00-rend.xml#eba_c19367" xlink:label="loc_eba_c19367" />
    <label:label xlink:type="resource" xlink:label="label_eba_c19367" xml:lang="en" xlink:role="http://www.eurofiling.info/xbrl/role/rc-code">760</label:label>
    <gen:arc xlink:type="arc" xlink:arcrole="http://xbrl.org/arcrole/2008/element-label" xlink:from="loc_eba_c19367" xlink:to="label_eba_c19367" />
    <label:label xlink:type="resource" xlink:label="label_eba_tC_02.00_1" xml:lang="en" xlink:role="http://www.eurofiling.info/xbrl/role/filing-indicator-code">C_02.00</label:label>
    <gen:arc xlink:type="arc" xlink:arcrole="http://xbrl.org/arcrole/2008/element-label" xlink:from="loc_eba_tC_02.00" xlink:to="label_eba_tC_02.00_1" />
    <label:label xlink:type="resource" xlink:label="label_eba_tC_02.00_2" xml:lang="en" xlink:role="http://www.eba.europa.eu/xbrl/role/dpm-db-id">75</label:label>
    <gen:arc xlink:type="arc" xlink:arcrole="http://xbrl.org/arcrole/2008/element-label" xlink:from="loc_eba_tC_02.00" xlink:to="label_eba_tC_02.00_2" />
    <label:label xlink:type="resource" xlink:label="label_eba_c19293_1" xml:lang="en" xlink:role="http://www.eba.europa.eu/xbrl/role/dpm-db-id">19293</label:label>
    <gen:arc xlink:type="arc" xlink:arcrole="http://xbrl.org/arcrole/2008/element-label" xlink:from="loc_eba_c19293" xlink:to="label_eba_c19293_1" />
    <label:label xlink:type="resource" xlink:label="label_eba_c19294_1" xml:lang="en" xlink:role="http://www.eba.europa.eu/xbrl/role/dpm-db-id">19294</label:label>
    <gen:arc xlink:type="arc" xlink:arcrole="http://xbrl.org/arcrole/2008/element-label" xlink:from="loc_eba_c19294" xlink:to="label_eba_c19294_1" />
    <label:label xlink:type="resource" xlink:label="label_eba_c19295_1" xml:lang="en" xlink:role="http://www.eba.europa.eu/xbrl/role/dpm-db-id">19295</label:label>
    <gen:arc xlink:type="arc" xlink:arcrole="http://xbrl.org/arcrole/2008/element-label" xlink:from="loc_eba_c19295" xlink:to="label_eba_c19295_1" />
    <label:label xlink:type="resource" xlink:label="label_eba_c19296_1" xml:lang="en" xlink:role="http://www.eba.europa.eu/xbrl/role/dpm-db-id">19296</label:label>
    <gen:arc xlink:type="arc" xlink:arcrole="http://xbrl.org/arcrole/2008/element-label" xlink:from="loc_eba_c19296" xlink:to="label_eba_c19296_1" />
    <label:label xlink:type="resource" xlink:label="label_eba_c19297_1" xml:lang="en" xlink:role="http://www.eba.europa.eu/xbrl/role/dpm-db-id">19297</label:label>
    <gen:arc xlink:type="arc" xlink:arcrole="http://xbrl.org/arcrole/2008/element-label" xlink:from="loc_eba_c19297" xlink:to="label_eba_c19297_1" />
    <label:label xlink:type="resource" xlink:label="label_eba_c19298_1" xml:lang="en" xlink:role="http://www.eba.europa.eu/xbrl/role/dpm-db-id">19298</label:label>
    <gen:arc xlink:type="arc" xlink:arcrole="http://xbrl.org/arcrole/2008/element-label" xlink:from="loc_eba_c19298" xlink:to="label_eba_c19298_1" />
    <label:label xlink:type="resource" xlink:label="label_eba_c19299_1" xml:lang="en" xlink:role="http://www.eba.europa.eu/xbrl/role/dpm-db-id">19299</label:label>
    <gen:arc xlink:type="arc" xlink:arcrole="http://xbrl.org/arcrole/2008/element-label" xlink:from="loc_eba_c19299" xlink:to="label_eba_c19299_1" />
    <label:label xlink:type="resource" xlink:label="label_eba_c19300_1" xml:lang="en" xlink:role="http://www.eba.europa.eu/xbrl/role/dpm-db-id">19300</label:label>
    <gen:arc xlink:type="arc" xlink:arcrole="http://xbrl.org/arcrole/2008/element-label" xlink:from="loc_eba_c19300" xlink:to="label_eba_c19300_1" />
    <label:label xlink:type="resource" xlink:label="label_eba_c19301_1" xml:lang="en" xlink:role="http://www.eba.europa.eu/xbrl/role/dpm-db-id">19301</label:label>
    <gen:arc xlink:type="arc" xlink:arcrole="http://xbrl.org/arcrole/2008/element-label" xlink:from="loc_eba_c19301" xlink:to="label_eba_c19301_1" />
    <label:label xlink:type="resource" xlink:label="label_eba_c19302_1" xml:lang="en" xlink:role="http://www.eba.europa.eu/xbrl/role/dpm-db-id">19302</label:label>
    <gen:arc xlink:type="arc" xlink:arcrole="http://xbrl.org/arcrole/2008/element-label" xlink:from="loc_eba_c19302" xlink:to="label_eba_c19302_1" />
    <label:label xlink:type="resource" xlink:label="label_eba_c19303_1" xml:lang="en" xlink:role="http://www.eba.europa.eu/xbrl/role/dpm-db-id">19303</label:label>
    <gen:arc xlink:type="arc" xlink:arcrole="http://xbrl.org/arcrole/2008/element-label" xlink:from="loc_eba_c19303" xlink:to="label_eba_c19303_1" />
    <label:label xlink:type="resource" xlink:label="label_eba_c19304_1" xml:lang="en" xlink:role="http://www.eba.europa.eu/xbrl/role/dpm-db-id">19304</label:label>
    <gen:arc xlink:type="arc" xlink:arcrole="http://xbrl.org/arcrole/2008/element-label" xlink:from="loc_eba_c19304" xlink:to="label_eba_c19304_1" />
    <label:label xlink:type="resource" xlink:label="label_eba_c19305_1" xml:lang="en" xlink:role="http://www.eba.europa.eu/xbrl/role/dpm-db-id">19305</label:label>
    <gen:arc xlink:type="arc" xlink:arcrole="http://xbrl.org/arcrole/2008/element-label" xlink:from="loc_eba_c19305" xlink:to="label_eba_c19305_1" />
    <label:label xlink:type="resource" xlink:label="label_eba_c19306_1" xml:lang="en" xlink:role="http://www.eba.europa.eu/xbrl/role/dpm-db-id">19306</label:label>
    <gen:arc xlink:type="arc" xlink:arcrole="http://xbrl.org/arcrole/2008/element-label" xlink:from="loc_eba_c19306" xlink:to="label_eba_c19306_1" />
    <label:label xlink:type="resource" xlink:label="label_eba_c19307_1" xml:lang="en" xlink:role="http://www.eba.europa.eu/xbrl/role/dpm-db-id">19307</label:label>
    <gen:arc xlink:type="arc" xlink:arcrole="http://xbrl.org/arcrole/2008/element-label" xlink:from="loc_eba_c19307" xlink:to="label_eba_c19307_1" />
    <label:label xlink:type="resource" xlink:label="label_eba_c19308_1" xml:lang="en" xlink:role="http://www.eba.europa.eu/xbrl/role/dpm-db-id">19308</label:label>
    <gen:arc xlink:type="arc" xlink:arcrole="http://xbrl.org/arcrole/2008/element-label" xlink:from="loc_eba_c19308" xlink:to="label_eba_c19308_1" />
    <label:label xlink:type="resource" xlink:label="label_eba_c19309_1" xml:lang="en" xlink:role="http://www.eba.europa.eu/xbrl/role/dpm-db-id">19309</label:label>
    <gen:arc xlink:type="arc" xlink:arcrole="http://xbrl.org/arcrole/2008/element-label" xlink:from="loc_eba_c19309" xlink:to="label_eba_c19309_1" />
    <label:label xlink:type="resource" xlink:label="label_eba_c19310_1" xml:lang="en" xlink:role="http://www.eba.europa.eu/xbrl/role/dpm-db-id">19310</label:label>
    <gen:arc xlink:type="arc" xlink:arcrole="http://xbrl.org/arcrole/2008/element-label" xlink:from="loc_eba_c19310" xlink:to="label_eba_c19310_1" />
    <label:label xlink:type="resource" xlink:label="label_eba_c19311_1" xml:lang="en" xlink:role="http://www.eba.europa.eu/xbrl/role/dpm-db-id">19311</label:label>
    <gen:arc xlink:type="arc" xlink:arcrole="http://xbrl.org/arcrole/2008/element-label" xlink:from="loc_eba_c19311" xlink:to="label_eba_c19311_1" />
    <label:label xlink:type="resource" xlink:label="label_eba_c19312_1" xml:lang="en" xlink:role="http://www.eba.europa.eu/xbrl/role/dpm-db-id">19312</label:label>
    <gen:arc xlink:type="arc" xlink:arcrole="http://xbrl.org/arcrole/2008/element-label" xlink:from="loc_eba_c19312" xlink:to="label_eba_c19312_1" />
    <label:label xlink:type="resource" xlink:label="label_eba_c19313_1" xml:lang="en" xlink:role="http://www.eba.europa.eu/xbrl/role/dpm-db-id">19313</label:label>
    <gen:arc xlink:type="arc" xlink:arcrole="http://xbrl.org/arcrole/2008/element-label" xlink:from="loc_eba_c19313" xlink:to="label_eba_c19313_1" />
    <label:label xlink:type="resource" xlink:label="label_eba_c19314_1" xml:lang="en" xlink:role="http://www.eba.europa.eu/xbrl/role/dpm-db-id">19314</label:label>
    <gen:arc xlink:type="arc" xlink:arcrole="http://xbrl.org/arcrole/2008/element-label" xlink:from="loc_eba_c19314" xlink:to="label_eba_c19314_1" />
    <label:label xlink:type="resource" xlink:label="label_eba_c19315_1" xml:lang="en" xlink:role="http://www.eba.europa.eu/xbrl/role/dpm-db-id">19315</label:label>
    <gen:arc xlink:type="arc" xlink:arcrole="http://xbrl.org/arcrole/2008/element-label" xlink:from="loc_eba_c19315" xlink:to="label_eba_c19315_1" />
    <label:label xlink:type="resource" xlink:label="label_eba_c19316_1" xml:lang="en" xlink:role="http://www.eba.europa.eu/xbrl/role/dpm-db-id">19316</label:label>
    <gen:arc xlink:type="arc" xlink:arcrole="http://xbrl.org/arcrole/2008/element-label" xlink:from="loc_eba_c19316" xlink:to="label_eba_c19316_1" />
    <label:label xlink:type="resource" xlink:label="label_eba_c19317_1" xml:lang="en" xlink:role="http://www.eba.europa.eu/xbrl/role/dpm-db-id">19317</label:label>
    <gen:arc xlink:type="arc" xlink:arcrole="http://xbrl.org/arcrole/2008/element-label" xlink:from="loc_eba_c19317" xlink:to="label_eba_c19317_1" />
    <label:label xlink:type="resource" xlink:label="label_eba_c19318_1" xml:lang="en" xlink:role="http://www.eba.europa.eu/xbrl/role/dpm-db-id">19318</label:label>
    <gen:arc xlink:type="arc" xlink:arcrole="http://xbrl.org/arcrole/2008/element-label" xlink:from="loc_eba_c19318" xlink:to="label_eba_c19318_1" />
    <label:label xlink:type="resource" xlink:label="label_eba_c19319_1" xml:lang="en" xlink:role="http://www.eba.europa.eu/xbrl/role/dpm-db-id">19319</label:label>
    <gen:arc xlink:type="arc" xlink:arcrole="http://xbrl.org/arcrole/2008/element-label" xlink:from="loc_eba_c19319" xlink:to="label_eba_c19319_1" />
    <label:label xlink:type="resource" xlink:label="label_eba_c19320_1" xml:lang="en" xlink:role="http://www.eba.europa.eu/xbrl/role/dpm-db-id">19320</label:label>
    <gen:arc xlink:type="arc" xlink:arcrole="http://xbrl.org/arcrole/2008/element-label" xlink:from="loc_eba_c19320" xlink:to="label_eba_c19320_1" />
    <label:label xlink:type="resource" xlink:label="label_eba_c19321_1" xml:lang="en" xlink:role="http://www.eba.europa.eu/xbrl/role/dpm-db-id">19321</label:label>
    <gen:arc xlink:type="arc" xlink:arcrole="http://xbrl.org/arcrole/2008/element-label" xlink:from="loc_eba_c19321" xlink:to="label_eba_c19321_1" />
    <label:label xlink:type="resource" xlink:label="label_eba_c19322_1" xml:lang="en" xlink:role="http://www.eba.europa.eu/xbrl/role/dpm-db-id">19322</label:label>
    <gen:arc xlink:type="arc" xlink:arcrole="http://xbrl.org/arcrole/2008/element-label" xlink:from="loc_eba_c19322" xlink:to="label_eba_c19322_1" />
    <label:label xlink:type="resource" xlink:label="label_eba_c19323_1" xml:lang="en" xlink:role="http://www.eba.europa.eu/xbrl/role/dpm-db-id">19323</label:label>
    <gen:arc xlink:type="arc" xlink:arcrole="http://xbrl.org/arcrole/2008/element-label" xlink:from="loc_eba_c19323" xlink:to="label_eba_c19323_1" />
    <label:label xlink:type="resource" xlink:label="label_eba_c19324_1" xml:lang="en" xlink:role="http://www.eba.europa.eu/xbrl/role/dpm-db-id">19324</label:label>
    <gen:arc xlink:type="arc" xlink:arcrole="http://xbrl.org/arcrole/2008/element-label" xlink:from="loc_eba_c19324" xlink:to="label_eba_c19324_1" />
    <label:label xlink:type="resource" xlink:label="label_eba_c19325_1" xml:lang="en" xlink:role="http://www.eba.europa.eu/xbrl/role/dpm-db-id">19325</label:label>
    <gen:arc xlink:type="arc" xlink:arcrole="http://xbrl.org/arcrole/2008/element-label" xlink:from="loc_eba_c19325" xlink:to="label_eba_c19325_1" />
    <label:label xlink:type="resource" xlink:label="label_eba_c19326_1" xml:lang="en" xlink:role="http://www.eba.europa.eu/xbrl/role/dpm-db-id">19326</label:label>
    <gen:arc xlink:type="arc" xlink:arcrole="http://xbrl.org/arcrole/2008/element-label" xlink:from="loc_eba_c19326" xlink:to="label_eba_c19326_1" />
    <label:label xlink:type="resource" xlink:label="label_eba_c19327_1" xml:lang="en" xlink:role="http://www.eba.europa.eu/xbrl/role/dpm-db-id">19327</label:label>
    <gen:arc xlink:type="arc" xlink:arcrole="http://xbrl.org/arcrole/2008/element-label" xlink:from="loc_eba_c19327" xlink:to="label_eba_c19327_1" />
    <label:label xlink:type="resource" xlink:label="label_eba_c19328_1" xml:lang="en" xlink:role="http://www.eba.europa.eu/xbrl/role/dpm-db-id">19328</label:label>
    <gen:arc xlink:type="arc" xlink:arcrole="http://xbrl.org/arcrole/2008/element-label" xlink:from="loc_eba_c19328" xlink:to="label_eba_c19328_1" />
    <label:label xlink:type="resource" xlink:label="label_eba_c19329_1" xml:lang="en" xlink:role="http://www.eba.europa.eu/xbrl/role/dpm-db-id">19329</label:label>
    <gen:arc xlink:type="arc" xlink:arcrole="http://xbrl.org/arcrole/2008/element-label" xlink:from="loc_eba_c19329" xlink:to="label_eba_c19329_1" />
    <label:label xlink:type="resource" xlink:label="label_eba_c19330_1" xml:lang="en" xlink:role="http://www.eba.europa.eu/xbrl/role/dpm-db-id">19330</label:label>
    <gen:arc xlink:type="arc" xlink:arcrole="http://xbrl.org/arcrole/2008/element-label" xlink:from="loc_eba_c19330" xlink:to="label_eba_c19330_1" />
    <label:label xlink:type="resource" xlink:label="label_eba_c19331_1" xml:lang="en" xlink:role="http://www.eba.europa.eu/xbrl/role/dpm-db-id">19331</label:label>
    <gen:arc xlink:type="arc" xlink:arcrole="http://xbrl.org/arcrole/2008/element-label" xlink:from="loc_eba_c19331" xlink:to="label_eba_c19331_1" />
    <label:label xlink:type="resource" xlink:label="label_eba_c19332_1" xml:lang="en" xlink:role="http://www.eba.europa.eu/xbrl/role/dpm-db-id">19332</label:label>
    <gen:arc xlink:type="arc" xlink:arcrole="http://xbrl.org/arcrole/2008/element-label" xlink:from="loc_eba_c19332" xlink:to="label_eba_c19332_1" />
    <label:label xlink:type="resource" xlink:label="label_eba_c19333_1" xml:lang="en" xlink:role="http://www.eba.europa.eu/xbrl/role/dpm-db-id">19333</label:label>
    <gen:arc xlink:type="arc" xlink:arcrole="http://xbrl.org/arcrole/2008/element-label" xlink:from="loc_eba_c19333" xlink:to="label_eba_c19333_1" />
    <label:label xlink:type="resource" xlink:label="label_eba_c19334_1" xml:lang="en" xlink:role="http://www.eba.europa.eu/xbrl/role/dpm-db-id">19334</label:label>
    <gen:arc xlink:type="arc" xlink:arcrole="http://xbrl.org/arcrole/2008/element-label" xlink:from="loc_eba_c19334" xlink:to="label_eba_c19334_1" />
    <label:label xlink:type="resource" xlink:label="label_eba_c19335_1" xml:lang="en" xlink:role="http://www.eba.europa.eu/xbrl/role/dpm-db-id">19335</label:label>
    <gen:arc xlink:type="arc" xlink:arcrole="http://xbrl.org/arcrole/2008/element-label" xlink:from="loc_eba_c19335" xlink:to="label_eba_c19335_1" />
    <label:label xlink:type="resource" xlink:label="label_eba_c19336_1" xml:lang="en" xlink:role="http://www.eba.europa.eu/xbrl/role/dpm-db-id">19336</label:label>
    <gen:arc xlink:type="arc" xlink:arcrole="http://xbrl.org/arcrole/2008/element-label" xlink:from="loc_eba_c19336" xlink:to="label_eba_c19336_1" />
    <label:label xlink:type="resource" xlink:label="label_eba_c19337_1" xml:lang="en" xlink:role="http://www.eba.europa.eu/xbrl/role/dpm-db-id">19337</label:label>
    <gen:arc xlink:type="arc" xlink:arcrole="http://xbrl.org/arcrole/2008/element-label" xlink:from="loc_eba_c19337" xlink:to="label_eba_c19337_1" />
    <label:label xlink:type="resource" xlink:label="label_eba_c19338_1" xml:lang="en" xlink:role="http://www.eba.europa.eu/xbrl/role/dpm-db-id">19338</label:label>
    <gen:arc xlink:type="arc" xlink:arcrole="http://xbrl.org/arcrole/2008/element-label" xlink:from="loc_eba_c19338" xlink:to="label_eba_c19338_1" />
    <label:label xlink:type="resource" xlink:label="label_eba_c19339_1" xml:lang="en" xlink:role="http://www.eba.europa.eu/xbrl/role/dpm-db-id">19339</label:label>
    <gen:arc xlink:type="arc" xlink:arcrole="http://xbrl.org/arcrole/2008/element-label" xlink:from="loc_eba_c19339" xlink:to="label_eba_c19339_1" />
    <label:label xlink:type="resource" xlink:label="label_eba_c19340_1" xml:lang="en" xlink:role="http://www.eba.europa.eu/xbrl/role/dpm-db-id">19340</label:label>
    <gen:arc xlink:type="arc" xlink:arcrole="http://xbrl.org/arcrole/2008/element-label" xlink:from="loc_eba_c19340" xlink:to="label_eba_c19340_1" />
    <label:label xlink:type="resource" xlink:label="label_eba_c19341_1" xml:lang="en" xlink:role="http://www.eba.europa.eu/xbrl/role/dpm-db-id">19341</label:label>
    <gen:arc xlink:type="arc" xlink:arcrole="http://xbrl.org/arcrole/2008/element-label" xlink:from="loc_eba_c19341" xlink:to="label_eba_c19341_1" />
    <label:label xlink:type="resource" xlink:label="label_eba_c19342_1" xml:lang="en" xlink:role="http://www.eba.europa.eu/xbrl/role/dpm-db-id">19342</label:label>
    <gen:arc xlink:type="arc" xlink:arcrole="http://xbrl.org/arcrole/2008/element-label" xlink:from="loc_eba_c19342" xlink:to="label_eba_c19342_1" />
    <label:label xlink:type="resource" xlink:label="label_eba_c19343_1" xml:lang="en" xlink:role="http://www.eba.europa.eu/xbrl/role/dpm-db-id">19343</label:label>
    <gen:arc xlink:type="arc" xlink:arcrole="http://xbrl.org/arcrole/2008/element-label" xlink:from="loc_eba_c19343" xlink:to="label_eba_c19343_1" />
    <label:label xlink:type="resource" xlink:label="label_eba_c19344_1" xml:lang="en" xlink:role="http://www.eba.europa.eu/xbrl/role/dpm-db-id">19344</label:label>
    <gen:arc xlink:type="arc" xlink:arcrole="http://xbrl.org/arcrole/2008/element-label" xlink:from="loc_eba_c19344" xlink:to="label_eba_c19344_1" />
    <label:label xlink:type="resource" xlink:label="label_eba_c19345_1" xml:lang="en" xlink:role="http://www.eba.europa.eu/xbrl/role/dpm-db-id">19345</label:label>
    <gen:arc xlink:type="arc" xlink:arcrole="http://xbrl.org/arcrole/2008/element-label" xlink:from="loc_eba_c19345" xlink:to="label_eba_c19345_1" />
    <label:label xlink:type="resource" xlink:label="label_eba_c19346_1" xml:lang="en" xlink:role="http://www.eba.europa.eu/xbrl/role/dpm-db-id">19346</label:label>
    <gen:arc xlink:type="arc" xlink:arcrole="http://xbrl.org/arcrole/2008/element-label" xlink:from="loc_eba_c19346" xlink:to="label_eba_c19346_1" />
    <label:label xlink:type="resource" xlink:label="label_eba_c19347_1" xml:lang="en" xlink:role="http://www.eba.europa.eu/xbrl/role/dpm-db-id">19347</label:label>
    <gen:arc xlink:type="arc" xlink:arcrole="http://xbrl.org/arcrole/2008/element-label" xlink:from="loc_eba_c19347" xlink:to="label_eba_c19347_1" />
    <label:label xlink:type="resource" xlink:label="label_eba_c19348_1" xml:lang="en" xlink:role="http://www.eba.europa.eu/xbrl/role/dpm-db-id">19348</label:label>
    <gen:arc xlink:type="arc" xlink:arcrole="http://xbrl.org/arcrole/2008/element-label" xlink:from="loc_eba_c19348" xlink:to="label_eba_c19348_1" />
    <label:label xlink:type="resource" xlink:label="label_eba_c19349_1" xml:lang="en" xlink:role="http://www.eba.europa.eu/xbrl/role/dpm-db-id">19349</label:label>
    <gen:arc xlink:type="arc" xlink:arcrole="http://xbrl.org/arcrole/2008/element-label" xlink:from="loc_eba_c19349" xlink:to="label_eba_c19349_1" />
    <label:label xlink:type="resource" xlink:label="label_eba_c19350_1" xml:lang="en" xlink:role="http://www.eba.europa.eu/xbrl/role/dpm-db-id">19350</label:label>
    <gen:arc xlink:type="arc" xlink:arcrole="http://xbrl.org/arcrole/2008/element-label" xlink:from="loc_eba_c19350" xlink:to="label_eba_c19350_1" />
    <label:label xlink:type="resource" xlink:label="label_eba_c19351_1" xml:lang="en" xlink:role="http://www.eba.europa.eu/xbrl/role/dpm-db-id">19351</label:label>
    <gen:arc xlink:type="arc" xlink:arcrole="http://xbrl.org/arcrole/2008/element-label" xlink:from="loc_eba_c19351" xlink:to="label_eba_c19351_1" />
    <label:label xlink:type="resource" xlink:label="label_eba_c19352_1" xml:lang="en" xlink:role="http://www.eba.europa.eu/xbrl/role/dpm-db-id">19352</label:label>
    <gen:arc xlink:type="arc" xlink:arcrole="http://xbrl.org/arcrole/2008/element-label" xlink:from="loc_eba_c19352" xlink:to="label_eba_c19352_1" />
    <label:label xlink:type="resource" xlink:label="label_eba_c19353_1" xml:lang="en" xlink:role="http://www.eba.europa.eu/xbrl/role/dpm-db-id">19353</label:label>
    <gen:arc xlink:type="arc" xlink:arcrole="http://xbrl.org/arcrole/2008/element-label" xlink:from="loc_eba_c19353" xlink:to="label_eba_c19353_1" />
    <label:label xlink:type="resource" xlink:label="label_eba_c19354_1" xml:lang="en" xlink:role="http://www.eba.europa.eu/xbrl/role/dpm-db-id">19354</label:label>
    <gen:arc xlink:type="arc" xlink:arcrole="http://xbrl.org/arcrole/2008/element-label" xlink:from="loc_eba_c19354" xlink:to="label_eba_c19354_1" />
    <label:label xlink:type="resource" xlink:label="label_eba_c19355_1" xml:lang="en" xlink:role="http://www.eba.europa.eu/xbrl/role/dpm-db-id">19355</label:label>
    <gen:arc xlink:type="arc" xlink:arcrole="http://xbrl.org/arcrole/2008/element-label" xlink:from="loc_eba_c19355" xlink:to="label_eba_c19355_1" />
    <label:label xlink:type="resource" xlink:label="label_eba_c19356_1" xml:lang="en" xlink:role="http://www.eba.europa.eu/xbrl/role/dpm-db-id">19356</label:label>
    <gen:arc xlink:type="arc" xlink:arcrole="http://xbrl.org/arcrole/2008/element-label" xlink:from="loc_eba_c19356" xlink:to="label_eba_c19356_1" />
    <label:label xlink:type="resource" xlink:label="label_eba_c19357_1" xml:lang="en" xlink:role="http://www.eba.europa.eu/xbrl/role/dpm-db-id">19357</label:label>
    <gen:arc xlink:type="arc" xlink:arcrole="http://xbrl.org/arcrole/2008/element-label" xlink:from="loc_eba_c19357" xlink:to="label_eba_c19357_1" />
    <label:label xlink:type="resource" xlink:label="label_eba_c19358_1" xml:lang="en" xlink:role="http://www.eba.europa.eu/xbrl/role/dpm-db-id">19358</label:label>
    <gen:arc xlink:type="arc" xlink:arcrole="http://xbrl.org/arcrole/2008/element-label" xlink:from="loc_eba_c19358" xlink:to="label_eba_c19358_1" />
    <label:label xlink:type="resource" xlink:label="label_eba_c19359_1" xml:lang="en" xlink:role="http://www.eba.europa.eu/xbrl/role/dpm-db-id">19359</label:label>
    <gen:arc xlink:type="arc" xlink:arcrole="http://xbrl.org/arcrole/2008/element-label" xlink:from="loc_eba_c19359" xlink:to="label_eba_c19359_1" />
    <label:label xlink:type="resource" xlink:label="label_eba_c19360_1" xml:lang="en" xlink:role="http://www.eba.europa.eu/xbrl/role/dpm-db-id">19360</label:label>
    <gen:arc xlink:type="arc" xlink:arcrole="http://xbrl.org/arcrole/2008/element-label" xlink:from="loc_eba_c19360" xlink:to="label_eba_c19360_1" />
    <label:label xlink:type="resource" xlink:label="label_eba_c19361_1" xml:lang="en" xlink:role="http://www.eba.europa.eu/xbrl/role/dpm-db-id">19361</label:label>
    <gen:arc xlink:type="arc" xlink:arcrole="http://xbrl.org/arcrole/2008/element-label" xlink:from="loc_eba_c19361" xlink:to="label_eba_c19361_1" />
    <label:label xlink:type="resource" xlink:label="label_eba_c19362_1" xml:lang="en" xlink:role="http://www.eba.europa.eu/xbrl/role/dpm-db-id">19362</label:label>
    <gen:arc xlink:type="arc" xlink:arcrole="http://xbrl.org/arcrole/2008/element-label" xlink:from="loc_eba_c19362" xlink:to="label_eba_c19362_1" />
    <label:label xlink:type="resource" xlink:label="label_eba_c19363_1" xml:lang="en" xlink:role="http://www.eba.europa.eu/xbrl/role/dpm-db-id">19363</label:label>
    <gen:arc xlink:type="arc" xlink:arcrole="http://xbrl.org/arcrole/2008/element-label" xlink:from="loc_eba_c19363" xlink:to="label_eba_c19363_1" />
    <label:label xlink:type="resource" xlink:label="label_eba_c19364_1" xml:lang="en" xlink:role="http://www.eba.europa.eu/xbrl/role/dpm-db-id">19364</label:label>
    <gen:arc xlink:type="arc" xlink:arcrole="http://xbrl.org/arcrole/2008/element-label" xlink:from="loc_eba_c19364" xlink:to="label_eba_c19364_1" />
    <label:label xlink:type="resource" xlink:label="label_eba_c19365_1" xml:lang="en" xlink:role="http://www.eba.europa.eu/xbrl/role/dpm-db-id">19365</label:label>
    <gen:arc xlink:type="arc" xlink:arcrole="http://xbrl.org/arcrole/2008/element-label" xlink:from="loc_eba_c19365" xlink:to="label_eba_c19365_1" />
    <label:label xlink:type="resource" xlink:label="label_eba_c19366_1" xml:lang="en" xlink:role="http://www.eba.europa.eu/xbrl/role/dpm-db-id">19366</label:label>
    <gen:arc xlink:type="arc" xlink:arcrole="http://xbrl.org/arcrole/2008/element-label" xlink:from="loc_eba_c19366" xlink:to="label_eba_c19366_1" />
    <label:label xlink:type="resource" xlink:label="label_eba_c19367_1" xml:lang="en" xlink:role="http://www.eba.europa.eu/xbrl/role/dpm-db-id">19367</label:label>
    <gen:arc xlink:type="arc" xlink:arcrole="http://xbrl.org/arcrole/2008/element-label" xlink:from="loc_eba_c19367" xlink:to="label_eba_c19367_1" />
  </gen:link>
</link:linkbase>