﻿<?xml version="1.0" encoding="utf-8"?>
<?taxonomy-version 2.0.0?>
<!--(C) EBA-->
<link:linkbase xmlns:xsi="http://www.w3.org/2001/XMLSchema-instance" xmlns:xlink="http://www.w3.org/1999/xlink" xmlns:link="http://www.xbrl.org/2003/linkbase" xsi:schemaLocation="http://www.xbrl.org/2003/linkbase http://www.xbrl.org/2003/xbrl-linkbase-2003-12-31.xsd">
  <link:roleRef roleURI="http://www.eba.europa.eu/xbrl/crr/role/dict/met/AT1" xlink:type="simple" xlink:href="hier.xsd#eba_AT1" />
  <link:roleRef roleURI="http://www.eba.europa.eu/xbrl/crr/role/dict/met/AT101" xlink:type="simple" xlink:href="hier.xsd#eba_AT101" />
  <link:roleRef roleURI="http://www.eba.europa.eu/xbrl/crr/role/dict/met/AT102" xlink:type="simple" xlink:href="hier.xsd#eba_AT102" />
  <link:roleRef roleURI="http://www.eba.europa.eu/xbrl/crr/role/dict/met/AT105" xlink:type="simple" xlink:href="hier.xsd#eba_AT105" />
  <link:roleRef roleURI="http://www.eba.europa.eu/xbrl/crr/role/dict/met/AT106" xlink:type="simple" xlink:href="hier.xsd#eba_AT106" />
  <link:roleRef roleURI="http://www.eba.europa.eu/xbrl/crr/role/dict/met/AT107" xlink:type="simple" xlink:href="hier.xsd#eba_AT107" />
  <link:roleRef roleURI="http://www.eba.europa.eu/xbrl/crr/role/dict/met/AT11" xlink:type="simple" xlink:href="hier.xsd#eba_AT11" />
  <link:roleRef roleURI="http://www.eba.europa.eu/xbrl/crr/role/dict/met/AT2" xlink:type="simple" xlink:href="hier.xsd#eba_AT2" />
  <link:roleRef roleURI="http://www.eba.europa.eu/xbrl/crr/role/dict/met/AT3" xlink:type="simple" xlink:href="hier.xsd#eba_AT3" />
  <link:roleRef roleURI="http://www.eba.europa.eu/xbrl/crr/role/dict/met/AT4" xlink:type="simple" xlink:href="hier.xsd#eba_AT4" />
  <link:roleRef roleURI="http://www.eba.europa.eu/xbrl/crr/role/dict/met/AT40" xlink:type="simple" xlink:href="hier.xsd#eba_AT40" />
  <link:roleRef roleURI="http://www.eba.europa.eu/xbrl/crr/role/dict/met/AT47" xlink:type="simple" xlink:href="hier.xsd#eba_AT47" />
  <link:roleRef roleURI="http://www.eba.europa.eu/xbrl/crr/role/dict/met/AT5" xlink:type="simple" xlink:href="hier.xsd#eba_AT5" />
  <link:roleRef roleURI="http://www.eba.europa.eu/xbrl/crr/role/dict/met/AT6" xlink:type="simple" xlink:href="hier.xsd#eba_AT6" />
  <link:roleRef roleURI="http://www.eba.europa.eu/xbrl/crr/role/dict/met/AT73" xlink:type="simple" xlink:href="hier.xsd#eba_AT73" />
  <link:roleRef roleURI="http://www.eba.europa.eu/xbrl/crr/role/dict/met/AT81" xlink:type="simple" xlink:href="hier.xsd#eba_AT81" />
  <link:roleRef roleURI="http://www.eba.europa.eu/xbrl/crr/role/dict/met/AT83" xlink:type="simple" xlink:href="hier.xsd#eba_AT83" />
  <link:roleRef roleURI="http://www.eba.europa.eu/xbrl/crr/role/dict/met/AT87" xlink:type="simple" xlink:href="hier.xsd#eba_AT87" />
  <link:roleRef roleURI="http://www.eba.europa.eu/xbrl/crr/role/dict/met/AT9" xlink:type="simple" xlink:href="hier.xsd#eba_AT9" />
  <link:roleRef roleURI="http://www.eba.europa.eu/xbrl/crr/role/dict/met/AT90" xlink:type="simple" xlink:href="hier.xsd#eba_AT90" />
  <link:presentationLink xlink:type="extended" xlink:role="http://www.eba.europa.eu/xbrl/crr/role/dict/met/AT1">
    <link:loc xlink:type="locator" xlink:href="http://www.eurofiling.info/eu/fr/xbrl/ext/model.xsd#met" xlink:label="loc_met" />
    <link:loc xlink:type="locator" xlink:href="met.xsd#eba_mi310" xlink:label="loc_eba_mi310" />
    <link:presentationArc xlink:type="arc" xlink:arcrole="http://www.xbrl.org/2003/arcrole/parent-child" xlink:from="loc_met" xlink:to="loc_eba_mi310" order="1" />
    <link:loc xlink:type="locator" xlink:href="met.xsd#eba_mi309" xlink:label="loc_eba_mi309" />
    <link:presentationArc xlink:type="arc" xlink:arcrole="http://www.xbrl.org/2003/arcrole/parent-child" xlink:from="loc_eba_mi310" xlink:to="loc_eba_mi309" order="1" />
    <link:loc xlink:type="locator" xlink:href="met.xsd#eba_mi125" xlink:label="loc_eba_mi125" />
    <link:presentationArc xlink:type="arc" xlink:arcrole="http://www.xbrl.org/2003/arcrole/parent-child" xlink:from="loc_eba_mi309" xlink:to="loc_eba_mi125" order="1" />
    <link:loc xlink:type="locator" xlink:href="met.xsd#eba_mi132" xlink:label="loc_eba_mi132" />
    <link:presentationArc xlink:type="arc" xlink:arcrole="http://www.xbrl.org/2003/arcrole/parent-child" xlink:from="loc_eba_mi125" xlink:to="loc_eba_mi132" order="1" />
    <link:loc xlink:type="locator" xlink:href="met.xsd#eba_mi90" xlink:label="loc_eba_mi90" />
    <link:presentationArc xlink:type="arc" xlink:arcrole="http://www.xbrl.org/2003/arcrole/parent-child" xlink:from="loc_eba_mi132" xlink:to="loc_eba_mi90" order="1" />
    <link:loc xlink:type="locator" xlink:href="met.xsd#eba_mi102" xlink:label="loc_eba_mi102" />
    <link:presentationArc xlink:type="arc" xlink:arcrole="http://www.xbrl.org/2003/arcrole/parent-child" xlink:from="loc_eba_mi90" xlink:to="loc_eba_mi102" order="1" />
    <link:loc xlink:type="locator" xlink:href="met.xsd#eba_mi101" xlink:label="loc_eba_mi101" />
    <link:presentationArc xlink:type="arc" xlink:arcrole="http://www.xbrl.org/2003/arcrole/parent-child" xlink:from="loc_eba_mi132" xlink:to="loc_eba_mi101" order="2" />
    <link:loc xlink:type="locator" xlink:href="met.xsd#eba_mi117" xlink:label="loc_eba_mi117" />
    <link:presentationArc xlink:type="arc" xlink:arcrole="http://www.xbrl.org/2003/arcrole/parent-child" xlink:from="loc_eba_mi132" xlink:to="loc_eba_mi117" order="3" />
    <link:loc xlink:type="locator" xlink:href="met.xsd#eba_mi88" xlink:label="loc_eba_mi88" />
    <link:presentationArc xlink:type="arc" xlink:arcrole="http://www.xbrl.org/2003/arcrole/parent-child" xlink:from="loc_eba_mi117" xlink:to="loc_eba_mi88" order="1" />
    <link:loc xlink:type="locator" xlink:href="met.xsd#eba_mi100" xlink:label="loc_eba_mi100" />
    <link:presentationArc xlink:type="arc" xlink:arcrole="http://www.xbrl.org/2003/arcrole/parent-child" xlink:from="loc_eba_mi117" xlink:to="loc_eba_mi100" order="2" />
    <link:loc xlink:type="locator" xlink:href="met.xsd#eba_mi118" xlink:label="loc_eba_mi118" />
    <link:presentationArc xlink:type="arc" xlink:arcrole="http://www.xbrl.org/2003/arcrole/parent-child" xlink:from="loc_eba_mi117" xlink:to="loc_eba_mi118" order="3" />
    <link:loc xlink:type="locator" xlink:href="met.xsd#eba_mi253" xlink:label="loc_eba_mi253" />
    <link:presentationArc xlink:type="arc" xlink:arcrole="http://www.xbrl.org/2003/arcrole/parent-child" xlink:from="loc_eba_mi118" xlink:to="loc_eba_mi253" order="1" />
    <link:loc xlink:type="locator" xlink:href="met.xsd#eba_mi180" xlink:label="loc_eba_mi180" />
    <link:presentationArc xlink:type="arc" xlink:arcrole="http://www.xbrl.org/2003/arcrole/parent-child" xlink:from="loc_eba_mi118" xlink:to="loc_eba_mi180" order="2" />
  </link:presentationLink>
  <link:presentationLink xlink:type="extended" xlink:role="http://www.eba.europa.eu/xbrl/crr/role/dict/met/AT101">
    <link:loc xlink:type="locator" xlink:href="http://www.eurofiling.info/eu/fr/xbrl/ext/model.xsd#met" xlink:label="loc_met" />
    <link:loc xlink:type="locator" xlink:href="met.xsd#eba_md26" xlink:label="loc_eba_md26" />
    <link:presentationArc xlink:type="arc" xlink:arcrole="http://www.xbrl.org/2003/arcrole/parent-child" xlink:from="loc_met" xlink:to="loc_eba_md26" order="1" />
    <link:loc xlink:type="locator" xlink:href="met.xsd#eba_md252" xlink:label="loc_eba_md252" />
    <link:presentationArc xlink:type="arc" xlink:arcrole="http://www.xbrl.org/2003/arcrole/parent-child" xlink:from="loc_eba_md26" xlink:to="loc_eba_md252" order="1" />
    <link:loc xlink:type="locator" xlink:href="met.xsd#eba_md240" xlink:label="loc_eba_md240" />
    <link:presentationArc xlink:type="arc" xlink:arcrole="http://www.xbrl.org/2003/arcrole/parent-child" xlink:from="loc_eba_md26" xlink:to="loc_eba_md240" order="2" />
    <link:loc xlink:type="locator" xlink:href="met.xsd#eba_md201" xlink:label="loc_eba_md201" />
    <link:presentationArc xlink:type="arc" xlink:arcrole="http://www.xbrl.org/2003/arcrole/parent-child" xlink:from="loc_eba_md26" xlink:to="loc_eba_md201" order="3" />
  </link:presentationLink>
  <link:presentationLink xlink:type="extended" xlink:role="http://www.eba.europa.eu/xbrl/crr/role/dict/met/AT102">
    <link:loc xlink:type="locator" xlink:href="http://www.eurofiling.info/eu/fr/xbrl/ext/model.xsd#met" xlink:label="loc_met" />
    <link:loc xlink:type="locator" xlink:href="met.xsd#eba_md26" xlink:label="loc_eba_md26" />
    <link:presentationArc xlink:type="arc" xlink:arcrole="http://www.xbrl.org/2003/arcrole/parent-child" xlink:from="loc_met" xlink:to="loc_eba_md26" order="1" />
    <link:loc xlink:type="locator" xlink:href="met.xsd#eba_md252" xlink:label="loc_eba_md252" />
    <link:presentationArc xlink:type="arc" xlink:arcrole="http://www.xbrl.org/2003/arcrole/parent-child" xlink:from="loc_eba_md26" xlink:to="loc_eba_md252" order="1" />
    <link:loc xlink:type="locator" xlink:href="met.xsd#eba_md240" xlink:label="loc_eba_md240" />
    <link:presentationArc xlink:type="arc" xlink:arcrole="http://www.xbrl.org/2003/arcrole/parent-child" xlink:from="loc_eba_md26" xlink:to="loc_eba_md240" order="2" />
    <link:loc xlink:type="locator" xlink:href="met.xsd#eba_md239" xlink:label="loc_eba_md239" />
    <link:presentationArc xlink:type="arc" xlink:arcrole="http://www.xbrl.org/2003/arcrole/parent-child" xlink:from="loc_eba_md26" xlink:to="loc_eba_md239" order="3" />
    <link:loc xlink:type="locator" xlink:href="met.xsd#eba_md202" xlink:label="loc_eba_md202" />
    <link:presentationArc xlink:type="arc" xlink:arcrole="http://www.xbrl.org/2003/arcrole/parent-child" xlink:from="loc_eba_md26" xlink:to="loc_eba_md202" order="4" />
  </link:presentationLink>
  <link:presentationLink xlink:type="extended" xlink:role="http://www.eba.europa.eu/xbrl/crr/role/dict/met/AT105">
    <link:loc xlink:type="locator" xlink:href="http://www.eurofiling.info/eu/fr/xbrl/ext/model.xsd#met" xlink:label="loc_met" />
    <link:loc xlink:type="locator" xlink:href="met.xsd#eba_mi79" xlink:label="loc_eba_mi79" />
    <link:presentationArc xlink:type="arc" xlink:arcrole="http://www.xbrl.org/2003/arcrole/parent-child" xlink:from="loc_met" xlink:to="loc_eba_mi79" order="1" />
    <link:loc xlink:type="locator" xlink:href="met.xsd#eba_mi78" xlink:label="loc_eba_mi78" />
    <link:presentationArc xlink:type="arc" xlink:arcrole="http://www.xbrl.org/2003/arcrole/parent-child" xlink:from="loc_eba_mi79" xlink:to="loc_eba_mi78" order="1" />
    <link:loc xlink:type="locator" xlink:href="met.xsd#eba_mi80" xlink:label="loc_eba_mi80" />
    <link:presentationArc xlink:type="arc" xlink:arcrole="http://www.xbrl.org/2003/arcrole/parent-child" xlink:from="loc_eba_mi79" xlink:to="loc_eba_mi80" order="2" />
  </link:presentationLink>
  <link:presentationLink xlink:type="extended" xlink:role="http://www.eba.europa.eu/xbrl/crr/role/dict/met/AT106">
    <link:loc xlink:type="locator" xlink:href="http://www.eurofiling.info/eu/fr/xbrl/ext/model.xsd#met" xlink:label="loc_met" />
    <link:loc xlink:type="locator" xlink:href="met.xsd#eba_mi244" xlink:label="loc_eba_mi244" />
    <link:presentationArc xlink:type="arc" xlink:arcrole="http://www.xbrl.org/2003/arcrole/parent-child" xlink:from="loc_met" xlink:to="loc_eba_mi244" order="1" />
    <link:loc xlink:type="locator" xlink:href="met.xsd#eba_mi41" xlink:label="loc_eba_mi41" />
    <link:presentationArc xlink:type="arc" xlink:arcrole="http://www.xbrl.org/2003/arcrole/parent-child" xlink:from="loc_eba_mi244" xlink:to="loc_eba_mi41" order="1" />
    <link:loc xlink:type="locator" xlink:href="met.xsd#eba_mi55" xlink:label="loc_eba_mi55" />
    <link:presentationArc xlink:type="arc" xlink:arcrole="http://www.xbrl.org/2003/arcrole/parent-child" xlink:from="loc_eba_mi41" xlink:to="loc_eba_mi55" order="1" />
    <link:loc xlink:type="locator" xlink:href="met.xsd#eba_mi56" xlink:label="loc_eba_mi56" />
    <link:presentationArc xlink:type="arc" xlink:arcrole="http://www.xbrl.org/2003/arcrole/parent-child" xlink:from="loc_eba_mi41" xlink:to="loc_eba_mi56" order="2" />
    <link:loc xlink:type="locator" xlink:href="met.xsd#eba_mi53" xlink:label="loc_eba_mi53" />
    <link:presentationArc xlink:type="arc" xlink:arcrole="http://www.xbrl.org/2003/arcrole/parent-child" xlink:from="loc_eba_mi244" xlink:to="loc_eba_mi53" order="2" />
  </link:presentationLink>
  <link:presentationLink xlink:type="extended" xlink:role="http://www.eba.europa.eu/xbrl/crr/role/dict/met/AT107">
    <link:loc xlink:type="locator" xlink:href="http://www.eurofiling.info/eu/fr/xbrl/ext/model.xsd#met" xlink:label="loc_met" />
    <link:loc xlink:type="locator" xlink:href="met.xsd#eba_mi81" xlink:label="loc_eba_mi81" />
    <link:presentationArc xlink:type="arc" xlink:arcrole="http://www.xbrl.org/2003/arcrole/parent-child" xlink:from="loc_met" xlink:to="loc_eba_mi81" order="1" />
    <link:loc xlink:type="locator" xlink:href="met.xsd#eba_mi243" xlink:label="loc_eba_mi243" />
    <link:presentationArc xlink:type="arc" xlink:arcrole="http://www.xbrl.org/2003/arcrole/parent-child" xlink:from="loc_eba_mi81" xlink:to="loc_eba_mi243" order="1" />
    <link:loc xlink:type="locator" xlink:href="met.xsd#eba_mi58" xlink:label="loc_eba_mi58" />
    <link:presentationArc xlink:type="arc" xlink:arcrole="http://www.xbrl.org/2003/arcrole/parent-child" xlink:from="loc_eba_mi81" xlink:to="loc_eba_mi58" order="2" />
    <link:loc xlink:type="locator" xlink:href="met.xsd#eba_mi53" xlink:label="loc_eba_mi53" />
    <link:presentationArc xlink:type="arc" xlink:arcrole="http://www.xbrl.org/2003/arcrole/parent-child" xlink:from="loc_eba_mi58" xlink:to="loc_eba_mi53" order="1" />
    <link:loc xlink:type="locator" xlink:href="met.xsd#eba_mi76" xlink:label="loc_eba_mi76" />
    <link:presentationArc xlink:type="arc" xlink:arcrole="http://www.xbrl.org/2003/arcrole/parent-child" xlink:from="loc_eba_mi58" xlink:to="loc_eba_mi76" order="2" />
  </link:presentationLink>
  <link:presentationLink xlink:type="extended" xlink:role="http://www.eba.europa.eu/xbrl/crr/role/dict/met/AT11">
    <link:loc xlink:type="locator" xlink:href="http://www.eurofiling.info/eu/fr/xbrl/ext/model.xsd#met" xlink:label="loc_met" />
    <link:loc xlink:type="locator" xlink:href="met.xsd#eba_mi235" xlink:label="loc_eba_mi235" />
    <link:presentationArc xlink:type="arc" xlink:arcrole="http://www.xbrl.org/2003/arcrole/parent-child" xlink:from="loc_met" xlink:to="loc_eba_mi235" order="1" />
    <link:loc xlink:type="locator" xlink:href="met.xsd#eba_mi184" xlink:label="loc_eba_mi184" />
    <link:presentationArc xlink:type="arc" xlink:arcrole="http://www.xbrl.org/2003/arcrole/parent-child" xlink:from="loc_eba_mi235" xlink:to="loc_eba_mi184" order="1" />
    <link:loc xlink:type="locator" xlink:href="met.xsd#eba_mi261" xlink:label="loc_eba_mi261" />
    <link:presentationArc xlink:type="arc" xlink:arcrole="http://www.xbrl.org/2003/arcrole/parent-child" xlink:from="loc_eba_mi184" xlink:to="loc_eba_mi261" order="1" />
    <link:loc xlink:type="locator" xlink:href="met.xsd#eba_mi16" xlink:label="loc_eba_mi16" />
    <link:presentationArc xlink:type="arc" xlink:arcrole="http://www.xbrl.org/2003/arcrole/parent-child" xlink:from="loc_eba_mi261" xlink:to="loc_eba_mi16" order="1" />
    <link:loc xlink:type="locator" xlink:href="met.xsd#eba_mi193" xlink:label="loc_eba_mi193" />
    <link:presentationArc xlink:type="arc" xlink:arcrole="http://www.xbrl.org/2003/arcrole/parent-child" xlink:from="loc_eba_mi261" xlink:to="loc_eba_mi193" order="2" />
    <link:loc xlink:type="locator" xlink:href="met.xsd#eba_mi225" xlink:label="loc_eba_mi225" />
    <link:presentationArc xlink:type="arc" xlink:arcrole="http://www.xbrl.org/2003/arcrole/parent-child" xlink:from="loc_eba_mi184" xlink:to="loc_eba_mi225" order="2" />
    <link:loc xlink:type="locator" xlink:href="met.xsd#eba_mi15" xlink:label="loc_eba_mi15" />
    <link:presentationArc xlink:type="arc" xlink:arcrole="http://www.xbrl.org/2003/arcrole/parent-child" xlink:from="loc_eba_mi225" xlink:to="loc_eba_mi15" order="1" />
    <link:loc xlink:type="locator" xlink:href="met.xsd#eba_mi192" xlink:label="loc_eba_mi192" />
    <link:presentationArc xlink:type="arc" xlink:arcrole="http://www.xbrl.org/2003/arcrole/parent-child" xlink:from="loc_eba_mi225" xlink:to="loc_eba_mi192" order="2" />
    <link:loc xlink:type="locator" xlink:href="met.xsd#eba_mi141" xlink:label="loc_eba_mi141" />
    <link:presentationArc xlink:type="arc" xlink:arcrole="http://www.xbrl.org/2003/arcrole/parent-child" xlink:from="loc_eba_mi184" xlink:to="loc_eba_mi141" order="3" />
    <link:loc xlink:type="locator" xlink:href="met.xsd#eba_mi63" xlink:label="loc_eba_mi63" />
    <link:presentationArc xlink:type="arc" xlink:arcrole="http://www.xbrl.org/2003/arcrole/parent-child" xlink:from="loc_eba_mi141" xlink:to="loc_eba_mi63" order="1" />
    <link:loc xlink:type="locator" xlink:href="met.xsd#eba_mi142" xlink:label="loc_eba_mi142" />
    <link:presentationArc xlink:type="arc" xlink:arcrole="http://www.xbrl.org/2003/arcrole/parent-child" xlink:from="loc_eba_mi141" xlink:to="loc_eba_mi142" order="2" />
    <link:loc xlink:type="locator" xlink:href="met.xsd#eba_mi22" xlink:label="loc_eba_mi22" />
    <link:presentationArc xlink:type="arc" xlink:arcrole="http://www.xbrl.org/2003/arcrole/parent-child" xlink:from="loc_eba_mi184" xlink:to="loc_eba_mi22" order="4" />
    <link:loc xlink:type="locator" xlink:href="met.xsd#eba_mi23" xlink:label="loc_eba_mi23" />
    <link:presentationArc xlink:type="arc" xlink:arcrole="http://www.xbrl.org/2003/arcrole/parent-child" xlink:from="loc_eba_mi22" xlink:to="loc_eba_mi23" order="1" />
    <link:loc xlink:type="locator" xlink:href="met.xsd#eba_mi52" xlink:label="loc_eba_mi52" />
    <link:presentationArc xlink:type="arc" xlink:arcrole="http://www.xbrl.org/2003/arcrole/parent-child" xlink:from="loc_eba_mi23" xlink:to="loc_eba_mi52" order="1" />
    <link:loc xlink:type="locator" xlink:href="met.xsd#eba_mi24" xlink:label="loc_eba_mi24" />
    <link:presentationArc xlink:type="arc" xlink:arcrole="http://www.xbrl.org/2003/arcrole/parent-child" xlink:from="loc_eba_mi22" xlink:to="loc_eba_mi24" order="2" />
    <link:loc xlink:type="locator" xlink:href="met.xsd#eba_mi25" xlink:label="loc_eba_mi25" />
    <link:presentationArc xlink:type="arc" xlink:arcrole="http://www.xbrl.org/2003/arcrole/parent-child" xlink:from="loc_eba_mi22" xlink:to="loc_eba_mi25" order="3" />
  </link:presentationLink>
  <link:presentationLink xlink:type="extended" xlink:role="http://www.eba.europa.eu/xbrl/crr/role/dict/met/AT2">
    <link:loc xlink:type="locator" xlink:href="http://www.eurofiling.info/eu/fr/xbrl/ext/model.xsd#met" xlink:label="loc_met" />
    <link:loc xlink:type="locator" xlink:href="met.xsd#eba_mi310" xlink:label="loc_eba_mi310" />
    <link:presentationArc xlink:type="arc" xlink:arcrole="http://www.xbrl.org/2003/arcrole/parent-child" xlink:from="loc_met" xlink:to="loc_eba_mi310" order="1" />
    <link:loc xlink:type="locator" xlink:href="met.xsd#eba_mi309" xlink:label="loc_eba_mi309" />
    <link:presentationArc xlink:type="arc" xlink:arcrole="http://www.xbrl.org/2003/arcrole/parent-child" xlink:from="loc_eba_mi310" xlink:to="loc_eba_mi309" order="1" />
    <link:loc xlink:type="locator" xlink:href="met.xsd#eba_mi122" xlink:label="loc_eba_mi122" />
    <link:presentationArc xlink:type="arc" xlink:arcrole="http://www.xbrl.org/2003/arcrole/parent-child" xlink:from="loc_eba_mi309" xlink:to="loc_eba_mi122" order="1" />
    <link:loc xlink:type="locator" xlink:href="met.xsd#eba_mi116" xlink:label="loc_eba_mi116" />
    <link:presentationArc xlink:type="arc" xlink:arcrole="http://www.xbrl.org/2003/arcrole/parent-child" xlink:from="loc_eba_mi122" xlink:to="loc_eba_mi116" order="1" />
    <link:loc xlink:type="locator" xlink:href="met.xsd#eba_mi87" xlink:label="loc_eba_mi87" />
    <link:presentationArc xlink:type="arc" xlink:arcrole="http://www.xbrl.org/2003/arcrole/parent-child" xlink:from="loc_eba_mi116" xlink:to="loc_eba_mi87" order="1" />
    <link:loc xlink:type="locator" xlink:href="met.xsd#eba_mi89" xlink:label="loc_eba_mi89" />
    <link:presentationArc xlink:type="arc" xlink:arcrole="http://www.xbrl.org/2003/arcrole/parent-child" xlink:from="loc_eba_mi116" xlink:to="loc_eba_mi89" order="2" />
    <link:loc xlink:type="locator" xlink:href="met.xsd#eba_mi180" xlink:label="loc_eba_mi180" />
    <link:presentationArc xlink:type="arc" xlink:arcrole="http://www.xbrl.org/2003/arcrole/parent-child" xlink:from="loc_eba_mi116" xlink:to="loc_eba_mi180" order="3" />
  </link:presentationLink>
  <link:presentationLink xlink:type="extended" xlink:role="http://www.eba.europa.eu/xbrl/crr/role/dict/met/AT3">
    <link:loc xlink:type="locator" xlink:href="http://www.eurofiling.info/eu/fr/xbrl/ext/model.xsd#met" xlink:label="loc_met" />
    <link:loc xlink:type="locator" xlink:href="met.xsd#eba_mi212" xlink:label="loc_eba_mi212" />
    <link:presentationArc xlink:type="arc" xlink:arcrole="http://www.xbrl.org/2003/arcrole/parent-child" xlink:from="loc_met" xlink:to="loc_eba_mi212" order="1" />
    <link:loc xlink:type="locator" xlink:href="met.xsd#eba_mi125" xlink:label="loc_eba_mi125" />
    <link:presentationArc xlink:type="arc" xlink:arcrole="http://www.xbrl.org/2003/arcrole/parent-child" xlink:from="loc_eba_mi212" xlink:to="loc_eba_mi125" order="1" />
    <link:loc xlink:type="locator" xlink:href="met.xsd#eba_mi100" xlink:label="loc_eba_mi100" />
    <link:presentationArc xlink:type="arc" xlink:arcrole="http://www.xbrl.org/2003/arcrole/parent-child" xlink:from="loc_eba_mi125" xlink:to="loc_eba_mi100" order="1" />
    <link:loc xlink:type="locator" xlink:href="met.xsd#eba_mi180" xlink:label="loc_eba_mi180" />
    <link:presentationArc xlink:type="arc" xlink:arcrole="http://www.xbrl.org/2003/arcrole/parent-child" xlink:from="loc_eba_mi125" xlink:to="loc_eba_mi180" order="2" />
  </link:presentationLink>
  <link:presentationLink xlink:type="extended" xlink:role="http://www.eba.europa.eu/xbrl/crr/role/dict/met/AT4">
    <link:loc xlink:type="locator" xlink:href="http://www.eurofiling.info/eu/fr/xbrl/ext/model.xsd#met" xlink:label="loc_met" />
    <link:loc xlink:type="locator" xlink:href="met.xsd#eba_mi213" xlink:label="loc_eba_mi213" />
    <link:presentationArc xlink:type="arc" xlink:arcrole="http://www.xbrl.org/2003/arcrole/parent-child" xlink:from="loc_met" xlink:to="loc_eba_mi213" order="1" />
    <link:loc xlink:type="locator" xlink:href="met.xsd#eba_mi214" xlink:label="loc_eba_mi214" />
    <link:presentationArc xlink:type="arc" xlink:arcrole="http://www.xbrl.org/2003/arcrole/parent-child" xlink:from="loc_eba_mi213" xlink:to="loc_eba_mi214" order="1" />
    <link:loc xlink:type="locator" xlink:href="met.xsd#eba_mi17" xlink:label="loc_eba_mi17" />
    <link:presentationArc xlink:type="arc" xlink:arcrole="http://www.xbrl.org/2003/arcrole/parent-child" xlink:from="loc_eba_mi214" xlink:to="loc_eba_mi17" order="1" />
    <link:loc xlink:type="locator" xlink:href="met.xsd#eba_mi182" xlink:label="loc_eba_mi182" />
    <link:presentationArc xlink:type="arc" xlink:arcrole="http://www.xbrl.org/2003/arcrole/parent-child" xlink:from="loc_eba_mi214" xlink:to="loc_eba_mi182" order="2" />
    <link:loc xlink:type="locator" xlink:href="met.xsd#eba_mi212" xlink:label="loc_eba_mi212" />
    <link:presentationArc xlink:type="arc" xlink:arcrole="http://www.xbrl.org/2003/arcrole/parent-child" xlink:from="loc_eba_mi182" xlink:to="loc_eba_mi212" order="1" />
    <link:loc xlink:type="locator" xlink:href="met.xsd#eba_mi127" xlink:label="loc_eba_mi127" />
    <link:presentationArc xlink:type="arc" xlink:arcrole="http://www.xbrl.org/2003/arcrole/parent-child" xlink:from="loc_eba_mi212" xlink:to="loc_eba_mi127" order="1" />
    <link:loc xlink:type="locator" xlink:href="met.xsd#eba_mi126" xlink:label="loc_eba_mi126" />
    <link:presentationArc xlink:type="arc" xlink:arcrole="http://www.xbrl.org/2003/arcrole/parent-child" xlink:from="loc_eba_mi127" xlink:to="loc_eba_mi126" order="1" />
    <link:loc xlink:type="locator" xlink:href="met.xsd#eba_mi125" xlink:label="loc_eba_mi125" />
    <link:presentationArc xlink:type="arc" xlink:arcrole="http://www.xbrl.org/2003/arcrole/parent-child" xlink:from="loc_eba_mi127" xlink:to="loc_eba_mi125" order="2" />
    <link:loc xlink:type="locator" xlink:href="met.xsd#eba_mi132" xlink:label="loc_eba_mi132" />
    <link:presentationArc xlink:type="arc" xlink:arcrole="http://www.xbrl.org/2003/arcrole/parent-child" xlink:from="loc_eba_mi125" xlink:to="loc_eba_mi132" order="1" />
    <link:loc xlink:type="locator" xlink:href="met.xsd#eba_mi90" xlink:label="loc_eba_mi90" />
    <link:presentationArc xlink:type="arc" xlink:arcrole="http://www.xbrl.org/2003/arcrole/parent-child" xlink:from="loc_eba_mi132" xlink:to="loc_eba_mi90" order="1" />
    <link:loc xlink:type="locator" xlink:href="met.xsd#eba_mi117" xlink:label="loc_eba_mi117" />
    <link:presentationArc xlink:type="arc" xlink:arcrole="http://www.xbrl.org/2003/arcrole/parent-child" xlink:from="loc_eba_mi132" xlink:to="loc_eba_mi117" order="2" />
    <link:loc xlink:type="locator" xlink:href="met.xsd#eba_mi88" xlink:label="loc_eba_mi88" />
    <link:presentationArc xlink:type="arc" xlink:arcrole="http://www.xbrl.org/2003/arcrole/parent-child" xlink:from="loc_eba_mi117" xlink:to="loc_eba_mi88" order="1" />
    <link:loc xlink:type="locator" xlink:href="met.xsd#eba_mi100" xlink:label="loc_eba_mi100" />
    <link:presentationArc xlink:type="arc" xlink:arcrole="http://www.xbrl.org/2003/arcrole/parent-child" xlink:from="loc_eba_mi117" xlink:to="loc_eba_mi100" order="2" />
    <link:loc xlink:type="locator" xlink:href="met.xsd#eba_mi118" xlink:label="loc_eba_mi118" />
    <link:presentationArc xlink:type="arc" xlink:arcrole="http://www.xbrl.org/2003/arcrole/parent-child" xlink:from="loc_eba_mi117" xlink:to="loc_eba_mi118" order="3" />
    <link:loc xlink:type="locator" xlink:href="met.xsd#eba_mi253" xlink:label="loc_eba_mi253" />
    <link:presentationArc xlink:type="arc" xlink:arcrole="http://www.xbrl.org/2003/arcrole/parent-child" xlink:from="loc_eba_mi118" xlink:to="loc_eba_mi253" order="1" />
    <link:loc xlink:type="locator" xlink:href="met.xsd#eba_mi180" xlink:label="loc_eba_mi180" />
    <link:presentationArc xlink:type="arc" xlink:arcrole="http://www.xbrl.org/2003/arcrole/parent-child" xlink:from="loc_eba_mi118" xlink:to="loc_eba_mi180" order="2" />
    <link:loc xlink:type="locator" xlink:href="met.xsd#eba_mi171" xlink:label="loc_eba_mi171" />
    <link:presentationArc xlink:type="arc" xlink:arcrole="http://www.xbrl.org/2003/arcrole/parent-child" xlink:from="loc_eba_mi180" xlink:to="loc_eba_mi171" order="1" />
    <link:loc xlink:type="locator" xlink:href="met.xsd#eba_mi285" xlink:label="loc_eba_mi285" />
    <link:presentationArc xlink:type="arc" xlink:arcrole="http://www.xbrl.org/2003/arcrole/parent-child" xlink:from="loc_eba_mi180" xlink:to="loc_eba_mi285" order="2" />
    <link:loc xlink:type="locator" xlink:href="met.xsd#eba_mi91" xlink:label="loc_eba_mi91" />
    <link:presentationArc xlink:type="arc" xlink:arcrole="http://www.xbrl.org/2003/arcrole/parent-child" xlink:from="loc_eba_mi180" xlink:to="loc_eba_mi91" order="3" />
    <link:loc xlink:type="locator" xlink:href="met.xsd#eba_mi230" xlink:label="loc_eba_mi230" />
    <link:presentationArc xlink:type="arc" xlink:arcrole="http://www.xbrl.org/2003/arcrole/parent-child" xlink:from="loc_eba_mi180" xlink:to="loc_eba_mi230" order="4" />
  </link:presentationLink>
  <link:presentationLink xlink:type="extended" xlink:role="http://www.eba.europa.eu/xbrl/crr/role/dict/met/AT40">
    <link:loc xlink:type="locator" xlink:href="http://www.eurofiling.info/eu/fr/xbrl/ext/model.xsd#met" xlink:label="loc_met" />
    <link:loc xlink:type="locator" xlink:href="met.xsd#eba_md103" xlink:label="loc_eba_md103" />
    <link:presentationArc xlink:type="arc" xlink:arcrole="http://www.xbrl.org/2003/arcrole/parent-child" xlink:from="loc_met" xlink:to="loc_eba_md103" order="1" />
    <link:loc xlink:type="locator" xlink:href="met.xsd#eba_md13" xlink:label="loc_eba_md13" />
    <link:presentationArc xlink:type="arc" xlink:arcrole="http://www.xbrl.org/2003/arcrole/parent-child" xlink:from="loc_eba_md103" xlink:to="loc_eba_md13" order="1" />
    <link:loc xlink:type="locator" xlink:href="met.xsd#eba_md210" xlink:label="loc_eba_md210" />
    <link:presentationArc xlink:type="arc" xlink:arcrole="http://www.xbrl.org/2003/arcrole/parent-child" xlink:from="loc_eba_md103" xlink:to="loc_eba_md210" order="2" />
  </link:presentationLink>
  <link:presentationLink xlink:type="extended" xlink:role="http://www.eba.europa.eu/xbrl/crr/role/dict/met/AT47">
    <link:loc xlink:type="locator" xlink:href="http://www.eurofiling.info/eu/fr/xbrl/ext/model.xsd#met" xlink:label="loc_met" />
    <link:loc xlink:type="locator" xlink:href="met.xsd#eba_md20" xlink:label="loc_eba_md20" />
    <link:presentationArc xlink:type="arc" xlink:arcrole="http://www.xbrl.org/2003/arcrole/parent-child" xlink:from="loc_met" xlink:to="loc_eba_md20" order="1" />
    <link:loc xlink:type="locator" xlink:href="met.xsd#eba_md104" xlink:label="loc_eba_md104" />
    <link:presentationArc xlink:type="arc" xlink:arcrole="http://www.xbrl.org/2003/arcrole/parent-child" xlink:from="loc_eba_md20" xlink:to="loc_eba_md104" order="1" />
    <link:loc xlink:type="locator" xlink:href="met.xsd#eba_md147" xlink:label="loc_eba_md147" />
    <link:presentationArc xlink:type="arc" xlink:arcrole="http://www.xbrl.org/2003/arcrole/parent-child" xlink:from="loc_eba_md20" xlink:to="loc_eba_md147" order="2" />
    <link:loc xlink:type="locator" xlink:href="met.xsd#eba_md83" xlink:label="loc_eba_md83" />
    <link:presentationArc xlink:type="arc" xlink:arcrole="http://www.xbrl.org/2003/arcrole/parent-child" xlink:from="loc_eba_md20" xlink:to="loc_eba_md83" order="3" />
    <link:loc xlink:type="locator" xlink:href="met.xsd#eba_md131" xlink:label="loc_eba_md131" />
    <link:presentationArc xlink:type="arc" xlink:arcrole="http://www.xbrl.org/2003/arcrole/parent-child" xlink:from="loc_eba_md20" xlink:to="loc_eba_md131" order="4" />
    <link:loc xlink:type="locator" xlink:href="met.xsd#eba_md59" xlink:label="loc_eba_md59" />
    <link:presentationArc xlink:type="arc" xlink:arcrole="http://www.xbrl.org/2003/arcrole/parent-child" xlink:from="loc_eba_md20" xlink:to="loc_eba_md59" order="5" />
    <link:loc xlink:type="locator" xlink:href="met.xsd#eba_md186" xlink:label="loc_eba_md186" />
    <link:presentationArc xlink:type="arc" xlink:arcrole="http://www.xbrl.org/2003/arcrole/parent-child" xlink:from="loc_eba_md20" xlink:to="loc_eba_md186" order="6" />
    <link:loc xlink:type="locator" xlink:href="met.xsd#eba_md60" xlink:label="loc_eba_md60" />
    <link:presentationArc xlink:type="arc" xlink:arcrole="http://www.xbrl.org/2003/arcrole/parent-child" xlink:from="loc_eba_md20" xlink:to="loc_eba_md60" order="7" />
    <link:loc xlink:type="locator" xlink:href="met.xsd#eba_md69" xlink:label="loc_eba_md69" />
    <link:presentationArc xlink:type="arc" xlink:arcrole="http://www.xbrl.org/2003/arcrole/parent-child" xlink:from="loc_eba_md20" xlink:to="loc_eba_md69" order="8" />
    <link:loc xlink:type="locator" xlink:href="met.xsd#eba_md11" xlink:label="loc_eba_md11" />
    <link:presentationArc xlink:type="arc" xlink:arcrole="http://www.xbrl.org/2003/arcrole/parent-child" xlink:from="loc_eba_md20" xlink:to="loc_eba_md11" order="9" />
    <link:loc xlink:type="locator" xlink:href="met.xsd#eba_md12" xlink:label="loc_eba_md12" />
    <link:presentationArc xlink:type="arc" xlink:arcrole="http://www.xbrl.org/2003/arcrole/parent-child" xlink:from="loc_eba_md20" xlink:to="loc_eba_md12" order="10" />
  </link:presentationLink>
  <link:presentationLink xlink:type="extended" xlink:role="http://www.eba.europa.eu/xbrl/crr/role/dict/met/AT5">
    <link:loc xlink:type="locator" xlink:href="http://www.eurofiling.info/eu/fr/xbrl/ext/model.xsd#met" xlink:label="loc_met" />
    <link:loc xlink:type="locator" xlink:href="met.xsd#eba_mi213" xlink:label="loc_eba_mi213" />
    <link:presentationArc xlink:type="arc" xlink:arcrole="http://www.xbrl.org/2003/arcrole/parent-child" xlink:from="loc_met" xlink:to="loc_eba_mi213" order="1" />
    <link:loc xlink:type="locator" xlink:href="met.xsd#eba_mi214" xlink:label="loc_eba_mi214" />
    <link:presentationArc xlink:type="arc" xlink:arcrole="http://www.xbrl.org/2003/arcrole/parent-child" xlink:from="loc_eba_mi213" xlink:to="loc_eba_mi214" order="1" />
    <link:loc xlink:type="locator" xlink:href="met.xsd#eba_mi17" xlink:label="loc_eba_mi17" />
    <link:presentationArc xlink:type="arc" xlink:arcrole="http://www.xbrl.org/2003/arcrole/parent-child" xlink:from="loc_eba_mi214" xlink:to="loc_eba_mi17" order="1" />
    <link:loc xlink:type="locator" xlink:href="met.xsd#eba_mi182" xlink:label="loc_eba_mi182" />
    <link:presentationArc xlink:type="arc" xlink:arcrole="http://www.xbrl.org/2003/arcrole/parent-child" xlink:from="loc_eba_mi214" xlink:to="loc_eba_mi182" order="2" />
    <link:loc xlink:type="locator" xlink:href="met.xsd#eba_mi212" xlink:label="loc_eba_mi212" />
    <link:presentationArc xlink:type="arc" xlink:arcrole="http://www.xbrl.org/2003/arcrole/parent-child" xlink:from="loc_eba_mi182" xlink:to="loc_eba_mi212" order="1" />
    <link:loc xlink:type="locator" xlink:href="met.xsd#eba_mi204" xlink:label="loc_eba_mi204" />
    <link:presentationArc xlink:type="arc" xlink:arcrole="http://www.xbrl.org/2003/arcrole/parent-child" xlink:from="loc_eba_mi212" xlink:to="loc_eba_mi204" order="1" />
    <link:loc xlink:type="locator" xlink:href="met.xsd#eba_mi124" xlink:label="loc_eba_mi124" />
    <link:presentationArc xlink:type="arc" xlink:arcrole="http://www.xbrl.org/2003/arcrole/parent-child" xlink:from="loc_eba_mi212" xlink:to="loc_eba_mi124" order="2" />
    <link:loc xlink:type="locator" xlink:href="met.xsd#eba_mi123" xlink:label="loc_eba_mi123" />
    <link:presentationArc xlink:type="arc" xlink:arcrole="http://www.xbrl.org/2003/arcrole/parent-child" xlink:from="loc_eba_mi124" xlink:to="loc_eba_mi123" order="1" />
    <link:loc xlink:type="locator" xlink:href="met.xsd#eba_mi122" xlink:label="loc_eba_mi122" />
    <link:presentationArc xlink:type="arc" xlink:arcrole="http://www.xbrl.org/2003/arcrole/parent-child" xlink:from="loc_eba_mi124" xlink:to="loc_eba_mi122" order="2" />
    <link:loc xlink:type="locator" xlink:href="met.xsd#eba_mi133" xlink:label="loc_eba_mi133" />
    <link:presentationArc xlink:type="arc" xlink:arcrole="http://www.xbrl.org/2003/arcrole/parent-child" xlink:from="loc_eba_mi122" xlink:to="loc_eba_mi133" order="1" />
    <link:loc xlink:type="locator" xlink:href="met.xsd#eba_mi90" xlink:label="loc_eba_mi90" />
    <link:presentationArc xlink:type="arc" xlink:arcrole="http://www.xbrl.org/2003/arcrole/parent-child" xlink:from="loc_eba_mi133" xlink:to="loc_eba_mi90" order="1" />
    <link:loc xlink:type="locator" xlink:href="met.xsd#eba_mi117" xlink:label="loc_eba_mi117" />
    <link:presentationArc xlink:type="arc" xlink:arcrole="http://www.xbrl.org/2003/arcrole/parent-child" xlink:from="loc_eba_mi133" xlink:to="loc_eba_mi117" order="2" />
    <link:loc xlink:type="locator" xlink:href="met.xsd#eba_mi87" xlink:label="loc_eba_mi87" />
    <link:presentationArc xlink:type="arc" xlink:arcrole="http://www.xbrl.org/2003/arcrole/parent-child" xlink:from="loc_eba_mi117" xlink:to="loc_eba_mi87" order="1" />
    <link:loc xlink:type="locator" xlink:href="met.xsd#eba_mi89" xlink:label="loc_eba_mi89" />
    <link:presentationArc xlink:type="arc" xlink:arcrole="http://www.xbrl.org/2003/arcrole/parent-child" xlink:from="loc_eba_mi117" xlink:to="loc_eba_mi89" order="2" />
    <link:loc xlink:type="locator" xlink:href="met.xsd#eba_mi180" xlink:label="loc_eba_mi180" />
    <link:presentationArc xlink:type="arc" xlink:arcrole="http://www.xbrl.org/2003/arcrole/parent-child" xlink:from="loc_eba_mi117" xlink:to="loc_eba_mi180" order="3" />
    <link:loc xlink:type="locator" xlink:href="met.xsd#eba_mi171" xlink:label="loc_eba_mi171" />
    <link:presentationArc xlink:type="arc" xlink:arcrole="http://www.xbrl.org/2003/arcrole/parent-child" xlink:from="loc_eba_mi180" xlink:to="loc_eba_mi171" order="1" />
    <link:loc xlink:type="locator" xlink:href="met.xsd#eba_mi285" xlink:label="loc_eba_mi285" />
    <link:presentationArc xlink:type="arc" xlink:arcrole="http://www.xbrl.org/2003/arcrole/parent-child" xlink:from="loc_eba_mi180" xlink:to="loc_eba_mi285" order="2" />
    <link:loc xlink:type="locator" xlink:href="met.xsd#eba_mi91" xlink:label="loc_eba_mi91" />
    <link:presentationArc xlink:type="arc" xlink:arcrole="http://www.xbrl.org/2003/arcrole/parent-child" xlink:from="loc_eba_mi180" xlink:to="loc_eba_mi91" order="3" />
    <link:loc xlink:type="locator" xlink:href="met.xsd#eba_mi230" xlink:label="loc_eba_mi230" />
    <link:presentationArc xlink:type="arc" xlink:arcrole="http://www.xbrl.org/2003/arcrole/parent-child" xlink:from="loc_eba_mi180" xlink:to="loc_eba_mi230" order="4" />
  </link:presentationLink>
  <link:presentationLink xlink:type="extended" xlink:role="http://www.eba.europa.eu/xbrl/crr/role/dict/met/AT6">
    <link:loc xlink:type="locator" xlink:href="http://www.eurofiling.info/eu/fr/xbrl/ext/model.xsd#met" xlink:label="loc_met" />
    <link:loc xlink:type="locator" xlink:href="met.xsd#eba_mi235" xlink:label="loc_eba_mi235" />
    <link:presentationArc xlink:type="arc" xlink:arcrole="http://www.xbrl.org/2003/arcrole/parent-child" xlink:from="loc_met" xlink:to="loc_eba_mi235" order="1" />
    <link:loc xlink:type="locator" xlink:href="met.xsd#eba_mi184" xlink:label="loc_eba_mi184" />
    <link:presentationArc xlink:type="arc" xlink:arcrole="http://www.xbrl.org/2003/arcrole/parent-child" xlink:from="loc_eba_mi235" xlink:to="loc_eba_mi184" order="1" />
    <link:loc xlink:type="locator" xlink:href="met.xsd#eba_mi259" xlink:label="loc_eba_mi259" />
    <link:presentationArc xlink:type="arc" xlink:arcrole="http://www.xbrl.org/2003/arcrole/parent-child" xlink:from="loc_eba_mi184" xlink:to="loc_eba_mi259" order="1" />
    <link:loc xlink:type="locator" xlink:href="met.xsd#eba_mi256" xlink:label="loc_eba_mi256" />
    <link:presentationArc xlink:type="arc" xlink:arcrole="http://www.xbrl.org/2003/arcrole/parent-child" xlink:from="loc_eba_mi259" xlink:to="loc_eba_mi256" order="1" />
    <link:loc xlink:type="locator" xlink:href="met.xsd#eba_mi255" xlink:label="loc_eba_mi255" />
    <link:presentationArc xlink:type="arc" xlink:arcrole="http://www.xbrl.org/2003/arcrole/parent-child" xlink:from="loc_eba_mi256" xlink:to="loc_eba_mi255" order="1" />
  </link:presentationLink>
  <link:presentationLink xlink:type="extended" xlink:role="http://www.eba.europa.eu/xbrl/crr/role/dict/met/AT73">
    <link:loc xlink:type="locator" xlink:href="http://www.eurofiling.info/eu/fr/xbrl/ext/model.xsd#met" xlink:label="loc_met" />
    <link:loc xlink:type="locator" xlink:href="met.xsd#eba_mi53" xlink:label="loc_eba_mi53" />
    <link:presentationArc xlink:type="arc" xlink:arcrole="http://www.xbrl.org/2003/arcrole/parent-child" xlink:from="loc_met" xlink:to="loc_eba_mi53" order="1" />
    <link:loc xlink:type="locator" xlink:href="met.xsd#eba_mi65" xlink:label="loc_eba_mi65" />
    <link:presentationArc xlink:type="arc" xlink:arcrole="http://www.xbrl.org/2003/arcrole/parent-child" xlink:from="loc_eba_mi53" xlink:to="loc_eba_mi65" order="1" />
    <link:loc xlink:type="locator" xlink:href="met.xsd#eba_mi110" xlink:label="loc_eba_mi110" />
    <link:presentationArc xlink:type="arc" xlink:arcrole="http://www.xbrl.org/2003/arcrole/parent-child" xlink:from="loc_eba_mi53" xlink:to="loc_eba_mi110" order="2" />
    <link:loc xlink:type="locator" xlink:href="met.xsd#eba_mi109" xlink:label="loc_eba_mi109" />
    <link:presentationArc xlink:type="arc" xlink:arcrole="http://www.xbrl.org/2003/arcrole/parent-child" xlink:from="loc_eba_mi53" xlink:to="loc_eba_mi109" order="3" />
  </link:presentationLink>
  <link:presentationLink xlink:type="extended" xlink:role="http://www.eba.europa.eu/xbrl/crr/role/dict/met/AT81">
    <link:loc xlink:type="locator" xlink:href="http://www.eurofiling.info/eu/fr/xbrl/ext/model.xsd#met" xlink:label="loc_met" />
    <link:loc xlink:type="locator" xlink:href="met.xsd#eba_mi184" xlink:label="loc_eba_mi184" />
    <link:presentationArc xlink:type="arc" xlink:arcrole="http://www.xbrl.org/2003/arcrole/parent-child" xlink:from="loc_met" xlink:to="loc_eba_mi184" order="1" />
    <link:loc xlink:type="locator" xlink:href="met.xsd#eba_mi18" xlink:label="loc_eba_mi18" />
    <link:presentationArc xlink:type="arc" xlink:arcrole="http://www.xbrl.org/2003/arcrole/parent-child" xlink:from="loc_eba_mi184" xlink:to="loc_eba_mi18" order="1" />
    <link:loc xlink:type="locator" xlink:href="met.xsd#eba_mi257" xlink:label="loc_eba_mi257" />
    <link:presentationArc xlink:type="arc" xlink:arcrole="http://www.xbrl.org/2003/arcrole/parent-child" xlink:from="loc_eba_mi184" xlink:to="loc_eba_mi257" order="2" />
    <link:loc xlink:type="locator" xlink:href="met.xsd#eba_mi258" xlink:label="loc_eba_mi258" />
    <link:presentationArc xlink:type="arc" xlink:arcrole="http://www.xbrl.org/2003/arcrole/parent-child" xlink:from="loc_eba_mi257" xlink:to="loc_eba_mi258" order="1" />
    <link:loc xlink:type="locator" xlink:href="met.xsd#eba_mi256" xlink:label="loc_eba_mi256" />
    <link:presentationArc xlink:type="arc" xlink:arcrole="http://www.xbrl.org/2003/arcrole/parent-child" xlink:from="loc_eba_mi258" xlink:to="loc_eba_mi256" order="1" />
    <link:loc xlink:type="locator" xlink:href="met.xsd#eba_mi260" xlink:label="loc_eba_mi260" />
    <link:presentationArc xlink:type="arc" xlink:arcrole="http://www.xbrl.org/2003/arcrole/parent-child" xlink:from="loc_eba_mi256" xlink:to="loc_eba_mi260" order="1" />
    <link:loc xlink:type="locator" xlink:href="met.xsd#eba_mi255" xlink:label="loc_eba_mi255" />
    <link:presentationArc xlink:type="arc" xlink:arcrole="http://www.xbrl.org/2003/arcrole/parent-child" xlink:from="loc_eba_mi256" xlink:to="loc_eba_mi255" order="2" />
  </link:presentationLink>
  <link:presentationLink xlink:type="extended" xlink:role="http://www.eba.europa.eu/xbrl/crr/role/dict/met/AT83">
    <link:loc xlink:type="locator" xlink:href="http://www.eurofiling.info/eu/fr/xbrl/ext/model.xsd#met" xlink:label="loc_met" />
    <link:loc xlink:type="locator" xlink:href="met.xsd#eba_mi53" xlink:label="loc_eba_mi53" />
    <link:presentationArc xlink:type="arc" xlink:arcrole="http://www.xbrl.org/2003/arcrole/parent-child" xlink:from="loc_met" xlink:to="loc_eba_mi53" order="1" />
    <link:loc xlink:type="locator" xlink:href="met.xsd#eba_mi134" xlink:label="loc_eba_mi134" />
    <link:presentationArc xlink:type="arc" xlink:arcrole="http://www.xbrl.org/2003/arcrole/parent-child" xlink:from="loc_eba_mi53" xlink:to="loc_eba_mi134" order="1" />
  </link:presentationLink>
  <link:presentationLink xlink:type="extended" xlink:role="http://www.eba.europa.eu/xbrl/crr/role/dict/met/AT87">
    <link:loc xlink:type="locator" xlink:href="http://www.eurofiling.info/eu/fr/xbrl/ext/model.xsd#met" xlink:label="loc_met" />
    <link:loc xlink:type="locator" xlink:href="met.xsd#eba_mi136" xlink:label="loc_eba_mi136" />
    <link:presentationArc xlink:type="arc" xlink:arcrole="http://www.xbrl.org/2003/arcrole/parent-child" xlink:from="loc_met" xlink:to="loc_eba_mi136" order="1" />
    <link:loc xlink:type="locator" xlink:href="met.xsd#eba_mi53" xlink:label="loc_eba_mi53" />
    <link:presentationArc xlink:type="arc" xlink:arcrole="http://www.xbrl.org/2003/arcrole/parent-child" xlink:from="loc_eba_mi136" xlink:to="loc_eba_mi53" order="1" />
    <link:loc xlink:type="locator" xlink:href="met.xsd#eba_mi159" xlink:label="loc_eba_mi159" />
    <link:presentationArc xlink:type="arc" xlink:arcrole="http://www.xbrl.org/2003/arcrole/parent-child" xlink:from="loc_eba_mi136" xlink:to="loc_eba_mi159" order="2" />
  </link:presentationLink>
  <link:presentationLink xlink:type="extended" xlink:role="http://www.eba.europa.eu/xbrl/crr/role/dict/met/AT9">
    <link:loc xlink:type="locator" xlink:href="http://www.eurofiling.info/eu/fr/xbrl/ext/model.xsd#met" xlink:label="loc_met" />
    <link:loc xlink:type="locator" xlink:href="met.xsd#eba_mi184" xlink:label="loc_eba_mi184" />
    <link:presentationArc xlink:type="arc" xlink:arcrole="http://www.xbrl.org/2003/arcrole/parent-child" xlink:from="loc_met" xlink:to="loc_eba_mi184" order="1" />
    <link:loc xlink:type="locator" xlink:href="met.xsd#eba_mi257" xlink:label="loc_eba_mi257" />
    <link:presentationArc xlink:type="arc" xlink:arcrole="http://www.xbrl.org/2003/arcrole/parent-child" xlink:from="loc_eba_mi184" xlink:to="loc_eba_mi257" order="1" />
    <link:loc xlink:type="locator" xlink:href="met.xsd#eba_mi258" xlink:label="loc_eba_mi258" />
    <link:presentationArc xlink:type="arc" xlink:arcrole="http://www.xbrl.org/2003/arcrole/parent-child" xlink:from="loc_eba_mi257" xlink:to="loc_eba_mi258" order="1" />
    <link:loc xlink:type="locator" xlink:href="met.xsd#eba_mi256" xlink:label="loc_eba_mi256" />
    <link:presentationArc xlink:type="arc" xlink:arcrole="http://www.xbrl.org/2003/arcrole/parent-child" xlink:from="loc_eba_mi258" xlink:to="loc_eba_mi256" order="1" />
    <link:loc xlink:type="locator" xlink:href="met.xsd#eba_mi260" xlink:label="loc_eba_mi260" />
    <link:presentationArc xlink:type="arc" xlink:arcrole="http://www.xbrl.org/2003/arcrole/parent-child" xlink:from="loc_eba_mi256" xlink:to="loc_eba_mi260" order="1" />
    <link:loc xlink:type="locator" xlink:href="met.xsd#eba_mi255" xlink:label="loc_eba_mi255" />
    <link:presentationArc xlink:type="arc" xlink:arcrole="http://www.xbrl.org/2003/arcrole/parent-child" xlink:from="loc_eba_mi256" xlink:to="loc_eba_mi255" order="2" />
  </link:presentationLink>
  <link:presentationLink xlink:type="extended" xlink:role="http://www.eba.europa.eu/xbrl/crr/role/dict/met/AT90">
    <link:loc xlink:type="locator" xlink:href="http://www.eurofiling.info/eu/fr/xbrl/ext/model.xsd#met" xlink:label="loc_met" />
    <link:loc xlink:type="locator" xlink:href="met.xsd#eba_md21" xlink:label="loc_eba_md21" />
    <link:presentationArc xlink:type="arc" xlink:arcrole="http://www.xbrl.org/2003/arcrole/parent-child" xlink:from="loc_met" xlink:to="loc_eba_md21" order="1" />
    <link:loc xlink:type="locator" xlink:href="met.xsd#eba_md14" xlink:label="loc_eba_md14" />
    <link:presentationArc xlink:type="arc" xlink:arcrole="http://www.xbrl.org/2003/arcrole/parent-child" xlink:from="loc_eba_md21" xlink:to="loc_eba_md14" order="1" />
    <link:loc xlink:type="locator" xlink:href="met.xsd#eba_md46" xlink:label="loc_eba_md46" />
    <link:presentationArc xlink:type="arc" xlink:arcrole="http://www.xbrl.org/2003/arcrole/parent-child" xlink:from="loc_eba_md21" xlink:to="loc_eba_md46" order="2" />
    <link:loc xlink:type="locator" xlink:href="met.xsd#eba_md251" xlink:label="loc_eba_md251" />
    <link:presentationArc xlink:type="arc" xlink:arcrole="http://www.xbrl.org/2003/arcrole/parent-child" xlink:from="loc_eba_md21" xlink:to="loc_eba_md251" order="3" />
    <link:loc xlink:type="locator" xlink:href="met.xsd#eba_md139" xlink:label="loc_eba_md139" />
    <link:presentationArc xlink:type="arc" xlink:arcrole="http://www.xbrl.org/2003/arcrole/parent-child" xlink:from="loc_eba_md21" xlink:to="loc_eba_md139" order="4" />
    <link:loc xlink:type="locator" xlink:href="met.xsd#eba_md73" xlink:label="loc_eba_md73" />
    <link:presentationArc xlink:type="arc" xlink:arcrole="http://www.xbrl.org/2003/arcrole/parent-child" xlink:from="loc_eba_md21" xlink:to="loc_eba_md73" order="5" />
  </link:presentationLink>
</link:linkbase>