﻿<?xml version="1.0" encoding="utf-8"?>
<?taxonomy-version 2.0.0?>
<!--(C) EBA-->
<link:linkbase xmlns:xsi="http://www.w3.org/2001/XMLSchema-instance" xmlns:xlink="http://www.w3.org/1999/xlink" xmlns:link="http://www.xbrl.org/2003/linkbase" xmlns:gen="http://xbrl.org/2008/generic" xmlns:label="http://xbrl.org/2008/label" xsi:schemaLocation="http://www.xbrl.org/2003/linkbase http://www.xbrl.org/2003/xbrl-linkbase-2003-12-31.xsd http://xbrl.org/2008/generic http://www.xbrl.org/2008/generic-link.xsd http://xbrl.org/2008/label http://www.xbrl.org/2008/generic-label.xsd">
  <link:arcroleRef arcroleURI="http://xbrl.org/arcrole/2008/element-label" xlink:type="simple" xlink:href="http://www.xbrl.org/2008/generic-label.xsd#element-label" />
  <link:roleRef roleURI="http://www.eba.europa.eu/xbrl/role/dpm-db-id" xlink:type="simple" xlink:href="http://www.eba.europa.eu/eu/fr/xbrl/ext/model.xsd#dpm-db-id" />
  <gen:link xlink:type="extended" xlink:role="http://www.xbrl.org/2003/role/link">
    <link:loc xlink:type="locator" xlink:href="hier.xsd#eba_AT1" xlink:label="loc_eba_AT1" />
    <label:label xlink:type="resource" xlink:label="label_eba_AT1" xml:lang="en" xlink:role="http://www.eba.europa.eu/xbrl/role/dpm-db-id">445</label:label>
    <gen:arc xlink:type="arc" xlink:arcrole="http://xbrl.org/arcrole/2008/element-label" xlink:from="loc_eba_AT1" xlink:to="label_eba_AT1" />
    <link:loc xlink:type="locator" xlink:href="hier.xsd#eba_AT101" xlink:label="loc_eba_AT101" />
    <label:label xlink:type="resource" xlink:label="label_eba_AT101" xml:lang="en" xlink:role="http://www.eba.europa.eu/xbrl/role/dpm-db-id">515</label:label>
    <gen:arc xlink:type="arc" xlink:arcrole="http://xbrl.org/arcrole/2008/element-label" xlink:from="loc_eba_AT101" xlink:to="label_eba_AT101" />
    <link:loc xlink:type="locator" xlink:href="hier.xsd#eba_AT102" xlink:label="loc_eba_AT102" />
    <label:label xlink:type="resource" xlink:label="label_eba_AT102" xml:lang="en" xlink:role="http://www.eba.europa.eu/xbrl/role/dpm-db-id">540</label:label>
    <gen:arc xlink:type="arc" xlink:arcrole="http://xbrl.org/arcrole/2008/element-label" xlink:from="loc_eba_AT102" xlink:to="label_eba_AT102" />
    <link:loc xlink:type="locator" xlink:href="hier.xsd#eba_AT105" xlink:label="loc_eba_AT105" />
    <label:label xlink:type="resource" xlink:label="label_eba_AT105" xml:lang="en" xlink:role="http://www.eba.europa.eu/xbrl/role/dpm-db-id">570</label:label>
    <gen:arc xlink:type="arc" xlink:arcrole="http://xbrl.org/arcrole/2008/element-label" xlink:from="loc_eba_AT105" xlink:to="label_eba_AT105" />
    <link:loc xlink:type="locator" xlink:href="hier.xsd#eba_AT106" xlink:label="loc_eba_AT106" />
    <label:label xlink:type="resource" xlink:label="label_eba_AT106" xml:lang="en" xlink:role="http://www.eba.europa.eu/xbrl/role/dpm-db-id">590</label:label>
    <gen:arc xlink:type="arc" xlink:arcrole="http://xbrl.org/arcrole/2008/element-label" xlink:from="loc_eba_AT106" xlink:to="label_eba_AT106" />
    <link:loc xlink:type="locator" xlink:href="hier.xsd#eba_AT107" xlink:label="loc_eba_AT107" />
    <label:label xlink:type="resource" xlink:label="label_eba_AT107" xml:lang="en" xlink:role="http://www.eba.europa.eu/xbrl/role/dpm-db-id">620</label:label>
    <gen:arc xlink:type="arc" xlink:arcrole="http://xbrl.org/arcrole/2008/element-label" xlink:from="loc_eba_AT107" xlink:to="label_eba_AT107" />
    <link:loc xlink:type="locator" xlink:href="hier.xsd#eba_AT11" xlink:label="loc_eba_AT11" />
    <label:label xlink:type="resource" xlink:label="label_eba_AT11" xml:lang="en" xlink:role="http://www.eba.europa.eu/xbrl/role/dpm-db-id">650</label:label>
    <gen:arc xlink:type="arc" xlink:arcrole="http://xbrl.org/arcrole/2008/element-label" xlink:from="loc_eba_AT11" xlink:to="label_eba_AT11" />
    <link:loc xlink:type="locator" xlink:href="hier.xsd#eba_AT2" xlink:label="loc_eba_AT2" />
    <label:label xlink:type="resource" xlink:label="label_eba_AT2" xml:lang="en" xlink:role="http://www.eba.europa.eu/xbrl/role/dpm-db-id">735</label:label>
    <gen:arc xlink:type="arc" xlink:arcrole="http://xbrl.org/arcrole/2008/element-label" xlink:from="loc_eba_AT2" xlink:to="label_eba_AT2" />
    <link:loc xlink:type="locator" xlink:href="hier.xsd#eba_AT3" xlink:label="loc_eba_AT3" />
    <label:label xlink:type="resource" xlink:label="label_eba_AT3" xml:lang="en" xlink:role="http://www.eba.europa.eu/xbrl/role/dpm-db-id">775</label:label>
    <gen:arc xlink:type="arc" xlink:arcrole="http://xbrl.org/arcrole/2008/element-label" xlink:from="loc_eba_AT3" xlink:to="label_eba_AT3" />
    <link:loc xlink:type="locator" xlink:href="hier.xsd#eba_AT4" xlink:label="loc_eba_AT4" />
    <label:label xlink:type="resource" xlink:label="label_eba_AT4" xml:lang="en" xlink:role="http://www.eba.europa.eu/xbrl/role/dpm-db-id">800</label:label>
    <gen:arc xlink:type="arc" xlink:arcrole="http://xbrl.org/arcrole/2008/element-label" xlink:from="loc_eba_AT4" xlink:to="label_eba_AT4" />
    <link:loc xlink:type="locator" xlink:href="hier.xsd#eba_AT40" xlink:label="loc_eba_AT40" />
    <label:label xlink:type="resource" xlink:label="label_eba_AT40" xml:lang="en" xlink:role="http://www.eba.europa.eu/xbrl/role/dpm-db-id">905</label:label>
    <gen:arc xlink:type="arc" xlink:arcrole="http://xbrl.org/arcrole/2008/element-label" xlink:from="loc_eba_AT40" xlink:to="label_eba_AT40" />
    <link:loc xlink:type="locator" xlink:href="hier.xsd#eba_AT47" xlink:label="loc_eba_AT47" />
    <label:label xlink:type="resource" xlink:label="label_eba_AT47" xml:lang="en" xlink:role="http://www.eba.europa.eu/xbrl/role/dpm-db-id">925</label:label>
    <gen:arc xlink:type="arc" xlink:arcrole="http://xbrl.org/arcrole/2008/element-label" xlink:from="loc_eba_AT47" xlink:to="label_eba_AT47" />
    <link:loc xlink:type="locator" xlink:href="hier.xsd#eba_AT5" xlink:label="loc_eba_AT5" />
    <label:label xlink:type="resource" xlink:label="label_eba_AT5" xml:lang="en" xlink:role="http://www.eba.europa.eu/xbrl/role/dpm-db-id">985</label:label>
    <gen:arc xlink:type="arc" xlink:arcrole="http://xbrl.org/arcrole/2008/element-label" xlink:from="loc_eba_AT5" xlink:to="label_eba_AT5" />
    <link:loc xlink:type="locator" xlink:href="hier.xsd#eba_AT6" xlink:label="loc_eba_AT6" />
    <label:label xlink:type="resource" xlink:label="label_eba_AT6" xml:lang="en" xlink:role="http://www.eba.europa.eu/xbrl/role/dpm-db-id">1085</label:label>
    <gen:arc xlink:type="arc" xlink:arcrole="http://xbrl.org/arcrole/2008/element-label" xlink:from="loc_eba_AT6" xlink:to="label_eba_AT6" />
    <link:loc xlink:type="locator" xlink:href="hier.xsd#eba_AT73" xlink:label="loc_eba_AT73" />
    <label:label xlink:type="resource" xlink:label="label_eba_AT73" xml:lang="en" xlink:role="http://www.eba.europa.eu/xbrl/role/dpm-db-id">1115</label:label>
    <gen:arc xlink:type="arc" xlink:arcrole="http://xbrl.org/arcrole/2008/element-label" xlink:from="loc_eba_AT73" xlink:to="label_eba_AT73" />
    <link:loc xlink:type="locator" xlink:href="hier.xsd#eba_AT81" xlink:label="loc_eba_AT81" />
    <label:label xlink:type="resource" xlink:label="label_eba_AT81" xml:lang="en" xlink:role="http://www.eba.europa.eu/xbrl/role/dpm-db-id">1140</label:label>
    <gen:arc xlink:type="arc" xlink:arcrole="http://xbrl.org/arcrole/2008/element-label" xlink:from="loc_eba_AT81" xlink:to="label_eba_AT81" />
    <link:loc xlink:type="locator" xlink:href="hier.xsd#eba_AT83" xlink:label="loc_eba_AT83" />
    <label:label xlink:type="resource" xlink:label="label_eba_AT83" xml:lang="en" xlink:role="http://www.eba.europa.eu/xbrl/role/dpm-db-id">1180</label:label>
    <gen:arc xlink:type="arc" xlink:arcrole="http://xbrl.org/arcrole/2008/element-label" xlink:from="loc_eba_AT83" xlink:to="label_eba_AT83" />
    <link:loc xlink:type="locator" xlink:href="hier.xsd#eba_AT87" xlink:label="loc_eba_AT87" />
    <label:label xlink:type="resource" xlink:label="label_eba_AT87" xml:lang="en" xlink:role="http://www.eba.europa.eu/xbrl/role/dpm-db-id">1195</label:label>
    <gen:arc xlink:type="arc" xlink:arcrole="http://xbrl.org/arcrole/2008/element-label" xlink:from="loc_eba_AT87" xlink:to="label_eba_AT87" />
    <link:loc xlink:type="locator" xlink:href="hier.xsd#eba_AT9" xlink:label="loc_eba_AT9" />
    <label:label xlink:type="resource" xlink:label="label_eba_AT9" xml:lang="en" xlink:role="http://www.eba.europa.eu/xbrl/role/dpm-db-id">1215</label:label>
    <gen:arc xlink:type="arc" xlink:arcrole="http://xbrl.org/arcrole/2008/element-label" xlink:from="loc_eba_AT9" xlink:to="label_eba_AT9" />
    <link:loc xlink:type="locator" xlink:href="hier.xsd#eba_AT90" xlink:label="loc_eba_AT90" />
    <label:label xlink:type="resource" xlink:label="label_eba_AT90" xml:lang="en" xlink:role="http://www.eba.europa.eu/xbrl/role/dpm-db-id">1250</label:label>
    <gen:arc xlink:type="arc" xlink:arcrole="http://xbrl.org/arcrole/2008/element-label" xlink:from="loc_eba_AT90" xlink:to="label_eba_AT90" />
  </gen:link>
</link:linkbase>