﻿<?xml version="1.0" encoding="utf-8"?>
<?taxonomy-version 2.0.0?>
<!--(C) EBA-->
<link:linkbase xmlns:xsi="http://www.w3.org/2001/XMLSchema-instance" xmlns:xlink="http://www.w3.org/1999/xlink" xmlns:link="http://www.xbrl.org/2003/linkbase" xmlns:gen="http://xbrl.org/2008/generic" xmlns:label="http://xbrl.org/2008/label" xmlns:formula="http://xbrl.org/2008/formula" xmlns:df="http://xbrl.org/2008/filter/dimension" xmlns:table="http://xbrl.org/PWD/2013-05-17/table" xmlns:model="http://www.eurofiling.info/xbrl/ext/model" xmlns:eba_met="http://www.eba.europa.eu/xbrl/crr/dict/met" xmlns:eba_dim="http://www.eba.europa.eu/xbrl/crr/dict/dim" xmlns:eba_BA="http://www.eba.europa.eu/xbrl/crr/dict/dom/BA" xmlns:eba_MC="http://www.eba.europa.eu/xbrl/crr/dict/dom/MC" xmlns:eba_TR="http://www.eba.europa.eu/xbrl/crr/dict/dom/TR" xmlns:eba_OF="http://www.eba.europa.eu/xbrl/crr/dict/dom/OF" xsi:schemaLocation="http://www.xbrl.org/2003/linkbase http://www.xbrl.org/2003/xbrl-linkbase-2003-12-31.xsd http://xbrl.org/2008/generic http://www.xbrl.org/2008/generic-link.xsd http://xbrl.org/2008/label http://www.xbrl.org/2008/generic-label.xsd http://xbrl.org/2008/formula http://www.xbrl.org/2008/formula.xsd http://xbrl.org/2008/filter/dimension http://www.xbrl.org/2008/dimension-filter.xsd http://xbrl.org/PWD/2013-05-17/table http://www.xbrl.org/PWD/2013-05-17/table.xsd http://www.eurofiling.info/xbrl/ext/model http://www.eurofiling.info/eu/fr/xbrl/ext/model.xsd">
  <link:arcroleRef arcroleURI="http://xbrl.org/arcrole/PWD/2013-05-17/breakdown-tree" xlink:type="simple" xlink:href="http://www.xbrl.org/PWD/2013-05-17/table.xsd#breakdown-tree" />
  <link:arcroleRef arcroleURI="http://xbrl.org/arcrole/PWD/2013-05-17/definition-node-subtree" xlink:type="simple" xlink:href="http://www.xbrl.org/PWD/2013-05-17/table.xsd#definition-node-subtree" />
  <link:arcroleRef arcroleURI="http://xbrl.org/arcrole/PWD/2013-05-17/table-breakdown" xlink:type="simple" xlink:href="http://www.xbrl.org/PWD/2013-05-17/table.xsd#table-breakdown" />
  <link:roleRef roleURI="http://www.eba.europa.eu/xbrl/crr/role/fws/COREP/ITS-2013-02/2013-12-01/tab/C_06.00" xlink:type="simple" xlink:href="c_06.00.xsd#role" />
  <gen:link xlink:type="extended" xlink:role="http://www.eba.europa.eu/xbrl/crr/role/fws/COREP/ITS-2013-02/2013-12-01/tab/C_06.00">
    <table:table xlink:type="resource" xlink:label="eba_tC_06.00" aspectModel="dimensional" id="eba_tC_06.00" />
    <table:breakdown xlink:type="resource" xlink:label="eba_a1" parentChildOrder="parent-first" id="eba_a1" />
    <table:ruleNode xlink:type="resource" xlink:label="eba_a1.root" abstract="true" id="eba_a1.root" />
    <table:breakdownTreeArc xlink:type="arc" xlink:arcrole="http://xbrl.org/arcrole/PWD/2013-05-17/breakdown-tree" xlink:from="eba_a1" xlink:to="eba_a1.root" order="0" />
    <table:ruleNode xlink:type="resource" xlink:label="eba_c19590" abstract="true" id="eba_c19590" />
    <table:ruleNode xlink:type="resource" xlink:label="eba_c19591" id="eba_c19591">
      <formula:concept>
        <formula:qname>eba_met:si168</formula:qname>
      </formula:concept>
    </table:ruleNode>
    <table:definitionNodeSubtreeArc xlink:type="arc" xlink:arcrole="http://xbrl.org/arcrole/PWD/2013-05-17/definition-node-subtree" xlink:from="eba_c19590" xlink:to="eba_c19591" order="1" />
    <table:ruleNode xlink:type="resource" xlink:label="eba_c19593" id="eba_c19593">
      <formula:concept>
        <formula:qname>eba_met:si288</formula:qname>
      </formula:concept>
    </table:ruleNode>
    <table:definitionNodeSubtreeArc xlink:type="arc" xlink:arcrole="http://xbrl.org/arcrole/PWD/2013-05-17/definition-node-subtree" xlink:from="eba_c19590" xlink:to="eba_c19593" order="2" />
    <table:ruleNode xlink:type="resource" xlink:label="eba_c19594" id="eba_c19594">
      <formula:concept>
        <formula:qname>eba_met:bi146</formula:qname>
      </formula:concept>
    </table:ruleNode>
    <table:definitionNodeSubtreeArc xlink:type="arc" xlink:arcrole="http://xbrl.org/arcrole/PWD/2013-05-17/definition-node-subtree" xlink:from="eba_c19590" xlink:to="eba_c19594" order="3" />
    <table:ruleNode xlink:type="resource" xlink:label="eba_c19595" id="eba_c19595">
      <formula:concept>
        <formula:qname>eba_met:si217</formula:qname>
      </formula:concept>
    </table:ruleNode>
    <table:definitionNodeSubtreeArc xlink:type="arc" xlink:arcrole="http://xbrl.org/arcrole/PWD/2013-05-17/definition-node-subtree" xlink:from="eba_c19590" xlink:to="eba_c19595" order="4" />
    <table:ruleNode xlink:type="resource" xlink:label="eba_c19596" id="eba_c19596">
      <formula:concept>
        <formula:qname>eba_met:ei152</formula:qname>
      </formula:concept>
    </table:ruleNode>
    <table:definitionNodeSubtreeArc xlink:type="arc" xlink:arcrole="http://xbrl.org/arcrole/PWD/2013-05-17/definition-node-subtree" xlink:from="eba_c19590" xlink:to="eba_c19596" order="5" />
    <table:ruleNode xlink:type="resource" xlink:label="eba_c19597" id="eba_c19597">
      <formula:concept>
        <formula:qname>eba_met:pi221</formula:qname>
      </formula:concept>
      <formula:explicitDimension dimension="eba_dim:BAS">
        <formula:member>
          <formula:qname>eba_BA:x17</formula:qname>
        </formula:member>
      </formula:explicitDimension>
      <formula:explicitDimension dimension="eba_dim:MCY">
        <formula:member>
          <formula:qname>eba_MC:x130</formula:qname>
        </formula:member>
      </formula:explicitDimension>
    </table:ruleNode>
    <table:definitionNodeSubtreeArc xlink:type="arc" xlink:arcrole="http://xbrl.org/arcrole/PWD/2013-05-17/definition-node-subtree" xlink:from="eba_c19590" xlink:to="eba_c19597" order="6" />
    <table:definitionNodeSubtreeArc xlink:type="arc" xlink:arcrole="http://xbrl.org/arcrole/PWD/2013-05-17/definition-node-subtree" xlink:from="eba_a1.root" xlink:to="eba_c19590" order="1" />
    <table:ruleNode xlink:type="resource" xlink:label="eba_c19598" abstract="true" id="eba_c19598" />
    <table:ruleNode xlink:type="resource" xlink:label="eba_c19599" id="eba_c19599">
      <formula:concept>
        <formula:qname>eba_met:mi235</formula:qname>
      </formula:concept>
      <formula:explicitDimension dimension="eba_dim:BAS">
        <formula:member>
          <formula:qname>eba_BA:x9</formula:qname>
        </formula:member>
      </formula:explicitDimension>
      <formula:explicitDimension dimension="eba_dim:MCY">
        <formula:member>
          <formula:qname>eba_MC:x30</formula:qname>
        </formula:member>
      </formula:explicitDimension>
    </table:ruleNode>
    <table:ruleNode xlink:type="resource" xlink:label="eba_c19600" id="eba_c19600">
      <formula:concept>
        <formula:qname>eba_met:mi235</formula:qname>
      </formula:concept>
      <formula:explicitDimension dimension="eba_dim:MCY">
        <formula:member>
          <formula:qname>eba_MC:x27</formula:qname>
        </formula:member>
      </formula:explicitDimension>
      <formula:explicitDimension dimension="eba_dim:TRI">
        <formula:member>
          <formula:qname>eba_TR:x6</formula:qname>
        </formula:member>
      </formula:explicitDimension>
    </table:ruleNode>
    <table:definitionNodeSubtreeArc xlink:type="arc" xlink:arcrole="http://xbrl.org/arcrole/PWD/2013-05-17/definition-node-subtree" xlink:from="eba_c19599" xlink:to="eba_c19600" order="1" />
    <table:ruleNode xlink:type="resource" xlink:label="eba_c19601" id="eba_c19601">
      <formula:concept>
        <formula:qname>eba_met:mi235</formula:qname>
      </formula:concept>
      <formula:explicitDimension dimension="eba_dim:MCY">
        <formula:member>
          <formula:qname>eba_MC:x26</formula:qname>
        </formula:member>
      </formula:explicitDimension>
      <formula:explicitDimension dimension="eba_dim:TRI">
        <formula:member>
          <formula:qname>eba_TR:x26</formula:qname>
        </formula:member>
      </formula:explicitDimension>
    </table:ruleNode>
    <table:definitionNodeSubtreeArc xlink:type="arc" xlink:arcrole="http://xbrl.org/arcrole/PWD/2013-05-17/definition-node-subtree" xlink:from="eba_c19599" xlink:to="eba_c19601" order="2" />
    <table:ruleNode xlink:type="resource" xlink:label="eba_c19602" id="eba_c19602">
      <formula:concept>
        <formula:qname>eba_met:mi235</formula:qname>
      </formula:concept>
      <formula:explicitDimension dimension="eba_dim:MCY">
        <formula:member>
          <formula:qname>eba_MC:x299</formula:qname>
        </formula:member>
      </formula:explicitDimension>
      <formula:explicitDimension dimension="eba_dim:TRI">
        <formula:member>
          <formula:qname>eba_TR:x24</formula:qname>
        </formula:member>
      </formula:explicitDimension>
    </table:ruleNode>
    <table:definitionNodeSubtreeArc xlink:type="arc" xlink:arcrole="http://xbrl.org/arcrole/PWD/2013-05-17/definition-node-subtree" xlink:from="eba_c19599" xlink:to="eba_c19602" order="3" />
    <table:ruleNode xlink:type="resource" xlink:label="eba_c19603" id="eba_c19603">
      <formula:concept>
        <formula:qname>eba_met:mi235</formula:qname>
      </formula:concept>
      <formula:explicitDimension dimension="eba_dim:MCY">
        <formula:member>
          <formula:qname>eba_MC:x261</formula:qname>
        </formula:member>
      </formula:explicitDimension>
    </table:ruleNode>
    <table:definitionNodeSubtreeArc xlink:type="arc" xlink:arcrole="http://xbrl.org/arcrole/PWD/2013-05-17/definition-node-subtree" xlink:from="eba_c19599" xlink:to="eba_c19603" order="4" />
    <table:definitionNodeSubtreeArc xlink:type="arc" xlink:arcrole="http://xbrl.org/arcrole/PWD/2013-05-17/definition-node-subtree" xlink:from="eba_c19598" xlink:to="eba_c19599" order="1" />
    <table:ruleNode xlink:type="resource" xlink:label="eba_c19604" id="eba_c19604">
      <formula:concept>
        <formula:qname>eba_met:mi77</formula:qname>
      </formula:concept>
      <formula:explicitDimension dimension="eba_dim:BAS">
        <formula:member>
          <formula:qname>eba_BA:x11</formula:qname>
        </formula:member>
      </formula:explicitDimension>
      <formula:explicitDimension dimension="eba_dim:MCY">
        <formula:member>
          <formula:qname>eba_MC:x275</formula:qname>
        </formula:member>
      </formula:explicitDimension>
      <formula:explicitDimension dimension="eba_dim:OFS">
        <formula:member>
          <formula:qname>eba_OF:x10</formula:qname>
        </formula:member>
      </formula:explicitDimension>
    </table:ruleNode>
    <table:ruleNode xlink:type="resource" xlink:label="eba_c19605" id="eba_c19605">
      <formula:concept>
        <formula:qname>eba_met:mi81</formula:qname>
      </formula:concept>
      <formula:explicitDimension dimension="eba_dim:MCY">
        <formula:member>
          <formula:qname>eba_MC:x275</formula:qname>
        </formula:member>
      </formula:explicitDimension>
      <formula:explicitDimension dimension="eba_dim:OFS">
        <formula:member>
          <formula:qname>eba_OF:x10</formula:qname>
        </formula:member>
      </formula:explicitDimension>
    </table:ruleNode>
    <table:definitionNodeSubtreeArc xlink:type="arc" xlink:arcrole="http://xbrl.org/arcrole/PWD/2013-05-17/definition-node-subtree" xlink:from="eba_c19604" xlink:to="eba_c19605" order="1" />
    <table:ruleNode xlink:type="resource" xlink:label="eba_c19606" id="eba_c19606">
      <formula:concept>
        <formula:qname>eba_met:mi198</formula:qname>
      </formula:concept>
      <formula:explicitDimension dimension="eba_dim:MCY">
        <formula:member>
          <formula:qname>eba_MC:x447</formula:qname>
        </formula:member>
      </formula:explicitDimension>
      <formula:explicitDimension dimension="eba_dim:OFS">
        <formula:member>
          <formula:qname>eba_OF:x10</formula:qname>
        </formula:member>
      </formula:explicitDimension>
    </table:ruleNode>
    <table:definitionNodeSubtreeArc xlink:type="arc" xlink:arcrole="http://xbrl.org/arcrole/PWD/2013-05-17/definition-node-subtree" xlink:from="eba_c19604" xlink:to="eba_c19606" order="2" />
    <table:ruleNode xlink:type="resource" xlink:label="eba_c19607" id="eba_c19607">
      <formula:concept>
        <formula:qname>eba_met:mi77</formula:qname>
      </formula:concept>
      <formula:explicitDimension dimension="eba_dim:MCY">
        <formula:member>
          <formula:qname>eba_MC:x275</formula:qname>
        </formula:member>
      </formula:explicitDimension>
      <formula:explicitDimension dimension="eba_dim:OFS">
        <formula:member>
          <formula:qname>eba_OF:x8</formula:qname>
        </formula:member>
      </formula:explicitDimension>
    </table:ruleNode>
    <table:ruleNode xlink:type="resource" xlink:label="eba_c19608" id="eba_c19608">
      <formula:concept>
        <formula:qname>eba_met:mi198</formula:qname>
      </formula:concept>
      <formula:explicitDimension dimension="eba_dim:MCY">
        <formula:member>
          <formula:qname>eba_MC:x275</formula:qname>
        </formula:member>
      </formula:explicitDimension>
      <formula:explicitDimension dimension="eba_dim:OFS">
        <formula:member>
          <formula:qname>eba_OF:x8</formula:qname>
        </formula:member>
      </formula:explicitDimension>
    </table:ruleNode>
    <table:definitionNodeSubtreeArc xlink:type="arc" xlink:arcrole="http://xbrl.org/arcrole/PWD/2013-05-17/definition-node-subtree" xlink:from="eba_c19607" xlink:to="eba_c19608" order="1" />
    <table:ruleNode xlink:type="resource" xlink:label="eba_c19609" id="eba_c19609">
      <formula:concept>
        <formula:qname>eba_met:mi198</formula:qname>
      </formula:concept>
      <formula:explicitDimension dimension="eba_dim:MCY">
        <formula:member>
          <formula:qname>eba_MC:x447</formula:qname>
        </formula:member>
      </formula:explicitDimension>
      <formula:explicitDimension dimension="eba_dim:OFS">
        <formula:member>
          <formula:qname>eba_OF:x8</formula:qname>
        </formula:member>
      </formula:explicitDimension>
    </table:ruleNode>
    <table:definitionNodeSubtreeArc xlink:type="arc" xlink:arcrole="http://xbrl.org/arcrole/PWD/2013-05-17/definition-node-subtree" xlink:from="eba_c19607" xlink:to="eba_c19609" order="2" />
    <table:ruleNode xlink:type="resource" xlink:label="eba_c19610" id="eba_c19610">
      <formula:concept>
        <formula:qname>eba_met:mi77</formula:qname>
      </formula:concept>
      <formula:explicitDimension dimension="eba_dim:MCY">
        <formula:member>
          <formula:qname>eba_MC:x275</formula:qname>
        </formula:member>
      </formula:explicitDimension>
      <formula:explicitDimension dimension="eba_dim:OFS">
        <formula:member>
          <formula:qname>eba_OF:x2</formula:qname>
        </formula:member>
      </formula:explicitDimension>
    </table:ruleNode>
    <table:ruleNode xlink:type="resource" xlink:label="eba_c19611" id="eba_c19611">
      <formula:concept>
        <formula:qname>eba_met:mi81</formula:qname>
      </formula:concept>
      <formula:explicitDimension dimension="eba_dim:MCY">
        <formula:member>
          <formula:qname>eba_MC:x275</formula:qname>
        </formula:member>
      </formula:explicitDimension>
    </table:ruleNode>
    <table:definitionNodeSubtreeArc xlink:type="arc" xlink:arcrole="http://xbrl.org/arcrole/PWD/2013-05-17/definition-node-subtree" xlink:from="eba_c19610" xlink:to="eba_c19611" order="1" />
    <table:ruleNode xlink:type="resource" xlink:label="eba_c19612" id="eba_c19612">
      <formula:concept>
        <formula:qname>eba_met:mi198</formula:qname>
      </formula:concept>
      <formula:explicitDimension dimension="eba_dim:MCY">
        <formula:member>
          <formula:qname>eba_MC:x447</formula:qname>
        </formula:member>
      </formula:explicitDimension>
    </table:ruleNode>
    <table:definitionNodeSubtreeArc xlink:type="arc" xlink:arcrole="http://xbrl.org/arcrole/PWD/2013-05-17/definition-node-subtree" xlink:from="eba_c19610" xlink:to="eba_c19612" order="2" />
    <table:definitionNodeSubtreeArc xlink:type="arc" xlink:arcrole="http://xbrl.org/arcrole/PWD/2013-05-17/definition-node-subtree" xlink:from="eba_c19607" xlink:to="eba_c19610" order="3" />
    <table:ruleNode xlink:type="resource" xlink:label="eba_c19613" id="eba_c19613">
      <formula:concept>
        <formula:qname>eba_met:mi77</formula:qname>
      </formula:concept>
      <formula:explicitDimension dimension="eba_dim:MCY">
        <formula:member>
          <formula:qname>eba_MC:x275</formula:qname>
        </formula:member>
      </formula:explicitDimension>
      <formula:explicitDimension dimension="eba_dim:OFS">
        <formula:member>
          <formula:qname>eba_OF:x1</formula:qname>
        </formula:member>
      </formula:explicitDimension>
    </table:ruleNode>
    <table:ruleNode xlink:type="resource" xlink:label="eba_c19614" id="eba_c19614">
      <formula:concept>
        <formula:qname>eba_met:mi198</formula:qname>
      </formula:concept>
    </table:ruleNode>
    <table:definitionNodeSubtreeArc xlink:type="arc" xlink:arcrole="http://xbrl.org/arcrole/PWD/2013-05-17/definition-node-subtree" xlink:from="eba_c19613" xlink:to="eba_c19614" order="1" />
    <table:definitionNodeSubtreeArc xlink:type="arc" xlink:arcrole="http://xbrl.org/arcrole/PWD/2013-05-17/definition-node-subtree" xlink:from="eba_c19607" xlink:to="eba_c19613" order="4" />
    <table:definitionNodeSubtreeArc xlink:type="arc" xlink:arcrole="http://xbrl.org/arcrole/PWD/2013-05-17/definition-node-subtree" xlink:from="eba_c19604" xlink:to="eba_c19607" order="3" />
    <table:ruleNode xlink:type="resource" xlink:label="eba_c19615" id="eba_c19615">
      <formula:concept>
        <formula:qname>eba_met:mi77</formula:qname>
      </formula:concept>
      <formula:explicitDimension dimension="eba_dim:MCY">
        <formula:member>
          <formula:qname>eba_MC:x275</formula:qname>
        </formula:member>
      </formula:explicitDimension>
      <formula:explicitDimension dimension="eba_dim:OFS">
        <formula:member>
          <formula:qname>eba_OF:x9</formula:qname>
        </formula:member>
      </formula:explicitDimension>
    </table:ruleNode>
    <table:ruleNode xlink:type="resource" xlink:label="eba_c19616" id="eba_c19616">
      <formula:concept>
        <formula:qname>eba_met:mi198</formula:qname>
      </formula:concept>
    </table:ruleNode>
    <table:definitionNodeSubtreeArc xlink:type="arc" xlink:arcrole="http://xbrl.org/arcrole/PWD/2013-05-17/definition-node-subtree" xlink:from="eba_c19615" xlink:to="eba_c19616" order="1" />
    <table:definitionNodeSubtreeArc xlink:type="arc" xlink:arcrole="http://xbrl.org/arcrole/PWD/2013-05-17/definition-node-subtree" xlink:from="eba_c19604" xlink:to="eba_c19615" order="4" />
    <table:definitionNodeSubtreeArc xlink:type="arc" xlink:arcrole="http://xbrl.org/arcrole/PWD/2013-05-17/definition-node-subtree" xlink:from="eba_c19598" xlink:to="eba_c19604" order="2" />
    <table:definitionNodeSubtreeArc xlink:type="arc" xlink:arcrole="http://xbrl.org/arcrole/PWD/2013-05-17/definition-node-subtree" xlink:from="eba_a1.root" xlink:to="eba_c19598" order="2" />
    <table:ruleNode xlink:type="resource" xlink:label="eba_c19617" abstract="true" id="eba_c19617" />
    <table:ruleNode xlink:type="resource" xlink:label="eba_c19618" id="eba_c19618">
      <formula:concept>
        <formula:qname>eba_met:mi236</formula:qname>
      </formula:concept>
      <formula:explicitDimension dimension="eba_dim:BAS">
        <formula:member>
          <formula:qname>eba_BA:x9</formula:qname>
        </formula:member>
      </formula:explicitDimension>
      <formula:explicitDimension dimension="eba_dim:MCY">
        <formula:member>
          <formula:qname>eba_MC:x30</formula:qname>
        </formula:member>
      </formula:explicitDimension>
    </table:ruleNode>
    <table:ruleNode xlink:type="resource" xlink:label="eba_c19619" id="eba_c19619">
      <formula:concept>
        <formula:qname>eba_met:mi236</formula:qname>
      </formula:concept>
      <formula:explicitDimension dimension="eba_dim:MCY">
        <formula:member>
          <formula:qname>eba_MC:x27</formula:qname>
        </formula:member>
      </formula:explicitDimension>
      <formula:explicitDimension dimension="eba_dim:TRI">
        <formula:member>
          <formula:qname>eba_TR:x6</formula:qname>
        </formula:member>
      </formula:explicitDimension>
    </table:ruleNode>
    <table:definitionNodeSubtreeArc xlink:type="arc" xlink:arcrole="http://xbrl.org/arcrole/PWD/2013-05-17/definition-node-subtree" xlink:from="eba_c19618" xlink:to="eba_c19619" order="1" />
    <table:ruleNode xlink:type="resource" xlink:label="eba_c19620" id="eba_c19620">
      <formula:concept>
        <formula:qname>eba_met:mi236</formula:qname>
      </formula:concept>
      <formula:explicitDimension dimension="eba_dim:MCY">
        <formula:member>
          <formula:qname>eba_MC:x26</formula:qname>
        </formula:member>
      </formula:explicitDimension>
      <formula:explicitDimension dimension="eba_dim:TRI">
        <formula:member>
          <formula:qname>eba_TR:x26</formula:qname>
        </formula:member>
      </formula:explicitDimension>
    </table:ruleNode>
    <table:definitionNodeSubtreeArc xlink:type="arc" xlink:arcrole="http://xbrl.org/arcrole/PWD/2013-05-17/definition-node-subtree" xlink:from="eba_c19618" xlink:to="eba_c19620" order="2" />
    <table:ruleNode xlink:type="resource" xlink:label="eba_c19621" id="eba_c19621">
      <formula:concept>
        <formula:qname>eba_met:mi236</formula:qname>
      </formula:concept>
      <formula:explicitDimension dimension="eba_dim:MCY">
        <formula:member>
          <formula:qname>eba_MC:x299</formula:qname>
        </formula:member>
      </formula:explicitDimension>
      <formula:explicitDimension dimension="eba_dim:TRI">
        <formula:member>
          <formula:qname>eba_TR:x24</formula:qname>
        </formula:member>
      </formula:explicitDimension>
    </table:ruleNode>
    <table:definitionNodeSubtreeArc xlink:type="arc" xlink:arcrole="http://xbrl.org/arcrole/PWD/2013-05-17/definition-node-subtree" xlink:from="eba_c19618" xlink:to="eba_c19621" order="3" />
    <table:ruleNode xlink:type="resource" xlink:label="eba_c19622" id="eba_c19622">
      <formula:concept>
        <formula:qname>eba_met:mi236</formula:qname>
      </formula:concept>
      <formula:explicitDimension dimension="eba_dim:MCY">
        <formula:member>
          <formula:qname>eba_MC:x261</formula:qname>
        </formula:member>
      </formula:explicitDimension>
    </table:ruleNode>
    <table:definitionNodeSubtreeArc xlink:type="arc" xlink:arcrole="http://xbrl.org/arcrole/PWD/2013-05-17/definition-node-subtree" xlink:from="eba_c19618" xlink:to="eba_c19622" order="4" />
    <table:definitionNodeSubtreeArc xlink:type="arc" xlink:arcrole="http://xbrl.org/arcrole/PWD/2013-05-17/definition-node-subtree" xlink:from="eba_c19617" xlink:to="eba_c19618" order="1" />
    <table:ruleNode xlink:type="resource" xlink:label="eba_c19623" id="eba_c19623">
      <formula:concept>
        <formula:qname>eba_met:mi76</formula:qname>
      </formula:concept>
      <formula:explicitDimension dimension="eba_dim:BAS">
        <formula:member>
          <formula:qname>eba_BA:x11</formula:qname>
        </formula:member>
      </formula:explicitDimension>
      <formula:explicitDimension dimension="eba_dim:MCY">
        <formula:member>
          <formula:qname>eba_MC:x128</formula:qname>
        </formula:member>
      </formula:explicitDimension>
      <formula:explicitDimension dimension="eba_dim:OFS">
        <formula:member>
          <formula:qname>eba_OF:x10</formula:qname>
        </formula:member>
      </formula:explicitDimension>
    </table:ruleNode>
    <table:ruleNode xlink:type="resource" xlink:label="eba_c19624" id="eba_c19624">
      <formula:concept>
        <formula:qname>eba_met:mi76</formula:qname>
      </formula:concept>
      <formula:explicitDimension dimension="eba_dim:MCY">
        <formula:member>
          <formula:qname>eba_MC:x128</formula:qname>
        </formula:member>
      </formula:explicitDimension>
      <formula:explicitDimension dimension="eba_dim:OFS">
        <formula:member>
          <formula:qname>eba_OF:x8</formula:qname>
        </formula:member>
      </formula:explicitDimension>
    </table:ruleNode>
    <table:ruleNode xlink:type="resource" xlink:label="eba_c19625" id="eba_c19625">
      <formula:concept>
        <formula:qname>eba_met:mi76</formula:qname>
      </formula:concept>
      <formula:explicitDimension dimension="eba_dim:MCY">
        <formula:member>
          <formula:qname>eba_MC:x127</formula:qname>
        </formula:member>
      </formula:explicitDimension>
      <formula:explicitDimension dimension="eba_dim:OFS">
        <formula:member>
          <formula:qname>eba_OF:x0</formula:qname>
        </formula:member>
      </formula:explicitDimension>
    </table:ruleNode>
    <table:definitionNodeSubtreeArc xlink:type="arc" xlink:arcrole="http://xbrl.org/arcrole/PWD/2013-05-17/definition-node-subtree" xlink:from="eba_c19624" xlink:to="eba_c19625" order="1" />
    <table:ruleNode xlink:type="resource" xlink:label="eba_c19626" id="eba_c19626">
      <formula:concept>
        <formula:qname>eba_met:mi76</formula:qname>
      </formula:concept>
      <formula:explicitDimension dimension="eba_dim:MCY">
        <formula:member>
          <formula:qname>eba_MC:x191</formula:qname>
        </formula:member>
      </formula:explicitDimension>
      <formula:explicitDimension dimension="eba_dim:OFS">
        <formula:member>
          <formula:qname>eba_OF:x1</formula:qname>
        </formula:member>
      </formula:explicitDimension>
    </table:ruleNode>
    <table:definitionNodeSubtreeArc xlink:type="arc" xlink:arcrole="http://xbrl.org/arcrole/PWD/2013-05-17/definition-node-subtree" xlink:from="eba_c19624" xlink:to="eba_c19626" order="2" />
    <table:definitionNodeSubtreeArc xlink:type="arc" xlink:arcrole="http://xbrl.org/arcrole/PWD/2013-05-17/definition-node-subtree" xlink:from="eba_c19623" xlink:to="eba_c19624" order="1" />
    <table:ruleNode xlink:type="resource" xlink:label="eba_c19627" id="eba_c19627">
      <formula:concept>
        <formula:qname>eba_met:mi76</formula:qname>
      </formula:concept>
      <formula:explicitDimension dimension="eba_dim:MCY">
        <formula:member>
          <formula:qname>eba_MC:x191</formula:qname>
        </formula:member>
      </formula:explicitDimension>
      <formula:explicitDimension dimension="eba_dim:OFS">
        <formula:member>
          <formula:qname>eba_OF:x9</formula:qname>
        </formula:member>
      </formula:explicitDimension>
    </table:ruleNode>
    <table:definitionNodeSubtreeArc xlink:type="arc" xlink:arcrole="http://xbrl.org/arcrole/PWD/2013-05-17/definition-node-subtree" xlink:from="eba_c19623" xlink:to="eba_c19627" order="2" />
    <table:ruleNode xlink:type="resource" xlink:label="eba_c19628" id="eba_c19628">
      <formula:concept>
        <formula:qname>eba_met:mi76</formula:qname>
      </formula:concept>
      <formula:explicitDimension dimension="eba_dim:MCY">
        <formula:member>
          <formula:qname>eba_MC:x184</formula:qname>
        </formula:member>
      </formula:explicitDimension>
      <formula:explicitDimension dimension="eba_dim:OFS">
        <formula:member>
          <formula:qname>eba_OF:x0</formula:qname>
        </formula:member>
      </formula:explicitDimension>
    </table:ruleNode>
    <table:definitionNodeSubtreeArc xlink:type="arc" xlink:arcrole="http://xbrl.org/arcrole/PWD/2013-05-17/definition-node-subtree" xlink:from="eba_c19623" xlink:to="eba_c19628" order="3" />
    <table:definitionNodeSubtreeArc xlink:type="arc" xlink:arcrole="http://xbrl.org/arcrole/PWD/2013-05-17/definition-node-subtree" xlink:from="eba_c19617" xlink:to="eba_c19623" order="2" />
    <table:ruleNode xlink:type="resource" xlink:label="eba_c19629" id="eba_c19629">
      <formula:concept>
        <formula:qname>eba_met:mi76</formula:qname>
      </formula:concept>
      <formula:explicitDimension dimension="eba_dim:BAS">
        <formula:member>
          <formula:qname>eba_BA:x11</formula:qname>
        </formula:member>
      </formula:explicitDimension>
      <formula:explicitDimension dimension="eba_dim:MCY">
        <formula:member>
          <formula:qname>eba_MC:x275</formula:qname>
        </formula:member>
      </formula:explicitDimension>
      <formula:explicitDimension dimension="eba_dim:OFS">
        <formula:member>
          <formula:qname>eba_OF:x10</formula:qname>
        </formula:member>
      </formula:explicitDimension>
    </table:ruleNode>
    <table:ruleNode xlink:type="resource" xlink:label="eba_c19630" id="eba_c19630">
      <formula:concept>
        <formula:qname>eba_met:mi76</formula:qname>
      </formula:concept>
      <formula:explicitDimension dimension="eba_dim:MCY">
        <formula:member>
          <formula:qname>eba_MC:x275</formula:qname>
        </formula:member>
      </formula:explicitDimension>
      <formula:explicitDimension dimension="eba_dim:OFS">
        <formula:member>
          <formula:qname>eba_OF:x2</formula:qname>
        </formula:member>
      </formula:explicitDimension>
    </table:ruleNode>
    <table:definitionNodeSubtreeArc xlink:type="arc" xlink:arcrole="http://xbrl.org/arcrole/PWD/2013-05-17/definition-node-subtree" xlink:from="eba_c19629" xlink:to="eba_c19630" order="1" />
    <table:ruleNode xlink:type="resource" xlink:label="eba_c19631" id="eba_c19631">
      <formula:concept>
        <formula:qname>eba_met:mi76</formula:qname>
      </formula:concept>
      <formula:explicitDimension dimension="eba_dim:MCY">
        <formula:member>
          <formula:qname>eba_MC:x275</formula:qname>
        </formula:member>
      </formula:explicitDimension>
      <formula:explicitDimension dimension="eba_dim:OFS">
        <formula:member>
          <formula:qname>eba_OF:x1</formula:qname>
        </formula:member>
      </formula:explicitDimension>
    </table:ruleNode>
    <table:definitionNodeSubtreeArc xlink:type="arc" xlink:arcrole="http://xbrl.org/arcrole/PWD/2013-05-17/definition-node-subtree" xlink:from="eba_c19629" xlink:to="eba_c19631" order="2" />
    <table:ruleNode xlink:type="resource" xlink:label="eba_c19632" id="eba_c19632">
      <formula:concept>
        <formula:qname>eba_met:mi76</formula:qname>
      </formula:concept>
      <formula:explicitDimension dimension="eba_dim:MCY">
        <formula:member>
          <formula:qname>eba_MC:x276</formula:qname>
        </formula:member>
      </formula:explicitDimension>
      <formula:explicitDimension dimension="eba_dim:OFS">
        <formula:member>
          <formula:qname>eba_OF:x1</formula:qname>
        </formula:member>
      </formula:explicitDimension>
    </table:ruleNode>
    <table:definitionNodeSubtreeArc xlink:type="arc" xlink:arcrole="http://xbrl.org/arcrole/PWD/2013-05-17/definition-node-subtree" xlink:from="eba_c19629" xlink:to="eba_c19632" order="3" />
    <table:ruleNode xlink:type="resource" xlink:label="eba_c19633" id="eba_c19633">
      <formula:concept>
        <formula:qname>eba_met:mi76</formula:qname>
      </formula:concept>
      <formula:explicitDimension dimension="eba_dim:MCY">
        <formula:member>
          <formula:qname>eba_MC:x184</formula:qname>
        </formula:member>
      </formula:explicitDimension>
      <formula:explicitDimension dimension="eba_dim:OFS">
        <formula:member>
          <formula:qname>eba_OF:x1</formula:qname>
        </formula:member>
      </formula:explicitDimension>
    </table:ruleNode>
    <table:definitionNodeSubtreeArc xlink:type="arc" xlink:arcrole="http://xbrl.org/arcrole/PWD/2013-05-17/definition-node-subtree" xlink:from="eba_c19629" xlink:to="eba_c19633" order="4" />
    <table:definitionNodeSubtreeArc xlink:type="arc" xlink:arcrole="http://xbrl.org/arcrole/PWD/2013-05-17/definition-node-subtree" xlink:from="eba_c19617" xlink:to="eba_c19629" order="3" />
    <table:definitionNodeSubtreeArc xlink:type="arc" xlink:arcrole="http://xbrl.org/arcrole/PWD/2013-05-17/definition-node-subtree" xlink:from="eba_a1.root" xlink:to="eba_c19617" order="3" />
    <table:ruleNode xlink:type="resource" xlink:label="eba_c19634" abstract="true" id="eba_c19634">
      <formula:explicitDimension dimension="eba_dim:BAS">
        <formula:member>
          <formula:qname>eba_BA:x17</formula:qname>
        </formula:member>
      </formula:explicitDimension>
      <formula:explicitDimension dimension="eba_dim:MCY">
        <formula:member>
          <formula:qname>eba_MC:x53</formula:qname>
        </formula:member>
      </formula:explicitDimension>
    </table:ruleNode>
    <table:ruleNode xlink:type="resource" xlink:label="eba_c19635" id="eba_c19635">
      <formula:concept>
        <formula:qname>eba_met:mi212</formula:qname>
      </formula:concept>
    </table:ruleNode>
    <table:ruleNode xlink:type="resource" xlink:label="eba_c19636" id="eba_c19636">
      <formula:concept>
        <formula:qname>eba_met:mi212</formula:qname>
      </formula:concept>
      <formula:explicitDimension dimension="eba_dim:MCY">
        <formula:member>
          <formula:qname>eba_MC:x41</formula:qname>
        </formula:member>
      </formula:explicitDimension>
    </table:ruleNode>
    <table:definitionNodeSubtreeArc xlink:type="arc" xlink:arcrole="http://xbrl.org/arcrole/PWD/2013-05-17/definition-node-subtree" xlink:from="eba_c19635" xlink:to="eba_c19636" order="1" />
    <table:ruleNode xlink:type="resource" xlink:label="eba_c19637" id="eba_c19637">
      <formula:concept>
        <formula:qname>eba_met:mi212</formula:qname>
      </formula:concept>
      <formula:explicitDimension dimension="eba_dim:MCY">
        <formula:member>
          <formula:qname>eba_MC:x324</formula:qname>
        </formula:member>
      </formula:explicitDimension>
    </table:ruleNode>
    <table:definitionNodeSubtreeArc xlink:type="arc" xlink:arcrole="http://xbrl.org/arcrole/PWD/2013-05-17/definition-node-subtree" xlink:from="eba_c19635" xlink:to="eba_c19637" order="2" />
    <table:ruleNode xlink:type="resource" xlink:label="eba_c19638" id="eba_c19638">
      <formula:concept>
        <formula:qname>eba_met:mi212</formula:qname>
      </formula:concept>
      <formula:explicitDimension dimension="eba_dim:MCY">
        <formula:member>
          <formula:qname>eba_MC:x407</formula:qname>
        </formula:member>
      </formula:explicitDimension>
    </table:ruleNode>
    <table:definitionNodeSubtreeArc xlink:type="arc" xlink:arcrole="http://xbrl.org/arcrole/PWD/2013-05-17/definition-node-subtree" xlink:from="eba_c19635" xlink:to="eba_c19638" order="3" />
    <table:ruleNode xlink:type="resource" xlink:label="eba_c19639" id="eba_c19639">
      <formula:concept>
        <formula:qname>eba_met:mi212</formula:qname>
      </formula:concept>
      <formula:explicitDimension dimension="eba_dim:MCY">
        <formula:member>
          <formula:qname>eba_MC:x326</formula:qname>
        </formula:member>
      </formula:explicitDimension>
    </table:ruleNode>
    <table:definitionNodeSubtreeArc xlink:type="arc" xlink:arcrole="http://xbrl.org/arcrole/PWD/2013-05-17/definition-node-subtree" xlink:from="eba_c19635" xlink:to="eba_c19639" order="4" />
    <table:ruleNode xlink:type="resource" xlink:label="eba_c19640" id="eba_c19640">
      <formula:concept>
        <formula:qname>eba_met:mi212</formula:qname>
      </formula:concept>
      <formula:explicitDimension dimension="eba_dim:MCY">
        <formula:member>
          <formula:qname>eba_MC:x505</formula:qname>
        </formula:member>
      </formula:explicitDimension>
    </table:ruleNode>
    <table:definitionNodeSubtreeArc xlink:type="arc" xlink:arcrole="http://xbrl.org/arcrole/PWD/2013-05-17/definition-node-subtree" xlink:from="eba_c19635" xlink:to="eba_c19640" order="5" />
    <table:ruleNode xlink:type="resource" xlink:label="eba_c19641" id="eba_c19641">
      <formula:concept>
        <formula:qname>eba_met:mi212</formula:qname>
      </formula:concept>
      <formula:explicitDimension dimension="eba_dim:MCY">
        <formula:member>
          <formula:qname>eba_MC:x506</formula:qname>
        </formula:member>
      </formula:explicitDimension>
    </table:ruleNode>
    <table:definitionNodeSubtreeArc xlink:type="arc" xlink:arcrole="http://xbrl.org/arcrole/PWD/2013-05-17/definition-node-subtree" xlink:from="eba_c19635" xlink:to="eba_c19641" order="6" />
    <table:ruleNode xlink:type="resource" xlink:label="eba_c19642" id="eba_c19642">
      <formula:concept>
        <formula:qname>eba_met:mi212</formula:qname>
      </formula:concept>
      <formula:explicitDimension dimension="eba_dim:MCY">
        <formula:member>
          <formula:qname>eba_MC:x507</formula:qname>
        </formula:member>
      </formula:explicitDimension>
    </table:ruleNode>
    <table:definitionNodeSubtreeArc xlink:type="arc" xlink:arcrole="http://xbrl.org/arcrole/PWD/2013-05-17/definition-node-subtree" xlink:from="eba_c19635" xlink:to="eba_c19642" order="7" />
    <table:definitionNodeSubtreeArc xlink:type="arc" xlink:arcrole="http://xbrl.org/arcrole/PWD/2013-05-17/definition-node-subtree" xlink:from="eba_c19634" xlink:to="eba_c19635" order="1" />
    <table:definitionNodeSubtreeArc xlink:type="arc" xlink:arcrole="http://xbrl.org/arcrole/PWD/2013-05-17/definition-node-subtree" xlink:from="eba_a1.root" xlink:to="eba_c19634" order="4" />
    <table:tableBreakdownArc xlink:type="arc" xlink:arcrole="http://xbrl.org/arcrole/PWD/2013-05-17/table-breakdown" xlink:from="eba_tC_06.00" xlink:to="eba_a1" axis="x" order="1" />
    <table:breakdown xlink:type="resource" xlink:label="eba_a2" parentChildOrder="parent-first" id="eba_a2" />
    <table:aspectNode xlink:type="resource" xlink:label="eba_a2.root" id="eba_a2.root">
      <table:dimensionAspect>eba_dim:LEC</table:dimensionAspect>
    </table:aspectNode>
    <table:breakdownTreeArc xlink:type="arc" xlink:arcrole="http://xbrl.org/arcrole/PWD/2013-05-17/breakdown-tree" xlink:from="eba_a2" xlink:to="eba_a2.root" order="0" />
    <table:tableBreakdownArc xlink:type="arc" xlink:arcrole="http://xbrl.org/arcrole/PWD/2013-05-17/table-breakdown" xlink:from="eba_tC_06.00" xlink:to="eba_a2" axis="y" order="2" />
  </gen:link>
</link:linkbase>