﻿<?xml version="1.0" encoding="utf-8"?>
<?taxonomy-version 2.0.0?>
<!--(C) EBA-->
<link:linkbase xmlns:xsi="http://www.w3.org/2001/XMLSchema-instance" xmlns:xlink="http://www.w3.org/1999/xlink" xmlns:link="http://www.xbrl.org/2003/linkbase" xsi:schemaLocation="http://www.xbrl.org/2003/linkbase http://www.xbrl.org/2003/xbrl-linkbase-2003-12-31.xsd">
  <link:labelLink xlink:type="extended" xlink:role="http://www.xbrl.org/2003/role/link">
    <link:loc xlink:type="locator" xlink:href="mem.xsd#eba_x0" xlink:label="loc_eba_x0" />
    <link:label xlink:type="resource" xlink:label="label_eba_x0" xml:lang="en" xlink:role="http://www.xbrl.org/2003/role/label">Not applicable/ All collateral pledges/ All guarantees</link:label>
    <link:labelArc xlink:type="arc" xlink:arcrole="http://www.xbrl.org/2003/arcrole/concept-label" xlink:from="loc_eba_x0" xlink:to="label_eba_x0" />
    <link:loc xlink:type="locator" xlink:href="mem.xsd#eba_x8" xlink:label="loc_eba_x8" />
    <link:label xlink:type="resource" xlink:label="label_eba_x8" xml:lang="en" xlink:role="http://www.xbrl.org/2003/role/label">Encumbered</link:label>
    <link:labelArc xlink:type="arc" xlink:arcrole="http://www.xbrl.org/2003/arcrole/concept-label" xlink:from="loc_eba_x8" xlink:to="label_eba_x8" />
    <link:loc xlink:type="locator" xlink:href="mem.xsd#eba_x9" xlink:label="loc_eba_x9" />
    <link:label xlink:type="resource" xlink:label="label_eba_x9" xml:lang="en" xlink:role="http://www.xbrl.org/2003/role/label">Non collateralized</link:label>
    <link:labelArc xlink:type="arc" xlink:arcrole="http://www.xbrl.org/2003/arcrole/concept-label" xlink:from="loc_eba_x9" xlink:to="label_eba_x9" />
    <link:loc xlink:type="locator" xlink:href="mem.xsd#eba_x12" xlink:label="loc_eba_x12" />
    <link:label xlink:type="resource" xlink:label="label_eba_x12" xml:lang="en" xlink:role="http://www.xbrl.org/2003/role/label">Unencumbered</link:label>
    <link:labelArc xlink:type="arc" xlink:arcrole="http://www.xbrl.org/2003/arcrole/concept-label" xlink:from="loc_eba_x12" xlink:to="label_eba_x12" />
    <link:loc xlink:type="locator" xlink:href="mem.xsd#eba_x16" xlink:label="loc_eba_x16" />
    <link:label xlink:type="resource" xlink:label="label_eba_x16" xml:lang="en" xlink:role="http://www.xbrl.org/2003/role/label">Non collateralized by qualifying liquid assets under Art. 416 CRR</link:label>
    <link:labelArc xlink:type="arc" xlink:arcrole="http://www.xbrl.org/2003/arcrole/concept-label" xlink:from="loc_eba_x16" xlink:to="label_eba_x16" />
    <link:loc xlink:type="locator" xlink:href="mem.xsd#eba_x17" xlink:label="loc_eba_x17" />
    <link:label xlink:type="resource" xlink:label="label_eba_x17" xml:lang="en" xlink:role="http://www.xbrl.org/2003/role/label">Non covered by a Deposit Guarantee Scheme or assimilated</link:label>
    <link:labelArc xlink:type="arc" xlink:arcrole="http://www.xbrl.org/2003/arcrole/concept-label" xlink:from="loc_eba_x17" xlink:to="label_eba_x17" />
    <link:loc xlink:type="locator" xlink:href="mem.xsd#eba_x18" xlink:label="loc_eba_x18" />
    <link:label xlink:type="resource" xlink:label="label_eba_x18" xml:lang="en" xlink:role="http://www.xbrl.org/2003/role/label">Non collateralized and unguaranteed</link:label>
    <link:labelArc xlink:type="arc" xlink:arcrole="http://www.xbrl.org/2003/arcrole/concept-label" xlink:from="loc_eba_x18" xlink:to="label_eba_x18" />
    <link:loc xlink:type="locator" xlink:href="mem.xsd#eba_x19" xlink:label="loc_eba_x19" />
    <link:label xlink:type="resource" xlink:label="label_eba_x19" xml:lang="en" xlink:role="http://www.xbrl.org/2003/role/label">Not collateralized but guaranteed</link:label>
    <link:labelArc xlink:type="arc" xlink:arcrole="http://www.xbrl.org/2003/arcrole/concept-label" xlink:from="loc_eba_x19" xlink:to="label_eba_x19" />
    <link:loc xlink:type="locator" xlink:href="mem.xsd#eba_x20" xlink:label="loc_eba_x20" />
    <link:label xlink:type="resource" xlink:label="label_eba_x20" xml:lang="en" xlink:role="http://www.xbrl.org/2003/role/label">Guaranteed</link:label>
    <link:labelArc xlink:type="arc" xlink:arcrole="http://www.xbrl.org/2003/arcrole/concept-label" xlink:from="loc_eba_x20" xlink:to="label_eba_x20" />
  </link:labelLink>
</link:linkbase>