﻿<?xml version="1.0" encoding="utf-8"?>
<?taxonomy-version 2.0.0?>
<!--(C) EBA-->
<link:linkbase xmlns:xsi="http://www.w3.org/2001/XMLSchema-instance" xmlns:xlink="http://www.w3.org/1999/xlink" xmlns:link="http://www.xbrl.org/2003/linkbase" xmlns:gen="http://xbrl.org/2008/generic" xmlns:label="http://xbrl.org/2008/label" xsi:schemaLocation="http://www.xbrl.org/2003/linkbase http://www.xbrl.org/2003/xbrl-linkbase-2003-12-31.xsd http://xbrl.org/2008/generic http://www.xbrl.org/2008/generic-link.xsd http://xbrl.org/2008/label http://www.xbrl.org/2008/generic-label.xsd">
  <link:arcroleRef arcroleURI="http://xbrl.org/arcrole/2008/element-label" xlink:type="simple" xlink:href="http://www.xbrl.org/2008/generic-label.xsd#element-label" />
  <link:roleRef roleURI="http://www.eba.europa.eu/xbrl/role/dpm-db-id" xlink:type="simple" xlink:href="http://www.eba.europa.eu/eu/fr/xbrl/ext/model.xsd#dpm-db-id" />
  <gen:link xlink:type="extended" xlink:role="http://www.xbrl.org/2003/role/link">
    <link:loc xlink:type="locator" xlink:href="hier.xsd#eba_PL11" xlink:label="loc_eba_PL11" />
    <label:label xlink:type="resource" xlink:label="label_eba_PL11" xml:lang="en" xlink:role="http://www.eba.europa.eu/xbrl/role/dpm-db-id">5575</label:label>
    <gen:arc xlink:type="arc" xlink:arcrole="http://xbrl.org/arcrole/2008/element-label" xlink:from="loc_eba_PL11" xlink:to="label_eba_PL11" />
    <link:loc xlink:type="locator" xlink:href="hier.xsd#eba_PL2" xlink:label="loc_eba_PL2" />
    <label:label xlink:type="resource" xlink:label="label_eba_PL2" xml:lang="en" xlink:role="http://www.eba.europa.eu/xbrl/role/dpm-db-id">5595</label:label>
    <gen:arc xlink:type="arc" xlink:arcrole="http://xbrl.org/arcrole/2008/element-label" xlink:from="loc_eba_PL2" xlink:to="label_eba_PL2" />
    <link:loc xlink:type="locator" xlink:href="hier.xsd#eba_PL20" xlink:label="loc_eba_PL20" />
    <label:label xlink:type="resource" xlink:label="label_eba_PL20" xml:lang="en" xlink:role="http://www.eba.europa.eu/xbrl/role/dpm-db-id">5615</label:label>
    <gen:arc xlink:type="arc" xlink:arcrole="http://xbrl.org/arcrole/2008/element-label" xlink:from="loc_eba_PL20" xlink:to="label_eba_PL20" />
    <link:loc xlink:type="locator" xlink:href="hier.xsd#eba_PL21" xlink:label="loc_eba_PL21" />
    <label:label xlink:type="resource" xlink:label="label_eba_PL21" xml:lang="en" xlink:role="http://www.eba.europa.eu/xbrl/role/dpm-db-id">5660</label:label>
    <gen:arc xlink:type="arc" xlink:arcrole="http://xbrl.org/arcrole/2008/element-label" xlink:from="loc_eba_PL21" xlink:to="label_eba_PL21" />
    <link:loc xlink:type="locator" xlink:href="hier.xsd#eba_PL25" xlink:label="loc_eba_PL25" />
    <label:label xlink:type="resource" xlink:label="label_eba_PL25" xml:lang="en" xlink:role="http://www.eba.europa.eu/xbrl/role/dpm-db-id">5695</label:label>
    <gen:arc xlink:type="arc" xlink:arcrole="http://xbrl.org/arcrole/2008/element-label" xlink:from="loc_eba_PL25" xlink:to="label_eba_PL25" />
    <link:loc xlink:type="locator" xlink:href="hier.xsd#eba_PL26" xlink:label="loc_eba_PL26" />
    <label:label xlink:type="resource" xlink:label="label_eba_PL26" xml:lang="en" xlink:role="http://www.eba.europa.eu/xbrl/role/dpm-db-id">5725</label:label>
    <gen:arc xlink:type="arc" xlink:arcrole="http://xbrl.org/arcrole/2008/element-label" xlink:from="loc_eba_PL26" xlink:to="label_eba_PL26" />
    <link:loc xlink:type="locator" xlink:href="hier.xsd#eba_PL27" xlink:label="loc_eba_PL27" />
    <label:label xlink:type="resource" xlink:label="label_eba_PL27" xml:lang="en" xlink:role="http://www.eba.europa.eu/xbrl/role/dpm-db-id">5745</label:label>
    <gen:arc xlink:type="arc" xlink:arcrole="http://xbrl.org/arcrole/2008/element-label" xlink:from="loc_eba_PL27" xlink:to="label_eba_PL27" />
    <link:loc xlink:type="locator" xlink:href="hier.xsd#eba_PL43" xlink:label="loc_eba_PL43" />
    <label:label xlink:type="resource" xlink:label="label_eba_PL43" xml:lang="en" xlink:role="http://www.eba.europa.eu/xbrl/role/dpm-db-id">5780</label:label>
    <gen:arc xlink:type="arc" xlink:arcrole="http://xbrl.org/arcrole/2008/element-label" xlink:from="loc_eba_PL43" xlink:to="label_eba_PL43" />
    <link:loc xlink:type="locator" xlink:href="hier.xsd#eba_PL5" xlink:label="loc_eba_PL5" />
    <label:label xlink:type="resource" xlink:label="label_eba_PL5" xml:lang="en" xlink:role="http://www.eba.europa.eu/xbrl/role/dpm-db-id">5840</label:label>
    <gen:arc xlink:type="arc" xlink:arcrole="http://xbrl.org/arcrole/2008/element-label" xlink:from="loc_eba_PL5" xlink:to="label_eba_PL5" />
    <link:loc xlink:type="locator" xlink:href="hier.xsd#eba_PL50" xlink:label="loc_eba_PL50" />
    <label:label xlink:type="resource" xlink:label="label_eba_PL50" xml:lang="en" xlink:role="http://www.eba.europa.eu/xbrl/role/dpm-db-id">5860</label:label>
    <gen:arc xlink:type="arc" xlink:arcrole="http://xbrl.org/arcrole/2008/element-label" xlink:from="loc_eba_PL50" xlink:to="label_eba_PL50" />
    <link:loc xlink:type="locator" xlink:href="hier.xsd#eba_PL51" xlink:label="loc_eba_PL51" />
    <label:label xlink:type="resource" xlink:label="label_eba_PL51" xml:lang="en" xlink:role="http://www.eba.europa.eu/xbrl/role/dpm-db-id">5905</label:label>
    <gen:arc xlink:type="arc" xlink:arcrole="http://xbrl.org/arcrole/2008/element-label" xlink:from="loc_eba_PL51" xlink:to="label_eba_PL51" />
    <link:loc xlink:type="locator" xlink:href="hier.xsd#eba_PL54" xlink:label="loc_eba_PL54" />
    <label:label xlink:type="resource" xlink:label="label_eba_PL54" xml:lang="en" xlink:role="http://www.eba.europa.eu/xbrl/role/dpm-db-id">5930</label:label>
    <gen:arc xlink:type="arc" xlink:arcrole="http://xbrl.org/arcrole/2008/element-label" xlink:from="loc_eba_PL54" xlink:to="label_eba_PL54" />
    <link:loc xlink:type="locator" xlink:href="hier.xsd#eba_PL60" xlink:label="loc_eba_PL60" />
    <label:label xlink:type="resource" xlink:label="label_eba_PL60" xml:lang="en" xlink:role="http://www.eba.europa.eu/xbrl/role/dpm-db-id">6005</label:label>
    <gen:arc xlink:type="arc" xlink:arcrole="http://xbrl.org/arcrole/2008/element-label" xlink:from="loc_eba_PL60" xlink:to="label_eba_PL60" />
    <link:loc xlink:type="locator" xlink:href="hier.xsd#eba_PL71" xlink:label="loc_eba_PL71" />
    <label:label xlink:type="resource" xlink:label="label_eba_PL71" xml:lang="en" xlink:role="http://www.eba.europa.eu/xbrl/role/dpm-db-id">6050</label:label>
    <gen:arc xlink:type="arc" xlink:arcrole="http://xbrl.org/arcrole/2008/element-label" xlink:from="loc_eba_PL71" xlink:to="label_eba_PL71" />
    <link:loc xlink:type="locator" xlink:href="hier.xsd#eba_PL75" xlink:label="loc_eba_PL75" />
    <label:label xlink:type="resource" xlink:label="label_eba_PL75" xml:lang="en" xlink:role="http://www.eba.europa.eu/xbrl/role/dpm-db-id">6070</label:label>
    <gen:arc xlink:type="arc" xlink:arcrole="http://xbrl.org/arcrole/2008/element-label" xlink:from="loc_eba_PL75" xlink:to="label_eba_PL75" />
    <link:loc xlink:type="locator" xlink:href="hier.xsd#eba_PL76" xlink:label="loc_eba_PL76" />
    <label:label xlink:type="resource" xlink:label="label_eba_PL76" xml:lang="en" xlink:role="http://www.eba.europa.eu/xbrl/role/dpm-db-id">6090</label:label>
    <gen:arc xlink:type="arc" xlink:arcrole="http://xbrl.org/arcrole/2008/element-label" xlink:from="loc_eba_PL76" xlink:to="label_eba_PL76" />
    <link:loc xlink:type="locator" xlink:href="hier.xsd#eba_PL82" xlink:label="loc_eba_PL82" />
    <label:label xlink:type="resource" xlink:label="label_eba_PL82" xml:lang="en" xlink:role="http://www.eba.europa.eu/xbrl/role/dpm-db-id">6110</label:label>
    <gen:arc xlink:type="arc" xlink:arcrole="http://xbrl.org/arcrole/2008/element-label" xlink:from="loc_eba_PL82" xlink:to="label_eba_PL82" />
    <link:loc xlink:type="locator" xlink:href="hier.xsd#eba_PL86" xlink:label="loc_eba_PL86" />
    <label:label xlink:type="resource" xlink:label="label_eba_PL86" xml:lang="en" xlink:role="http://www.eba.europa.eu/xbrl/role/dpm-db-id">6125</label:label>
    <gen:arc xlink:type="arc" xlink:arcrole="http://xbrl.org/arcrole/2008/element-label" xlink:from="loc_eba_PL86" xlink:to="label_eba_PL86" />
    <link:loc xlink:type="locator" xlink:href="hier.xsd#eba_PL91" xlink:label="loc_eba_PL91" />
    <label:label xlink:type="resource" xlink:label="label_eba_PL91" xml:lang="en" xlink:role="http://www.eba.europa.eu/xbrl/role/dpm-db-id">6145</label:label>
    <gen:arc xlink:type="arc" xlink:arcrole="http://xbrl.org/arcrole/2008/element-label" xlink:from="loc_eba_PL91" xlink:to="label_eba_PL91" />
    <link:loc xlink:type="locator" xlink:href="hier.xsd#eba_PL96" xlink:label="loc_eba_PL96" />
    <label:label xlink:type="resource" xlink:label="label_eba_PL96" xml:lang="en" xlink:role="http://www.eba.europa.eu/xbrl/role/dpm-db-id">6180</label:label>
    <gen:arc xlink:type="arc" xlink:arcrole="http://xbrl.org/arcrole/2008/element-label" xlink:from="loc_eba_PL96" xlink:to="label_eba_PL96" />
    <link:loc xlink:type="locator" xlink:href="hier.xsd#eba_PL97" xlink:label="loc_eba_PL97" />
    <label:label xlink:type="resource" xlink:label="label_eba_PL97" xml:lang="en" xlink:role="http://www.eba.europa.eu/xbrl/role/dpm-db-id">6200</label:label>
    <gen:arc xlink:type="arc" xlink:arcrole="http://xbrl.org/arcrole/2008/element-label" xlink:from="loc_eba_PL97" xlink:to="label_eba_PL97" />
    <link:loc xlink:type="locator" xlink:href="hier.xsd#eba_PL98" xlink:label="loc_eba_PL98" />
    <label:label xlink:type="resource" xlink:label="label_eba_PL98" xml:lang="en" xlink:role="http://www.eba.europa.eu/xbrl/role/dpm-db-id">6220</label:label>
    <gen:arc xlink:type="arc" xlink:arcrole="http://xbrl.org/arcrole/2008/element-label" xlink:from="loc_eba_PL98" xlink:to="label_eba_PL98" />
    <link:loc xlink:type="locator" xlink:href="hier.xsd#eba_PL99" xlink:label="loc_eba_PL99" />
    <label:label xlink:type="resource" xlink:label="label_eba_PL99" xml:lang="en" xlink:role="http://www.eba.europa.eu/xbrl/role/dpm-db-id">6240</label:label>
    <gen:arc xlink:type="arc" xlink:arcrole="http://xbrl.org/arcrole/2008/element-label" xlink:from="loc_eba_PL99" xlink:to="label_eba_PL99" />
  </gen:link>
</link:linkbase>