﻿<?xml version="1.0" encoding="utf-8"?>
<?taxonomy-version 2.0.0?>
<!--(C) EBA-->
<link:linkbase xmlns:xsi="http://www.w3.org/2001/XMLSchema-instance" xmlns:xlink="http://www.w3.org/1999/xlink" xmlns:link="http://www.xbrl.org/2003/linkbase" xsi:schemaLocation="http://www.xbrl.org/2003/linkbase http://www.xbrl.org/2003/xbrl-linkbase-2003-12-31.xsd">
  <link:labelLink xlink:type="extended" xlink:role="http://www.xbrl.org/2003/role/link">
    <link:loc xlink:type="locator" xlink:href="mem.xsd#eba_x73" xlink:label="loc_eba_x73" />
    <link:label xlink:type="resource" xlink:label="label_eba_x73" xml:lang="en" xlink:role="http://www.xbrl.org/2003/role/label">Accounting portfolios for financial assets other than classified as held for sale</link:label>
    <link:labelArc xlink:type="arc" xlink:arcrole="http://www.xbrl.org/2003/arcrole/concept-label" xlink:from="loc_eba_x73" xlink:to="label_eba_x73" />
    <link:loc xlink:type="locator" xlink:href="mem.xsd#eba_x74" xlink:label="loc_eba_x74" />
    <link:label xlink:type="resource" xlink:label="label_eba_x74" xml:lang="en" xlink:role="http://www.xbrl.org/2003/role/label">Accounting portfolios for financial liabilities other than classified as held for sale</link:label>
    <link:labelArc xlink:type="arc" xlink:arcrole="http://www.xbrl.org/2003/arcrole/concept-label" xlink:from="loc_eba_x74" xlink:to="label_eba_x74" />
    <link:loc xlink:type="locator" xlink:href="mem.xsd#eba_x1" xlink:label="loc_eba_x1" />
    <link:label xlink:type="resource" xlink:label="label_eba_x1" xml:lang="en" xlink:role="http://www.xbrl.org/2003/role/label">Accounting portfolios for debt instruments subject to impairment</link:label>
    <link:labelArc xlink:type="arc" xlink:arcrole="http://www.xbrl.org/2003/arcrole/concept-label" xlink:from="loc_eba_x1" xlink:to="label_eba_x1" />
    <link:loc xlink:type="locator" xlink:href="mem.xsd#eba_x2" xlink:label="loc_eba_x2" />
    <link:label xlink:type="resource" xlink:label="label_eba_x2" xml:lang="en" xlink:role="http://www.xbrl.org/2003/role/label">Accounting portfolios for equity instruments subject to impairment</link:label>
    <link:labelArc xlink:type="arc" xlink:arcrole="http://www.xbrl.org/2003/arcrole/concept-label" xlink:from="loc_eba_x2" xlink:to="label_eba_x2" />
    <link:loc xlink:type="locator" xlink:href="mem.xsd#eba_x3" xlink:label="loc_eba_x3" />
    <link:label xlink:type="resource" xlink:label="label_eba_x3" xml:lang="en" xlink:role="http://www.xbrl.org/2003/role/label">Accounting portfolios for financial assets non-subject to impairment</link:label>
    <link:labelArc xlink:type="arc" xlink:arcrole="http://www.xbrl.org/2003/arcrole/concept-label" xlink:from="loc_eba_x3" xlink:to="label_eba_x3" />
    <link:loc xlink:type="locator" xlink:href="mem.xsd#eba_x4" xlink:label="loc_eba_x4" />
    <link:label xlink:type="resource" xlink:label="label_eba_x4" xml:lang="en" xlink:role="http://www.xbrl.org/2003/role/label">Accounting portfolios for financial assets subject to impairment</link:label>
    <link:labelArc xlink:type="arc" xlink:arcrole="http://www.xbrl.org/2003/arcrole/concept-label" xlink:from="loc_eba_x4" xlink:to="label_eba_x4" />
    <link:loc xlink:type="locator" xlink:href="mem.xsd#eba_x5" xlink:label="loc_eba_x5" />
    <link:label xlink:type="resource" xlink:label="label_eba_x5" xml:lang="en" xlink:role="http://www.xbrl.org/2003/role/label">Accounting portfolios for trading financial instruments</link:label>
    <link:labelArc xlink:type="arc" xlink:arcrole="http://www.xbrl.org/2003/arcrole/concept-label" xlink:from="loc_eba_x5" xlink:to="label_eba_x5" />
    <link:loc xlink:type="locator" xlink:href="mem.xsd#eba_x6" xlink:label="loc_eba_x6" />
    <link:label xlink:type="resource" xlink:label="label_eba_x6" xml:lang="en" xlink:role="http://www.xbrl.org/2003/role/label">Accounting portfolios not measured at fair value through profit or loss for financial instruments</link:label>
    <link:labelArc xlink:type="arc" xlink:arcrole="http://www.xbrl.org/2003/arcrole/concept-label" xlink:from="loc_eba_x6" xlink:to="label_eba_x6" />
    <link:loc xlink:type="locator" xlink:href="mem.xsd#eba_x7" xlink:label="loc_eba_x7" />
    <link:label xlink:type="resource" xlink:label="label_eba_x7" xml:lang="en" xlink:role="http://www.xbrl.org/2003/role/label">Available-for-sale financial assets</link:label>
    <link:labelArc xlink:type="arc" xlink:arcrole="http://www.xbrl.org/2003/arcrole/concept-label" xlink:from="loc_eba_x7" xlink:to="label_eba_x7" />
    <link:loc xlink:type="locator" xlink:href="mem.xsd#eba_x8" xlink:label="loc_eba_x8" />
    <link:label xlink:type="resource" xlink:label="label_eba_x8" xml:lang="en" xlink:role="http://www.xbrl.org/2003/role/label">Available-for-sale financial assets. At cost</link:label>
    <link:labelArc xlink:type="arc" xlink:arcrole="http://www.xbrl.org/2003/arcrole/concept-label" xlink:from="loc_eba_x8" xlink:to="label_eba_x8" />
    <link:loc xlink:type="locator" xlink:href="mem.xsd#eba_x9" xlink:label="loc_eba_x9" />
    <link:label xlink:type="resource" xlink:label="label_eba_x9" xml:lang="en" xlink:role="http://www.xbrl.org/2003/role/label">Available-for-sale financial assets. At fair value</link:label>
    <link:labelArc xlink:type="arc" xlink:arcrole="http://www.xbrl.org/2003/arcrole/concept-label" xlink:from="loc_eba_x9" xlink:to="label_eba_x9" />
    <link:loc xlink:type="locator" xlink:href="mem.xsd#eba_x10" xlink:label="loc_eba_x10" />
    <link:label xlink:type="resource" xlink:label="label_eba_x10" xml:lang="en" xlink:role="http://www.xbrl.org/2003/role/label">Banking and trading book</link:label>
    <link:labelArc xlink:type="arc" xlink:arcrole="http://www.xbrl.org/2003/arcrole/concept-label" xlink:from="loc_eba_x10" xlink:to="label_eba_x10" />
    <link:loc xlink:type="locator" xlink:href="mem.xsd#eba_x11" xlink:label="loc_eba_x11" />
    <link:label xlink:type="resource" xlink:label="label_eba_x11" xml:lang="en" xlink:role="http://www.xbrl.org/2003/role/label">Banking book</link:label>
    <link:labelArc xlink:type="arc" xlink:arcrole="http://www.xbrl.org/2003/arcrole/concept-label" xlink:from="loc_eba_x11" xlink:to="label_eba_x11" />
    <link:label xlink:type="resource" xlink:label="label_eba_x11_1" xml:lang="en" xlink:role="http://www.xbrl.org/2003/role/documentation">CRR 4 ¶86</link:label>
    <link:labelArc xlink:type="arc" xlink:arcrole="http://www.xbrl.org/2003/arcrole/concept-label" xlink:from="loc_eba_x11" xlink:to="label_eba_x11_1" />
    <link:loc xlink:type="locator" xlink:href="mem.xsd#eba_x12" xlink:label="loc_eba_x12" />
    <link:label xlink:type="resource" xlink:label="label_eba_x12" xml:lang="en" xlink:role="http://www.xbrl.org/2003/role/label">Cash and cash balances at central banks</link:label>
    <link:labelArc xlink:type="arc" xlink:arcrole="http://www.xbrl.org/2003/arcrole/concept-label" xlink:from="loc_eba_x12" xlink:to="label_eba_x12" />
    <link:loc xlink:type="locator" xlink:href="mem.xsd#eba_x13" xlink:label="loc_eba_x13" />
    <link:label xlink:type="resource" xlink:label="label_eba_x13" xml:lang="en" xlink:role="http://www.xbrl.org/2003/role/label">Classified as held for sale</link:label>
    <link:labelArc xlink:type="arc" xlink:arcrole="http://www.xbrl.org/2003/arcrole/concept-label" xlink:from="loc_eba_x13" xlink:to="label_eba_x13" />
    <link:loc xlink:type="locator" xlink:href="mem.xsd#eba_x14" xlink:label="loc_eba_x14" />
    <link:label xlink:type="resource" xlink:label="label_eba_x14" xml:lang="en" xlink:role="http://www.xbrl.org/2003/role/label">Financial assets designated at fair value through profit or loss</link:label>
    <link:labelArc xlink:type="arc" xlink:arcrole="http://www.xbrl.org/2003/arcrole/concept-label" xlink:from="loc_eba_x14" xlink:to="label_eba_x14" />
    <link:loc xlink:type="locator" xlink:href="mem.xsd#eba_x15" xlink:label="loc_eba_x15" />
    <link:label xlink:type="resource" xlink:label="label_eba_x15" xml:lang="en" xlink:role="http://www.xbrl.org/2003/role/label">Financial assets designated at fair value through profit or loss, Financial liabilities designated at fair value through profit or loss</link:label>
    <link:labelArc xlink:type="arc" xlink:arcrole="http://www.xbrl.org/2003/arcrole/concept-label" xlink:from="loc_eba_x15" xlink:to="label_eba_x15" />
    <link:loc xlink:type="locator" xlink:href="mem.xsd#eba_x16" xlink:label="loc_eba_x16" />
    <link:label xlink:type="resource" xlink:label="label_eba_x16" xml:lang="en" xlink:role="http://www.xbrl.org/2003/role/label">Financial assets designated at fair value through profit or loss. Accounting mismatch, Financial liabilities designated at fair value through profit or loss. Accounting mismatch</link:label>
    <link:labelArc xlink:type="arc" xlink:arcrole="http://www.xbrl.org/2003/arcrole/concept-label" xlink:from="loc_eba_x16" xlink:to="label_eba_x16" />
    <link:loc xlink:type="locator" xlink:href="mem.xsd#eba_x17" xlink:label="loc_eba_x17" />
    <link:label xlink:type="resource" xlink:label="label_eba_x17" xml:lang="en" xlink:role="http://www.xbrl.org/2003/role/label">Financial assets designated at fair value through profit or loss. At cost</link:label>
    <link:labelArc xlink:type="arc" xlink:arcrole="http://www.xbrl.org/2003/arcrole/concept-label" xlink:from="loc_eba_x17" xlink:to="label_eba_x17" />
    <link:loc xlink:type="locator" xlink:href="mem.xsd#eba_x18" xlink:label="loc_eba_x18" />
    <link:label xlink:type="resource" xlink:label="label_eba_x18" xml:lang="en" xlink:role="http://www.xbrl.org/2003/role/label">Financial assets designated at fair value through profit or loss. Evaluation on a fair value basis, Financial liabilities designated at fair value through profit or loss. Evaluation on a fair value basis</link:label>
    <link:labelArc xlink:type="arc" xlink:arcrole="http://www.xbrl.org/2003/arcrole/concept-label" xlink:from="loc_eba_x18" xlink:to="label_eba_x18" />
    <link:loc xlink:type="locator" xlink:href="mem.xsd#eba_x19" xlink:label="loc_eba_x19" />
    <link:label xlink:type="resource" xlink:label="label_eba_x19" xml:lang="en" xlink:role="http://www.xbrl.org/2003/role/label">Financial assets designated at fair value through profit or loss. Hybrid contracts designated, Financial liabilities designated at fair value through profit or loss. Hybrid contracts designated</link:label>
    <link:labelArc xlink:type="arc" xlink:arcrole="http://www.xbrl.org/2003/arcrole/concept-label" xlink:from="loc_eba_x19" xlink:to="label_eba_x19" />
    <link:loc xlink:type="locator" xlink:href="mem.xsd#eba_x20" xlink:label="loc_eba_x20" />
    <link:label xlink:type="resource" xlink:label="label_eba_x20" xml:lang="en" xlink:role="http://www.xbrl.org/2003/role/label">Financial assets held for trading</link:label>
    <link:labelArc xlink:type="arc" xlink:arcrole="http://www.xbrl.org/2003/arcrole/concept-label" xlink:from="loc_eba_x20" xlink:to="label_eba_x20" />
    <link:loc xlink:type="locator" xlink:href="mem.xsd#eba_x22" xlink:label="loc_eba_x22" />
    <link:label xlink:type="resource" xlink:label="label_eba_x22" xml:lang="en" xlink:role="http://www.xbrl.org/2003/role/label">Financial assets held for trading. At cost</link:label>
    <link:labelArc xlink:type="arc" xlink:arcrole="http://www.xbrl.org/2003/arcrole/concept-label" xlink:from="loc_eba_x22" xlink:to="label_eba_x22" />
    <link:loc xlink:type="locator" xlink:href="mem.xsd#eba_x23" xlink:label="loc_eba_x23" />
    <link:label xlink:type="resource" xlink:label="label_eba_x23" xml:lang="en" xlink:role="http://www.xbrl.org/2003/role/label">Financial assets held for trading. At cost, Financial assets designated at fair value through profit or loss. At cost, Available-for-sale financial assets. At cost</link:label>
    <link:labelArc xlink:type="arc" xlink:arcrole="http://www.xbrl.org/2003/arcrole/concept-label" xlink:from="loc_eba_x23" xlink:to="label_eba_x23" />
    <link:loc xlink:type="locator" xlink:href="mem.xsd#eba_x24" xlink:label="loc_eba_x24" />
    <link:label xlink:type="resource" xlink:label="label_eba_x24" xml:lang="en" xlink:role="http://www.xbrl.org/2003/role/label">Financial assets held for trading. Economic hedges, Financial liabilities held for trading. Economic hedges</link:label>
    <link:labelArc xlink:type="arc" xlink:arcrole="http://www.xbrl.org/2003/arcrole/concept-label" xlink:from="loc_eba_x24" xlink:to="label_eba_x24" />
    <link:loc xlink:type="locator" xlink:href="mem.xsd#eba_x25" xlink:label="loc_eba_x25" />
    <link:label xlink:type="resource" xlink:label="label_eba_x25" xml:lang="en" xlink:role="http://www.xbrl.org/2003/role/label">Financial liabilities designated at fair value through profit or loss</link:label>
    <link:labelArc xlink:type="arc" xlink:arcrole="http://www.xbrl.org/2003/arcrole/concept-label" xlink:from="loc_eba_x25" xlink:to="label_eba_x25" />
    <link:loc xlink:type="locator" xlink:href="mem.xsd#eba_x26" xlink:label="loc_eba_x26" />
    <link:label xlink:type="resource" xlink:label="label_eba_x26" xml:lang="en" xlink:role="http://www.xbrl.org/2003/role/label">Financial liabilities held for trading</link:label>
    <link:labelArc xlink:type="arc" xlink:arcrole="http://www.xbrl.org/2003/arcrole/concept-label" xlink:from="loc_eba_x26" xlink:to="label_eba_x26" />
    <link:loc xlink:type="locator" xlink:href="mem.xsd#eba_x27" xlink:label="loc_eba_x27" />
    <link:label xlink:type="resource" xlink:label="label_eba_x27" xml:lang="en" xlink:role="http://www.xbrl.org/2003/role/label">Financial liabilities measured at amortised cost</link:label>
    <link:labelArc xlink:type="arc" xlink:arcrole="http://www.xbrl.org/2003/arcrole/concept-label" xlink:from="loc_eba_x27" xlink:to="label_eba_x27" />
    <link:loc xlink:type="locator" xlink:href="mem.xsd#eba_x28" xlink:label="loc_eba_x28" />
    <link:label xlink:type="resource" xlink:label="label_eba_x28" xml:lang="en" xlink:role="http://www.xbrl.org/2003/role/label">Hedge accounting</link:label>
    <link:labelArc xlink:type="arc" xlink:arcrole="http://www.xbrl.org/2003/arcrole/concept-label" xlink:from="loc_eba_x28" xlink:to="label_eba_x28" />
    <link:loc xlink:type="locator" xlink:href="mem.xsd#eba_x29" xlink:label="loc_eba_x29" />
    <link:label xlink:type="resource" xlink:label="label_eba_x29" xml:lang="en" xlink:role="http://www.xbrl.org/2003/role/label">Hedge accounting. Cash flow hedges</link:label>
    <link:labelArc xlink:type="arc" xlink:arcrole="http://www.xbrl.org/2003/arcrole/concept-label" xlink:from="loc_eba_x29" xlink:to="label_eba_x29" />
    <link:loc xlink:type="locator" xlink:href="mem.xsd#eba_x30" xlink:label="loc_eba_x30" />
    <link:label xlink:type="resource" xlink:label="label_eba_x30" xml:lang="en" xlink:role="http://www.xbrl.org/2003/role/label">Hedge accounting. Fair value hedges</link:label>
    <link:labelArc xlink:type="arc" xlink:arcrole="http://www.xbrl.org/2003/arcrole/concept-label" xlink:from="loc_eba_x30" xlink:to="label_eba_x30" />
    <link:loc xlink:type="locator" xlink:href="mem.xsd#eba_x31" xlink:label="loc_eba_x31" />
    <link:label xlink:type="resource" xlink:label="label_eba_x31" xml:lang="en" xlink:role="http://www.xbrl.org/2003/role/label">Hedge accounting. Hedges of net investments in foreign operations</link:label>
    <link:labelArc xlink:type="arc" xlink:arcrole="http://www.xbrl.org/2003/arcrole/concept-label" xlink:from="loc_eba_x31" xlink:to="label_eba_x31" />
    <link:loc xlink:type="locator" xlink:href="mem.xsd#eba_x32" xlink:label="loc_eba_x32" />
    <link:label xlink:type="resource" xlink:label="label_eba_x32" xml:lang="en" xlink:role="http://www.xbrl.org/2003/role/label">Hedge accounting. Interest rate risk</link:label>
    <link:labelArc xlink:type="arc" xlink:arcrole="http://www.xbrl.org/2003/arcrole/concept-label" xlink:from="loc_eba_x32" xlink:to="label_eba_x32" />
    <link:loc xlink:type="locator" xlink:href="mem.xsd#eba_x33" xlink:label="loc_eba_x33" />
    <link:label xlink:type="resource" xlink:label="label_eba_x33" xml:lang="en" xlink:role="http://www.xbrl.org/2003/role/label">Hedge accounting. Portfolio Cash flow hedges of interest rate risk</link:label>
    <link:labelArc xlink:type="arc" xlink:arcrole="http://www.xbrl.org/2003/arcrole/concept-label" xlink:from="loc_eba_x33" xlink:to="label_eba_x33" />
    <link:loc xlink:type="locator" xlink:href="mem.xsd#eba_x34" xlink:label="loc_eba_x34" />
    <link:label xlink:type="resource" xlink:label="label_eba_x34" xml:lang="en" xlink:role="http://www.xbrl.org/2003/role/label">Hedge accounting. Portfolio Fair value hedges of interest rate risk</link:label>
    <link:labelArc xlink:type="arc" xlink:arcrole="http://www.xbrl.org/2003/arcrole/concept-label" xlink:from="loc_eba_x34" xlink:to="label_eba_x34" />
    <link:loc xlink:type="locator" xlink:href="mem.xsd#eba_x35" xlink:label="loc_eba_x35" />
    <link:label xlink:type="resource" xlink:label="label_eba_x35" xml:lang="en" xlink:role="http://www.xbrl.org/2003/role/label">Held-to-maturity investments</link:label>
    <link:labelArc xlink:type="arc" xlink:arcrole="http://www.xbrl.org/2003/arcrole/concept-label" xlink:from="loc_eba_x35" xlink:to="label_eba_x35" />
    <link:loc xlink:type="locator" xlink:href="mem.xsd#eba_x36" xlink:label="loc_eba_x36" />
    <link:label xlink:type="resource" xlink:label="label_eba_x36" xml:lang="en" xlink:role="http://www.xbrl.org/2003/role/label">Investment not significant</link:label>
    <link:labelArc xlink:type="arc" xlink:arcrole="http://www.xbrl.org/2003/arcrole/concept-label" xlink:from="loc_eba_x36" xlink:to="label_eba_x36" />
    <link:loc xlink:type="locator" xlink:href="mem.xsd#eba_x37" xlink:label="loc_eba_x37" />
    <link:label xlink:type="resource" xlink:label="label_eba_x37" xml:lang="en" xlink:role="http://www.xbrl.org/2003/role/label">Investment property</link:label>
    <link:labelArc xlink:type="arc" xlink:arcrole="http://www.xbrl.org/2003/arcrole/concept-label" xlink:from="loc_eba_x37" xlink:to="label_eba_x37" />
    <link:loc xlink:type="locator" xlink:href="mem.xsd#eba_x38" xlink:label="loc_eba_x38" />
    <link:label xlink:type="resource" xlink:label="label_eba_x38" xml:lang="en" xlink:role="http://www.xbrl.org/2003/role/label">Investment property. Cost model</link:label>
    <link:labelArc xlink:type="arc" xlink:arcrole="http://www.xbrl.org/2003/arcrole/concept-label" xlink:from="loc_eba_x38" xlink:to="label_eba_x38" />
    <link:loc xlink:type="locator" xlink:href="mem.xsd#eba_x39" xlink:label="loc_eba_x39" />
    <link:label xlink:type="resource" xlink:label="label_eba_x39" xml:lang="en" xlink:role="http://www.xbrl.org/2003/role/label">Investment property. Fair value model</link:label>
    <link:labelArc xlink:type="arc" xlink:arcrole="http://www.xbrl.org/2003/arcrole/concept-label" xlink:from="loc_eba_x39" xlink:to="label_eba_x39" />
    <link:loc xlink:type="locator" xlink:href="mem.xsd#eba_x40" xlink:label="loc_eba_x40" />
    <link:label xlink:type="resource" xlink:label="label_eba_x40" xml:lang="en" xlink:role="http://www.xbrl.org/2003/role/label">Investment property. Fair value model, Property, plan and equipment. Fair value model</link:label>
    <link:labelArc xlink:type="arc" xlink:arcrole="http://www.xbrl.org/2003/arcrole/concept-label" xlink:from="loc_eba_x40" xlink:to="label_eba_x40" />
    <link:loc xlink:type="locator" xlink:href="mem.xsd#eba_x41" xlink:label="loc_eba_x41" />
    <link:label xlink:type="resource" xlink:label="label_eba_x41" xml:lang="en" xlink:role="http://www.xbrl.org/2003/role/label">Investments in subsidiaries, joint ventures and associates</link:label>
    <link:labelArc xlink:type="arc" xlink:arcrole="http://www.xbrl.org/2003/arcrole/concept-label" xlink:from="loc_eba_x41" xlink:to="label_eba_x41" />
    <link:loc xlink:type="locator" xlink:href="mem.xsd#eba_x42" xlink:label="loc_eba_x42" />
    <link:label xlink:type="resource" xlink:label="label_eba_x42" xml:lang="en" xlink:role="http://www.xbrl.org/2003/role/label">Loans and receivables</link:label>
    <link:labelArc xlink:type="arc" xlink:arcrole="http://www.xbrl.org/2003/arcrole/concept-label" xlink:from="loc_eba_x42" xlink:to="label_eba_x42" />
    <link:loc xlink:type="locator" xlink:href="mem.xsd#eba_x43" xlink:label="loc_eba_x43" />
    <link:label xlink:type="resource" xlink:label="label_eba_x43" xml:lang="en" xlink:role="http://www.xbrl.org/2003/role/label">Measurement for Intangible assets. Other than Goodwill. Cost model</link:label>
    <link:labelArc xlink:type="arc" xlink:arcrole="http://www.xbrl.org/2003/arcrole/concept-label" xlink:from="loc_eba_x43" xlink:to="label_eba_x43" />
    <link:loc xlink:type="locator" xlink:href="mem.xsd#eba_x44" xlink:label="loc_eba_x44" />
    <link:label xlink:type="resource" xlink:label="label_eba_x44" xml:lang="en" xlink:role="http://www.xbrl.org/2003/role/label">Measurement for Intangible assets. Other than Goodwill. Revaluation model</link:label>
    <link:labelArc xlink:type="arc" xlink:arcrole="http://www.xbrl.org/2003/arcrole/concept-label" xlink:from="loc_eba_x44" xlink:to="label_eba_x44" />
    <link:loc xlink:type="locator" xlink:href="mem.xsd#eba_x0" xlink:label="loc_eba_x0" />
    <link:label xlink:type="resource" xlink:label="label_eba_x0" xml:lang="en" xlink:role="http://www.xbrl.org/2003/role/label">Not applicable/All portfolios</link:label>
    <link:labelArc xlink:type="arc" xlink:arcrole="http://www.xbrl.org/2003/arcrole/concept-label" xlink:from="loc_eba_x0" xlink:to="label_eba_x0" />
    <link:loc xlink:type="locator" xlink:href="mem.xsd#eba_x46" xlink:label="loc_eba_x46" />
    <link:label xlink:type="resource" xlink:label="label_eba_x46" xml:lang="en" xlink:role="http://www.xbrl.org/2003/role/label">Property, plant and equipment</link:label>
    <link:labelArc xlink:type="arc" xlink:arcrole="http://www.xbrl.org/2003/arcrole/concept-label" xlink:from="loc_eba_x46" xlink:to="label_eba_x46" />
    <link:loc xlink:type="locator" xlink:href="mem.xsd#eba_x47" xlink:label="loc_eba_x47" />
    <link:label xlink:type="resource" xlink:label="label_eba_x47" xml:lang="en" xlink:role="http://www.xbrl.org/2003/role/label">Property, plant and equipment. Cost model</link:label>
    <link:labelArc xlink:type="arc" xlink:arcrole="http://www.xbrl.org/2003/arcrole/concept-label" xlink:from="loc_eba_x47" xlink:to="label_eba_x47" />
    <link:loc xlink:type="locator" xlink:href="mem.xsd#eba_x48" xlink:label="loc_eba_x48" />
    <link:label xlink:type="resource" xlink:label="label_eba_x48" xml:lang="en" xlink:role="http://www.xbrl.org/2003/role/label">Property, plant and equipment. Fair value model</link:label>
    <link:labelArc xlink:type="arc" xlink:arcrole="http://www.xbrl.org/2003/arcrole/concept-label" xlink:from="loc_eba_x48" xlink:to="label_eba_x48" />
    <link:loc xlink:type="locator" xlink:href="mem.xsd#eba_x49" xlink:label="loc_eba_x49" />
    <link:label xlink:type="resource" xlink:label="label_eba_x49" xml:lang="en" xlink:role="http://www.xbrl.org/2003/role/label">Property, plant and equipment. Revaluation model</link:label>
    <link:labelArc xlink:type="arc" xlink:arcrole="http://www.xbrl.org/2003/arcrole/concept-label" xlink:from="loc_eba_x49" xlink:to="label_eba_x49" />
    <link:loc xlink:type="locator" xlink:href="mem.xsd#eba_x50" xlink:label="loc_eba_x50" />
    <link:label xlink:type="resource" xlink:label="label_eba_x50" xml:lang="en" xlink:role="http://www.xbrl.org/2003/role/label">Significant Investment</link:label>
    <link:labelArc xlink:type="arc" xlink:arcrole="http://www.xbrl.org/2003/arcrole/concept-label" xlink:from="loc_eba_x50" xlink:to="label_eba_x50" />
    <link:loc xlink:type="locator" xlink:href="mem.xsd#eba_x51" xlink:label="loc_eba_x51" />
    <link:label xlink:type="resource" xlink:label="label_eba_x51" xml:lang="en" xlink:role="http://www.xbrl.org/2003/role/label">Trading book</link:label>
    <link:labelArc xlink:type="arc" xlink:arcrole="http://www.xbrl.org/2003/arcrole/concept-label" xlink:from="loc_eba_x51" xlink:to="label_eba_x51" />
    <link:label xlink:type="resource" xlink:label="label_eba_x51_1" xml:lang="en" xlink:role="http://www.xbrl.org/2003/role/documentation">CRR 4 ¶86
CRR 102
CRR 103
CRR 104
CRR 105
CRR 106</link:label>
    <link:labelArc xlink:type="arc" xlink:arcrole="http://www.xbrl.org/2003/arcrole/concept-label" xlink:from="loc_eba_x51" xlink:to="label_eba_x51_1" />
    <link:loc xlink:type="locator" xlink:href="mem.xsd#eba_x52" xlink:label="loc_eba_x52" />
    <link:label xlink:type="resource" xlink:label="label_eba_x52" xml:lang="en" xlink:role="http://www.xbrl.org/2003/role/label">Measurement for Intangible assets. Other than Goodwill</link:label>
    <link:labelArc xlink:type="arc" xlink:arcrole="http://www.xbrl.org/2003/arcrole/concept-label" xlink:from="loc_eba_x52" xlink:to="label_eba_x52" />
    <link:loc xlink:type="locator" xlink:href="mem.xsd#eba_x53" xlink:label="loc_eba_x53" />
    <link:label xlink:type="resource" xlink:label="label_eba_x53" xml:lang="en" xlink:role="http://www.xbrl.org/2003/role/label">Financial liabilities designated at fair value through profit or loss. Accounting mismatch</link:label>
    <link:labelArc xlink:type="arc" xlink:arcrole="http://www.xbrl.org/2003/arcrole/concept-label" xlink:from="loc_eba_x53" xlink:to="label_eba_x53" />
    <link:loc xlink:type="locator" xlink:href="mem.xsd#eba_x54" xlink:label="loc_eba_x54" />
    <link:label xlink:type="resource" xlink:label="label_eba_x54" xml:lang="en" xlink:role="http://www.xbrl.org/2003/role/label">Financial liabilities designated at fair value through profit or loss. Evaluation on a fair value basis</link:label>
    <link:labelArc xlink:type="arc" xlink:arcrole="http://www.xbrl.org/2003/arcrole/concept-label" xlink:from="loc_eba_x54" xlink:to="label_eba_x54" />
    <link:loc xlink:type="locator" xlink:href="mem.xsd#eba_x55" xlink:label="loc_eba_x55" />
    <link:label xlink:type="resource" xlink:label="label_eba_x55" xml:lang="en" xlink:role="http://www.xbrl.org/2003/role/label">Financial liabilities designated at fair value through profit or loss. Hybrid contracts designated</link:label>
    <link:labelArc xlink:type="arc" xlink:arcrole="http://www.xbrl.org/2003/arcrole/concept-label" xlink:from="loc_eba_x55" xlink:to="label_eba_x55" />
    <link:loc xlink:type="locator" xlink:href="mem.xsd#eba_x56" xlink:label="loc_eba_x56" />
    <link:label xlink:type="resource" xlink:label="label_eba_x56" xml:lang="en" xlink:role="http://www.xbrl.org/2003/role/label">Financial assets designated at fair value through profit or loss. Accounting mismatch</link:label>
    <link:labelArc xlink:type="arc" xlink:arcrole="http://www.xbrl.org/2003/arcrole/concept-label" xlink:from="loc_eba_x56" xlink:to="label_eba_x56" />
    <link:loc xlink:type="locator" xlink:href="mem.xsd#eba_x57" xlink:label="loc_eba_x57" />
    <link:label xlink:type="resource" xlink:label="label_eba_x57" xml:lang="en" xlink:role="http://www.xbrl.org/2003/role/label">Financial assets designated at fair value through profit or loss. Evaluation on a fair value basis</link:label>
    <link:labelArc xlink:type="arc" xlink:arcrole="http://www.xbrl.org/2003/arcrole/concept-label" xlink:from="loc_eba_x57" xlink:to="label_eba_x57" />
    <link:loc xlink:type="locator" xlink:href="mem.xsd#eba_x58" xlink:label="loc_eba_x58" />
    <link:label xlink:type="resource" xlink:label="label_eba_x58" xml:lang="en" xlink:role="http://www.xbrl.org/2003/role/label">Financial assets designated at fair value through profit or loss. Hybrid contracts designated</link:label>
    <link:labelArc xlink:type="arc" xlink:arcrole="http://www.xbrl.org/2003/arcrole/concept-label" xlink:from="loc_eba_x58" xlink:to="label_eba_x58" />
    <link:loc xlink:type="locator" xlink:href="mem.xsd#eba_x59" xlink:label="loc_eba_x59" />
    <link:label xlink:type="resource" xlink:label="label_eba_x59" xml:lang="en" xlink:role="http://www.xbrl.org/2003/role/label">Financial assets held for trading, Financial assets designated at fair value through profit or loss, Available-for-sale financial assets</link:label>
    <link:labelArc xlink:type="arc" xlink:arcrole="http://www.xbrl.org/2003/arcrole/concept-label" xlink:from="loc_eba_x59" xlink:to="label_eba_x59" />
    <link:loc xlink:type="locator" xlink:href="mem.xsd#eba_x60" xlink:label="loc_eba_x60" />
    <link:label xlink:type="resource" xlink:label="label_eba_x60" xml:lang="en" xlink:role="http://www.xbrl.org/2003/role/label">Loans and receivables, Held-to-maturity investments</link:label>
    <link:labelArc xlink:type="arc" xlink:arcrole="http://www.xbrl.org/2003/arcrole/concept-label" xlink:from="loc_eba_x60" xlink:to="label_eba_x60" />
    <link:loc xlink:type="locator" xlink:href="mem.xsd#eba_x61" xlink:label="loc_eba_x61" />
    <link:label xlink:type="resource" xlink:label="label_eba_x61" xml:lang="en" xlink:role="http://www.xbrl.org/2003/role/label">Accounting portfolios for non-trading financial instruments</link:label>
    <link:labelArc xlink:type="arc" xlink:arcrole="http://www.xbrl.org/2003/arcrole/concept-label" xlink:from="loc_eba_x61" xlink:to="label_eba_x61" />
    <link:loc xlink:type="locator" xlink:href="mem.xsd#eba_x62" xlink:label="loc_eba_x62" />
    <link:label xlink:type="resource" xlink:label="label_eba_x62" xml:lang="en" xlink:role="http://www.xbrl.org/2003/role/label">Non-trading debt instruments measured at a cost-based method</link:label>
    <link:labelArc xlink:type="arc" xlink:arcrole="http://www.xbrl.org/2003/arcrole/concept-label" xlink:from="loc_eba_x62" xlink:to="label_eba_x62" />
    <link:loc xlink:type="locator" xlink:href="mem.xsd#eba_x63" xlink:label="loc_eba_x63" />
    <link:label xlink:type="resource" xlink:label="label_eba_x63" xml:lang="en" xlink:role="http://www.xbrl.org/2003/role/label">Non-trading non-derivative financial assets measured at fair value through profit or loss</link:label>
    <link:labelArc xlink:type="arc" xlink:arcrole="http://www.xbrl.org/2003/arcrole/concept-label" xlink:from="loc_eba_x63" xlink:to="label_eba_x63" />
    <link:loc xlink:type="locator" xlink:href="mem.xsd#eba_x64" xlink:label="loc_eba_x64" />
    <link:label xlink:type="resource" xlink:label="label_eba_x64" xml:lang="en" xlink:role="http://www.xbrl.org/2003/role/label">Non-trading non-derivative financial assets measured at fair value to equity</link:label>
    <link:labelArc xlink:type="arc" xlink:arcrole="http://www.xbrl.org/2003/arcrole/concept-label" xlink:from="loc_eba_x64" xlink:to="label_eba_x64" />
    <link:loc xlink:type="locator" xlink:href="mem.xsd#eba_x65" xlink:label="loc_eba_x65" />
    <link:label xlink:type="resource" xlink:label="label_eba_x65" xml:lang="en" xlink:role="http://www.xbrl.org/2003/role/label">Non-trading non-derivative financial liabilities measured at a cost-based method</link:label>
    <link:labelArc xlink:type="arc" xlink:arcrole="http://www.xbrl.org/2003/arcrole/concept-label" xlink:from="loc_eba_x65" xlink:to="label_eba_x65" />
    <link:loc xlink:type="locator" xlink:href="mem.xsd#eba_x66" xlink:label="loc_eba_x66" />
    <link:label xlink:type="resource" xlink:label="label_eba_x66" xml:lang="en" xlink:role="http://www.xbrl.org/2003/role/label">Trading financial assets</link:label>
    <link:labelArc xlink:type="arc" xlink:arcrole="http://www.xbrl.org/2003/arcrole/concept-label" xlink:from="loc_eba_x66" xlink:to="label_eba_x66" />
    <link:loc xlink:type="locator" xlink:href="mem.xsd#eba_x67" xlink:label="loc_eba_x67" />
    <link:label xlink:type="resource" xlink:label="label_eba_x67" xml:lang="en" xlink:role="http://www.xbrl.org/2003/role/label">Trading financial assets, Trading financial liabilities</link:label>
    <link:labelArc xlink:type="arc" xlink:arcrole="http://www.xbrl.org/2003/arcrole/concept-label" xlink:from="loc_eba_x67" xlink:to="label_eba_x67" />
    <link:loc xlink:type="locator" xlink:href="mem.xsd#eba_x68" xlink:label="loc_eba_x68" />
    <link:label xlink:type="resource" xlink:label="label_eba_x68" xml:lang="en" xlink:role="http://www.xbrl.org/2003/role/label">Trading financial liabilities</link:label>
    <link:labelArc xlink:type="arc" xlink:arcrole="http://www.xbrl.org/2003/arcrole/concept-label" xlink:from="loc_eba_x68" xlink:to="label_eba_x68" />
    <link:loc xlink:type="locator" xlink:href="mem.xsd#eba_x69" xlink:label="loc_eba_x69" />
    <link:label xlink:type="resource" xlink:label="label_eba_x69" xml:lang="en" xlink:role="http://www.xbrl.org/2003/role/label">Other non-trading non-derivative financial assets</link:label>
    <link:labelArc xlink:type="arc" xlink:arcrole="http://www.xbrl.org/2003/arcrole/concept-label" xlink:from="loc_eba_x69" xlink:to="label_eba_x69" />
    <link:loc xlink:type="locator" xlink:href="mem.xsd#eba_x70" xlink:label="loc_eba_x70" />
    <link:label xlink:type="resource" xlink:label="label_eba_x70" xml:lang="en" xlink:role="http://www.xbrl.org/2003/role/label">Accounting portfolios for financial assets</link:label>
    <link:labelArc xlink:type="arc" xlink:arcrole="http://www.xbrl.org/2003/arcrole/concept-label" xlink:from="loc_eba_x70" xlink:to="label_eba_x70" />
    <link:loc xlink:type="locator" xlink:href="mem.xsd#eba_x71" xlink:label="loc_eba_x71" />
    <link:label xlink:type="resource" xlink:label="label_eba_x71" xml:lang="en" xlink:role="http://www.xbrl.org/2003/role/label">Neither banking nor trading book</link:label>
    <link:labelArc xlink:type="arc" xlink:arcrole="http://www.xbrl.org/2003/arcrole/concept-label" xlink:from="loc_eba_x71" xlink:to="label_eba_x71" />
    <link:loc xlink:type="locator" xlink:href="mem.xsd#eba_x72" xlink:label="loc_eba_x72" />
    <link:label xlink:type="resource" xlink:label="label_eba_x72" xml:lang="en" xlink:role="http://www.xbrl.org/2003/role/label">Partially in banking and trading book</link:label>
    <link:labelArc xlink:type="arc" xlink:arcrole="http://www.xbrl.org/2003/arcrole/concept-label" xlink:from="loc_eba_x72" xlink:to="label_eba_x72" />
  </link:labelLink>
</link:linkbase>