﻿<?xml version="1.0" encoding="utf-8"?>
<?taxonomy-version 2.0.1?>
<!--(C) EBA-->
<link:linkbase xmlns:xsi="http://www.w3.org/2001/XMLSchema-instance" xmlns:xlink="http://www.w3.org/1999/xlink" xmlns:link="http://www.xbrl.org/2003/linkbase" xmlns:gen="http://xbrl.org/2008/generic" xmlns:label="http://xbrl.org/2008/label" xsi:schemaLocation="http://www.xbrl.org/2003/linkbase http://www.xbrl.org/2003/xbrl-linkbase-2003-12-31.xsd http://xbrl.org/2008/generic http://www.xbrl.org/2008/generic-link.xsd http://xbrl.org/2008/label http://www.xbrl.org/2008/generic-label.xsd">
  <link:arcroleRef arcroleURI="http://xbrl.org/arcrole/2008/element-label" xlink:type="simple" xlink:href="http://www.xbrl.org/2008/generic-label.xsd#element-label" />
  <link:roleRef roleURI="http://www.eba.europa.eu/xbrl/role/dpm-db-id" xlink:type="simple" xlink:href="http://www.eba.europa.eu/eu/fr/xbrl/ext/model.xsd#dpm-db-id" />
  <link:roleRef roleURI="http://www.eurofiling.info/xbrl/role/filing-indicator-code" xlink:type="simple" xlink:href="http://www.eurofiling.info/eu/fr/xbrl/ext/model.xsd#filing-indicator-code" />
  <link:roleRef roleURI="http://www.eurofiling.info/xbrl/role/rc-code" xlink:type="simple" xlink:href="http://www.eurofiling.info/eu/fr/xbrl/ext/model.xsd#rc-code" />
  <gen:link xlink:type="extended" xlink:role="http://www.xbrl.org/2003/role/link">
    <link:loc xlink:type="locator" xlink:href="c_18.00-rend.xml#eba_tC_18.00" xlink:label="loc_eba_tC_18.00" />
    <label:label xlink:type="resource" xlink:label="label_eba_tC_18.00" xml:lang="en" xlink:role="http://www.eurofiling.info/xbrl/role/rc-code">C 18.00</label:label>
    <gen:arc xlink:type="arc" xlink:arcrole="http://xbrl.org/arcrole/2008/element-label" xlink:from="loc_eba_tC_18.00" xlink:to="label_eba_tC_18.00" />
    <link:loc xlink:type="locator" xlink:href="c_18.00-rend.xml#eba_c20554" xlink:label="loc_eba_c20554" />
    <label:label xlink:type="resource" xlink:label="label_eba_c20554" xml:lang="en" xlink:role="http://www.eurofiling.info/xbrl/role/rc-code">008</label:label>
    <gen:arc xlink:type="arc" xlink:arcrole="http://xbrl.org/arcrole/2008/element-label" xlink:from="loc_eba_c20554" xlink:to="label_eba_c20554" />
    <link:loc xlink:type="locator" xlink:href="c_18.00-rend.xml#eba_c20555" xlink:label="loc_eba_c20555" />
    <label:label xlink:type="resource" xlink:label="label_eba_c20555" xml:lang="en" xlink:role="http://www.eurofiling.info/xbrl/role/rc-code">009</label:label>
    <gen:arc xlink:type="arc" xlink:arcrole="http://xbrl.org/arcrole/2008/element-label" xlink:from="loc_eba_c20555" xlink:to="label_eba_c20555" />
    <link:loc xlink:type="locator" xlink:href="c_18.00-rend.xml#eba_c20556" xlink:label="loc_eba_c20556" />
    <label:label xlink:type="resource" xlink:label="label_eba_c20556" xml:lang="en" xlink:role="http://www.eurofiling.info/xbrl/role/rc-code">010</label:label>
    <gen:arc xlink:type="arc" xlink:arcrole="http://xbrl.org/arcrole/2008/element-label" xlink:from="loc_eba_c20556" xlink:to="label_eba_c20556" />
    <link:loc xlink:type="locator" xlink:href="c_18.00-rend.xml#eba_c20557" xlink:label="loc_eba_c20557" />
    <label:label xlink:type="resource" xlink:label="label_eba_c20557" xml:lang="en" xlink:role="http://www.eurofiling.info/xbrl/role/rc-code">020</label:label>
    <gen:arc xlink:type="arc" xlink:arcrole="http://xbrl.org/arcrole/2008/element-label" xlink:from="loc_eba_c20557" xlink:to="label_eba_c20557" />
    <link:loc xlink:type="locator" xlink:href="c_18.00-rend.xml#eba_c20558" xlink:label="loc_eba_c20558" />
    <label:label xlink:type="resource" xlink:label="label_eba_c20558" xml:lang="en" xlink:role="http://www.eurofiling.info/xbrl/role/rc-code">029</label:label>
    <gen:arc xlink:type="arc" xlink:arcrole="http://xbrl.org/arcrole/2008/element-label" xlink:from="loc_eba_c20558" xlink:to="label_eba_c20558" />
    <link:loc xlink:type="locator" xlink:href="c_18.00-rend.xml#eba_c20559" xlink:label="loc_eba_c20559" />
    <label:label xlink:type="resource" xlink:label="label_eba_c20559" xml:lang="en" xlink:role="http://www.eurofiling.info/xbrl/role/rc-code">030</label:label>
    <gen:arc xlink:type="arc" xlink:arcrole="http://xbrl.org/arcrole/2008/element-label" xlink:from="loc_eba_c20559" xlink:to="label_eba_c20559" />
    <link:loc xlink:type="locator" xlink:href="c_18.00-rend.xml#eba_c20560" xlink:label="loc_eba_c20560" />
    <label:label xlink:type="resource" xlink:label="label_eba_c20560" xml:lang="en" xlink:role="http://www.eurofiling.info/xbrl/role/rc-code">040</label:label>
    <gen:arc xlink:type="arc" xlink:arcrole="http://xbrl.org/arcrole/2008/element-label" xlink:from="loc_eba_c20560" xlink:to="label_eba_c20560" />
    <link:loc xlink:type="locator" xlink:href="c_18.00-rend.xml#eba_c20561" xlink:label="loc_eba_c20561" />
    <label:label xlink:type="resource" xlink:label="label_eba_c20561" xml:lang="en" xlink:role="http://www.eurofiling.info/xbrl/role/rc-code">050</label:label>
    <gen:arc xlink:type="arc" xlink:arcrole="http://xbrl.org/arcrole/2008/element-label" xlink:from="loc_eba_c20561" xlink:to="label_eba_c20561" />
    <link:loc xlink:type="locator" xlink:href="c_18.00-rend.xml#eba_c20562" xlink:label="loc_eba_c20562" />
    <label:label xlink:type="resource" xlink:label="label_eba_c20562" xml:lang="en" xlink:role="http://www.eurofiling.info/xbrl/role/rc-code">060</label:label>
    <gen:arc xlink:type="arc" xlink:arcrole="http://xbrl.org/arcrole/2008/element-label" xlink:from="loc_eba_c20562" xlink:to="label_eba_c20562" />
    <link:loc xlink:type="locator" xlink:href="c_18.00-rend.xml#eba_c20563" xlink:label="loc_eba_c20563" />
    <label:label xlink:type="resource" xlink:label="label_eba_c20563" xml:lang="en" xlink:role="http://www.eurofiling.info/xbrl/role/rc-code">070</label:label>
    <gen:arc xlink:type="arc" xlink:arcrole="http://xbrl.org/arcrole/2008/element-label" xlink:from="loc_eba_c20563" xlink:to="label_eba_c20563" />
    <link:loc xlink:type="locator" xlink:href="c_18.00-rend.xml#eba_c20564" xlink:label="loc_eba_c20564" />
    <label:label xlink:type="resource" xlink:label="label_eba_c20564" xml:lang="en" xlink:role="http://www.eurofiling.info/xbrl/role/rc-code">010</label:label>
    <gen:arc xlink:type="arc" xlink:arcrole="http://xbrl.org/arcrole/2008/element-label" xlink:from="loc_eba_c20564" xlink:to="label_eba_c20564" />
    <link:loc xlink:type="locator" xlink:href="c_18.00-rend.xml#eba_c20565" xlink:label="loc_eba_c20565" />
    <label:label xlink:type="resource" xlink:label="label_eba_c20565" xml:lang="en" xlink:role="http://www.eurofiling.info/xbrl/role/rc-code">011</label:label>
    <gen:arc xlink:type="arc" xlink:arcrole="http://xbrl.org/arcrole/2008/element-label" xlink:from="loc_eba_c20565" xlink:to="label_eba_c20565" />
    <link:loc xlink:type="locator" xlink:href="c_18.00-rend.xml#eba_c20566" xlink:label="loc_eba_c20566" />
    <label:label xlink:type="resource" xlink:label="label_eba_c20566" xml:lang="en" xlink:role="http://www.eurofiling.info/xbrl/role/rc-code">012</label:label>
    <gen:arc xlink:type="arc" xlink:arcrole="http://xbrl.org/arcrole/2008/element-label" xlink:from="loc_eba_c20566" xlink:to="label_eba_c20566" />
    <link:loc xlink:type="locator" xlink:href="c_18.00-rend.xml#eba_c20567" xlink:label="loc_eba_c20567" />
    <label:label xlink:type="resource" xlink:label="label_eba_c20567" xml:lang="en" xlink:role="http://www.eurofiling.info/xbrl/role/rc-code">013</label:label>
    <gen:arc xlink:type="arc" xlink:arcrole="http://xbrl.org/arcrole/2008/element-label" xlink:from="loc_eba_c20567" xlink:to="label_eba_c20567" />
    <link:loc xlink:type="locator" xlink:href="c_18.00-rend.xml#eba_c20568" xlink:label="loc_eba_c20568" />
    <label:label xlink:type="resource" xlink:label="label_eba_c20568" xml:lang="en" xlink:role="http://www.eurofiling.info/xbrl/role/rc-code">020</label:label>
    <gen:arc xlink:type="arc" xlink:arcrole="http://xbrl.org/arcrole/2008/element-label" xlink:from="loc_eba_c20568" xlink:to="label_eba_c20568" />
    <link:loc xlink:type="locator" xlink:href="c_18.00-rend.xml#eba_c20569" xlink:label="loc_eba_c20569" />
    <label:label xlink:type="resource" xlink:label="label_eba_c20569" xml:lang="en" xlink:role="http://www.eurofiling.info/xbrl/role/rc-code">030</label:label>
    <gen:arc xlink:type="arc" xlink:arcrole="http://xbrl.org/arcrole/2008/element-label" xlink:from="loc_eba_c20569" xlink:to="label_eba_c20569" />
    <link:loc xlink:type="locator" xlink:href="c_18.00-rend.xml#eba_c20570" xlink:label="loc_eba_c20570" />
    <label:label xlink:type="resource" xlink:label="label_eba_c20570" xml:lang="en" xlink:role="http://www.eurofiling.info/xbrl/role/rc-code">040</label:label>
    <gen:arc xlink:type="arc" xlink:arcrole="http://xbrl.org/arcrole/2008/element-label" xlink:from="loc_eba_c20570" xlink:to="label_eba_c20570" />
    <link:loc xlink:type="locator" xlink:href="c_18.00-rend.xml#eba_c20571" xlink:label="loc_eba_c20571" />
    <label:label xlink:type="resource" xlink:label="label_eba_c20571" xml:lang="en" xlink:role="http://www.eurofiling.info/xbrl/role/rc-code">050</label:label>
    <gen:arc xlink:type="arc" xlink:arcrole="http://xbrl.org/arcrole/2008/element-label" xlink:from="loc_eba_c20571" xlink:to="label_eba_c20571" />
    <link:loc xlink:type="locator" xlink:href="c_18.00-rend.xml#eba_c20572" xlink:label="loc_eba_c20572" />
    <label:label xlink:type="resource" xlink:label="label_eba_c20572" xml:lang="en" xlink:role="http://www.eurofiling.info/xbrl/role/rc-code">060</label:label>
    <gen:arc xlink:type="arc" xlink:arcrole="http://xbrl.org/arcrole/2008/element-label" xlink:from="loc_eba_c20572" xlink:to="label_eba_c20572" />
    <link:loc xlink:type="locator" xlink:href="c_18.00-rend.xml#eba_c20573" xlink:label="loc_eba_c20573" />
    <label:label xlink:type="resource" xlink:label="label_eba_c20573" xml:lang="en" xlink:role="http://www.eurofiling.info/xbrl/role/rc-code">070</label:label>
    <gen:arc xlink:type="arc" xlink:arcrole="http://xbrl.org/arcrole/2008/element-label" xlink:from="loc_eba_c20573" xlink:to="label_eba_c20573" />
    <link:loc xlink:type="locator" xlink:href="c_18.00-rend.xml#eba_c20574" xlink:label="loc_eba_c20574" />
    <label:label xlink:type="resource" xlink:label="label_eba_c20574" xml:lang="en" xlink:role="http://www.eurofiling.info/xbrl/role/rc-code">080</label:label>
    <gen:arc xlink:type="arc" xlink:arcrole="http://xbrl.org/arcrole/2008/element-label" xlink:from="loc_eba_c20574" xlink:to="label_eba_c20574" />
    <link:loc xlink:type="locator" xlink:href="c_18.00-rend.xml#eba_c20575" xlink:label="loc_eba_c20575" />
    <label:label xlink:type="resource" xlink:label="label_eba_c20575" xml:lang="en" xlink:role="http://www.eurofiling.info/xbrl/role/rc-code">090</label:label>
    <gen:arc xlink:type="arc" xlink:arcrole="http://xbrl.org/arcrole/2008/element-label" xlink:from="loc_eba_c20575" xlink:to="label_eba_c20575" />
    <link:loc xlink:type="locator" xlink:href="c_18.00-rend.xml#eba_c20576" xlink:label="loc_eba_c20576" />
    <label:label xlink:type="resource" xlink:label="label_eba_c20576" xml:lang="en" xlink:role="http://www.eurofiling.info/xbrl/role/rc-code">100</label:label>
    <gen:arc xlink:type="arc" xlink:arcrole="http://xbrl.org/arcrole/2008/element-label" xlink:from="loc_eba_c20576" xlink:to="label_eba_c20576" />
    <link:loc xlink:type="locator" xlink:href="c_18.00-rend.xml#eba_c20577" xlink:label="loc_eba_c20577" />
    <label:label xlink:type="resource" xlink:label="label_eba_c20577" xml:lang="en" xlink:role="http://www.eurofiling.info/xbrl/role/rc-code">110</label:label>
    <gen:arc xlink:type="arc" xlink:arcrole="http://xbrl.org/arcrole/2008/element-label" xlink:from="loc_eba_c20577" xlink:to="label_eba_c20577" />
    <link:loc xlink:type="locator" xlink:href="c_18.00-rend.xml#eba_c20578" xlink:label="loc_eba_c20578" />
    <label:label xlink:type="resource" xlink:label="label_eba_c20578" xml:lang="en" xlink:role="http://www.eurofiling.info/xbrl/role/rc-code">120</label:label>
    <gen:arc xlink:type="arc" xlink:arcrole="http://xbrl.org/arcrole/2008/element-label" xlink:from="loc_eba_c20578" xlink:to="label_eba_c20578" />
    <link:loc xlink:type="locator" xlink:href="c_18.00-rend.xml#eba_c20579" xlink:label="loc_eba_c20579" />
    <label:label xlink:type="resource" xlink:label="label_eba_c20579" xml:lang="en" xlink:role="http://www.eurofiling.info/xbrl/role/rc-code">130</label:label>
    <gen:arc xlink:type="arc" xlink:arcrole="http://xbrl.org/arcrole/2008/element-label" xlink:from="loc_eba_c20579" xlink:to="label_eba_c20579" />
    <link:loc xlink:type="locator" xlink:href="c_18.00-rend.xml#eba_c20580" xlink:label="loc_eba_c20580" />
    <label:label xlink:type="resource" xlink:label="label_eba_c20580" xml:lang="en" xlink:role="http://www.eurofiling.info/xbrl/role/rc-code">140</label:label>
    <gen:arc xlink:type="arc" xlink:arcrole="http://xbrl.org/arcrole/2008/element-label" xlink:from="loc_eba_c20580" xlink:to="label_eba_c20580" />
    <link:loc xlink:type="locator" xlink:href="c_18.00-rend.xml#eba_c20581" xlink:label="loc_eba_c20581" />
    <label:label xlink:type="resource" xlink:label="label_eba_c20581" xml:lang="en" xlink:role="http://www.eurofiling.info/xbrl/role/rc-code">150</label:label>
    <gen:arc xlink:type="arc" xlink:arcrole="http://xbrl.org/arcrole/2008/element-label" xlink:from="loc_eba_c20581" xlink:to="label_eba_c20581" />
    <link:loc xlink:type="locator" xlink:href="c_18.00-rend.xml#eba_c20582" xlink:label="loc_eba_c20582" />
    <label:label xlink:type="resource" xlink:label="label_eba_c20582" xml:lang="en" xlink:role="http://www.eurofiling.info/xbrl/role/rc-code">160</label:label>
    <gen:arc xlink:type="arc" xlink:arcrole="http://xbrl.org/arcrole/2008/element-label" xlink:from="loc_eba_c20582" xlink:to="label_eba_c20582" />
    <link:loc xlink:type="locator" xlink:href="c_18.00-rend.xml#eba_c20583" xlink:label="loc_eba_c20583" />
    <label:label xlink:type="resource" xlink:label="label_eba_c20583" xml:lang="en" xlink:role="http://www.eurofiling.info/xbrl/role/rc-code">170</label:label>
    <gen:arc xlink:type="arc" xlink:arcrole="http://xbrl.org/arcrole/2008/element-label" xlink:from="loc_eba_c20583" xlink:to="label_eba_c20583" />
    <link:loc xlink:type="locator" xlink:href="c_18.00-rend.xml#eba_c20584" xlink:label="loc_eba_c20584" />
    <label:label xlink:type="resource" xlink:label="label_eba_c20584" xml:lang="en" xlink:role="http://www.eurofiling.info/xbrl/role/rc-code">180</label:label>
    <gen:arc xlink:type="arc" xlink:arcrole="http://xbrl.org/arcrole/2008/element-label" xlink:from="loc_eba_c20584" xlink:to="label_eba_c20584" />
    <link:loc xlink:type="locator" xlink:href="c_18.00-rend.xml#eba_c20585" xlink:label="loc_eba_c20585" />
    <label:label xlink:type="resource" xlink:label="label_eba_c20585" xml:lang="en" xlink:role="http://www.eurofiling.info/xbrl/role/rc-code">190</label:label>
    <gen:arc xlink:type="arc" xlink:arcrole="http://xbrl.org/arcrole/2008/element-label" xlink:from="loc_eba_c20585" xlink:to="label_eba_c20585" />
    <link:loc xlink:type="locator" xlink:href="c_18.00-rend.xml#eba_c20586" xlink:label="loc_eba_c20586" />
    <label:label xlink:type="resource" xlink:label="label_eba_c20586" xml:lang="en" xlink:role="http://www.eurofiling.info/xbrl/role/rc-code">200</label:label>
    <gen:arc xlink:type="arc" xlink:arcrole="http://xbrl.org/arcrole/2008/element-label" xlink:from="loc_eba_c20586" xlink:to="label_eba_c20586" />
    <link:loc xlink:type="locator" xlink:href="c_18.00-rend.xml#eba_c20587" xlink:label="loc_eba_c20587" />
    <label:label xlink:type="resource" xlink:label="label_eba_c20587" xml:lang="en" xlink:role="http://www.eurofiling.info/xbrl/role/rc-code">210</label:label>
    <gen:arc xlink:type="arc" xlink:arcrole="http://xbrl.org/arcrole/2008/element-label" xlink:from="loc_eba_c20587" xlink:to="label_eba_c20587" />
    <link:loc xlink:type="locator" xlink:href="c_18.00-rend.xml#eba_c20588" xlink:label="loc_eba_c20588" />
    <label:label xlink:type="resource" xlink:label="label_eba_c20588" xml:lang="en" xlink:role="http://www.eurofiling.info/xbrl/role/rc-code">220</label:label>
    <gen:arc xlink:type="arc" xlink:arcrole="http://xbrl.org/arcrole/2008/element-label" xlink:from="loc_eba_c20588" xlink:to="label_eba_c20588" />
    <link:loc xlink:type="locator" xlink:href="c_18.00-rend.xml#eba_c20589" xlink:label="loc_eba_c20589" />
    <label:label xlink:type="resource" xlink:label="label_eba_c20589" xml:lang="en" xlink:role="http://www.eurofiling.info/xbrl/role/rc-code">230</label:label>
    <gen:arc xlink:type="arc" xlink:arcrole="http://xbrl.org/arcrole/2008/element-label" xlink:from="loc_eba_c20589" xlink:to="label_eba_c20589" />
    <link:loc xlink:type="locator" xlink:href="c_18.00-rend.xml#eba_c20590" xlink:label="loc_eba_c20590" />
    <label:label xlink:type="resource" xlink:label="label_eba_c20590" xml:lang="en" xlink:role="http://www.eurofiling.info/xbrl/role/rc-code">240</label:label>
    <gen:arc xlink:type="arc" xlink:arcrole="http://xbrl.org/arcrole/2008/element-label" xlink:from="loc_eba_c20590" xlink:to="label_eba_c20590" />
    <link:loc xlink:type="locator" xlink:href="c_18.00-rend.xml#eba_c20591" xlink:label="loc_eba_c20591" />
    <label:label xlink:type="resource" xlink:label="label_eba_c20591" xml:lang="en" xlink:role="http://www.eurofiling.info/xbrl/role/rc-code">250</label:label>
    <gen:arc xlink:type="arc" xlink:arcrole="http://xbrl.org/arcrole/2008/element-label" xlink:from="loc_eba_c20591" xlink:to="label_eba_c20591" />
    <link:loc xlink:type="locator" xlink:href="c_18.00-rend.xml#eba_c20592" xlink:label="loc_eba_c20592" />
    <label:label xlink:type="resource" xlink:label="label_eba_c20592" xml:lang="en" xlink:role="http://www.eurofiling.info/xbrl/role/rc-code">251</label:label>
    <gen:arc xlink:type="arc" xlink:arcrole="http://xbrl.org/arcrole/2008/element-label" xlink:from="loc_eba_c20592" xlink:to="label_eba_c20592" />
    <link:loc xlink:type="locator" xlink:href="c_18.00-rend.xml#eba_c20593" xlink:label="loc_eba_c20593" />
    <label:label xlink:type="resource" xlink:label="label_eba_c20593" xml:lang="en" xlink:role="http://www.eurofiling.info/xbrl/role/rc-code">260</label:label>
    <gen:arc xlink:type="arc" xlink:arcrole="http://xbrl.org/arcrole/2008/element-label" xlink:from="loc_eba_c20593" xlink:to="label_eba_c20593" />
    <link:loc xlink:type="locator" xlink:href="c_18.00-rend.xml#eba_c20594" xlink:label="loc_eba_c20594" />
    <label:label xlink:type="resource" xlink:label="label_eba_c20594" xml:lang="en" xlink:role="http://www.eurofiling.info/xbrl/role/rc-code">270</label:label>
    <gen:arc xlink:type="arc" xlink:arcrole="http://xbrl.org/arcrole/2008/element-label" xlink:from="loc_eba_c20594" xlink:to="label_eba_c20594" />
    <link:loc xlink:type="locator" xlink:href="c_18.00-rend.xml#eba_c20595" xlink:label="loc_eba_c20595" />
    <label:label xlink:type="resource" xlink:label="label_eba_c20595" xml:lang="en" xlink:role="http://www.eurofiling.info/xbrl/role/rc-code">280</label:label>
    <gen:arc xlink:type="arc" xlink:arcrole="http://xbrl.org/arcrole/2008/element-label" xlink:from="loc_eba_c20595" xlink:to="label_eba_c20595" />
    <link:loc xlink:type="locator" xlink:href="c_18.00-rend.xml#eba_c20596" xlink:label="loc_eba_c20596" />
    <label:label xlink:type="resource" xlink:label="label_eba_c20596" xml:lang="en" xlink:role="http://www.eurofiling.info/xbrl/role/rc-code">290</label:label>
    <gen:arc xlink:type="arc" xlink:arcrole="http://xbrl.org/arcrole/2008/element-label" xlink:from="loc_eba_c20596" xlink:to="label_eba_c20596" />
    <link:loc xlink:type="locator" xlink:href="c_18.00-rend.xml#eba_c20597" xlink:label="loc_eba_c20597" />
    <label:label xlink:type="resource" xlink:label="label_eba_c20597" xml:lang="en" xlink:role="http://www.eurofiling.info/xbrl/role/rc-code">300</label:label>
    <gen:arc xlink:type="arc" xlink:arcrole="http://xbrl.org/arcrole/2008/element-label" xlink:from="loc_eba_c20597" xlink:to="label_eba_c20597" />
    <link:loc xlink:type="locator" xlink:href="c_18.00-rend.xml#eba_c20598" xlink:label="loc_eba_c20598" />
    <label:label xlink:type="resource" xlink:label="label_eba_c20598" xml:lang="en" xlink:role="http://www.eurofiling.info/xbrl/role/rc-code">310</label:label>
    <gen:arc xlink:type="arc" xlink:arcrole="http://xbrl.org/arcrole/2008/element-label" xlink:from="loc_eba_c20598" xlink:to="label_eba_c20598" />
    <link:loc xlink:type="locator" xlink:href="c_18.00-rend.xml#eba_c20599" xlink:label="loc_eba_c20599" />
    <label:label xlink:type="resource" xlink:label="label_eba_c20599" xml:lang="en" xlink:role="http://www.eurofiling.info/xbrl/role/rc-code">320</label:label>
    <gen:arc xlink:type="arc" xlink:arcrole="http://xbrl.org/arcrole/2008/element-label" xlink:from="loc_eba_c20599" xlink:to="label_eba_c20599" />
    <link:loc xlink:type="locator" xlink:href="c_18.00-rend.xml#eba_c20600" xlink:label="loc_eba_c20600" />
    <label:label xlink:type="resource" xlink:label="label_eba_c20600" xml:lang="en" xlink:role="http://www.eurofiling.info/xbrl/role/rc-code">321</label:label>
    <gen:arc xlink:type="arc" xlink:arcrole="http://xbrl.org/arcrole/2008/element-label" xlink:from="loc_eba_c20600" xlink:to="label_eba_c20600" />
    <link:loc xlink:type="locator" xlink:href="c_18.00-rend.xml#eba_c20601" xlink:label="loc_eba_c20601" />
    <label:label xlink:type="resource" xlink:label="label_eba_c20601" xml:lang="en" xlink:role="http://www.eurofiling.info/xbrl/role/rc-code">325</label:label>
    <gen:arc xlink:type="arc" xlink:arcrole="http://xbrl.org/arcrole/2008/element-label" xlink:from="loc_eba_c20601" xlink:to="label_eba_c20601" />
    <link:loc xlink:type="locator" xlink:href="c_18.00-rend.xml#eba_c20602" xlink:label="loc_eba_c20602" />
    <label:label xlink:type="resource" xlink:label="label_eba_c20602" xml:lang="en" xlink:role="http://www.eurofiling.info/xbrl/role/rc-code">330</label:label>
    <gen:arc xlink:type="arc" xlink:arcrole="http://xbrl.org/arcrole/2008/element-label" xlink:from="loc_eba_c20602" xlink:to="label_eba_c20602" />
    <link:loc xlink:type="locator" xlink:href="c_18.00-rend.xml#eba_c20603" xlink:label="loc_eba_c20603" />
    <label:label xlink:type="resource" xlink:label="label_eba_c20603" xml:lang="en" xlink:role="http://www.eurofiling.info/xbrl/role/rc-code">340</label:label>
    <gen:arc xlink:type="arc" xlink:arcrole="http://xbrl.org/arcrole/2008/element-label" xlink:from="loc_eba_c20603" xlink:to="label_eba_c20603" />
    <link:loc xlink:type="locator" xlink:href="c_18.00-rend.xml#eba_c20604" xlink:label="loc_eba_c20604" />
    <label:label xlink:type="resource" xlink:label="label_eba_c20604" xml:lang="en" xlink:role="http://www.eurofiling.info/xbrl/role/rc-code">350</label:label>
    <gen:arc xlink:type="arc" xlink:arcrole="http://xbrl.org/arcrole/2008/element-label" xlink:from="loc_eba_c20604" xlink:to="label_eba_c20604" />
    <link:loc xlink:type="locator" xlink:href="c_18.00-rend.xml#eba_c20605" xlink:label="loc_eba_c20605" />
    <label:label xlink:type="resource" xlink:label="label_eba_c20605" xml:lang="en" xlink:role="http://www.eurofiling.info/xbrl/role/rc-code">360</label:label>
    <gen:arc xlink:type="arc" xlink:arcrole="http://xbrl.org/arcrole/2008/element-label" xlink:from="loc_eba_c20605" xlink:to="label_eba_c20605" />
    <link:loc xlink:type="locator" xlink:href="c_18.00-rend.xml#eba_c20606" xlink:label="loc_eba_c20606" />
    <label:label xlink:type="resource" xlink:label="label_eba_c20606" xml:lang="en" xlink:role="http://www.eurofiling.info/xbrl/role/rc-code">370</label:label>
    <gen:arc xlink:type="arc" xlink:arcrole="http://xbrl.org/arcrole/2008/element-label" xlink:from="loc_eba_c20606" xlink:to="label_eba_c20606" />
    <link:loc xlink:type="locator" xlink:href="c_18.00-rend.xml#eba_c20607" xlink:label="loc_eba_c20607" />
    <label:label xlink:type="resource" xlink:label="label_eba_c20607" xml:lang="en" xlink:role="http://www.eurofiling.info/xbrl/role/rc-code">380</label:label>
    <gen:arc xlink:type="arc" xlink:arcrole="http://xbrl.org/arcrole/2008/element-label" xlink:from="loc_eba_c20607" xlink:to="label_eba_c20607" />
    <link:loc xlink:type="locator" xlink:href="c_18.00-rend.xml#eba_c20608" xlink:label="loc_eba_c20608" />
    <label:label xlink:type="resource" xlink:label="label_eba_c20608" xml:lang="en" xlink:role="http://www.eurofiling.info/xbrl/role/rc-code">390</label:label>
    <gen:arc xlink:type="arc" xlink:arcrole="http://xbrl.org/arcrole/2008/element-label" xlink:from="loc_eba_c20608" xlink:to="label_eba_c20608" />
    <link:loc xlink:type="locator" xlink:href="c_18.00-rend.xml#eba_c20609" xlink:label="loc_eba_c20609" />
    <label:label xlink:type="resource" xlink:label="label_eba_c20609" xml:lang="en" xlink:role="http://www.eurofiling.info/xbrl/role/rc-code">001</label:label>
    <gen:arc xlink:type="arc" xlink:arcrole="http://xbrl.org/arcrole/2008/element-label" xlink:from="loc_eba_c20609" xlink:to="label_eba_c20609" />
    <link:loc xlink:type="locator" xlink:href="c_18.00-rend.xml#eba_c20610" xlink:label="loc_eba_c20610" />
    <label:label xlink:type="resource" xlink:label="label_eba_c20610" xml:lang="en" xlink:role="http://www.eurofiling.info/xbrl/role/rc-code">002</label:label>
    <gen:arc xlink:type="arc" xlink:arcrole="http://xbrl.org/arcrole/2008/element-label" xlink:from="loc_eba_c20610" xlink:to="label_eba_c20610" />
    <link:loc xlink:type="locator" xlink:href="c_18.00-rend.xml#eba_c20611" xlink:label="loc_eba_c20611" />
    <label:label xlink:type="resource" xlink:label="label_eba_c20611" xml:lang="en" xlink:role="http://www.eurofiling.info/xbrl/role/rc-code">003</label:label>
    <gen:arc xlink:type="arc" xlink:arcrole="http://xbrl.org/arcrole/2008/element-label" xlink:from="loc_eba_c20611" xlink:to="label_eba_c20611" />
    <link:loc xlink:type="locator" xlink:href="c_18.00-rend.xml#eba_c20612" xlink:label="loc_eba_c20612" />
    <label:label xlink:type="resource" xlink:label="label_eba_c20612" xml:lang="en" xlink:role="http://www.eurofiling.info/xbrl/role/rc-code">004</label:label>
    <gen:arc xlink:type="arc" xlink:arcrole="http://xbrl.org/arcrole/2008/element-label" xlink:from="loc_eba_c20612" xlink:to="label_eba_c20612" />
    <link:loc xlink:type="locator" xlink:href="c_18.00-rend.xml#eba_c20613" xlink:label="loc_eba_c20613" />
    <label:label xlink:type="resource" xlink:label="label_eba_c20613" xml:lang="en" xlink:role="http://www.eurofiling.info/xbrl/role/rc-code">005</label:label>
    <gen:arc xlink:type="arc" xlink:arcrole="http://xbrl.org/arcrole/2008/element-label" xlink:from="loc_eba_c20613" xlink:to="label_eba_c20613" />
    <link:loc xlink:type="locator" xlink:href="c_18.00-rend.xml#eba_c20614" xlink:label="loc_eba_c20614" />
    <label:label xlink:type="resource" xlink:label="label_eba_c20614" xml:lang="en" xlink:role="http://www.eurofiling.info/xbrl/role/rc-code">006</label:label>
    <gen:arc xlink:type="arc" xlink:arcrole="http://xbrl.org/arcrole/2008/element-label" xlink:from="loc_eba_c20614" xlink:to="label_eba_c20614" />
    <link:loc xlink:type="locator" xlink:href="c_18.00-rend.xml#eba_c20615" xlink:label="loc_eba_c20615" />
    <label:label xlink:type="resource" xlink:label="label_eba_c20615" xml:lang="en" xlink:role="http://www.eurofiling.info/xbrl/role/rc-code">007</label:label>
    <gen:arc xlink:type="arc" xlink:arcrole="http://xbrl.org/arcrole/2008/element-label" xlink:from="loc_eba_c20615" xlink:to="label_eba_c20615" />
    <link:loc xlink:type="locator" xlink:href="c_18.00-rend.xml#eba_c20616" xlink:label="loc_eba_c20616" />
    <label:label xlink:type="resource" xlink:label="label_eba_c20616" xml:lang="en" xlink:role="http://www.eurofiling.info/xbrl/role/rc-code">008</label:label>
    <gen:arc xlink:type="arc" xlink:arcrole="http://xbrl.org/arcrole/2008/element-label" xlink:from="loc_eba_c20616" xlink:to="label_eba_c20616" />
    <link:loc xlink:type="locator" xlink:href="c_18.00-rend.xml#eba_c20617" xlink:label="loc_eba_c20617" />
    <label:label xlink:type="resource" xlink:label="label_eba_c20617" xml:lang="en" xlink:role="http://www.eurofiling.info/xbrl/role/rc-code">009</label:label>
    <gen:arc xlink:type="arc" xlink:arcrole="http://xbrl.org/arcrole/2008/element-label" xlink:from="loc_eba_c20617" xlink:to="label_eba_c20617" />
    <link:loc xlink:type="locator" xlink:href="c_18.00-rend.xml#eba_c20618" xlink:label="loc_eba_c20618" />
    <label:label xlink:type="resource" xlink:label="label_eba_c20618" xml:lang="en" xlink:role="http://www.eurofiling.info/xbrl/role/rc-code">010</label:label>
    <gen:arc xlink:type="arc" xlink:arcrole="http://xbrl.org/arcrole/2008/element-label" xlink:from="loc_eba_c20618" xlink:to="label_eba_c20618" />
    <link:loc xlink:type="locator" xlink:href="c_18.00-rend.xml#eba_c20619" xlink:label="loc_eba_c20619" />
    <label:label xlink:type="resource" xlink:label="label_eba_c20619" xml:lang="en" xlink:role="http://www.eurofiling.info/xbrl/role/rc-code">011</label:label>
    <gen:arc xlink:type="arc" xlink:arcrole="http://xbrl.org/arcrole/2008/element-label" xlink:from="loc_eba_c20619" xlink:to="label_eba_c20619" />
    <link:loc xlink:type="locator" xlink:href="c_18.00-rend.xml#eba_c20620" xlink:label="loc_eba_c20620" />
    <label:label xlink:type="resource" xlink:label="label_eba_c20620" xml:lang="en" xlink:role="http://www.eurofiling.info/xbrl/role/rc-code">012</label:label>
    <gen:arc xlink:type="arc" xlink:arcrole="http://xbrl.org/arcrole/2008/element-label" xlink:from="loc_eba_c20620" xlink:to="label_eba_c20620" />
    <link:loc xlink:type="locator" xlink:href="c_18.00-rend.xml#eba_c20621" xlink:label="loc_eba_c20621" />
    <label:label xlink:type="resource" xlink:label="label_eba_c20621" xml:lang="en" xlink:role="http://www.eurofiling.info/xbrl/role/rc-code">013</label:label>
    <gen:arc xlink:type="arc" xlink:arcrole="http://xbrl.org/arcrole/2008/element-label" xlink:from="loc_eba_c20621" xlink:to="label_eba_c20621" />
    <link:loc xlink:type="locator" xlink:href="c_18.00-rend.xml#eba_c20622" xlink:label="loc_eba_c20622" />
    <label:label xlink:type="resource" xlink:label="label_eba_c20622" xml:lang="en" xlink:role="http://www.eurofiling.info/xbrl/role/rc-code">014</label:label>
    <gen:arc xlink:type="arc" xlink:arcrole="http://xbrl.org/arcrole/2008/element-label" xlink:from="loc_eba_c20622" xlink:to="label_eba_c20622" />
    <link:loc xlink:type="locator" xlink:href="c_18.00-rend.xml#eba_c20623" xlink:label="loc_eba_c20623" />
    <label:label xlink:type="resource" xlink:label="label_eba_c20623" xml:lang="en" xlink:role="http://www.eurofiling.info/xbrl/role/rc-code">015</label:label>
    <gen:arc xlink:type="arc" xlink:arcrole="http://xbrl.org/arcrole/2008/element-label" xlink:from="loc_eba_c20623" xlink:to="label_eba_c20623" />
    <link:loc xlink:type="locator" xlink:href="c_18.00-rend.xml#eba_c20624" xlink:label="loc_eba_c20624" />
    <label:label xlink:type="resource" xlink:label="label_eba_c20624" xml:lang="en" xlink:role="http://www.eurofiling.info/xbrl/role/rc-code">016</label:label>
    <gen:arc xlink:type="arc" xlink:arcrole="http://xbrl.org/arcrole/2008/element-label" xlink:from="loc_eba_c20624" xlink:to="label_eba_c20624" />
    <link:loc xlink:type="locator" xlink:href="c_18.00-rend.xml#eba_c20625" xlink:label="loc_eba_c20625" />
    <label:label xlink:type="resource" xlink:label="label_eba_c20625" xml:lang="en" xlink:role="http://www.eurofiling.info/xbrl/role/rc-code">017</label:label>
    <gen:arc xlink:type="arc" xlink:arcrole="http://xbrl.org/arcrole/2008/element-label" xlink:from="loc_eba_c20625" xlink:to="label_eba_c20625" />
    <link:loc xlink:type="locator" xlink:href="c_18.00-rend.xml#eba_c20626" xlink:label="loc_eba_c20626" />
    <label:label xlink:type="resource" xlink:label="label_eba_c20626" xml:lang="en" xlink:role="http://www.eurofiling.info/xbrl/role/rc-code">018</label:label>
    <gen:arc xlink:type="arc" xlink:arcrole="http://xbrl.org/arcrole/2008/element-label" xlink:from="loc_eba_c20626" xlink:to="label_eba_c20626" />
    <link:loc xlink:type="locator" xlink:href="c_18.00-rend.xml#eba_c20627" xlink:label="loc_eba_c20627" />
    <label:label xlink:type="resource" xlink:label="label_eba_c20627" xml:lang="en" xlink:role="http://www.eurofiling.info/xbrl/role/rc-code">019</label:label>
    <gen:arc xlink:type="arc" xlink:arcrole="http://xbrl.org/arcrole/2008/element-label" xlink:from="loc_eba_c20627" xlink:to="label_eba_c20627" />
    <link:loc xlink:type="locator" xlink:href="c_18.00-rend.xml#eba_c20628" xlink:label="loc_eba_c20628" />
    <label:label xlink:type="resource" xlink:label="label_eba_c20628" xml:lang="en" xlink:role="http://www.eurofiling.info/xbrl/role/rc-code">020</label:label>
    <gen:arc xlink:type="arc" xlink:arcrole="http://xbrl.org/arcrole/2008/element-label" xlink:from="loc_eba_c20628" xlink:to="label_eba_c20628" />
    <link:loc xlink:type="locator" xlink:href="c_18.00-rend.xml#eba_c20629" xlink:label="loc_eba_c20629" />
    <label:label xlink:type="resource" xlink:label="label_eba_c20629" xml:lang="en" xlink:role="http://www.eurofiling.info/xbrl/role/rc-code">021</label:label>
    <gen:arc xlink:type="arc" xlink:arcrole="http://xbrl.org/arcrole/2008/element-label" xlink:from="loc_eba_c20629" xlink:to="label_eba_c20629" />
    <link:loc xlink:type="locator" xlink:href="c_18.00-rend.xml#eba_c20630" xlink:label="loc_eba_c20630" />
    <label:label xlink:type="resource" xlink:label="label_eba_c20630" xml:lang="en" xlink:role="http://www.eurofiling.info/xbrl/role/rc-code">022</label:label>
    <gen:arc xlink:type="arc" xlink:arcrole="http://xbrl.org/arcrole/2008/element-label" xlink:from="loc_eba_c20630" xlink:to="label_eba_c20630" />
    <link:loc xlink:type="locator" xlink:href="c_18.00-rend.xml#eba_c20631" xlink:label="loc_eba_c20631" />
    <label:label xlink:type="resource" xlink:label="label_eba_c20631" xml:lang="en" xlink:role="http://www.eurofiling.info/xbrl/role/rc-code">023</label:label>
    <gen:arc xlink:type="arc" xlink:arcrole="http://xbrl.org/arcrole/2008/element-label" xlink:from="loc_eba_c20631" xlink:to="label_eba_c20631" />
    <link:loc xlink:type="locator" xlink:href="c_18.00-rend.xml#eba_c20632" xlink:label="loc_eba_c20632" />
    <label:label xlink:type="resource" xlink:label="label_eba_c20632" xml:lang="en" xlink:role="http://www.eurofiling.info/xbrl/role/rc-code">024</label:label>
    <gen:arc xlink:type="arc" xlink:arcrole="http://xbrl.org/arcrole/2008/element-label" xlink:from="loc_eba_c20632" xlink:to="label_eba_c20632" />
    <link:loc xlink:type="locator" xlink:href="c_18.00-rend.xml#eba_c20633" xlink:label="loc_eba_c20633" />
    <label:label xlink:type="resource" xlink:label="label_eba_c20633" xml:lang="en" xlink:role="http://www.eurofiling.info/xbrl/role/rc-code">025</label:label>
    <gen:arc xlink:type="arc" xlink:arcrole="http://xbrl.org/arcrole/2008/element-label" xlink:from="loc_eba_c20633" xlink:to="label_eba_c20633" />
    <label:label xlink:type="resource" xlink:label="label_eba_tC_18.00_1" xml:lang="en" xlink:role="http://www.eurofiling.info/xbrl/role/filing-indicator-code">C_18.00</label:label>
    <gen:arc xlink:type="arc" xlink:arcrole="http://xbrl.org/arcrole/2008/element-label" xlink:from="loc_eba_tC_18.00" xlink:to="label_eba_tC_18.00_1" />
    <label:label xlink:type="resource" xlink:label="label_eba_tC_18.00_2" xml:lang="en" xlink:role="http://www.eba.europa.eu/xbrl/role/dpm-db-id">103</label:label>
    <gen:arc xlink:type="arc" xlink:arcrole="http://xbrl.org/arcrole/2008/element-label" xlink:from="loc_eba_tC_18.00" xlink:to="label_eba_tC_18.00_2" />
    <label:label xlink:type="resource" xlink:label="label_eba_c20554_1" xml:lang="en" xlink:role="http://www.eba.europa.eu/xbrl/role/dpm-db-id">20554</label:label>
    <gen:arc xlink:type="arc" xlink:arcrole="http://xbrl.org/arcrole/2008/element-label" xlink:from="loc_eba_c20554" xlink:to="label_eba_c20554_1" />
    <label:label xlink:type="resource" xlink:label="label_eba_c20555_1" xml:lang="en" xlink:role="http://www.eba.europa.eu/xbrl/role/dpm-db-id">20555</label:label>
    <gen:arc xlink:type="arc" xlink:arcrole="http://xbrl.org/arcrole/2008/element-label" xlink:from="loc_eba_c20555" xlink:to="label_eba_c20555_1" />
    <label:label xlink:type="resource" xlink:label="label_eba_c20556_1" xml:lang="en" xlink:role="http://www.eba.europa.eu/xbrl/role/dpm-db-id">20556</label:label>
    <gen:arc xlink:type="arc" xlink:arcrole="http://xbrl.org/arcrole/2008/element-label" xlink:from="loc_eba_c20556" xlink:to="label_eba_c20556_1" />
    <label:label xlink:type="resource" xlink:label="label_eba_c20557_1" xml:lang="en" xlink:role="http://www.eba.europa.eu/xbrl/role/dpm-db-id">20557</label:label>
    <gen:arc xlink:type="arc" xlink:arcrole="http://xbrl.org/arcrole/2008/element-label" xlink:from="loc_eba_c20557" xlink:to="label_eba_c20557_1" />
    <label:label xlink:type="resource" xlink:label="label_eba_c20558_1" xml:lang="en" xlink:role="http://www.eba.europa.eu/xbrl/role/dpm-db-id">20558</label:label>
    <gen:arc xlink:type="arc" xlink:arcrole="http://xbrl.org/arcrole/2008/element-label" xlink:from="loc_eba_c20558" xlink:to="label_eba_c20558_1" />
    <label:label xlink:type="resource" xlink:label="label_eba_c20559_1" xml:lang="en" xlink:role="http://www.eba.europa.eu/xbrl/role/dpm-db-id">20559</label:label>
    <gen:arc xlink:type="arc" xlink:arcrole="http://xbrl.org/arcrole/2008/element-label" xlink:from="loc_eba_c20559" xlink:to="label_eba_c20559_1" />
    <label:label xlink:type="resource" xlink:label="label_eba_c20560_1" xml:lang="en" xlink:role="http://www.eba.europa.eu/xbrl/role/dpm-db-id">20560</label:label>
    <gen:arc xlink:type="arc" xlink:arcrole="http://xbrl.org/arcrole/2008/element-label" xlink:from="loc_eba_c20560" xlink:to="label_eba_c20560_1" />
    <label:label xlink:type="resource" xlink:label="label_eba_c20561_1" xml:lang="en" xlink:role="http://www.eba.europa.eu/xbrl/role/dpm-db-id">20561</label:label>
    <gen:arc xlink:type="arc" xlink:arcrole="http://xbrl.org/arcrole/2008/element-label" xlink:from="loc_eba_c20561" xlink:to="label_eba_c20561_1" />
    <label:label xlink:type="resource" xlink:label="label_eba_c20562_1" xml:lang="en" xlink:role="http://www.eba.europa.eu/xbrl/role/dpm-db-id">20562</label:label>
    <gen:arc xlink:type="arc" xlink:arcrole="http://xbrl.org/arcrole/2008/element-label" xlink:from="loc_eba_c20562" xlink:to="label_eba_c20562_1" />
    <label:label xlink:type="resource" xlink:label="label_eba_c20563_1" xml:lang="en" xlink:role="http://www.eba.europa.eu/xbrl/role/dpm-db-id">20563</label:label>
    <gen:arc xlink:type="arc" xlink:arcrole="http://xbrl.org/arcrole/2008/element-label" xlink:from="loc_eba_c20563" xlink:to="label_eba_c20563_1" />
    <label:label xlink:type="resource" xlink:label="label_eba_c20564_1" xml:lang="en" xlink:role="http://www.eba.europa.eu/xbrl/role/dpm-db-id">20564</label:label>
    <gen:arc xlink:type="arc" xlink:arcrole="http://xbrl.org/arcrole/2008/element-label" xlink:from="loc_eba_c20564" xlink:to="label_eba_c20564_1" />
    <label:label xlink:type="resource" xlink:label="label_eba_c20565_1" xml:lang="en" xlink:role="http://www.eba.europa.eu/xbrl/role/dpm-db-id">20565</label:label>
    <gen:arc xlink:type="arc" xlink:arcrole="http://xbrl.org/arcrole/2008/element-label" xlink:from="loc_eba_c20565" xlink:to="label_eba_c20565_1" />
    <label:label xlink:type="resource" xlink:label="label_eba_c20566_1" xml:lang="en" xlink:role="http://www.eba.europa.eu/xbrl/role/dpm-db-id">20566</label:label>
    <gen:arc xlink:type="arc" xlink:arcrole="http://xbrl.org/arcrole/2008/element-label" xlink:from="loc_eba_c20566" xlink:to="label_eba_c20566_1" />
    <label:label xlink:type="resource" xlink:label="label_eba_c20567_1" xml:lang="en" xlink:role="http://www.eba.europa.eu/xbrl/role/dpm-db-id">20567</label:label>
    <gen:arc xlink:type="arc" xlink:arcrole="http://xbrl.org/arcrole/2008/element-label" xlink:from="loc_eba_c20567" xlink:to="label_eba_c20567_1" />
    <label:label xlink:type="resource" xlink:label="label_eba_c20568_1" xml:lang="en" xlink:role="http://www.eba.europa.eu/xbrl/role/dpm-db-id">20568</label:label>
    <gen:arc xlink:type="arc" xlink:arcrole="http://xbrl.org/arcrole/2008/element-label" xlink:from="loc_eba_c20568" xlink:to="label_eba_c20568_1" />
    <label:label xlink:type="resource" xlink:label="label_eba_c20569_1" xml:lang="en" xlink:role="http://www.eba.europa.eu/xbrl/role/dpm-db-id">20569</label:label>
    <gen:arc xlink:type="arc" xlink:arcrole="http://xbrl.org/arcrole/2008/element-label" xlink:from="loc_eba_c20569" xlink:to="label_eba_c20569_1" />
    <label:label xlink:type="resource" xlink:label="label_eba_c20570_1" xml:lang="en" xlink:role="http://www.eba.europa.eu/xbrl/role/dpm-db-id">20570</label:label>
    <gen:arc xlink:type="arc" xlink:arcrole="http://xbrl.org/arcrole/2008/element-label" xlink:from="loc_eba_c20570" xlink:to="label_eba_c20570_1" />
    <label:label xlink:type="resource" xlink:label="label_eba_c20571_1" xml:lang="en" xlink:role="http://www.eba.europa.eu/xbrl/role/dpm-db-id">20571</label:label>
    <gen:arc xlink:type="arc" xlink:arcrole="http://xbrl.org/arcrole/2008/element-label" xlink:from="loc_eba_c20571" xlink:to="label_eba_c20571_1" />
    <label:label xlink:type="resource" xlink:label="label_eba_c20572_1" xml:lang="en" xlink:role="http://www.eba.europa.eu/xbrl/role/dpm-db-id">20572</label:label>
    <gen:arc xlink:type="arc" xlink:arcrole="http://xbrl.org/arcrole/2008/element-label" xlink:from="loc_eba_c20572" xlink:to="label_eba_c20572_1" />
    <label:label xlink:type="resource" xlink:label="label_eba_c20573_1" xml:lang="en" xlink:role="http://www.eba.europa.eu/xbrl/role/dpm-db-id">20573</label:label>
    <gen:arc xlink:type="arc" xlink:arcrole="http://xbrl.org/arcrole/2008/element-label" xlink:from="loc_eba_c20573" xlink:to="label_eba_c20573_1" />
    <label:label xlink:type="resource" xlink:label="label_eba_c20574_1" xml:lang="en" xlink:role="http://www.eba.europa.eu/xbrl/role/dpm-db-id">20574</label:label>
    <gen:arc xlink:type="arc" xlink:arcrole="http://xbrl.org/arcrole/2008/element-label" xlink:from="loc_eba_c20574" xlink:to="label_eba_c20574_1" />
    <label:label xlink:type="resource" xlink:label="label_eba_c20575_1" xml:lang="en" xlink:role="http://www.eba.europa.eu/xbrl/role/dpm-db-id">20575</label:label>
    <gen:arc xlink:type="arc" xlink:arcrole="http://xbrl.org/arcrole/2008/element-label" xlink:from="loc_eba_c20575" xlink:to="label_eba_c20575_1" />
    <label:label xlink:type="resource" xlink:label="label_eba_c20576_1" xml:lang="en" xlink:role="http://www.eba.europa.eu/xbrl/role/dpm-db-id">20576</label:label>
    <gen:arc xlink:type="arc" xlink:arcrole="http://xbrl.org/arcrole/2008/element-label" xlink:from="loc_eba_c20576" xlink:to="label_eba_c20576_1" />
    <label:label xlink:type="resource" xlink:label="label_eba_c20577_1" xml:lang="en" xlink:role="http://www.eba.europa.eu/xbrl/role/dpm-db-id">20577</label:label>
    <gen:arc xlink:type="arc" xlink:arcrole="http://xbrl.org/arcrole/2008/element-label" xlink:from="loc_eba_c20577" xlink:to="label_eba_c20577_1" />
    <label:label xlink:type="resource" xlink:label="label_eba_c20578_1" xml:lang="en" xlink:role="http://www.eba.europa.eu/xbrl/role/dpm-db-id">20578</label:label>
    <gen:arc xlink:type="arc" xlink:arcrole="http://xbrl.org/arcrole/2008/element-label" xlink:from="loc_eba_c20578" xlink:to="label_eba_c20578_1" />
    <label:label xlink:type="resource" xlink:label="label_eba_c20579_1" xml:lang="en" xlink:role="http://www.eba.europa.eu/xbrl/role/dpm-db-id">20579</label:label>
    <gen:arc xlink:type="arc" xlink:arcrole="http://xbrl.org/arcrole/2008/element-label" xlink:from="loc_eba_c20579" xlink:to="label_eba_c20579_1" />
    <label:label xlink:type="resource" xlink:label="label_eba_c20580_1" xml:lang="en" xlink:role="http://www.eba.europa.eu/xbrl/role/dpm-db-id">20580</label:label>
    <gen:arc xlink:type="arc" xlink:arcrole="http://xbrl.org/arcrole/2008/element-label" xlink:from="loc_eba_c20580" xlink:to="label_eba_c20580_1" />
    <label:label xlink:type="resource" xlink:label="label_eba_c20581_1" xml:lang="en" xlink:role="http://www.eba.europa.eu/xbrl/role/dpm-db-id">20581</label:label>
    <gen:arc xlink:type="arc" xlink:arcrole="http://xbrl.org/arcrole/2008/element-label" xlink:from="loc_eba_c20581" xlink:to="label_eba_c20581_1" />
    <label:label xlink:type="resource" xlink:label="label_eba_c20582_1" xml:lang="en" xlink:role="http://www.eba.europa.eu/xbrl/role/dpm-db-id">20582</label:label>
    <gen:arc xlink:type="arc" xlink:arcrole="http://xbrl.org/arcrole/2008/element-label" xlink:from="loc_eba_c20582" xlink:to="label_eba_c20582_1" />
    <label:label xlink:type="resource" xlink:label="label_eba_c20583_1" xml:lang="en" xlink:role="http://www.eba.europa.eu/xbrl/role/dpm-db-id">20583</label:label>
    <gen:arc xlink:type="arc" xlink:arcrole="http://xbrl.org/arcrole/2008/element-label" xlink:from="loc_eba_c20583" xlink:to="label_eba_c20583_1" />
    <label:label xlink:type="resource" xlink:label="label_eba_c20584_1" xml:lang="en" xlink:role="http://www.eba.europa.eu/xbrl/role/dpm-db-id">20584</label:label>
    <gen:arc xlink:type="arc" xlink:arcrole="http://xbrl.org/arcrole/2008/element-label" xlink:from="loc_eba_c20584" xlink:to="label_eba_c20584_1" />
    <label:label xlink:type="resource" xlink:label="label_eba_c20585_1" xml:lang="en" xlink:role="http://www.eba.europa.eu/xbrl/role/dpm-db-id">20585</label:label>
    <gen:arc xlink:type="arc" xlink:arcrole="http://xbrl.org/arcrole/2008/element-label" xlink:from="loc_eba_c20585" xlink:to="label_eba_c20585_1" />
    <label:label xlink:type="resource" xlink:label="label_eba_c20586_1" xml:lang="en" xlink:role="http://www.eba.europa.eu/xbrl/role/dpm-db-id">20586</label:label>
    <gen:arc xlink:type="arc" xlink:arcrole="http://xbrl.org/arcrole/2008/element-label" xlink:from="loc_eba_c20586" xlink:to="label_eba_c20586_1" />
    <label:label xlink:type="resource" xlink:label="label_eba_c20587_1" xml:lang="en" xlink:role="http://www.eba.europa.eu/xbrl/role/dpm-db-id">20587</label:label>
    <gen:arc xlink:type="arc" xlink:arcrole="http://xbrl.org/arcrole/2008/element-label" xlink:from="loc_eba_c20587" xlink:to="label_eba_c20587_1" />
    <label:label xlink:type="resource" xlink:label="label_eba_c20588_1" xml:lang="en" xlink:role="http://www.eba.europa.eu/xbrl/role/dpm-db-id">20588</label:label>
    <gen:arc xlink:type="arc" xlink:arcrole="http://xbrl.org/arcrole/2008/element-label" xlink:from="loc_eba_c20588" xlink:to="label_eba_c20588_1" />
    <label:label xlink:type="resource" xlink:label="label_eba_c20589_1" xml:lang="en" xlink:role="http://www.eba.europa.eu/xbrl/role/dpm-db-id">20589</label:label>
    <gen:arc xlink:type="arc" xlink:arcrole="http://xbrl.org/arcrole/2008/element-label" xlink:from="loc_eba_c20589" xlink:to="label_eba_c20589_1" />
    <label:label xlink:type="resource" xlink:label="label_eba_c20590_1" xml:lang="en" xlink:role="http://www.eba.europa.eu/xbrl/role/dpm-db-id">20590</label:label>
    <gen:arc xlink:type="arc" xlink:arcrole="http://xbrl.org/arcrole/2008/element-label" xlink:from="loc_eba_c20590" xlink:to="label_eba_c20590_1" />
    <label:label xlink:type="resource" xlink:label="label_eba_c20591_1" xml:lang="en" xlink:role="http://www.eba.europa.eu/xbrl/role/dpm-db-id">20591</label:label>
    <gen:arc xlink:type="arc" xlink:arcrole="http://xbrl.org/arcrole/2008/element-label" xlink:from="loc_eba_c20591" xlink:to="label_eba_c20591_1" />
    <label:label xlink:type="resource" xlink:label="label_eba_c20592_1" xml:lang="en" xlink:role="http://www.eba.europa.eu/xbrl/role/dpm-db-id">20592</label:label>
    <gen:arc xlink:type="arc" xlink:arcrole="http://xbrl.org/arcrole/2008/element-label" xlink:from="loc_eba_c20592" xlink:to="label_eba_c20592_1" />
    <label:label xlink:type="resource" xlink:label="label_eba_c20593_1" xml:lang="en" xlink:role="http://www.eba.europa.eu/xbrl/role/dpm-db-id">20593</label:label>
    <gen:arc xlink:type="arc" xlink:arcrole="http://xbrl.org/arcrole/2008/element-label" xlink:from="loc_eba_c20593" xlink:to="label_eba_c20593_1" />
    <label:label xlink:type="resource" xlink:label="label_eba_c20594_1" xml:lang="en" xlink:role="http://www.eba.europa.eu/xbrl/role/dpm-db-id">20594</label:label>
    <gen:arc xlink:type="arc" xlink:arcrole="http://xbrl.org/arcrole/2008/element-label" xlink:from="loc_eba_c20594" xlink:to="label_eba_c20594_1" />
    <label:label xlink:type="resource" xlink:label="label_eba_c20595_1" xml:lang="en" xlink:role="http://www.eba.europa.eu/xbrl/role/dpm-db-id">20595</label:label>
    <gen:arc xlink:type="arc" xlink:arcrole="http://xbrl.org/arcrole/2008/element-label" xlink:from="loc_eba_c20595" xlink:to="label_eba_c20595_1" />
    <label:label xlink:type="resource" xlink:label="label_eba_c20596_1" xml:lang="en" xlink:role="http://www.eba.europa.eu/xbrl/role/dpm-db-id">20596</label:label>
    <gen:arc xlink:type="arc" xlink:arcrole="http://xbrl.org/arcrole/2008/element-label" xlink:from="loc_eba_c20596" xlink:to="label_eba_c20596_1" />
    <label:label xlink:type="resource" xlink:label="label_eba_c20597_1" xml:lang="en" xlink:role="http://www.eba.europa.eu/xbrl/role/dpm-db-id">20597</label:label>
    <gen:arc xlink:type="arc" xlink:arcrole="http://xbrl.org/arcrole/2008/element-label" xlink:from="loc_eba_c20597" xlink:to="label_eba_c20597_1" />
    <label:label xlink:type="resource" xlink:label="label_eba_c20598_1" xml:lang="en" xlink:role="http://www.eba.europa.eu/xbrl/role/dpm-db-id">20598</label:label>
    <gen:arc xlink:type="arc" xlink:arcrole="http://xbrl.org/arcrole/2008/element-label" xlink:from="loc_eba_c20598" xlink:to="label_eba_c20598_1" />
    <label:label xlink:type="resource" xlink:label="label_eba_c20599_1" xml:lang="en" xlink:role="http://www.eba.europa.eu/xbrl/role/dpm-db-id">20599</label:label>
    <gen:arc xlink:type="arc" xlink:arcrole="http://xbrl.org/arcrole/2008/element-label" xlink:from="loc_eba_c20599" xlink:to="label_eba_c20599_1" />
    <label:label xlink:type="resource" xlink:label="label_eba_c20600_1" xml:lang="en" xlink:role="http://www.eba.europa.eu/xbrl/role/dpm-db-id">20600</label:label>
    <gen:arc xlink:type="arc" xlink:arcrole="http://xbrl.org/arcrole/2008/element-label" xlink:from="loc_eba_c20600" xlink:to="label_eba_c20600_1" />
    <label:label xlink:type="resource" xlink:label="label_eba_c20601_1" xml:lang="en" xlink:role="http://www.eba.europa.eu/xbrl/role/dpm-db-id">20601</label:label>
    <gen:arc xlink:type="arc" xlink:arcrole="http://xbrl.org/arcrole/2008/element-label" xlink:from="loc_eba_c20601" xlink:to="label_eba_c20601_1" />
    <label:label xlink:type="resource" xlink:label="label_eba_c20602_1" xml:lang="en" xlink:role="http://www.eba.europa.eu/xbrl/role/dpm-db-id">20602</label:label>
    <gen:arc xlink:type="arc" xlink:arcrole="http://xbrl.org/arcrole/2008/element-label" xlink:from="loc_eba_c20602" xlink:to="label_eba_c20602_1" />
    <label:label xlink:type="resource" xlink:label="label_eba_c20603_1" xml:lang="en" xlink:role="http://www.eba.europa.eu/xbrl/role/dpm-db-id">20603</label:label>
    <gen:arc xlink:type="arc" xlink:arcrole="http://xbrl.org/arcrole/2008/element-label" xlink:from="loc_eba_c20603" xlink:to="label_eba_c20603_1" />
    <label:label xlink:type="resource" xlink:label="label_eba_c20604_1" xml:lang="en" xlink:role="http://www.eba.europa.eu/xbrl/role/dpm-db-id">20604</label:label>
    <gen:arc xlink:type="arc" xlink:arcrole="http://xbrl.org/arcrole/2008/element-label" xlink:from="loc_eba_c20604" xlink:to="label_eba_c20604_1" />
    <label:label xlink:type="resource" xlink:label="label_eba_c20605_1" xml:lang="en" xlink:role="http://www.eba.europa.eu/xbrl/role/dpm-db-id">20605</label:label>
    <gen:arc xlink:type="arc" xlink:arcrole="http://xbrl.org/arcrole/2008/element-label" xlink:from="loc_eba_c20605" xlink:to="label_eba_c20605_1" />
    <label:label xlink:type="resource" xlink:label="label_eba_c20606_1" xml:lang="en" xlink:role="http://www.eba.europa.eu/xbrl/role/dpm-db-id">20606</label:label>
    <gen:arc xlink:type="arc" xlink:arcrole="http://xbrl.org/arcrole/2008/element-label" xlink:from="loc_eba_c20606" xlink:to="label_eba_c20606_1" />
    <label:label xlink:type="resource" xlink:label="label_eba_c20607_1" xml:lang="en" xlink:role="http://www.eba.europa.eu/xbrl/role/dpm-db-id">20607</label:label>
    <gen:arc xlink:type="arc" xlink:arcrole="http://xbrl.org/arcrole/2008/element-label" xlink:from="loc_eba_c20607" xlink:to="label_eba_c20607_1" />
    <label:label xlink:type="resource" xlink:label="label_eba_c20608_1" xml:lang="en" xlink:role="http://www.eba.europa.eu/xbrl/role/dpm-db-id">20608</label:label>
    <gen:arc xlink:type="arc" xlink:arcrole="http://xbrl.org/arcrole/2008/element-label" xlink:from="loc_eba_c20608" xlink:to="label_eba_c20608_1" />
    <label:label xlink:type="resource" xlink:label="label_eba_c20609_1" xml:lang="en" xlink:role="http://www.eba.europa.eu/xbrl/role/dpm-db-id">20609</label:label>
    <gen:arc xlink:type="arc" xlink:arcrole="http://xbrl.org/arcrole/2008/element-label" xlink:from="loc_eba_c20609" xlink:to="label_eba_c20609_1" />
    <label:label xlink:type="resource" xlink:label="label_eba_c20610_1" xml:lang="en" xlink:role="http://www.eba.europa.eu/xbrl/role/dpm-db-id">20610</label:label>
    <gen:arc xlink:type="arc" xlink:arcrole="http://xbrl.org/arcrole/2008/element-label" xlink:from="loc_eba_c20610" xlink:to="label_eba_c20610_1" />
    <label:label xlink:type="resource" xlink:label="label_eba_c20611_1" xml:lang="en" xlink:role="http://www.eba.europa.eu/xbrl/role/dpm-db-id">20611</label:label>
    <gen:arc xlink:type="arc" xlink:arcrole="http://xbrl.org/arcrole/2008/element-label" xlink:from="loc_eba_c20611" xlink:to="label_eba_c20611_1" />
    <label:label xlink:type="resource" xlink:label="label_eba_c20612_1" xml:lang="en" xlink:role="http://www.eba.europa.eu/xbrl/role/dpm-db-id">20612</label:label>
    <gen:arc xlink:type="arc" xlink:arcrole="http://xbrl.org/arcrole/2008/element-label" xlink:from="loc_eba_c20612" xlink:to="label_eba_c20612_1" />
    <label:label xlink:type="resource" xlink:label="label_eba_c20613_1" xml:lang="en" xlink:role="http://www.eba.europa.eu/xbrl/role/dpm-db-id">20613</label:label>
    <gen:arc xlink:type="arc" xlink:arcrole="http://xbrl.org/arcrole/2008/element-label" xlink:from="loc_eba_c20613" xlink:to="label_eba_c20613_1" />
    <label:label xlink:type="resource" xlink:label="label_eba_c20614_1" xml:lang="en" xlink:role="http://www.eba.europa.eu/xbrl/role/dpm-db-id">20614</label:label>
    <gen:arc xlink:type="arc" xlink:arcrole="http://xbrl.org/arcrole/2008/element-label" xlink:from="loc_eba_c20614" xlink:to="label_eba_c20614_1" />
    <label:label xlink:type="resource" xlink:label="label_eba_c20615_1" xml:lang="en" xlink:role="http://www.eba.europa.eu/xbrl/role/dpm-db-id">20615</label:label>
    <gen:arc xlink:type="arc" xlink:arcrole="http://xbrl.org/arcrole/2008/element-label" xlink:from="loc_eba_c20615" xlink:to="label_eba_c20615_1" />
    <label:label xlink:type="resource" xlink:label="label_eba_c20616_1" xml:lang="en" xlink:role="http://www.eba.europa.eu/xbrl/role/dpm-db-id">20616</label:label>
    <gen:arc xlink:type="arc" xlink:arcrole="http://xbrl.org/arcrole/2008/element-label" xlink:from="loc_eba_c20616" xlink:to="label_eba_c20616_1" />
    <label:label xlink:type="resource" xlink:label="label_eba_c20617_1" xml:lang="en" xlink:role="http://www.eba.europa.eu/xbrl/role/dpm-db-id">20617</label:label>
    <gen:arc xlink:type="arc" xlink:arcrole="http://xbrl.org/arcrole/2008/element-label" xlink:from="loc_eba_c20617" xlink:to="label_eba_c20617_1" />
    <label:label xlink:type="resource" xlink:label="label_eba_c20618_1" xml:lang="en" xlink:role="http://www.eba.europa.eu/xbrl/role/dpm-db-id">20618</label:label>
    <gen:arc xlink:type="arc" xlink:arcrole="http://xbrl.org/arcrole/2008/element-label" xlink:from="loc_eba_c20618" xlink:to="label_eba_c20618_1" />
    <label:label xlink:type="resource" xlink:label="label_eba_c20619_1" xml:lang="en" xlink:role="http://www.eba.europa.eu/xbrl/role/dpm-db-id">20619</label:label>
    <gen:arc xlink:type="arc" xlink:arcrole="http://xbrl.org/arcrole/2008/element-label" xlink:from="loc_eba_c20619" xlink:to="label_eba_c20619_1" />
    <label:label xlink:type="resource" xlink:label="label_eba_c20620_1" xml:lang="en" xlink:role="http://www.eba.europa.eu/xbrl/role/dpm-db-id">20620</label:label>
    <gen:arc xlink:type="arc" xlink:arcrole="http://xbrl.org/arcrole/2008/element-label" xlink:from="loc_eba_c20620" xlink:to="label_eba_c20620_1" />
    <label:label xlink:type="resource" xlink:label="label_eba_c20621_1" xml:lang="en" xlink:role="http://www.eba.europa.eu/xbrl/role/dpm-db-id">20621</label:label>
    <gen:arc xlink:type="arc" xlink:arcrole="http://xbrl.org/arcrole/2008/element-label" xlink:from="loc_eba_c20621" xlink:to="label_eba_c20621_1" />
    <label:label xlink:type="resource" xlink:label="label_eba_c20622_1" xml:lang="en" xlink:role="http://www.eba.europa.eu/xbrl/role/dpm-db-id">20622</label:label>
    <gen:arc xlink:type="arc" xlink:arcrole="http://xbrl.org/arcrole/2008/element-label" xlink:from="loc_eba_c20622" xlink:to="label_eba_c20622_1" />
    <label:label xlink:type="resource" xlink:label="label_eba_c20623_1" xml:lang="en" xlink:role="http://www.eba.europa.eu/xbrl/role/dpm-db-id">20623</label:label>
    <gen:arc xlink:type="arc" xlink:arcrole="http://xbrl.org/arcrole/2008/element-label" xlink:from="loc_eba_c20623" xlink:to="label_eba_c20623_1" />
    <label:label xlink:type="resource" xlink:label="label_eba_c20624_1" xml:lang="en" xlink:role="http://www.eba.europa.eu/xbrl/role/dpm-db-id">20624</label:label>
    <gen:arc xlink:type="arc" xlink:arcrole="http://xbrl.org/arcrole/2008/element-label" xlink:from="loc_eba_c20624" xlink:to="label_eba_c20624_1" />
    <label:label xlink:type="resource" xlink:label="label_eba_c20625_1" xml:lang="en" xlink:role="http://www.eba.europa.eu/xbrl/role/dpm-db-id">20625</label:label>
    <gen:arc xlink:type="arc" xlink:arcrole="http://xbrl.org/arcrole/2008/element-label" xlink:from="loc_eba_c20625" xlink:to="label_eba_c20625_1" />
    <label:label xlink:type="resource" xlink:label="label_eba_c20626_1" xml:lang="en" xlink:role="http://www.eba.europa.eu/xbrl/role/dpm-db-id">20626</label:label>
    <gen:arc xlink:type="arc" xlink:arcrole="http://xbrl.org/arcrole/2008/element-label" xlink:from="loc_eba_c20626" xlink:to="label_eba_c20626_1" />
    <label:label xlink:type="resource" xlink:label="label_eba_c20627_1" xml:lang="en" xlink:role="http://www.eba.europa.eu/xbrl/role/dpm-db-id">20627</label:label>
    <gen:arc xlink:type="arc" xlink:arcrole="http://xbrl.org/arcrole/2008/element-label" xlink:from="loc_eba_c20627" xlink:to="label_eba_c20627_1" />
    <label:label xlink:type="resource" xlink:label="label_eba_c20628_1" xml:lang="en" xlink:role="http://www.eba.europa.eu/xbrl/role/dpm-db-id">20628</label:label>
    <gen:arc xlink:type="arc" xlink:arcrole="http://xbrl.org/arcrole/2008/element-label" xlink:from="loc_eba_c20628" xlink:to="label_eba_c20628_1" />
    <label:label xlink:type="resource" xlink:label="label_eba_c20629_1" xml:lang="en" xlink:role="http://www.eba.europa.eu/xbrl/role/dpm-db-id">20629</label:label>
    <gen:arc xlink:type="arc" xlink:arcrole="http://xbrl.org/arcrole/2008/element-label" xlink:from="loc_eba_c20629" xlink:to="label_eba_c20629_1" />
    <label:label xlink:type="resource" xlink:label="label_eba_c20630_1" xml:lang="en" xlink:role="http://www.eba.europa.eu/xbrl/role/dpm-db-id">20630</label:label>
    <gen:arc xlink:type="arc" xlink:arcrole="http://xbrl.org/arcrole/2008/element-label" xlink:from="loc_eba_c20630" xlink:to="label_eba_c20630_1" />
    <label:label xlink:type="resource" xlink:label="label_eba_c20631_1" xml:lang="en" xlink:role="http://www.eba.europa.eu/xbrl/role/dpm-db-id">20631</label:label>
    <gen:arc xlink:type="arc" xlink:arcrole="http://xbrl.org/arcrole/2008/element-label" xlink:from="loc_eba_c20631" xlink:to="label_eba_c20631_1" />
    <label:label xlink:type="resource" xlink:label="label_eba_c20632_1" xml:lang="en" xlink:role="http://www.eba.europa.eu/xbrl/role/dpm-db-id">20632</label:label>
    <gen:arc xlink:type="arc" xlink:arcrole="http://xbrl.org/arcrole/2008/element-label" xlink:from="loc_eba_c20632" xlink:to="label_eba_c20632_1" />
    <label:label xlink:type="resource" xlink:label="label_eba_c20633_1" xml:lang="en" xlink:role="http://www.eba.europa.eu/xbrl/role/dpm-db-id">20633</label:label>
    <gen:arc xlink:type="arc" xlink:arcrole="http://xbrl.org/arcrole/2008/element-label" xlink:from="loc_eba_c20633" xlink:to="label_eba_c20633_1" />
  </gen:link>
</link:linkbase>