﻿<?xml version="1.0" encoding="utf-8"?>
<?taxonomy-version 2.0.0?>
<!--(C) EBA-->
<link:linkbase xmlns:xsi="http://www.w3.org/2001/XMLSchema-instance" xmlns:xlink="http://www.w3.org/1999/xlink" xmlns:link="http://www.xbrl.org/2003/linkbase" xmlns:gen="http://xbrl.org/2008/generic" xmlns:label="http://xbrl.org/2008/label" xsi:schemaLocation="http://www.xbrl.org/2003/linkbase http://www.xbrl.org/2003/xbrl-linkbase-2003-12-31.xsd http://xbrl.org/2008/generic http://www.xbrl.org/2008/generic-link.xsd http://xbrl.org/2008/label http://www.xbrl.org/2008/generic-label.xsd">
  <link:arcroleRef arcroleURI="http://xbrl.org/arcrole/2008/element-label" xlink:type="simple" xlink:href="http://www.xbrl.org/2008/generic-label.xsd#element-label" />
  <link:roleRef roleURI="http://www.xbrl.org/2008/role/label" xlink:type="simple" xlink:href="http://www.xbrl.org/2008/generic-label.xsd#standard-label" />
  <link:roleRef roleURI="http://www.xbrl.org/2008/role/verboseLabel" xlink:type="simple" xlink:href="http://www.xbrl.org/2008/generic-label.xsd#verbose-label" />
  <gen:link xlink:type="extended" xlink:role="http://www.xbrl.org/2003/role/link">
    <link:loc xlink:type="locator" xlink:href="c_17.00.b-rend.xml#eba_tC_17.00.b" xlink:label="loc_eba_tC_17.00.b" />
    <label:label xlink:type="resource" xlink:label="label_eba_tC_17.00.b" xml:lang="en" xlink:role="http://www.xbrl.org/2008/role/label">C 17.00.b (OPR Details)</label:label>
    <gen:arc xlink:type="arc" xlink:arcrole="http://xbrl.org/arcrole/2008/element-label" xlink:from="loc_eba_tC_17.00.b" xlink:to="label_eba_tC_17.00.b" />
    <label:label xlink:type="resource" xlink:label="label_eba_tC_17.00.b_1" xml:lang="en" xlink:role="http://www.xbrl.org/2008/role/verboseLabel">C 17.00.b (OPR Details) Operational risks: Thresholds applied in data collections</label:label>
    <gen:arc xlink:type="arc" xlink:arcrole="http://xbrl.org/arcrole/2008/element-label" xlink:from="loc_eba_tC_17.00.b" xlink:to="label_eba_tC_17.00.b_1" />
    <link:loc xlink:type="locator" xlink:href="c_17.00.b-rend.xml#eba_a1" xlink:label="loc_eba_a1" />
    <label:label xlink:type="resource" xlink:label="label_eba_a1" xml:lang="en" xlink:role="http://www.xbrl.org/2008/role/label">Columns</label:label>
    <gen:arc xlink:type="arc" xlink:arcrole="http://xbrl.org/arcrole/2008/element-label" xlink:from="loc_eba_a1" xlink:to="label_eba_a1" />
    <link:loc xlink:type="locator" xlink:href="c_17.00.b-rend.xml#eba_c20532" xlink:label="loc_eba_c20532" />
    <label:label xlink:type="resource" xlink:label="label_eba_c20532" xml:lang="en" xlink:role="http://www.xbrl.org/2008/role/label">MEMORANDUM ITEM: THRESHOLD APPLIED IN DATA COLLECTION lowest</label:label>
    <gen:arc xlink:type="arc" xlink:arcrole="http://xbrl.org/arcrole/2008/element-label" xlink:from="loc_eba_c20532" xlink:to="label_eba_c20532" />
    <link:loc xlink:type="locator" xlink:href="c_17.00.b-rend.xml#eba_c20533" xlink:label="loc_eba_c20533" />
    <label:label xlink:type="resource" xlink:label="label_eba_c20533" xml:lang="en" xlink:role="http://www.xbrl.org/2008/role/label">MEMORANDUM ITEM: THRESHOLD APPLIED IN DATA COLLECTION highest</label:label>
    <gen:arc xlink:type="arc" xlink:arcrole="http://xbrl.org/arcrole/2008/element-label" xlink:from="loc_eba_c20533" xlink:to="label_eba_c20533" />
    <link:loc xlink:type="locator" xlink:href="c_17.00.b-rend.xml#eba_a2" xlink:label="loc_eba_a2" />
    <label:label xlink:type="resource" xlink:label="label_eba_a2" xml:lang="en" xlink:role="http://www.xbrl.org/2008/role/label">Rows</label:label>
    <gen:arc xlink:type="arc" xlink:arcrole="http://xbrl.org/arcrole/2008/element-label" xlink:from="loc_eba_a2" xlink:to="label_eba_a2" />
    <link:loc xlink:type="locator" xlink:href="c_17.00.b-rend.xml#eba_c20534" xlink:label="loc_eba_c20534" />
    <label:label xlink:type="resource" xlink:label="label_eba_c20534" xml:lang="en" xlink:role="http://www.xbrl.org/2008/role/label">CORPORATE FINANCE [CF]</label:label>
    <gen:arc xlink:type="arc" xlink:arcrole="http://xbrl.org/arcrole/2008/element-label" xlink:from="loc_eba_c20534" xlink:to="label_eba_c20534" />
    <link:loc xlink:type="locator" xlink:href="c_17.00.b-rend.xml#eba_c20535" xlink:label="loc_eba_c20535" />
    <label:label xlink:type="resource" xlink:label="label_eba_c20535" xml:lang="en" xlink:role="http://www.xbrl.org/2008/role/label">Total loss amount</label:label>
    <gen:arc xlink:type="arc" xlink:arcrole="http://xbrl.org/arcrole/2008/element-label" xlink:from="loc_eba_c20535" xlink:to="label_eba_c20535" />
    <link:loc xlink:type="locator" xlink:href="c_17.00.b-rend.xml#eba_c20536" xlink:label="loc_eba_c20536" />
    <label:label xlink:type="resource" xlink:label="label_eba_c20536" xml:lang="en" xlink:role="http://www.xbrl.org/2008/role/label">TRADING AND SALES [TS]</label:label>
    <gen:arc xlink:type="arc" xlink:arcrole="http://xbrl.org/arcrole/2008/element-label" xlink:from="loc_eba_c20536" xlink:to="label_eba_c20536" />
    <link:loc xlink:type="locator" xlink:href="c_17.00.b-rend.xml#eba_c20537" xlink:label="loc_eba_c20537" />
    <label:label xlink:type="resource" xlink:label="label_eba_c20537" xml:lang="en" xlink:role="http://www.xbrl.org/2008/role/label">Total loss amount</label:label>
    <gen:arc xlink:type="arc" xlink:arcrole="http://xbrl.org/arcrole/2008/element-label" xlink:from="loc_eba_c20537" xlink:to="label_eba_c20537" />
    <link:loc xlink:type="locator" xlink:href="c_17.00.b-rend.xml#eba_c20538" xlink:label="loc_eba_c20538" />
    <label:label xlink:type="resource" xlink:label="label_eba_c20538" xml:lang="en" xlink:role="http://www.xbrl.org/2008/role/label">RETAIL BROKERAGE [RBr]</label:label>
    <gen:arc xlink:type="arc" xlink:arcrole="http://xbrl.org/arcrole/2008/element-label" xlink:from="loc_eba_c20538" xlink:to="label_eba_c20538" />
    <link:loc xlink:type="locator" xlink:href="c_17.00.b-rend.xml#eba_c20539" xlink:label="loc_eba_c20539" />
    <label:label xlink:type="resource" xlink:label="label_eba_c20539" xml:lang="en" xlink:role="http://www.xbrl.org/2008/role/label">Total loss amount</label:label>
    <gen:arc xlink:type="arc" xlink:arcrole="http://xbrl.org/arcrole/2008/element-label" xlink:from="loc_eba_c20539" xlink:to="label_eba_c20539" />
    <link:loc xlink:type="locator" xlink:href="c_17.00.b-rend.xml#eba_c20540" xlink:label="loc_eba_c20540" />
    <label:label xlink:type="resource" xlink:label="label_eba_c20540" xml:lang="en" xlink:role="http://www.xbrl.org/2008/role/label">COMMERCIAL BANKING [CB]</label:label>
    <gen:arc xlink:type="arc" xlink:arcrole="http://xbrl.org/arcrole/2008/element-label" xlink:from="loc_eba_c20540" xlink:to="label_eba_c20540" />
    <link:loc xlink:type="locator" xlink:href="c_17.00.b-rend.xml#eba_c20541" xlink:label="loc_eba_c20541" />
    <label:label xlink:type="resource" xlink:label="label_eba_c20541" xml:lang="en" xlink:role="http://www.xbrl.org/2008/role/label">Total loss amount</label:label>
    <gen:arc xlink:type="arc" xlink:arcrole="http://xbrl.org/arcrole/2008/element-label" xlink:from="loc_eba_c20541" xlink:to="label_eba_c20541" />
    <link:loc xlink:type="locator" xlink:href="c_17.00.b-rend.xml#eba_c20542" xlink:label="loc_eba_c20542" />
    <label:label xlink:type="resource" xlink:label="label_eba_c20542" xml:lang="en" xlink:role="http://www.xbrl.org/2008/role/label">RETAIL BANKING [RB]</label:label>
    <gen:arc xlink:type="arc" xlink:arcrole="http://xbrl.org/arcrole/2008/element-label" xlink:from="loc_eba_c20542" xlink:to="label_eba_c20542" />
    <link:loc xlink:type="locator" xlink:href="c_17.00.b-rend.xml#eba_c20543" xlink:label="loc_eba_c20543" />
    <label:label xlink:type="resource" xlink:label="label_eba_c20543" xml:lang="en" xlink:role="http://www.xbrl.org/2008/role/label">Total loss amount</label:label>
    <gen:arc xlink:type="arc" xlink:arcrole="http://xbrl.org/arcrole/2008/element-label" xlink:from="loc_eba_c20543" xlink:to="label_eba_c20543" />
    <link:loc xlink:type="locator" xlink:href="c_17.00.b-rend.xml#eba_c20544" xlink:label="loc_eba_c20544" />
    <label:label xlink:type="resource" xlink:label="label_eba_c20544" xml:lang="en" xlink:role="http://www.xbrl.org/2008/role/label">PAYMENT AND SETTLEMENT [PS]</label:label>
    <gen:arc xlink:type="arc" xlink:arcrole="http://xbrl.org/arcrole/2008/element-label" xlink:from="loc_eba_c20544" xlink:to="label_eba_c20544" />
    <link:loc xlink:type="locator" xlink:href="c_17.00.b-rend.xml#eba_c20545" xlink:label="loc_eba_c20545" />
    <label:label xlink:type="resource" xlink:label="label_eba_c20545" xml:lang="en" xlink:role="http://www.xbrl.org/2008/role/label">Total loss amount</label:label>
    <gen:arc xlink:type="arc" xlink:arcrole="http://xbrl.org/arcrole/2008/element-label" xlink:from="loc_eba_c20545" xlink:to="label_eba_c20545" />
    <link:loc xlink:type="locator" xlink:href="c_17.00.b-rend.xml#eba_c20546" xlink:label="loc_eba_c20546" />
    <label:label xlink:type="resource" xlink:label="label_eba_c20546" xml:lang="en" xlink:role="http://www.xbrl.org/2008/role/label">AGENCY SERVICES [AS]</label:label>
    <gen:arc xlink:type="arc" xlink:arcrole="http://xbrl.org/arcrole/2008/element-label" xlink:from="loc_eba_c20546" xlink:to="label_eba_c20546" />
    <link:loc xlink:type="locator" xlink:href="c_17.00.b-rend.xml#eba_c20547" xlink:label="loc_eba_c20547" />
    <label:label xlink:type="resource" xlink:label="label_eba_c20547" xml:lang="en" xlink:role="http://www.xbrl.org/2008/role/label">Total loss amount</label:label>
    <gen:arc xlink:type="arc" xlink:arcrole="http://xbrl.org/arcrole/2008/element-label" xlink:from="loc_eba_c20547" xlink:to="label_eba_c20547" />
    <link:loc xlink:type="locator" xlink:href="c_17.00.b-rend.xml#eba_c20548" xlink:label="loc_eba_c20548" />
    <label:label xlink:type="resource" xlink:label="label_eba_c20548" xml:lang="en" xlink:role="http://www.xbrl.org/2008/role/label">ASSET MANAGEMENT [AM]</label:label>
    <gen:arc xlink:type="arc" xlink:arcrole="http://xbrl.org/arcrole/2008/element-label" xlink:from="loc_eba_c20548" xlink:to="label_eba_c20548" />
    <link:loc xlink:type="locator" xlink:href="c_17.00.b-rend.xml#eba_c20549" xlink:label="loc_eba_c20549" />
    <label:label xlink:type="resource" xlink:label="label_eba_c20549" xml:lang="en" xlink:role="http://www.xbrl.org/2008/role/label">Total loss amount</label:label>
    <gen:arc xlink:type="arc" xlink:arcrole="http://xbrl.org/arcrole/2008/element-label" xlink:from="loc_eba_c20549" xlink:to="label_eba_c20549" />
    <link:loc xlink:type="locator" xlink:href="c_17.00.b-rend.xml#eba_c20550" xlink:label="loc_eba_c20550" />
    <label:label xlink:type="resource" xlink:label="label_eba_c20550" xml:lang="en" xlink:role="http://www.xbrl.org/2008/role/label">CORPORATE ITEMS [CI]</label:label>
    <gen:arc xlink:type="arc" xlink:arcrole="http://xbrl.org/arcrole/2008/element-label" xlink:from="loc_eba_c20550" xlink:to="label_eba_c20550" />
    <link:loc xlink:type="locator" xlink:href="c_17.00.b-rend.xml#eba_c20551" xlink:label="loc_eba_c20551" />
    <label:label xlink:type="resource" xlink:label="label_eba_c20551" xml:lang="en" xlink:role="http://www.xbrl.org/2008/role/label">Total loss amount</label:label>
    <gen:arc xlink:type="arc" xlink:arcrole="http://xbrl.org/arcrole/2008/element-label" xlink:from="loc_eba_c20551" xlink:to="label_eba_c20551" />
    <link:loc xlink:type="locator" xlink:href="c_17.00.b-rend.xml#eba_c20552" xlink:label="loc_eba_c20552" />
    <label:label xlink:type="resource" xlink:label="label_eba_c20552" xml:lang="en" xlink:role="http://www.xbrl.org/2008/role/label">TOTAL BUSINESS LINES</label:label>
    <gen:arc xlink:type="arc" xlink:arcrole="http://xbrl.org/arcrole/2008/element-label" xlink:from="loc_eba_c20552" xlink:to="label_eba_c20552" />
    <link:loc xlink:type="locator" xlink:href="c_17.00.b-rend.xml#eba_c20553" xlink:label="loc_eba_c20553" />
    <label:label xlink:type="resource" xlink:label="label_eba_c20553" xml:lang="en" xlink:role="http://www.xbrl.org/2008/role/label">Total loss amount</label:label>
    <gen:arc xlink:type="arc" xlink:arcrole="http://xbrl.org/arcrole/2008/element-label" xlink:from="loc_eba_c20553" xlink:to="label_eba_c20553" />
  </gen:link>
</link:linkbase>