﻿<?xml version="1.0" encoding="utf-8"?>
<?taxonomy-version 2.0.0?>
<!--(C) EBA-->
<link:linkbase xmlns:xsi="http://www.w3.org/2001/XMLSchema-instance" xmlns:xlink="http://www.w3.org/1999/xlink" xmlns:link="http://www.xbrl.org/2003/linkbase" xmlns:gen="http://xbrl.org/2008/generic" xmlns:label="http://xbrl.org/2008/label" xmlns:formula="http://xbrl.org/2008/formula" xmlns:df="http://xbrl.org/2008/filter/dimension" xmlns:table="http://xbrl.org/PWD/2013-05-17/table" xmlns:model="http://www.eurofiling.info/xbrl/ext/model" xmlns:eba_dim="http://www.eba.europa.eu/xbrl/crr/dict/dim" xmlns:eba_BA="http://www.eba.europa.eu/xbrl/crr/dict/dom/BA" xmlns:eba_TR="http://www.eba.europa.eu/xbrl/crr/dict/dom/TR" xmlns:eba_met="http://www.eba.europa.eu/xbrl/crr/dict/met" xmlns:eba_MC="http://www.eba.europa.eu/xbrl/crr/dict/dom/MC" xmlns:eba_TA="http://www.eba.europa.eu/xbrl/crr/dict/dom/TA" xsi:schemaLocation="http://www.xbrl.org/2003/linkbase http://www.xbrl.org/2003/xbrl-linkbase-2003-12-31.xsd http://xbrl.org/2008/generic http://www.xbrl.org/2008/generic-link.xsd http://xbrl.org/2008/label http://www.xbrl.org/2008/generic-label.xsd http://xbrl.org/2008/formula http://www.xbrl.org/2008/formula.xsd http://xbrl.org/2008/filter/dimension http://www.xbrl.org/2008/dimension-filter.xsd http://xbrl.org/PWD/2013-05-17/table http://www.xbrl.org/PWD/2013-05-17/table.xsd http://www.eurofiling.info/xbrl/ext/model http://www.eurofiling.info/eu/fr/xbrl/ext/model.xsd">
  <link:arcroleRef arcroleURI="http://xbrl.org/arcrole/PWD/2013-05-17/breakdown-tree" xlink:type="simple" xlink:href="http://www.xbrl.org/PWD/2013-05-17/table.xsd#breakdown-tree" />
  <link:arcroleRef arcroleURI="http://xbrl.org/arcrole/PWD/2013-05-17/definition-node-subtree" xlink:type="simple" xlink:href="http://www.xbrl.org/PWD/2013-05-17/table.xsd#definition-node-subtree" />
  <link:arcroleRef arcroleURI="http://xbrl.org/arcrole/PWD/2013-05-17/table-breakdown" xlink:type="simple" xlink:href="http://www.xbrl.org/PWD/2013-05-17/table.xsd#table-breakdown" />
  <link:roleRef roleURI="http://www.eba.europa.eu/xbrl/crr/role/fws/COREP/ITS-2013-02/2013-12-01/tab/C_17.00.b" xlink:type="simple" xlink:href="c_17.00.b.xsd#role" />
  <gen:link xlink:type="extended" xlink:role="http://www.eba.europa.eu/xbrl/crr/role/fws/COREP/ITS-2013-02/2013-12-01/tab/C_17.00.b">
    <table:table xlink:type="resource" xlink:label="eba_tC_17.00.b" aspectModel="dimensional" id="eba_tC_17.00.b" />
    <table:breakdown xlink:type="resource" xlink:label="eba_a1" parentChildOrder="parent-first" id="eba_a1" />
    <table:ruleNode xlink:type="resource" xlink:label="eba_a1.root" abstract="true" id="eba_a1.root">
      <formula:explicitDimension dimension="eba_dim:BAS">
        <formula:member>
          <formula:qname>eba_BA:x17</formula:qname>
        </formula:member>
      </formula:explicitDimension>
      <formula:explicitDimension dimension="eba_dim:TRI">
        <formula:member>
          <formula:qname>eba_TR:x24</formula:qname>
        </formula:member>
      </formula:explicitDimension>
    </table:ruleNode>
    <table:breakdownTreeArc xlink:type="arc" xlink:arcrole="http://xbrl.org/arcrole/PWD/2013-05-17/breakdown-tree" xlink:from="eba_a1" xlink:to="eba_a1.root" order="0" />
    <table:ruleNode xlink:type="resource" xlink:label="eba_c20532" id="eba_c20532">
      <formula:concept>
        <formula:qname>eba_met:mi229</formula:qname>
      </formula:concept>
    </table:ruleNode>
    <table:definitionNodeSubtreeArc xlink:type="arc" xlink:arcrole="http://xbrl.org/arcrole/PWD/2013-05-17/definition-node-subtree" xlink:from="eba_a1.root" xlink:to="eba_c20532" order="1" />
    <table:ruleNode xlink:type="resource" xlink:label="eba_c20533" id="eba_c20533">
      <formula:concept>
        <formula:qname>eba_met:mi228</formula:qname>
      </formula:concept>
    </table:ruleNode>
    <table:definitionNodeSubtreeArc xlink:type="arc" xlink:arcrole="http://xbrl.org/arcrole/PWD/2013-05-17/definition-node-subtree" xlink:from="eba_a1.root" xlink:to="eba_c20533" order="2" />
    <table:tableBreakdownArc xlink:type="arc" xlink:arcrole="http://xbrl.org/arcrole/PWD/2013-05-17/table-breakdown" xlink:from="eba_tC_17.00.b" xlink:to="eba_a1" axis="x" order="1" />
    <table:breakdown xlink:type="resource" xlink:label="eba_a2" parentChildOrder="parent-first" id="eba_a2" />
    <table:ruleNode xlink:type="resource" xlink:label="eba_a2.root" abstract="true" id="eba_a2.root">
      <formula:explicitDimension dimension="eba_dim:MCY">
        <formula:member>
          <formula:qname>eba_MC:x255</formula:qname>
        </formula:member>
      </formula:explicitDimension>
    </table:ruleNode>
    <table:breakdownTreeArc xlink:type="arc" xlink:arcrole="http://xbrl.org/arcrole/PWD/2013-05-17/breakdown-tree" xlink:from="eba_a2" xlink:to="eba_a2.root" order="0" />
    <table:ruleNode xlink:type="resource" xlink:label="eba_c20534" abstract="true" id="eba_c20534">
      <formula:explicitDimension dimension="eba_dim:BLI">
        <formula:member>
          <formula:qname>eba_TA:x12</formula:qname>
        </formula:member>
      </formula:explicitDimension>
    </table:ruleNode>
    <table:ruleNode xlink:type="resource" xlink:label="eba_c20535" id="eba_c20535" />
    <table:definitionNodeSubtreeArc xlink:type="arc" xlink:arcrole="http://xbrl.org/arcrole/PWD/2013-05-17/definition-node-subtree" xlink:from="eba_c20534" xlink:to="eba_c20535" order="1" />
    <table:definitionNodeSubtreeArc xlink:type="arc" xlink:arcrole="http://xbrl.org/arcrole/PWD/2013-05-17/definition-node-subtree" xlink:from="eba_a2.root" xlink:to="eba_c20534" order="1" />
    <table:ruleNode xlink:type="resource" xlink:label="eba_c20536" abstract="true" id="eba_c20536">
      <formula:explicitDimension dimension="eba_dim:BLI">
        <formula:member>
          <formula:qname>eba_TA:x38</formula:qname>
        </formula:member>
      </formula:explicitDimension>
    </table:ruleNode>
    <table:ruleNode xlink:type="resource" xlink:label="eba_c20537" id="eba_c20537" />
    <table:definitionNodeSubtreeArc xlink:type="arc" xlink:arcrole="http://xbrl.org/arcrole/PWD/2013-05-17/definition-node-subtree" xlink:from="eba_c20536" xlink:to="eba_c20537" order="1" />
    <table:definitionNodeSubtreeArc xlink:type="arc" xlink:arcrole="http://xbrl.org/arcrole/PWD/2013-05-17/definition-node-subtree" xlink:from="eba_a2.root" xlink:to="eba_c20536" order="2" />
    <table:ruleNode xlink:type="resource" xlink:label="eba_c20538" abstract="true" id="eba_c20538">
      <formula:explicitDimension dimension="eba_dim:BLI">
        <formula:member>
          <formula:qname>eba_TA:x30</formula:qname>
        </formula:member>
      </formula:explicitDimension>
    </table:ruleNode>
    <table:ruleNode xlink:type="resource" xlink:label="eba_c20539" id="eba_c20539" />
    <table:definitionNodeSubtreeArc xlink:type="arc" xlink:arcrole="http://xbrl.org/arcrole/PWD/2013-05-17/definition-node-subtree" xlink:from="eba_c20538" xlink:to="eba_c20539" order="1" />
    <table:definitionNodeSubtreeArc xlink:type="arc" xlink:arcrole="http://xbrl.org/arcrole/PWD/2013-05-17/definition-node-subtree" xlink:from="eba_a2.root" xlink:to="eba_c20538" order="3" />
    <table:ruleNode xlink:type="resource" xlink:label="eba_c20540" abstract="true" id="eba_c20540">
      <formula:explicitDimension dimension="eba_dim:BLI">
        <formula:member>
          <formula:qname>eba_TA:x11</formula:qname>
        </formula:member>
      </formula:explicitDimension>
    </table:ruleNode>
    <table:ruleNode xlink:type="resource" xlink:label="eba_c20541" id="eba_c20541" />
    <table:definitionNodeSubtreeArc xlink:type="arc" xlink:arcrole="http://xbrl.org/arcrole/PWD/2013-05-17/definition-node-subtree" xlink:from="eba_c20540" xlink:to="eba_c20541" order="1" />
    <table:definitionNodeSubtreeArc xlink:type="arc" xlink:arcrole="http://xbrl.org/arcrole/PWD/2013-05-17/definition-node-subtree" xlink:from="eba_a2.root" xlink:to="eba_c20540" order="4" />
    <table:ruleNode xlink:type="resource" xlink:label="eba_c20542" abstract="true" id="eba_c20542">
      <formula:explicitDimension dimension="eba_dim:BLI">
        <formula:member>
          <formula:qname>eba_TA:x29</formula:qname>
        </formula:member>
      </formula:explicitDimension>
    </table:ruleNode>
    <table:ruleNode xlink:type="resource" xlink:label="eba_c20543" id="eba_c20543" />
    <table:definitionNodeSubtreeArc xlink:type="arc" xlink:arcrole="http://xbrl.org/arcrole/PWD/2013-05-17/definition-node-subtree" xlink:from="eba_c20542" xlink:to="eba_c20543" order="1" />
    <table:definitionNodeSubtreeArc xlink:type="arc" xlink:arcrole="http://xbrl.org/arcrole/PWD/2013-05-17/definition-node-subtree" xlink:from="eba_a2.root" xlink:to="eba_c20542" order="5" />
    <table:ruleNode xlink:type="resource" xlink:label="eba_c20544" abstract="true" id="eba_c20544">
      <formula:explicitDimension dimension="eba_dim:BLI">
        <formula:member>
          <formula:qname>eba_TA:x27</formula:qname>
        </formula:member>
      </formula:explicitDimension>
    </table:ruleNode>
    <table:ruleNode xlink:type="resource" xlink:label="eba_c20545" id="eba_c20545" />
    <table:definitionNodeSubtreeArc xlink:type="arc" xlink:arcrole="http://xbrl.org/arcrole/PWD/2013-05-17/definition-node-subtree" xlink:from="eba_c20544" xlink:to="eba_c20545" order="1" />
    <table:definitionNodeSubtreeArc xlink:type="arc" xlink:arcrole="http://xbrl.org/arcrole/PWD/2013-05-17/definition-node-subtree" xlink:from="eba_a2.root" xlink:to="eba_c20544" order="6" />
    <table:ruleNode xlink:type="resource" xlink:label="eba_c20546" abstract="true" id="eba_c20546">
      <formula:explicitDimension dimension="eba_dim:BLI">
        <formula:member>
          <formula:qname>eba_TA:x4</formula:qname>
        </formula:member>
      </formula:explicitDimension>
    </table:ruleNode>
    <table:ruleNode xlink:type="resource" xlink:label="eba_c20547" id="eba_c20547" />
    <table:definitionNodeSubtreeArc xlink:type="arc" xlink:arcrole="http://xbrl.org/arcrole/PWD/2013-05-17/definition-node-subtree" xlink:from="eba_c20546" xlink:to="eba_c20547" order="1" />
    <table:definitionNodeSubtreeArc xlink:type="arc" xlink:arcrole="http://xbrl.org/arcrole/PWD/2013-05-17/definition-node-subtree" xlink:from="eba_a2.root" xlink:to="eba_c20546" order="7" />
    <table:ruleNode xlink:type="resource" xlink:label="eba_c20548" abstract="true" id="eba_c20548">
      <formula:explicitDimension dimension="eba_dim:BLI">
        <formula:member>
          <formula:qname>eba_TA:x5</formula:qname>
        </formula:member>
      </formula:explicitDimension>
    </table:ruleNode>
    <table:ruleNode xlink:type="resource" xlink:label="eba_c20549" id="eba_c20549" />
    <table:definitionNodeSubtreeArc xlink:type="arc" xlink:arcrole="http://xbrl.org/arcrole/PWD/2013-05-17/definition-node-subtree" xlink:from="eba_c20548" xlink:to="eba_c20549" order="1" />
    <table:definitionNodeSubtreeArc xlink:type="arc" xlink:arcrole="http://xbrl.org/arcrole/PWD/2013-05-17/definition-node-subtree" xlink:from="eba_a2.root" xlink:to="eba_c20548" order="8" />
    <table:ruleNode xlink:type="resource" xlink:label="eba_c20550" abstract="true" id="eba_c20550">
      <formula:explicitDimension dimension="eba_dim:BLI">
        <formula:member>
          <formula:qname>eba_TA:x13</formula:qname>
        </formula:member>
      </formula:explicitDimension>
    </table:ruleNode>
    <table:ruleNode xlink:type="resource" xlink:label="eba_c20551" id="eba_c20551" />
    <table:definitionNodeSubtreeArc xlink:type="arc" xlink:arcrole="http://xbrl.org/arcrole/PWD/2013-05-17/definition-node-subtree" xlink:from="eba_c20550" xlink:to="eba_c20551" order="1" />
    <table:definitionNodeSubtreeArc xlink:type="arc" xlink:arcrole="http://xbrl.org/arcrole/PWD/2013-05-17/definition-node-subtree" xlink:from="eba_a2.root" xlink:to="eba_c20550" order="9" />
    <table:ruleNode xlink:type="resource" xlink:label="eba_c20552" abstract="true" id="eba_c20552" />
    <table:ruleNode xlink:type="resource" xlink:label="eba_c20553" id="eba_c20553" />
    <table:definitionNodeSubtreeArc xlink:type="arc" xlink:arcrole="http://xbrl.org/arcrole/PWD/2013-05-17/definition-node-subtree" xlink:from="eba_c20552" xlink:to="eba_c20553" order="1" />
    <table:definitionNodeSubtreeArc xlink:type="arc" xlink:arcrole="http://xbrl.org/arcrole/PWD/2013-05-17/definition-node-subtree" xlink:from="eba_a2.root" xlink:to="eba_c20552" order="10" />
    <table:tableBreakdownArc xlink:type="arc" xlink:arcrole="http://xbrl.org/arcrole/PWD/2013-05-17/table-breakdown" xlink:from="eba_tC_17.00.b" xlink:to="eba_a2" axis="y" order="2" />
  </gen:link>
</link:linkbase>