﻿<?xml version="1.0" encoding="utf-8"?>
<?taxonomy-version 2.0.0?>
<!--(C) EBA-->
<link:linkbase xmlns:xsi="http://www.w3.org/2001/XMLSchema-instance" xmlns:xlink="http://www.w3.org/1999/xlink" xmlns:link="http://www.xbrl.org/2003/linkbase" xsi:schemaLocation="http://www.xbrl.org/2003/linkbase http://www.xbrl.org/2003/xbrl-linkbase-2003-12-31.xsd">
  <link:arcroleRef arcroleURI="http://www.eurofiling.info/xbrl/arcrole/complete-breakdown" xlink:type="simple" xlink:href="http://www.eurofiling.info/eu/fr/xbrl/ext/model.xsd#complete-breakdown" />
  <link:roleRef roleURI="http://www.eba.europa.eu/xbrl/crr/role/dict/dom/UE/UE1" xlink:type="simple" xlink:href="hier.xsd#eba_UE1" />
  <link:roleRef roleURI="http://www.eba.europa.eu/xbrl/crr/role/dict/dom/UE/UE2" xlink:type="simple" xlink:href="hier.xsd#eba_UE2" />
  <link:roleRef roleURI="http://www.eba.europa.eu/xbrl/crr/role/dict/dom/UE/UE3" xlink:type="simple" xlink:href="hier.xsd#eba_UE3" />
  <link:roleRef roleURI="http://www.eba.europa.eu/xbrl/crr/role/dict/dom/UE/UE4" xlink:type="simple" xlink:href="hier.xsd#eba_UE4" />
  <link:calculationLink xlink:type="extended" xlink:role="http://www.eba.europa.eu/xbrl/crr/role/dict/dom/UE/UE1">
    <link:loc xlink:type="locator" xlink:href="mem.xsd#eba_x0" xlink:label="loc_eba_x0" />
    <link:loc xlink:type="locator" xlink:href="mem.xsd#eba_x11" xlink:label="loc_eba_x11" />
    <link:calculationArc xlink:type="arc" xlink:arcrole="http://www.eurofiling.info/xbrl/arcrole/complete-breakdown" xlink:from="loc_eba_x0" xlink:to="loc_eba_x11" weight="1" order="1" />
    <link:loc xlink:type="locator" xlink:href="mem.xsd#eba_x14" xlink:label="loc_eba_x14" />
    <link:calculationArc xlink:type="arc" xlink:arcrole="http://www.eurofiling.info/xbrl/arcrole/complete-breakdown" xlink:from="loc_eba_x11" xlink:to="loc_eba_x14" weight="1" order="1" />
    <link:loc xlink:type="locator" xlink:href="mem.xsd#eba_x15" xlink:label="loc_eba_x15" />
    <link:calculationArc xlink:type="arc" xlink:arcrole="http://www.eurofiling.info/xbrl/arcrole/complete-breakdown" xlink:from="loc_eba_x11" xlink:to="loc_eba_x15" weight="1" order="2" />
    <link:loc xlink:type="locator" xlink:href="mem.xsd#eba_x13" xlink:label="loc_eba_x13" />
    <link:calculationArc xlink:type="arc" xlink:arcrole="http://www.eurofiling.info/xbrl/arcrole/complete-breakdown" xlink:from="loc_eba_x0" xlink:to="loc_eba_x13" weight="1" order="2" />
  </link:calculationLink>
  <link:calculationLink xlink:type="extended" xlink:role="http://www.eba.europa.eu/xbrl/crr/role/dict/dom/UE/UE2">
    <link:loc xlink:type="locator" xlink:href="mem.xsd#eba_x0" xlink:label="loc_eba_x0" />
    <link:loc xlink:type="locator" xlink:href="mem.xsd#eba_x1" xlink:label="loc_eba_x1" />
    <link:calculationArc xlink:type="arc" xlink:arcrole="http://www.eurofiling.info/xbrl/arcrole/complete-breakdown" xlink:from="loc_eba_x0" xlink:to="loc_eba_x1" weight="1" order="1" />
    <link:loc xlink:type="locator" xlink:href="mem.xsd#eba_x2" xlink:label="loc_eba_x2" />
    <link:calculationArc xlink:type="arc" xlink:arcrole="http://www.eurofiling.info/xbrl/arcrole/complete-breakdown" xlink:from="loc_eba_x0" xlink:to="loc_eba_x2" weight="1" order="2" />
    <link:loc xlink:type="locator" xlink:href="mem.xsd#eba_x3" xlink:label="loc_eba_x3" />
    <link:calculationArc xlink:type="arc" xlink:arcrole="http://www.eurofiling.info/xbrl/arcrole/complete-breakdown" xlink:from="loc_eba_x0" xlink:to="loc_eba_x3" weight="1" order="3" />
    <link:loc xlink:type="locator" xlink:href="mem.xsd#eba_x4" xlink:label="loc_eba_x4" />
    <link:calculationArc xlink:type="arc" xlink:arcrole="http://www.eurofiling.info/xbrl/arcrole/complete-breakdown" xlink:from="loc_eba_x0" xlink:to="loc_eba_x4" weight="1" order="4" />
    <link:loc xlink:type="locator" xlink:href="mem.xsd#eba_x5" xlink:label="loc_eba_x5" />
    <link:calculationArc xlink:type="arc" xlink:arcrole="http://www.eurofiling.info/xbrl/arcrole/complete-breakdown" xlink:from="loc_eba_x0" xlink:to="loc_eba_x5" weight="1" order="5" />
    <link:loc xlink:type="locator" xlink:href="mem.xsd#eba_x6" xlink:label="loc_eba_x6" />
    <link:calculationArc xlink:type="arc" xlink:arcrole="http://www.eurofiling.info/xbrl/arcrole/complete-breakdown" xlink:from="loc_eba_x0" xlink:to="loc_eba_x6" weight="1" order="6" />
    <link:loc xlink:type="locator" xlink:href="mem.xsd#eba_x8" xlink:label="loc_eba_x8" />
    <link:calculationArc xlink:type="arc" xlink:arcrole="http://www.eurofiling.info/xbrl/arcrole/complete-breakdown" xlink:from="loc_eba_x0" xlink:to="loc_eba_x8" weight="1" order="7" />
    <link:loc xlink:type="locator" xlink:href="mem.xsd#eba_x9" xlink:label="loc_eba_x9" />
    <link:calculationArc xlink:type="arc" xlink:arcrole="http://www.eurofiling.info/xbrl/arcrole/complete-breakdown" xlink:from="loc_eba_x0" xlink:to="loc_eba_x9" weight="1" order="8" />
    <link:loc xlink:type="locator" xlink:href="mem.xsd#eba_x10" xlink:label="loc_eba_x10" />
    <link:calculationArc xlink:type="arc" xlink:arcrole="http://www.eurofiling.info/xbrl/arcrole/complete-breakdown" xlink:from="loc_eba_x0" xlink:to="loc_eba_x10" weight="1" order="9" />
    <link:loc xlink:type="locator" xlink:href="mem.xsd#eba_x12" xlink:label="loc_eba_x12" />
    <link:calculationArc xlink:type="arc" xlink:arcrole="http://www.eurofiling.info/xbrl/arcrole/complete-breakdown" xlink:from="loc_eba_x0" xlink:to="loc_eba_x12" weight="1" order="10" />
  </link:calculationLink>
  <link:calculationLink xlink:type="extended" xlink:role="http://www.eba.europa.eu/xbrl/crr/role/dict/dom/UE/UE3" />
  <link:calculationLink xlink:type="extended" xlink:role="http://www.eba.europa.eu/xbrl/crr/role/dict/dom/UE/UE4" />
</link:linkbase>