﻿<?xml version="1.0" encoding="utf-8"?>
<?taxonomy-version 2.0.0?>
<!--(C) EBA-->
<link:linkbase xmlns:xsi="http://www.w3.org/2001/XMLSchema-instance" xmlns:xlink="http://www.w3.org/1999/xlink" xmlns:link="http://www.xbrl.org/2003/linkbase" xmlns:gen="http://xbrl.org/2008/generic" xmlns:label="http://xbrl.org/2008/label" xsi:schemaLocation="http://www.xbrl.org/2003/linkbase http://www.xbrl.org/2003/xbrl-linkbase-2003-12-31.xsd http://xbrl.org/2008/generic http://www.xbrl.org/2008/generic-link.xsd http://xbrl.org/2008/label http://www.xbrl.org/2008/generic-label.xsd">
  <link:arcroleRef arcroleURI="http://xbrl.org/arcrole/2008/element-label" xlink:type="simple" xlink:href="http://www.xbrl.org/2008/generic-label.xsd#element-label" />
  <link:roleRef roleURI="http://www.xbrl.org/2008/role/label" xlink:type="simple" xlink:href="http://www.xbrl.org/2008/generic-label.xsd#standard-label" />
  <link:roleRef roleURI="http://www.xbrl.org/2008/role/verboseLabel" xlink:type="simple" xlink:href="http://www.xbrl.org/2008/generic-label.xsd#verbose-label" />
  <gen:link xlink:type="extended" xlink:role="http://www.xbrl.org/2003/role/link">
    <link:loc xlink:type="locator" xlink:href="hier.xsd#eba_UE1" xlink:label="loc_eba_UE1" />
    <label:label xlink:type="resource" xlink:label="label_eba_UE1" xml:lang="en" xlink:role="http://www.xbrl.org/2008/role/label">Hierarchy for underlyings of securitisation positions</label:label>
    <gen:arc xlink:type="arc" xlink:arcrole="http://xbrl.org/arcrole/2008/element-label" xlink:from="loc_eba_UE1" xlink:to="label_eba_UE1" />
    <label:label xlink:type="resource" xlink:label="label_eba_UE1_1" xml:lang="en" xlink:role="http://www.xbrl.org/2008/role/verboseLabel" />
    <gen:arc xlink:type="arc" xlink:arcrole="http://xbrl.org/arcrole/2008/element-label" xlink:from="loc_eba_UE1" xlink:to="label_eba_UE1_1" />
    <link:loc xlink:type="locator" xlink:href="hier.xsd#eba_UE2" xlink:label="loc_eba_UE2" />
    <label:label xlink:type="resource" xlink:label="label_eba_UE2" xml:lang="en" xlink:role="http://www.xbrl.org/2008/role/label">Hierarchy for underlyings of securitisation positions</label:label>
    <gen:arc xlink:type="arc" xlink:arcrole="http://xbrl.org/arcrole/2008/element-label" xlink:from="loc_eba_UE2" xlink:to="label_eba_UE2" />
    <label:label xlink:type="resource" xlink:label="label_eba_UE2_1" xml:lang="en" xlink:role="http://www.xbrl.org/2008/role/verboseLabel" />
    <gen:arc xlink:type="arc" xlink:arcrole="http://xbrl.org/arcrole/2008/element-label" xlink:from="loc_eba_UE2" xlink:to="label_eba_UE2_1" />
    <link:loc xlink:type="locator" xlink:href="hier.xsd#eba_UE3" xlink:label="loc_eba_UE3" />
    <label:label xlink:type="resource" xlink:label="label_eba_UE3" xml:lang="en" xlink:role="http://www.xbrl.org/2008/role/label">Options for "Type of Securitisation"</label:label>
    <gen:arc xlink:type="arc" xlink:arcrole="http://xbrl.org/arcrole/2008/element-label" xlink:from="loc_eba_UE3" xlink:to="label_eba_UE3" />
    <label:label xlink:type="resource" xlink:label="label_eba_UE3_1" xml:lang="en" xlink:role="http://www.xbrl.org/2008/role/verboseLabel" />
    <gen:arc xlink:type="arc" xlink:arcrole="http://xbrl.org/arcrole/2008/element-label" xlink:from="loc_eba_UE3" xlink:to="label_eba_UE3_1" />
    <link:loc xlink:type="locator" xlink:href="hier.xsd#eba_UE4" xlink:label="loc_eba_UE4" />
    <label:label xlink:type="resource" xlink:label="label_eba_UE4" xml:lang="en" xlink:role="http://www.xbrl.org/2008/role/label">Options for "Type of underlying"</label:label>
    <gen:arc xlink:type="arc" xlink:arcrole="http://xbrl.org/arcrole/2008/element-label" xlink:from="loc_eba_UE4" xlink:to="label_eba_UE4" />
    <label:label xlink:type="resource" xlink:label="label_eba_UE4_1" xml:lang="en" xlink:role="http://www.xbrl.org/2008/role/verboseLabel" />
    <gen:arc xlink:type="arc" xlink:arcrole="http://xbrl.org/arcrole/2008/element-label" xlink:from="loc_eba_UE4" xlink:to="label_eba_UE4_1" />
  </gen:link>
</link:linkbase>