﻿<?xml version="1.0" encoding="utf-8"?>
<?taxonomy-version 2.0.0?>
<!--(C) EBA-->
<link:linkbase xmlns:xsi="http://www.w3.org/2001/XMLSchema-instance" xmlns:xlink="http://www.w3.org/1999/xlink" xmlns:link="http://www.xbrl.org/2003/linkbase" xmlns:gen="http://xbrl.org/2008/generic" xmlns:label="http://xbrl.org/2008/label" xsi:schemaLocation="http://www.xbrl.org/2003/linkbase http://www.xbrl.org/2003/xbrl-linkbase-2003-12-31.xsd http://xbrl.org/2008/generic http://www.xbrl.org/2008/generic-link.xsd http://xbrl.org/2008/label http://www.xbrl.org/2008/generic-label.xsd">
  <link:arcroleRef arcroleURI="http://xbrl.org/arcrole/2008/element-label" xlink:type="simple" xlink:href="http://www.xbrl.org/2008/generic-label.xsd#element-label" />
  <link:roleRef roleURI="http://www.xbrl.org/2008/role/label" xlink:type="simple" xlink:href="http://www.xbrl.org/2008/generic-label.xsd#standard-label" />
  <link:roleRef roleURI="http://www.xbrl.org/2008/role/verboseLabel" xlink:type="simple" xlink:href="http://www.xbrl.org/2008/generic-label.xsd#verbose-label" />
  <gen:link xlink:type="extended" xlink:role="http://www.xbrl.org/2003/role/link">
    <link:loc xlink:type="locator" xlink:href="c_05.02-rend.xml#eba_tC_05.02" xlink:label="loc_eba_tC_05.02" />
    <label:label xlink:type="resource" xlink:label="label_eba_tC_05.02" xml:lang="en" xlink:role="http://www.xbrl.org/2008/role/label">C 05.02 (CA 5.02)</label:label>
    <gen:arc xlink:type="arc" xlink:arcrole="http://xbrl.org/arcrole/2008/element-label" xlink:from="loc_eba_tC_05.02" xlink:to="label_eba_tC_05.02" />
    <label:label xlink:type="resource" xlink:label="label_eba_tC_05.02_1" xml:lang="en" xlink:role="http://www.xbrl.org/2008/role/verboseLabel">C 05.02 (CA 5.02) Capital Adequacy - Transitional provisions: Grandfathered instruments constituting State aid</label:label>
    <gen:arc xlink:type="arc" xlink:arcrole="http://xbrl.org/arcrole/2008/element-label" xlink:from="loc_eba_tC_05.02" xlink:to="label_eba_tC_05.02_1" />
    <link:loc xlink:type="locator" xlink:href="c_05.02-rend.xml#eba_a1" xlink:label="loc_eba_a1" />
    <label:label xlink:type="resource" xlink:label="label_eba_a1" xml:lang="en" xlink:role="http://www.xbrl.org/2008/role/label">Columns</label:label>
    <gen:arc xlink:type="arc" xlink:arcrole="http://xbrl.org/arcrole/2008/element-label" xlink:from="loc_eba_a1" xlink:to="label_eba_a1" />
    <link:loc xlink:type="locator" xlink:href="c_05.02-rend.xml#eba_c19569" xlink:label="loc_eba_c19569" />
    <label:label xlink:type="resource" xlink:label="label_eba_c19569" xml:lang="en" xlink:role="http://www.xbrl.org/2008/role/label">Amount of instruments plus related share premium</label:label>
    <gen:arc xlink:type="arc" xlink:arcrole="http://xbrl.org/arcrole/2008/element-label" xlink:from="loc_eba_c19569" xlink:to="label_eba_c19569" />
    <link:loc xlink:type="locator" xlink:href="c_05.02-rend.xml#eba_c19570" xlink:label="loc_eba_c19570" />
    <label:label xlink:type="resource" xlink:label="label_eba_c19570" xml:lang="en" xlink:role="http://www.xbrl.org/2008/role/label">Base for calculating the limit</label:label>
    <gen:arc xlink:type="arc" xlink:arcrole="http://xbrl.org/arcrole/2008/element-label" xlink:from="loc_eba_c19570" xlink:to="label_eba_c19570" />
    <link:loc xlink:type="locator" xlink:href="c_05.02-rend.xml#eba_c19571" xlink:label="loc_eba_c19571" />
    <label:label xlink:type="resource" xlink:label="label_eba_c19571" xml:lang="en" xlink:role="http://www.xbrl.org/2008/role/label">Applicable percentage</label:label>
    <gen:arc xlink:type="arc" xlink:arcrole="http://xbrl.org/arcrole/2008/element-label" xlink:from="loc_eba_c19571" xlink:to="label_eba_c19571" />
    <link:loc xlink:type="locator" xlink:href="c_05.02-rend.xml#eba_c19572" xlink:label="loc_eba_c19572" />
    <label:label xlink:type="resource" xlink:label="label_eba_c19572" xml:lang="en" xlink:role="http://www.xbrl.org/2008/role/label">Limit</label:label>
    <gen:arc xlink:type="arc" xlink:arcrole="http://xbrl.org/arcrole/2008/element-label" xlink:from="loc_eba_c19572" xlink:to="label_eba_c19572" />
    <link:loc xlink:type="locator" xlink:href="c_05.02-rend.xml#eba_c19573" xlink:label="loc_eba_c19573" />
    <label:label xlink:type="resource" xlink:label="label_eba_c19573" xml:lang="en" xlink:role="http://www.xbrl.org/2008/role/label">(-) Amount that exceeds the limits for grandfathering</label:label>
    <gen:arc xlink:type="arc" xlink:arcrole="http://xbrl.org/arcrole/2008/element-label" xlink:from="loc_eba_c19573" xlink:to="label_eba_c19573" />
    <link:loc xlink:type="locator" xlink:href="c_05.02-rend.xml#eba_c19574" xlink:label="loc_eba_c19574" />
    <label:label xlink:type="resource" xlink:label="label_eba_c19574" xml:lang="en" xlink:role="http://www.xbrl.org/2008/role/label">Total grandfathered amount</label:label>
    <gen:arc xlink:type="arc" xlink:arcrole="http://xbrl.org/arcrole/2008/element-label" xlink:from="loc_eba_c19574" xlink:to="label_eba_c19574" />
    <link:loc xlink:type="locator" xlink:href="c_05.02-rend.xml#eba_a2" xlink:label="loc_eba_a2" />
    <label:label xlink:type="resource" xlink:label="label_eba_a2" xml:lang="en" xlink:role="http://www.xbrl.org/2008/role/label">Rows</label:label>
    <gen:arc xlink:type="arc" xlink:arcrole="http://xbrl.org/arcrole/2008/element-label" xlink:from="loc_eba_a2" xlink:to="label_eba_a2" />
    <link:loc xlink:type="locator" xlink:href="c_05.02-rend.xml#eba_c19575" xlink:label="loc_eba_c19575" />
    <label:label xlink:type="resource" xlink:label="label_eba_c19575" xml:lang="en" xlink:role="http://www.xbrl.org/2008/role/label">1. Instruments that qualified for point a) of Article 57 of 2006/48/EC</label:label>
    <gen:arc xlink:type="arc" xlink:arcrole="http://xbrl.org/arcrole/2008/element-label" xlink:from="loc_eba_c19575" xlink:to="label_eba_c19575" />
    <link:loc xlink:type="locator" xlink:href="c_05.02-rend.xml#eba_c19576" xlink:label="loc_eba_c19576" />
    <label:label xlink:type="resource" xlink:label="label_eba_c19576" xml:lang="en" xlink:role="http://www.xbrl.org/2008/role/label">2. Instruments that qualified for point ca) of Article 57 and Article 154(8) and (9) of 2006/48/EC, subject to the limit of Article 467</label:label>
    <gen:arc xlink:type="arc" xlink:arcrole="http://xbrl.org/arcrole/2008/element-label" xlink:from="loc_eba_c19576" xlink:to="label_eba_c19576" />
    <link:loc xlink:type="locator" xlink:href="c_05.02-rend.xml#eba_c19577" xlink:label="loc_eba_c19577" />
    <label:label xlink:type="resource" xlink:label="label_eba_c19577" xml:lang="en" xlink:role="http://www.xbrl.org/2008/role/label">2.1 Total instruments without a call or an incentive to redeem</label:label>
    <gen:arc xlink:type="arc" xlink:arcrole="http://xbrl.org/arcrole/2008/element-label" xlink:from="loc_eba_c19577" xlink:to="label_eba_c19577" />
    <link:loc xlink:type="locator" xlink:href="c_05.02-rend.xml#eba_c19578" xlink:label="loc_eba_c19578" />
    <label:label xlink:type="resource" xlink:label="label_eba_c19578" xml:lang="en" xlink:role="http://www.xbrl.org/2008/role/label">2.2 Grandfathered instruments with a call and incentive to redeem</label:label>
    <gen:arc xlink:type="arc" xlink:arcrole="http://xbrl.org/arcrole/2008/element-label" xlink:from="loc_eba_c19578" xlink:to="label_eba_c19578" />
    <link:loc xlink:type="locator" xlink:href="c_05.02-rend.xml#eba_c19579" xlink:label="loc_eba_c19579" />
    <label:label xlink:type="resource" xlink:label="label_eba_c19579" xml:lang="en" xlink:role="http://www.xbrl.org/2008/role/label">2.2.1 Instruments with a call exercisable after the reporting date, and which meet the conditions in Article 49 of CRR after the date of effective maturity</label:label>
    <gen:arc xlink:type="arc" xlink:arcrole="http://xbrl.org/arcrole/2008/element-label" xlink:from="loc_eba_c19579" xlink:to="label_eba_c19579" />
    <link:loc xlink:type="locator" xlink:href="c_05.02-rend.xml#eba_c19580" xlink:label="loc_eba_c19580" />
    <label:label xlink:type="resource" xlink:label="label_eba_c19580" xml:lang="en" xlink:role="http://www.xbrl.org/2008/role/label">2.2.2 Instruments with a call exercisable after the reporting date, and which do not meet the conditions in Article 49 of CRR after the date of effective maturity</label:label>
    <gen:arc xlink:type="arc" xlink:arcrole="http://xbrl.org/arcrole/2008/element-label" xlink:from="loc_eba_c19580" xlink:to="label_eba_c19580" />
    <link:loc xlink:type="locator" xlink:href="c_05.02-rend.xml#eba_c19581" xlink:label="loc_eba_c19581" />
    <label:label xlink:type="resource" xlink:label="label_eba_c19581" xml:lang="en" xlink:role="http://www.xbrl.org/2008/role/label">2.2.3Instruments with a call exercisable prior to or on 20 July 2011, and which do not meet the conditions in Article 49 of CRR after the date of effective maturity</label:label>
    <gen:arc xlink:type="arc" xlink:arcrole="http://xbrl.org/arcrole/2008/element-label" xlink:from="loc_eba_c19581" xlink:to="label_eba_c19581" />
    <link:loc xlink:type="locator" xlink:href="c_05.02-rend.xml#eba_c19582" xlink:label="loc_eba_c19582" />
    <label:label xlink:type="resource" xlink:label="label_eba_c19582" xml:lang="en" xlink:role="http://www.xbrl.org/2008/role/label">2.3 Excess on the limit of CET1 grandfathered instruments</label:label>
    <gen:arc xlink:type="arc" xlink:arcrole="http://xbrl.org/arcrole/2008/element-label" xlink:from="loc_eba_c19582" xlink:to="label_eba_c19582" />
    <link:loc xlink:type="locator" xlink:href="c_05.02-rend.xml#eba_c19583" xlink:label="loc_eba_c19583" />
    <label:label xlink:type="resource" xlink:label="label_eba_c19583" xml:lang="en" xlink:role="http://www.xbrl.org/2008/role/label">3. Items that qualified for points f), g) or h) of Article 57 of 2006/48/EC, subject to the limit of Article 468</label:label>
    <gen:arc xlink:type="arc" xlink:arcrole="http://xbrl.org/arcrole/2008/element-label" xlink:from="loc_eba_c19583" xlink:to="label_eba_c19583" />
    <link:loc xlink:type="locator" xlink:href="c_05.02-rend.xml#eba_c19584" xlink:label="loc_eba_c19584" />
    <label:label xlink:type="resource" xlink:label="label_eba_c19584" xml:lang="en" xlink:role="http://www.xbrl.org/2008/role/label">3.1 Total items without an incentive to redeem</label:label>
    <gen:arc xlink:type="arc" xlink:arcrole="http://xbrl.org/arcrole/2008/element-label" xlink:from="loc_eba_c19584" xlink:to="label_eba_c19584" />
    <link:loc xlink:type="locator" xlink:href="c_05.02-rend.xml#eba_c19585" xlink:label="loc_eba_c19585" />
    <label:label xlink:type="resource" xlink:label="label_eba_c19585" xml:lang="en" xlink:role="http://www.xbrl.org/2008/role/label">3.2 Grandfathered items with an incentive to redeem</label:label>
    <gen:arc xlink:type="arc" xlink:arcrole="http://xbrl.org/arcrole/2008/element-label" xlink:from="loc_eba_c19585" xlink:to="label_eba_c19585" />
    <link:loc xlink:type="locator" xlink:href="c_05.02-rend.xml#eba_c19586" xlink:label="loc_eba_c19586" />
    <label:label xlink:type="resource" xlink:label="label_eba_c19586" xml:lang="en" xlink:role="http://www.xbrl.org/2008/role/label">3.2.1 Items with a call exercisable after the reporting date, and which meet the conditions in Article 60 of CRR after the date of effective maturity</label:label>
    <gen:arc xlink:type="arc" xlink:arcrole="http://xbrl.org/arcrole/2008/element-label" xlink:from="loc_eba_c19586" xlink:to="label_eba_c19586" />
    <link:loc xlink:type="locator" xlink:href="c_05.02-rend.xml#eba_c19587" xlink:label="loc_eba_c19587" />
    <label:label xlink:type="resource" xlink:label="label_eba_c19587" xml:lang="en" xlink:role="http://www.xbrl.org/2008/role/label">3.2.2 Items with a call exercisable after the reporting date, and which do not meet the conditions in Article 60 of CRR after the date of effective maturity</label:label>
    <gen:arc xlink:type="arc" xlink:arcrole="http://xbrl.org/arcrole/2008/element-label" xlink:from="loc_eba_c19587" xlink:to="label_eba_c19587" />
    <link:loc xlink:type="locator" xlink:href="c_05.02-rend.xml#eba_c19588" xlink:label="loc_eba_c19588" />
    <label:label xlink:type="resource" xlink:label="label_eba_c19588" xml:lang="en" xlink:role="http://www.xbrl.org/2008/role/label">3.2.3 Items with a call exercisable prior to or on 20 July 2011, and which do not meet the conditions in Article 60 of CRR after the date of effective maturity</label:label>
    <gen:arc xlink:type="arc" xlink:arcrole="http://xbrl.org/arcrole/2008/element-label" xlink:from="loc_eba_c19588" xlink:to="label_eba_c19588" />
    <link:loc xlink:type="locator" xlink:href="c_05.02-rend.xml#eba_c19589" xlink:label="loc_eba_c19589" />
    <label:label xlink:type="resource" xlink:label="label_eba_c19589" xml:lang="en" xlink:role="http://www.xbrl.org/2008/role/label">3.3 Excess on the limit of AT1 grandfathered instruments</label:label>
    <gen:arc xlink:type="arc" xlink:arcrole="http://xbrl.org/arcrole/2008/element-label" xlink:from="loc_eba_c19589" xlink:to="label_eba_c19589" />
  </gen:link>
</link:linkbase>