﻿<?xml version="1.0" encoding="utf-8"?>
<?taxonomy-version 2.0.1?>
<!--(C) EBA-->
<link:linkbase xmlns:xsi="http://www.w3.org/2001/XMLSchema-instance" xmlns:xlink="http://www.w3.org/1999/xlink" xmlns:link="http://www.xbrl.org/2003/linkbase" xmlns:gen="http://xbrl.org/2008/generic" xmlns:label="http://xbrl.org/2008/label" xsi:schemaLocation="http://www.xbrl.org/2003/linkbase http://www.xbrl.org/2003/xbrl-linkbase-2003-12-31.xsd http://xbrl.org/2008/generic http://www.xbrl.org/2008/generic-link.xsd http://xbrl.org/2008/label http://www.xbrl.org/2008/generic-label.xsd">
  <link:arcroleRef arcroleURI="http://xbrl.org/arcrole/2008/element-label" xlink:type="simple" xlink:href="http://www.xbrl.org/2008/generic-label.xsd#element-label" />
  <link:roleRef roleURI="http://www.eba.europa.eu/xbrl/role/dpm-db-id" xlink:type="simple" xlink:href="http://www.eba.europa.eu/eu/fr/xbrl/ext/model.xsd#dpm-db-id" />
  <link:roleRef roleURI="http://www.eurofiling.info/xbrl/role/filing-indicator-code" xlink:type="simple" xlink:href="http://www.eurofiling.info/eu/fr/xbrl/ext/model.xsd#filing-indicator-code" />
  <link:roleRef roleURI="http://www.eurofiling.info/xbrl/role/rc-code" xlink:type="simple" xlink:href="http://www.eurofiling.info/eu/fr/xbrl/ext/model.xsd#rc-code" />
  <gen:link xlink:type="extended" xlink:role="http://www.xbrl.org/2003/role/link">
    <link:loc xlink:type="locator" xlink:href="c_26.00-rend.xml#eba_tC_26.00" xlink:label="loc_eba_tC_26.00" />
    <label:label xlink:type="resource" xlink:label="label_eba_tC_26.00" xml:lang="en" xlink:role="http://www.eurofiling.info/xbrl/role/rc-code">C 26.00</label:label>
    <gen:arc xlink:type="arc" xlink:arcrole="http://xbrl.org/arcrole/2008/element-label" xlink:from="loc_eba_tC_26.00" xlink:to="label_eba_tC_26.00" />
    <link:loc xlink:type="locator" xlink:href="c_26.00-rend.xml#eba_c21001" xlink:label="loc_eba_c21001" />
    <label:label xlink:type="resource" xlink:label="label_eba_c21001" xml:lang="en" xlink:role="http://www.eurofiling.info/xbrl/role/rc-code">010</label:label>
    <gen:arc xlink:type="arc" xlink:arcrole="http://xbrl.org/arcrole/2008/element-label" xlink:from="loc_eba_c21001" xlink:to="label_eba_c21001" />
    <link:loc xlink:type="locator" xlink:href="c_26.00-rend.xml#eba_c21002" xlink:label="loc_eba_c21002" />
    <label:label xlink:type="resource" xlink:label="label_eba_c21002" xml:lang="en" xlink:role="http://www.eurofiling.info/xbrl/role/rc-code">010</label:label>
    <gen:arc xlink:type="arc" xlink:arcrole="http://xbrl.org/arcrole/2008/element-label" xlink:from="loc_eba_c21002" xlink:to="label_eba_c21002" />
    <link:loc xlink:type="locator" xlink:href="c_26.00-rend.xml#eba_c21003" xlink:label="loc_eba_c21003" />
    <label:label xlink:type="resource" xlink:label="label_eba_c21003" xml:lang="en" xlink:role="http://www.eurofiling.info/xbrl/role/rc-code">020</label:label>
    <gen:arc xlink:type="arc" xlink:arcrole="http://xbrl.org/arcrole/2008/element-label" xlink:from="loc_eba_c21003" xlink:to="label_eba_c21003" />
    <link:loc xlink:type="locator" xlink:href="c_26.00-rend.xml#eba_c21004" xlink:label="loc_eba_c21004" />
    <label:label xlink:type="resource" xlink:label="label_eba_c21004" xml:lang="en" xlink:role="http://www.eurofiling.info/xbrl/role/rc-code">030</label:label>
    <gen:arc xlink:type="arc" xlink:arcrole="http://xbrl.org/arcrole/2008/element-label" xlink:from="loc_eba_c21004" xlink:to="label_eba_c21004" />
    <label:label xlink:type="resource" xlink:label="label_eba_tC_26.00_1" xml:lang="en" xlink:role="http://www.eurofiling.info/xbrl/role/filing-indicator-code">C_26.00</label:label>
    <gen:arc xlink:type="arc" xlink:arcrole="http://xbrl.org/arcrole/2008/element-label" xlink:from="loc_eba_tC_26.00" xlink:to="label_eba_tC_26.00_1" />
    <label:label xlink:type="resource" xlink:label="label_eba_tC_26.00_2" xml:lang="en" xlink:role="http://www.eba.europa.eu/xbrl/role/dpm-db-id">111</label:label>
    <gen:arc xlink:type="arc" xlink:arcrole="http://xbrl.org/arcrole/2008/element-label" xlink:from="loc_eba_tC_26.00" xlink:to="label_eba_tC_26.00_2" />
    <label:label xlink:type="resource" xlink:label="label_eba_c21001_1" xml:lang="en" xlink:role="http://www.eba.europa.eu/xbrl/role/dpm-db-id">21001</label:label>
    <gen:arc xlink:type="arc" xlink:arcrole="http://xbrl.org/arcrole/2008/element-label" xlink:from="loc_eba_c21001" xlink:to="label_eba_c21001_1" />
    <label:label xlink:type="resource" xlink:label="label_eba_c21002_1" xml:lang="en" xlink:role="http://www.eba.europa.eu/xbrl/role/dpm-db-id">21002</label:label>
    <gen:arc xlink:type="arc" xlink:arcrole="http://xbrl.org/arcrole/2008/element-label" xlink:from="loc_eba_c21002" xlink:to="label_eba_c21002_1" />
    <label:label xlink:type="resource" xlink:label="label_eba_c21003_1" xml:lang="en" xlink:role="http://www.eba.europa.eu/xbrl/role/dpm-db-id">21003</label:label>
    <gen:arc xlink:type="arc" xlink:arcrole="http://xbrl.org/arcrole/2008/element-label" xlink:from="loc_eba_c21003" xlink:to="label_eba_c21003_1" />
    <label:label xlink:type="resource" xlink:label="label_eba_c21004_1" xml:lang="en" xlink:role="http://www.eba.europa.eu/xbrl/role/dpm-db-id">21004</label:label>
    <gen:arc xlink:type="arc" xlink:arcrole="http://xbrl.org/arcrole/2008/element-label" xlink:from="loc_eba_c21004" xlink:to="label_eba_c21004_1" />
  </gen:link>
</link:linkbase>