﻿<?xml version="1.0" encoding="utf-8"?>
<?taxonomy-version 2.0.0?>
<!--(C) EBA-->
<link:linkbase xmlns:xsi="http://www.w3.org/2001/XMLSchema-instance" xmlns:xlink="http://www.w3.org/1999/xlink" xmlns:link="http://www.xbrl.org/2003/linkbase" xmlns:gen="http://xbrl.org/2008/generic" xmlns:label="http://xbrl.org/2008/label" xsi:schemaLocation="http://www.xbrl.org/2003/linkbase http://www.xbrl.org/2003/xbrl-linkbase-2003-12-31.xsd http://xbrl.org/2008/generic http://www.xbrl.org/2008/generic-link.xsd http://xbrl.org/2008/label http://www.xbrl.org/2008/generic-label.xsd">
  <link:arcroleRef arcroleURI="http://xbrl.org/arcrole/2008/element-label" xlink:type="simple" xlink:href="http://www.xbrl.org/2008/generic-label.xsd#element-label" />
  <link:roleRef roleURI="http://www.xbrl.org/2008/role/label" xlink:type="simple" xlink:href="http://www.xbrl.org/2008/generic-label.xsd#standard-label" />
  <link:roleRef roleURI="http://www.xbrl.org/2008/role/verboseLabel" xlink:type="simple" xlink:href="http://www.xbrl.org/2008/generic-label.xsd#verbose-label" />
  <gen:link xlink:type="extended" xlink:role="http://www.xbrl.org/2003/role/link">
    <link:loc xlink:type="locator" xlink:href="c_26.00-rend.xml#eba_tC_26.00" xlink:label="loc_eba_tC_26.00" />
    <label:label xlink:type="resource" xlink:label="label_eba_tC_26.00" xml:lang="en" xlink:role="http://www.xbrl.org/2008/role/label">C 26.00 (LE limits)</label:label>
    <gen:arc xlink:type="arc" xlink:arcrole="http://xbrl.org/arcrole/2008/element-label" xlink:from="loc_eba_tC_26.00" xlink:to="label_eba_tC_26.00" />
    <label:label xlink:type="resource" xlink:label="label_eba_tC_26.00_1" xml:lang="en" xlink:role="http://www.xbrl.org/2008/role/verboseLabel">C 26.00 (LE limits) Large exposures limits</label:label>
    <gen:arc xlink:type="arc" xlink:arcrole="http://xbrl.org/arcrole/2008/element-label" xlink:from="loc_eba_tC_26.00" xlink:to="label_eba_tC_26.00_1" />
    <link:loc xlink:type="locator" xlink:href="c_26.00-rend.xml#eba_a1" xlink:label="loc_eba_a1" />
    <label:label xlink:type="resource" xlink:label="label_eba_a1" xml:lang="en" xlink:role="http://www.xbrl.org/2008/role/label">Columns</label:label>
    <gen:arc xlink:type="arc" xlink:arcrole="http://xbrl.org/arcrole/2008/element-label" xlink:from="loc_eba_a1" xlink:to="label_eba_a1" />
    <link:loc xlink:type="locator" xlink:href="c_26.00-rend.xml#eba_c21001" xlink:label="loc_eba_c21001" />
    <label:label xlink:type="resource" xlink:label="label_eba_c21001" xml:lang="en" xlink:role="http://www.xbrl.org/2008/role/label">Applicable limit</label:label>
    <gen:arc xlink:type="arc" xlink:arcrole="http://xbrl.org/arcrole/2008/element-label" xlink:from="loc_eba_c21001" xlink:to="label_eba_c21001" />
    <link:loc xlink:type="locator" xlink:href="c_26.00-rend.xml#eba_a2" xlink:label="loc_eba_a2" />
    <label:label xlink:type="resource" xlink:label="label_eba_a2" xml:lang="en" xlink:role="http://www.xbrl.org/2008/role/label">Rows</label:label>
    <gen:arc xlink:type="arc" xlink:arcrole="http://xbrl.org/arcrole/2008/element-label" xlink:from="loc_eba_a2" xlink:to="label_eba_a2" />
    <link:loc xlink:type="locator" xlink:href="c_26.00-rend.xml#eba_c21002" xlink:label="loc_eba_c21002" />
    <label:label xlink:type="resource" xlink:label="label_eba_c21002" xml:lang="en" xlink:role="http://www.xbrl.org/2008/role/label">Non institutions</label:label>
    <gen:arc xlink:type="arc" xlink:arcrole="http://xbrl.org/arcrole/2008/element-label" xlink:from="loc_eba_c21002" xlink:to="label_eba_c21002" />
    <link:loc xlink:type="locator" xlink:href="c_26.00-rend.xml#eba_c21003" xlink:label="loc_eba_c21003" />
    <label:label xlink:type="resource" xlink:label="label_eba_c21003" xml:lang="en" xlink:role="http://www.xbrl.org/2008/role/label">Credit institutions</label:label>
    <gen:arc xlink:type="arc" xlink:arcrole="http://xbrl.org/arcrole/2008/element-label" xlink:from="loc_eba_c21003" xlink:to="label_eba_c21003" />
    <link:loc xlink:type="locator" xlink:href="c_26.00-rend.xml#eba_c21004" xlink:label="loc_eba_c21004" />
    <label:label xlink:type="resource" xlink:label="label_eba_c21004" xml:lang="en" xlink:role="http://www.xbrl.org/2008/role/label">Credit institutions in %</label:label>
    <gen:arc xlink:type="arc" xlink:arcrole="http://xbrl.org/arcrole/2008/element-label" xlink:from="loc_eba_c21004" xlink:to="label_eba_c21004" />
  </gen:link>
</link:linkbase>