﻿<?xml version="1.0" encoding="utf-8"?>
<?taxonomy-version 2.0.1?>
<!--(C) EBA-->
<link:linkbase xmlns:xsi="http://www.w3.org/2001/XMLSchema-instance" xmlns:xlink="http://www.w3.org/1999/xlink" xmlns:link="http://www.xbrl.org/2003/linkbase" xmlns:gen="http://xbrl.org/2008/generic" xmlns:label="http://xbrl.org/2008/label" xsi:schemaLocation="http://www.xbrl.org/2003/linkbase http://www.xbrl.org/2003/xbrl-linkbase-2003-12-31.xsd http://xbrl.org/2008/generic http://www.xbrl.org/2008/generic-link.xsd http://xbrl.org/2008/label http://www.xbrl.org/2008/generic-label.xsd">
  <link:arcroleRef arcroleURI="http://xbrl.org/arcrole/2008/element-label" xlink:type="simple" xlink:href="http://www.xbrl.org/2008/generic-label.xsd#element-label" />
  <link:roleRef roleURI="http://www.eba.europa.eu/xbrl/role/dpm-db-id" xlink:type="simple" xlink:href="http://www.eba.europa.eu/eu/fr/xbrl/ext/model.xsd#dpm-db-id" />
  <link:roleRef roleURI="http://www.eurofiling.info/xbrl/role/filing-indicator-code" xlink:type="simple" xlink:href="http://www.eurofiling.info/eu/fr/xbrl/ext/model.xsd#filing-indicator-code" />
  <link:roleRef roleURI="http://www.eurofiling.info/xbrl/role/rc-code" xlink:type="simple" xlink:href="http://www.eurofiling.info/eu/fr/xbrl/ext/model.xsd#rc-code" />
  <gen:link xlink:type="extended" xlink:role="http://www.xbrl.org/2003/role/link">
    <link:loc xlink:type="locator" xlink:href="c_19.00-rend.xml#eba_tC_19.00" xlink:label="loc_eba_tC_19.00" />
    <label:label xlink:type="resource" xlink:label="label_eba_tC_19.00" xml:lang="en" xlink:role="http://www.eurofiling.info/xbrl/role/rc-code">C 19.00</label:label>
    <gen:arc xlink:type="arc" xlink:arcrole="http://xbrl.org/arcrole/2008/element-label" xlink:from="loc_eba_tC_19.00" xlink:to="label_eba_tC_19.00" />
    <link:loc xlink:type="locator" xlink:href="c_19.00-rend.xml#eba_c20634" xlink:label="loc_eba_c20634" />
    <label:label xlink:type="resource" xlink:label="label_eba_c20634" xml:lang="en" xlink:role="http://www.eurofiling.info/xbrl/role/rc-code">009</label:label>
    <gen:arc xlink:type="arc" xlink:arcrole="http://xbrl.org/arcrole/2008/element-label" xlink:from="loc_eba_c20634" xlink:to="label_eba_c20634" />
    <link:loc xlink:type="locator" xlink:href="c_19.00-rend.xml#eba_c20635" xlink:label="loc_eba_c20635" />
    <label:label xlink:type="resource" xlink:label="label_eba_c20635" xml:lang="en" xlink:role="http://www.eurofiling.info/xbrl/role/rc-code">010</label:label>
    <gen:arc xlink:type="arc" xlink:arcrole="http://xbrl.org/arcrole/2008/element-label" xlink:from="loc_eba_c20635" xlink:to="label_eba_c20635" />
    <link:loc xlink:type="locator" xlink:href="c_19.00-rend.xml#eba_c20636" xlink:label="loc_eba_c20636" />
    <label:label xlink:type="resource" xlink:label="label_eba_c20636" xml:lang="en" xlink:role="http://www.eurofiling.info/xbrl/role/rc-code">020</label:label>
    <gen:arc xlink:type="arc" xlink:arcrole="http://xbrl.org/arcrole/2008/element-label" xlink:from="loc_eba_c20636" xlink:to="label_eba_c20636" />
    <link:loc xlink:type="locator" xlink:href="c_19.00-rend.xml#eba_c20637" xlink:label="loc_eba_c20637" />
    <label:label xlink:type="resource" xlink:label="label_eba_c20637" xml:lang="en" xlink:role="http://www.eurofiling.info/xbrl/role/rc-code">029</label:label>
    <gen:arc xlink:type="arc" xlink:arcrole="http://xbrl.org/arcrole/2008/element-label" xlink:from="loc_eba_c20637" xlink:to="label_eba_c20637" />
    <link:loc xlink:type="locator" xlink:href="c_19.00-rend.xml#eba_c20638" xlink:label="loc_eba_c20638" />
    <label:label xlink:type="resource" xlink:label="label_eba_c20638" xml:lang="en" xlink:role="http://www.eurofiling.info/xbrl/role/rc-code">030</label:label>
    <gen:arc xlink:type="arc" xlink:arcrole="http://xbrl.org/arcrole/2008/element-label" xlink:from="loc_eba_c20638" xlink:to="label_eba_c20638" />
    <link:loc xlink:type="locator" xlink:href="c_19.00-rend.xml#eba_c20639" xlink:label="loc_eba_c20639" />
    <label:label xlink:type="resource" xlink:label="label_eba_c20639" xml:lang="en" xlink:role="http://www.eurofiling.info/xbrl/role/rc-code">040</label:label>
    <gen:arc xlink:type="arc" xlink:arcrole="http://xbrl.org/arcrole/2008/element-label" xlink:from="loc_eba_c20639" xlink:to="label_eba_c20639" />
    <link:loc xlink:type="locator" xlink:href="c_19.00-rend.xml#eba_c20640" xlink:label="loc_eba_c20640" />
    <label:label xlink:type="resource" xlink:label="label_eba_c20640" xml:lang="en" xlink:role="http://www.eurofiling.info/xbrl/role/rc-code">049</label:label>
    <gen:arc xlink:type="arc" xlink:arcrole="http://xbrl.org/arcrole/2008/element-label" xlink:from="loc_eba_c20640" xlink:to="label_eba_c20640" />
    <link:loc xlink:type="locator" xlink:href="c_19.00-rend.xml#eba_c20641" xlink:label="loc_eba_c20641" />
    <label:label xlink:type="resource" xlink:label="label_eba_c20641" xml:lang="en" xlink:role="http://www.eurofiling.info/xbrl/role/rc-code">050</label:label>
    <gen:arc xlink:type="arc" xlink:arcrole="http://xbrl.org/arcrole/2008/element-label" xlink:from="loc_eba_c20641" xlink:to="label_eba_c20641" />
    <link:loc xlink:type="locator" xlink:href="c_19.00-rend.xml#eba_c20642" xlink:label="loc_eba_c20642" />
    <label:label xlink:type="resource" xlink:label="label_eba_c20642" xml:lang="en" xlink:role="http://www.eurofiling.info/xbrl/role/rc-code">060</label:label>
    <gen:arc xlink:type="arc" xlink:arcrole="http://xbrl.org/arcrole/2008/element-label" xlink:from="loc_eba_c20642" xlink:to="label_eba_c20642" />
    <link:loc xlink:type="locator" xlink:href="c_19.00-rend.xml#eba_c20643" xlink:label="loc_eba_c20643" />
    <label:label xlink:type="resource" xlink:label="label_eba_c20643" xml:lang="en" xlink:role="http://www.eurofiling.info/xbrl/role/rc-code">068</label:label>
    <gen:arc xlink:type="arc" xlink:arcrole="http://xbrl.org/arcrole/2008/element-label" xlink:from="loc_eba_c20643" xlink:to="label_eba_c20643" />
    <link:loc xlink:type="locator" xlink:href="c_19.00-rend.xml#eba_c20644" xlink:label="loc_eba_c20644" />
    <label:label xlink:type="resource" xlink:label="label_eba_c20644" xml:lang="en" xlink:role="http://www.eurofiling.info/xbrl/role/rc-code">069</label:label>
    <gen:arc xlink:type="arc" xlink:arcrole="http://xbrl.org/arcrole/2008/element-label" xlink:from="loc_eba_c20644" xlink:to="label_eba_c20644" />
    <link:loc xlink:type="locator" xlink:href="c_19.00-rend.xml#eba_c20645" xlink:label="loc_eba_c20645" />
    <label:label xlink:type="resource" xlink:label="label_eba_c20645" xml:lang="en" xlink:role="http://www.eurofiling.info/xbrl/role/rc-code">070</label:label>
    <gen:arc xlink:type="arc" xlink:arcrole="http://xbrl.org/arcrole/2008/element-label" xlink:from="loc_eba_c20645" xlink:to="label_eba_c20645" />
    <link:loc xlink:type="locator" xlink:href="c_19.00-rend.xml#eba_c20646" xlink:label="loc_eba_c20646" />
    <label:label xlink:type="resource" xlink:label="label_eba_c20646" xml:lang="en" xlink:role="http://www.eurofiling.info/xbrl/role/rc-code">080</label:label>
    <gen:arc xlink:type="arc" xlink:arcrole="http://xbrl.org/arcrole/2008/element-label" xlink:from="loc_eba_c20646" xlink:to="label_eba_c20646" />
    <link:loc xlink:type="locator" xlink:href="c_19.00-rend.xml#eba_c20647" xlink:label="loc_eba_c20647" />
    <label:label xlink:type="resource" xlink:label="label_eba_c20647" xml:lang="en" xlink:role="http://www.eurofiling.info/xbrl/role/rc-code">090</label:label>
    <gen:arc xlink:type="arc" xlink:arcrole="http://xbrl.org/arcrole/2008/element-label" xlink:from="loc_eba_c20647" xlink:to="label_eba_c20647" />
    <link:loc xlink:type="locator" xlink:href="c_19.00-rend.xml#eba_c20648" xlink:label="loc_eba_c20648" />
    <label:label xlink:type="resource" xlink:label="label_eba_c20648" xml:lang="en" xlink:role="http://www.eurofiling.info/xbrl/role/rc-code">100</label:label>
    <gen:arc xlink:type="arc" xlink:arcrole="http://xbrl.org/arcrole/2008/element-label" xlink:from="loc_eba_c20648" xlink:to="label_eba_c20648" />
    <link:loc xlink:type="locator" xlink:href="c_19.00-rend.xml#eba_c20649" xlink:label="loc_eba_c20649" />
    <label:label xlink:type="resource" xlink:label="label_eba_c20649" xml:lang="en" xlink:role="http://www.eurofiling.info/xbrl/role/rc-code">110</label:label>
    <gen:arc xlink:type="arc" xlink:arcrole="http://xbrl.org/arcrole/2008/element-label" xlink:from="loc_eba_c20649" xlink:to="label_eba_c20649" />
    <link:loc xlink:type="locator" xlink:href="c_19.00-rend.xml#eba_c20650" xlink:label="loc_eba_c20650" />
    <label:label xlink:type="resource" xlink:label="label_eba_c20650" xml:lang="en" xlink:role="http://www.eurofiling.info/xbrl/role/rc-code">120</label:label>
    <gen:arc xlink:type="arc" xlink:arcrole="http://xbrl.org/arcrole/2008/element-label" xlink:from="loc_eba_c20650" xlink:to="label_eba_c20650" />
    <link:loc xlink:type="locator" xlink:href="c_19.00-rend.xml#eba_c20651" xlink:label="loc_eba_c20651" />
    <label:label xlink:type="resource" xlink:label="label_eba_c20651" xml:lang="en" xlink:role="http://www.eurofiling.info/xbrl/role/rc-code">130</label:label>
    <gen:arc xlink:type="arc" xlink:arcrole="http://xbrl.org/arcrole/2008/element-label" xlink:from="loc_eba_c20651" xlink:to="label_eba_c20651" />
    <link:loc xlink:type="locator" xlink:href="c_19.00-rend.xml#eba_c20652" xlink:label="loc_eba_c20652" />
    <label:label xlink:type="resource" xlink:label="label_eba_c20652" xml:lang="en" xlink:role="http://www.eurofiling.info/xbrl/role/rc-code">140</label:label>
    <gen:arc xlink:type="arc" xlink:arcrole="http://xbrl.org/arcrole/2008/element-label" xlink:from="loc_eba_c20652" xlink:to="label_eba_c20652" />
    <link:loc xlink:type="locator" xlink:href="c_19.00-rend.xml#eba_c20653" xlink:label="loc_eba_c20653" />
    <label:label xlink:type="resource" xlink:label="label_eba_c20653" xml:lang="en" xlink:role="http://www.eurofiling.info/xbrl/role/rc-code">150</label:label>
    <gen:arc xlink:type="arc" xlink:arcrole="http://xbrl.org/arcrole/2008/element-label" xlink:from="loc_eba_c20653" xlink:to="label_eba_c20653" />
    <link:loc xlink:type="locator" xlink:href="c_19.00-rend.xml#eba_c20654" xlink:label="loc_eba_c20654" />
    <label:label xlink:type="resource" xlink:label="label_eba_c20654" xml:lang="en" xlink:role="http://www.eurofiling.info/xbrl/role/rc-code">160</label:label>
    <gen:arc xlink:type="arc" xlink:arcrole="http://xbrl.org/arcrole/2008/element-label" xlink:from="loc_eba_c20654" xlink:to="label_eba_c20654" />
    <link:loc xlink:type="locator" xlink:href="c_19.00-rend.xml#eba_c20655" xlink:label="loc_eba_c20655" />
    <label:label xlink:type="resource" xlink:label="label_eba_c20655" xml:lang="en" xlink:role="http://www.eurofiling.info/xbrl/role/rc-code">170</label:label>
    <gen:arc xlink:type="arc" xlink:arcrole="http://xbrl.org/arcrole/2008/element-label" xlink:from="loc_eba_c20655" xlink:to="label_eba_c20655" />
    <link:loc xlink:type="locator" xlink:href="c_19.00-rend.xml#eba_c20656" xlink:label="loc_eba_c20656" />
    <label:label xlink:type="resource" xlink:label="label_eba_c20656" xml:lang="en" xlink:role="http://www.eurofiling.info/xbrl/role/rc-code">180</label:label>
    <gen:arc xlink:type="arc" xlink:arcrole="http://xbrl.org/arcrole/2008/element-label" xlink:from="loc_eba_c20656" xlink:to="label_eba_c20656" />
    <link:loc xlink:type="locator" xlink:href="c_19.00-rend.xml#eba_c20657" xlink:label="loc_eba_c20657" />
    <label:label xlink:type="resource" xlink:label="label_eba_c20657" xml:lang="en" xlink:role="http://www.eurofiling.info/xbrl/role/rc-code">190</label:label>
    <gen:arc xlink:type="arc" xlink:arcrole="http://xbrl.org/arcrole/2008/element-label" xlink:from="loc_eba_c20657" xlink:to="label_eba_c20657" />
    <link:loc xlink:type="locator" xlink:href="c_19.00-rend.xml#eba_c20658" xlink:label="loc_eba_c20658" />
    <label:label xlink:type="resource" xlink:label="label_eba_c20658" xml:lang="en" xlink:role="http://www.eurofiling.info/xbrl/role/rc-code">200</label:label>
    <gen:arc xlink:type="arc" xlink:arcrole="http://xbrl.org/arcrole/2008/element-label" xlink:from="loc_eba_c20658" xlink:to="label_eba_c20658" />
    <link:loc xlink:type="locator" xlink:href="c_19.00-rend.xml#eba_c20659" xlink:label="loc_eba_c20659" />
    <label:label xlink:type="resource" xlink:label="label_eba_c20659" xml:lang="en" xlink:role="http://www.eurofiling.info/xbrl/role/rc-code">210</label:label>
    <gen:arc xlink:type="arc" xlink:arcrole="http://xbrl.org/arcrole/2008/element-label" xlink:from="loc_eba_c20659" xlink:to="label_eba_c20659" />
    <link:loc xlink:type="locator" xlink:href="c_19.00-rend.xml#eba_c20660" xlink:label="loc_eba_c20660" />
    <label:label xlink:type="resource" xlink:label="label_eba_c20660" xml:lang="en" xlink:role="http://www.eurofiling.info/xbrl/role/rc-code">220</label:label>
    <gen:arc xlink:type="arc" xlink:arcrole="http://xbrl.org/arcrole/2008/element-label" xlink:from="loc_eba_c20660" xlink:to="label_eba_c20660" />
    <link:loc xlink:type="locator" xlink:href="c_19.00-rend.xml#eba_c20661" xlink:label="loc_eba_c20661" />
    <label:label xlink:type="resource" xlink:label="label_eba_c20661" xml:lang="en" xlink:role="http://www.eurofiling.info/xbrl/role/rc-code">229</label:label>
    <gen:arc xlink:type="arc" xlink:arcrole="http://xbrl.org/arcrole/2008/element-label" xlink:from="loc_eba_c20661" xlink:to="label_eba_c20661" />
    <link:loc xlink:type="locator" xlink:href="c_19.00-rend.xml#eba_c20662" xlink:label="loc_eba_c20662" />
    <label:label xlink:type="resource" xlink:label="label_eba_c20662" xml:lang="en" xlink:role="http://www.eurofiling.info/xbrl/role/rc-code">230</label:label>
    <gen:arc xlink:type="arc" xlink:arcrole="http://xbrl.org/arcrole/2008/element-label" xlink:from="loc_eba_c20662" xlink:to="label_eba_c20662" />
    <link:loc xlink:type="locator" xlink:href="c_19.00-rend.xml#eba_c20663" xlink:label="loc_eba_c20663" />
    <label:label xlink:type="resource" xlink:label="label_eba_c20663" xml:lang="en" xlink:role="http://www.eurofiling.info/xbrl/role/rc-code">240</label:label>
    <gen:arc xlink:type="arc" xlink:arcrole="http://xbrl.org/arcrole/2008/element-label" xlink:from="loc_eba_c20663" xlink:to="label_eba_c20663" />
    <link:loc xlink:type="locator" xlink:href="c_19.00-rend.xml#eba_c20664" xlink:label="loc_eba_c20664" />
    <label:label xlink:type="resource" xlink:label="label_eba_c20664" xml:lang="en" xlink:role="http://www.eurofiling.info/xbrl/role/rc-code">250</label:label>
    <gen:arc xlink:type="arc" xlink:arcrole="http://xbrl.org/arcrole/2008/element-label" xlink:from="loc_eba_c20664" xlink:to="label_eba_c20664" />
    <link:loc xlink:type="locator" xlink:href="c_19.00-rend.xml#eba_c20665" xlink:label="loc_eba_c20665" />
    <label:label xlink:type="resource" xlink:label="label_eba_c20665" xml:lang="en" xlink:role="http://www.eurofiling.info/xbrl/role/rc-code">260</label:label>
    <gen:arc xlink:type="arc" xlink:arcrole="http://xbrl.org/arcrole/2008/element-label" xlink:from="loc_eba_c20665" xlink:to="label_eba_c20665" />
    <link:loc xlink:type="locator" xlink:href="c_19.00-rend.xml#eba_c20666" xlink:label="loc_eba_c20666" />
    <label:label xlink:type="resource" xlink:label="label_eba_c20666" xml:lang="en" xlink:role="http://www.eurofiling.info/xbrl/role/rc-code">270</label:label>
    <gen:arc xlink:type="arc" xlink:arcrole="http://xbrl.org/arcrole/2008/element-label" xlink:from="loc_eba_c20666" xlink:to="label_eba_c20666" />
    <link:loc xlink:type="locator" xlink:href="c_19.00-rend.xml#eba_c20667" xlink:label="loc_eba_c20667" />
    <label:label xlink:type="resource" xlink:label="label_eba_c20667" xml:lang="en" xlink:role="http://www.eurofiling.info/xbrl/role/rc-code">280</label:label>
    <gen:arc xlink:type="arc" xlink:arcrole="http://xbrl.org/arcrole/2008/element-label" xlink:from="loc_eba_c20667" xlink:to="label_eba_c20667" />
    <link:loc xlink:type="locator" xlink:href="c_19.00-rend.xml#eba_c20668" xlink:label="loc_eba_c20668" />
    <label:label xlink:type="resource" xlink:label="label_eba_c20668" xml:lang="en" xlink:role="http://www.eurofiling.info/xbrl/role/rc-code">290</label:label>
    <gen:arc xlink:type="arc" xlink:arcrole="http://xbrl.org/arcrole/2008/element-label" xlink:from="loc_eba_c20668" xlink:to="label_eba_c20668" />
    <link:loc xlink:type="locator" xlink:href="c_19.00-rend.xml#eba_c20669" xlink:label="loc_eba_c20669" />
    <label:label xlink:type="resource" xlink:label="label_eba_c20669" xml:lang="en" xlink:role="http://www.eurofiling.info/xbrl/role/rc-code">298</label:label>
    <gen:arc xlink:type="arc" xlink:arcrole="http://xbrl.org/arcrole/2008/element-label" xlink:from="loc_eba_c20669" xlink:to="label_eba_c20669" />
    <link:loc xlink:type="locator" xlink:href="c_19.00-rend.xml#eba_c20670" xlink:label="loc_eba_c20670" />
    <label:label xlink:type="resource" xlink:label="label_eba_c20670" xml:lang="en" xlink:role="http://www.eurofiling.info/xbrl/role/rc-code">299</label:label>
    <gen:arc xlink:type="arc" xlink:arcrole="http://xbrl.org/arcrole/2008/element-label" xlink:from="loc_eba_c20670" xlink:to="label_eba_c20670" />
    <link:loc xlink:type="locator" xlink:href="c_19.00-rend.xml#eba_c20671" xlink:label="loc_eba_c20671" />
    <label:label xlink:type="resource" xlink:label="label_eba_c20671" xml:lang="en" xlink:role="http://www.eurofiling.info/xbrl/role/rc-code">300</label:label>
    <gen:arc xlink:type="arc" xlink:arcrole="http://xbrl.org/arcrole/2008/element-label" xlink:from="loc_eba_c20671" xlink:to="label_eba_c20671" />
    <link:loc xlink:type="locator" xlink:href="c_19.00-rend.xml#eba_c20672" xlink:label="loc_eba_c20672" />
    <label:label xlink:type="resource" xlink:label="label_eba_c20672" xml:lang="en" xlink:role="http://www.eurofiling.info/xbrl/role/rc-code">310</label:label>
    <gen:arc xlink:type="arc" xlink:arcrole="http://xbrl.org/arcrole/2008/element-label" xlink:from="loc_eba_c20672" xlink:to="label_eba_c20672" />
    <link:loc xlink:type="locator" xlink:href="c_19.00-rend.xml#eba_c20673" xlink:label="loc_eba_c20673" />
    <label:label xlink:type="resource" xlink:label="label_eba_c20673" xml:lang="en" xlink:role="http://www.eurofiling.info/xbrl/role/rc-code">320</label:label>
    <gen:arc xlink:type="arc" xlink:arcrole="http://xbrl.org/arcrole/2008/element-label" xlink:from="loc_eba_c20673" xlink:to="label_eba_c20673" />
    <link:loc xlink:type="locator" xlink:href="c_19.00-rend.xml#eba_c20674" xlink:label="loc_eba_c20674" />
    <label:label xlink:type="resource" xlink:label="label_eba_c20674" xml:lang="en" xlink:role="http://www.eurofiling.info/xbrl/role/rc-code">330</label:label>
    <gen:arc xlink:type="arc" xlink:arcrole="http://xbrl.org/arcrole/2008/element-label" xlink:from="loc_eba_c20674" xlink:to="label_eba_c20674" />
    <link:loc xlink:type="locator" xlink:href="c_19.00-rend.xml#eba_c20675" xlink:label="loc_eba_c20675" />
    <label:label xlink:type="resource" xlink:label="label_eba_c20675" xml:lang="en" xlink:role="http://www.eurofiling.info/xbrl/role/rc-code">340</label:label>
    <gen:arc xlink:type="arc" xlink:arcrole="http://xbrl.org/arcrole/2008/element-label" xlink:from="loc_eba_c20675" xlink:to="label_eba_c20675" />
    <link:loc xlink:type="locator" xlink:href="c_19.00-rend.xml#eba_c20676" xlink:label="loc_eba_c20676" />
    <label:label xlink:type="resource" xlink:label="label_eba_c20676" xml:lang="en" xlink:role="http://www.eurofiling.info/xbrl/role/rc-code">350</label:label>
    <gen:arc xlink:type="arc" xlink:arcrole="http://xbrl.org/arcrole/2008/element-label" xlink:from="loc_eba_c20676" xlink:to="label_eba_c20676" />
    <link:loc xlink:type="locator" xlink:href="c_19.00-rend.xml#eba_c20677" xlink:label="loc_eba_c20677" />
    <label:label xlink:type="resource" xlink:label="label_eba_c20677" xml:lang="en" xlink:role="http://www.eurofiling.info/xbrl/role/rc-code">360</label:label>
    <gen:arc xlink:type="arc" xlink:arcrole="http://xbrl.org/arcrole/2008/element-label" xlink:from="loc_eba_c20677" xlink:to="label_eba_c20677" />
    <link:loc xlink:type="locator" xlink:href="c_19.00-rend.xml#eba_c20678" xlink:label="loc_eba_c20678" />
    <label:label xlink:type="resource" xlink:label="label_eba_c20678" xml:lang="en" xlink:role="http://www.eurofiling.info/xbrl/role/rc-code">370</label:label>
    <gen:arc xlink:type="arc" xlink:arcrole="http://xbrl.org/arcrole/2008/element-label" xlink:from="loc_eba_c20678" xlink:to="label_eba_c20678" />
    <link:loc xlink:type="locator" xlink:href="c_19.00-rend.xml#eba_c20679" xlink:label="loc_eba_c20679" />
    <label:label xlink:type="resource" xlink:label="label_eba_c20679" xml:lang="en" xlink:role="http://www.eurofiling.info/xbrl/role/rc-code">380</label:label>
    <gen:arc xlink:type="arc" xlink:arcrole="http://xbrl.org/arcrole/2008/element-label" xlink:from="loc_eba_c20679" xlink:to="label_eba_c20679" />
    <link:loc xlink:type="locator" xlink:href="c_19.00-rend.xml#eba_c20680" xlink:label="loc_eba_c20680" />
    <label:label xlink:type="resource" xlink:label="label_eba_c20680" xml:lang="en" xlink:role="http://www.eurofiling.info/xbrl/role/rc-code">390</label:label>
    <gen:arc xlink:type="arc" xlink:arcrole="http://xbrl.org/arcrole/2008/element-label" xlink:from="loc_eba_c20680" xlink:to="label_eba_c20680" />
    <link:loc xlink:type="locator" xlink:href="c_19.00-rend.xml#eba_c20681" xlink:label="loc_eba_c20681" />
    <label:label xlink:type="resource" xlink:label="label_eba_c20681" xml:lang="en" xlink:role="http://www.eurofiling.info/xbrl/role/rc-code">400</label:label>
    <gen:arc xlink:type="arc" xlink:arcrole="http://xbrl.org/arcrole/2008/element-label" xlink:from="loc_eba_c20681" xlink:to="label_eba_c20681" />
    <link:loc xlink:type="locator" xlink:href="c_19.00-rend.xml#eba_c20682" xlink:label="loc_eba_c20682" />
    <label:label xlink:type="resource" xlink:label="label_eba_c20682" xml:lang="en" xlink:role="http://www.eurofiling.info/xbrl/role/rc-code">410</label:label>
    <gen:arc xlink:type="arc" xlink:arcrole="http://xbrl.org/arcrole/2008/element-label" xlink:from="loc_eba_c20682" xlink:to="label_eba_c20682" />
    <link:loc xlink:type="locator" xlink:href="c_19.00-rend.xml#eba_c20683" xlink:label="loc_eba_c20683" />
    <label:label xlink:type="resource" xlink:label="label_eba_c20683" xml:lang="en" xlink:role="http://www.eurofiling.info/xbrl/role/rc-code">420</label:label>
    <gen:arc xlink:type="arc" xlink:arcrole="http://xbrl.org/arcrole/2008/element-label" xlink:from="loc_eba_c20683" xlink:to="label_eba_c20683" />
    <link:loc xlink:type="locator" xlink:href="c_19.00-rend.xml#eba_c20684" xlink:label="loc_eba_c20684" />
    <label:label xlink:type="resource" xlink:label="label_eba_c20684" xml:lang="en" xlink:role="http://www.eurofiling.info/xbrl/role/rc-code">430</label:label>
    <gen:arc xlink:type="arc" xlink:arcrole="http://xbrl.org/arcrole/2008/element-label" xlink:from="loc_eba_c20684" xlink:to="label_eba_c20684" />
    <link:loc xlink:type="locator" xlink:href="c_19.00-rend.xml#eba_c20685" xlink:label="loc_eba_c20685" />
    <label:label xlink:type="resource" xlink:label="label_eba_c20685" xml:lang="en" xlink:role="http://www.eurofiling.info/xbrl/role/rc-code">440</label:label>
    <gen:arc xlink:type="arc" xlink:arcrole="http://xbrl.org/arcrole/2008/element-label" xlink:from="loc_eba_c20685" xlink:to="label_eba_c20685" />
    <link:loc xlink:type="locator" xlink:href="c_19.00-rend.xml#eba_c20686" xlink:label="loc_eba_c20686" />
    <label:label xlink:type="resource" xlink:label="label_eba_c20686" xml:lang="en" xlink:role="http://www.eurofiling.info/xbrl/role/rc-code">450</label:label>
    <gen:arc xlink:type="arc" xlink:arcrole="http://xbrl.org/arcrole/2008/element-label" xlink:from="loc_eba_c20686" xlink:to="label_eba_c20686" />
    <link:loc xlink:type="locator" xlink:href="c_19.00-rend.xml#eba_c20687" xlink:label="loc_eba_c20687" />
    <label:label xlink:type="resource" xlink:label="label_eba_c20687" xml:lang="en" xlink:role="http://www.eurofiling.info/xbrl/role/rc-code">459</label:label>
    <gen:arc xlink:type="arc" xlink:arcrole="http://xbrl.org/arcrole/2008/element-label" xlink:from="loc_eba_c20687" xlink:to="label_eba_c20687" />
    <link:loc xlink:type="locator" xlink:href="c_19.00-rend.xml#eba_c20688" xlink:label="loc_eba_c20688" />
    <label:label xlink:type="resource" xlink:label="label_eba_c20688" xml:lang="en" xlink:role="http://www.eurofiling.info/xbrl/role/rc-code">460</label:label>
    <gen:arc xlink:type="arc" xlink:arcrole="http://xbrl.org/arcrole/2008/element-label" xlink:from="loc_eba_c20688" xlink:to="label_eba_c20688" />
    <link:loc xlink:type="locator" xlink:href="c_19.00-rend.xml#eba_c20689" xlink:label="loc_eba_c20689" />
    <label:label xlink:type="resource" xlink:label="label_eba_c20689" xml:lang="en" xlink:role="http://www.eurofiling.info/xbrl/role/rc-code">470</label:label>
    <gen:arc xlink:type="arc" xlink:arcrole="http://xbrl.org/arcrole/2008/element-label" xlink:from="loc_eba_c20689" xlink:to="label_eba_c20689" />
    <link:loc xlink:type="locator" xlink:href="c_19.00-rend.xml#eba_c20690" xlink:label="loc_eba_c20690" />
    <label:label xlink:type="resource" xlink:label="label_eba_c20690" xml:lang="en" xlink:role="http://www.eurofiling.info/xbrl/role/rc-code">480</label:label>
    <gen:arc xlink:type="arc" xlink:arcrole="http://xbrl.org/arcrole/2008/element-label" xlink:from="loc_eba_c20690" xlink:to="label_eba_c20690" />
    <link:loc xlink:type="locator" xlink:href="c_19.00-rend.xml#eba_c20691" xlink:label="loc_eba_c20691" />
    <label:label xlink:type="resource" xlink:label="label_eba_c20691" xml:lang="en" xlink:role="http://www.eurofiling.info/xbrl/role/rc-code">490</label:label>
    <gen:arc xlink:type="arc" xlink:arcrole="http://xbrl.org/arcrole/2008/element-label" xlink:from="loc_eba_c20691" xlink:to="label_eba_c20691" />
    <link:loc xlink:type="locator" xlink:href="c_19.00-rend.xml#eba_c20692" xlink:label="loc_eba_c20692" />
    <label:label xlink:type="resource" xlink:label="label_eba_c20692" xml:lang="en" xlink:role="http://www.eurofiling.info/xbrl/role/rc-code">500</label:label>
    <gen:arc xlink:type="arc" xlink:arcrole="http://xbrl.org/arcrole/2008/element-label" xlink:from="loc_eba_c20692" xlink:to="label_eba_c20692" />
    <link:loc xlink:type="locator" xlink:href="c_19.00-rend.xml#eba_c20693" xlink:label="loc_eba_c20693" />
    <label:label xlink:type="resource" xlink:label="label_eba_c20693" xml:lang="en" xlink:role="http://www.eurofiling.info/xbrl/role/rc-code">510</label:label>
    <gen:arc xlink:type="arc" xlink:arcrole="http://xbrl.org/arcrole/2008/element-label" xlink:from="loc_eba_c20693" xlink:to="label_eba_c20693" />
    <link:loc xlink:type="locator" xlink:href="c_19.00-rend.xml#eba_c20694" xlink:label="loc_eba_c20694" />
    <label:label xlink:type="resource" xlink:label="label_eba_c20694" xml:lang="en" xlink:role="http://www.eurofiling.info/xbrl/role/rc-code">520</label:label>
    <gen:arc xlink:type="arc" xlink:arcrole="http://xbrl.org/arcrole/2008/element-label" xlink:from="loc_eba_c20694" xlink:to="label_eba_c20694" />
    <link:loc xlink:type="locator" xlink:href="c_19.00-rend.xml#eba_c20695" xlink:label="loc_eba_c20695" />
    <label:label xlink:type="resource" xlink:label="label_eba_c20695" xml:lang="en" xlink:role="http://www.eurofiling.info/xbrl/role/rc-code">529</label:label>
    <gen:arc xlink:type="arc" xlink:arcrole="http://xbrl.org/arcrole/2008/element-label" xlink:from="loc_eba_c20695" xlink:to="label_eba_c20695" />
    <link:loc xlink:type="locator" xlink:href="c_19.00-rend.xml#eba_c20696" xlink:label="loc_eba_c20696" />
    <label:label xlink:type="resource" xlink:label="label_eba_c20696" xml:lang="en" xlink:role="http://www.eurofiling.info/xbrl/role/rc-code">530</label:label>
    <gen:arc xlink:type="arc" xlink:arcrole="http://xbrl.org/arcrole/2008/element-label" xlink:from="loc_eba_c20696" xlink:to="label_eba_c20696" />
    <link:loc xlink:type="locator" xlink:href="c_19.00-rend.xml#eba_c20697" xlink:label="loc_eba_c20697" />
    <label:label xlink:type="resource" xlink:label="label_eba_c20697" xml:lang="en" xlink:role="http://www.eurofiling.info/xbrl/role/rc-code">540</label:label>
    <gen:arc xlink:type="arc" xlink:arcrole="http://xbrl.org/arcrole/2008/element-label" xlink:from="loc_eba_c20697" xlink:to="label_eba_c20697" />
    <link:loc xlink:type="locator" xlink:href="c_19.00-rend.xml#eba_c20698" xlink:label="loc_eba_c20698" />
    <label:label xlink:type="resource" xlink:label="label_eba_c20698" xml:lang="en" xlink:role="http://www.eurofiling.info/xbrl/role/rc-code">549</label:label>
    <gen:arc xlink:type="arc" xlink:arcrole="http://xbrl.org/arcrole/2008/element-label" xlink:from="loc_eba_c20698" xlink:to="label_eba_c20698" />
    <link:loc xlink:type="locator" xlink:href="c_19.00-rend.xml#eba_c20699" xlink:label="loc_eba_c20699" />
    <label:label xlink:type="resource" xlink:label="label_eba_c20699" xml:lang="en" xlink:role="http://www.eurofiling.info/xbrl/role/rc-code">550</label:label>
    <gen:arc xlink:type="arc" xlink:arcrole="http://xbrl.org/arcrole/2008/element-label" xlink:from="loc_eba_c20699" xlink:to="label_eba_c20699" />
    <link:loc xlink:type="locator" xlink:href="c_19.00-rend.xml#eba_c20700" xlink:label="loc_eba_c20700" />
    <label:label xlink:type="resource" xlink:label="label_eba_c20700" xml:lang="en" xlink:role="http://www.eurofiling.info/xbrl/role/rc-code">560</label:label>
    <gen:arc xlink:type="arc" xlink:arcrole="http://xbrl.org/arcrole/2008/element-label" xlink:from="loc_eba_c20700" xlink:to="label_eba_c20700" />
    <link:loc xlink:type="locator" xlink:href="c_19.00-rend.xml#eba_c20701" xlink:label="loc_eba_c20701" />
    <label:label xlink:type="resource" xlink:label="label_eba_c20701" xml:lang="en" xlink:role="http://www.eurofiling.info/xbrl/role/rc-code">570</label:label>
    <gen:arc xlink:type="arc" xlink:arcrole="http://xbrl.org/arcrole/2008/element-label" xlink:from="loc_eba_c20701" xlink:to="label_eba_c20701" />
    <link:loc xlink:type="locator" xlink:href="c_19.00-rend.xml#eba_c20702" xlink:label="loc_eba_c20702" />
    <label:label xlink:type="resource" xlink:label="label_eba_c20702" xml:lang="en" xlink:role="http://www.eurofiling.info/xbrl/role/rc-code">579</label:label>
    <gen:arc xlink:type="arc" xlink:arcrole="http://xbrl.org/arcrole/2008/element-label" xlink:from="loc_eba_c20702" xlink:to="label_eba_c20702" />
    <link:loc xlink:type="locator" xlink:href="c_19.00-rend.xml#eba_c20703" xlink:label="loc_eba_c20703" />
    <label:label xlink:type="resource" xlink:label="label_eba_c20703" xml:lang="en" xlink:role="http://www.eurofiling.info/xbrl/role/rc-code">580</label:label>
    <gen:arc xlink:type="arc" xlink:arcrole="http://xbrl.org/arcrole/2008/element-label" xlink:from="loc_eba_c20703" xlink:to="label_eba_c20703" />
    <link:loc xlink:type="locator" xlink:href="c_19.00-rend.xml#eba_c20704" xlink:label="loc_eba_c20704" />
    <label:label xlink:type="resource" xlink:label="label_eba_c20704" xml:lang="en" xlink:role="http://www.eurofiling.info/xbrl/role/rc-code">590</label:label>
    <gen:arc xlink:type="arc" xlink:arcrole="http://xbrl.org/arcrole/2008/element-label" xlink:from="loc_eba_c20704" xlink:to="label_eba_c20704" />
    <link:loc xlink:type="locator" xlink:href="c_19.00-rend.xml#eba_c20705" xlink:label="loc_eba_c20705" />
    <label:label xlink:type="resource" xlink:label="label_eba_c20705" xml:lang="en" xlink:role="http://www.eurofiling.info/xbrl/role/rc-code">600</label:label>
    <gen:arc xlink:type="arc" xlink:arcrole="http://xbrl.org/arcrole/2008/element-label" xlink:from="loc_eba_c20705" xlink:to="label_eba_c20705" />
    <link:loc xlink:type="locator" xlink:href="c_19.00-rend.xml#eba_c20706" xlink:label="loc_eba_c20706" />
    <label:label xlink:type="resource" xlink:label="label_eba_c20706" xml:lang="en" xlink:role="http://www.eurofiling.info/xbrl/role/rc-code">610</label:label>
    <gen:arc xlink:type="arc" xlink:arcrole="http://xbrl.org/arcrole/2008/element-label" xlink:from="loc_eba_c20706" xlink:to="label_eba_c20706" />
    <link:loc xlink:type="locator" xlink:href="c_19.00-rend.xml#eba_c20707" xlink:label="loc_eba_c20707" />
    <label:label xlink:type="resource" xlink:label="label_eba_c20707" xml:lang="en" xlink:role="http://www.eurofiling.info/xbrl/role/rc-code">010</label:label>
    <gen:arc xlink:type="arc" xlink:arcrole="http://xbrl.org/arcrole/2008/element-label" xlink:from="loc_eba_c20707" xlink:to="label_eba_c20707" />
    <link:loc xlink:type="locator" xlink:href="c_19.00-rend.xml#eba_c20708" xlink:label="loc_eba_c20708" />
    <label:label xlink:type="resource" xlink:label="label_eba_c20708" xml:lang="en" xlink:role="http://www.eurofiling.info/xbrl/role/rc-code">020</label:label>
    <gen:arc xlink:type="arc" xlink:arcrole="http://xbrl.org/arcrole/2008/element-label" xlink:from="loc_eba_c20708" xlink:to="label_eba_c20708" />
    <link:loc xlink:type="locator" xlink:href="c_19.00-rend.xml#eba_c20709" xlink:label="loc_eba_c20709" />
    <label:label xlink:type="resource" xlink:label="label_eba_c20709" xml:lang="en" xlink:role="http://www.eurofiling.info/xbrl/role/rc-code">030</label:label>
    <gen:arc xlink:type="arc" xlink:arcrole="http://xbrl.org/arcrole/2008/element-label" xlink:from="loc_eba_c20709" xlink:to="label_eba_c20709" />
    <link:loc xlink:type="locator" xlink:href="c_19.00-rend.xml#eba_c20710" xlink:label="loc_eba_c20710" />
    <label:label xlink:type="resource" xlink:label="label_eba_c20710" xml:lang="en" xlink:role="http://www.eurofiling.info/xbrl/role/rc-code">040</label:label>
    <gen:arc xlink:type="arc" xlink:arcrole="http://xbrl.org/arcrole/2008/element-label" xlink:from="loc_eba_c20710" xlink:to="label_eba_c20710" />
    <link:loc xlink:type="locator" xlink:href="c_19.00-rend.xml#eba_c20711" xlink:label="loc_eba_c20711" />
    <label:label xlink:type="resource" xlink:label="label_eba_c20711" xml:lang="en" xlink:role="http://www.eurofiling.info/xbrl/role/rc-code">050</label:label>
    <gen:arc xlink:type="arc" xlink:arcrole="http://xbrl.org/arcrole/2008/element-label" xlink:from="loc_eba_c20711" xlink:to="label_eba_c20711" />
    <link:loc xlink:type="locator" xlink:href="c_19.00-rend.xml#eba_c20712" xlink:label="loc_eba_c20712" />
    <label:label xlink:type="resource" xlink:label="label_eba_c20712" xml:lang="en" xlink:role="http://www.eurofiling.info/xbrl/role/rc-code">060</label:label>
    <gen:arc xlink:type="arc" xlink:arcrole="http://xbrl.org/arcrole/2008/element-label" xlink:from="loc_eba_c20712" xlink:to="label_eba_c20712" />
    <link:loc xlink:type="locator" xlink:href="c_19.00-rend.xml#eba_c20713" xlink:label="loc_eba_c20713" />
    <label:label xlink:type="resource" xlink:label="label_eba_c20713" xml:lang="en" xlink:role="http://www.eurofiling.info/xbrl/role/rc-code">070</label:label>
    <gen:arc xlink:type="arc" xlink:arcrole="http://xbrl.org/arcrole/2008/element-label" xlink:from="loc_eba_c20713" xlink:to="label_eba_c20713" />
    <link:loc xlink:type="locator" xlink:href="c_19.00-rend.xml#eba_c20714" xlink:label="loc_eba_c20714" />
    <label:label xlink:type="resource" xlink:label="label_eba_c20714" xml:lang="en" xlink:role="http://www.eurofiling.info/xbrl/role/rc-code">080</label:label>
    <gen:arc xlink:type="arc" xlink:arcrole="http://xbrl.org/arcrole/2008/element-label" xlink:from="loc_eba_c20714" xlink:to="label_eba_c20714" />
    <link:loc xlink:type="locator" xlink:href="c_19.00-rend.xml#eba_c20715" xlink:label="loc_eba_c20715" />
    <label:label xlink:type="resource" xlink:label="label_eba_c20715" xml:lang="en" xlink:role="http://www.eurofiling.info/xbrl/role/rc-code">090</label:label>
    <gen:arc xlink:type="arc" xlink:arcrole="http://xbrl.org/arcrole/2008/element-label" xlink:from="loc_eba_c20715" xlink:to="label_eba_c20715" />
    <link:loc xlink:type="locator" xlink:href="c_19.00-rend.xml#eba_c20716" xlink:label="loc_eba_c20716" />
    <label:label xlink:type="resource" xlink:label="label_eba_c20716" xml:lang="en" xlink:role="http://www.eurofiling.info/xbrl/role/rc-code">100</label:label>
    <gen:arc xlink:type="arc" xlink:arcrole="http://xbrl.org/arcrole/2008/element-label" xlink:from="loc_eba_c20716" xlink:to="label_eba_c20716" />
    <link:loc xlink:type="locator" xlink:href="c_19.00-rend.xml#eba_c20717" xlink:label="loc_eba_c20717" />
    <label:label xlink:type="resource" xlink:label="label_eba_c20717" xml:lang="en" xlink:role="http://www.eurofiling.info/xbrl/role/rc-code">110</label:label>
    <gen:arc xlink:type="arc" xlink:arcrole="http://xbrl.org/arcrole/2008/element-label" xlink:from="loc_eba_c20717" xlink:to="label_eba_c20717" />
    <link:loc xlink:type="locator" xlink:href="c_19.00-rend.xml#eba_c20718" xlink:label="loc_eba_c20718" />
    <label:label xlink:type="resource" xlink:label="label_eba_c20718" xml:lang="en" xlink:role="http://www.eurofiling.info/xbrl/role/rc-code">119</label:label>
    <gen:arc xlink:type="arc" xlink:arcrole="http://xbrl.org/arcrole/2008/element-label" xlink:from="loc_eba_c20718" xlink:to="label_eba_c20718" />
    <link:loc xlink:type="locator" xlink:href="c_19.00-rend.xml#eba_c20719" xlink:label="loc_eba_c20719" />
    <label:label xlink:type="resource" xlink:label="label_eba_c20719" xml:lang="en" xlink:role="http://www.eurofiling.info/xbrl/role/rc-code">120</label:label>
    <gen:arc xlink:type="arc" xlink:arcrole="http://xbrl.org/arcrole/2008/element-label" xlink:from="loc_eba_c20719" xlink:to="label_eba_c20719" />
    <link:loc xlink:type="locator" xlink:href="c_19.00-rend.xml#eba_c20720" xlink:label="loc_eba_c20720" />
    <label:label xlink:type="resource" xlink:label="label_eba_c20720" xml:lang="en" xlink:role="http://www.eurofiling.info/xbrl/role/rc-code">130</label:label>
    <gen:arc xlink:type="arc" xlink:arcrole="http://xbrl.org/arcrole/2008/element-label" xlink:from="loc_eba_c20720" xlink:to="label_eba_c20720" />
    <link:loc xlink:type="locator" xlink:href="c_19.00-rend.xml#eba_c20721" xlink:label="loc_eba_c20721" />
    <label:label xlink:type="resource" xlink:label="label_eba_c20721" xml:lang="en" xlink:role="http://www.eurofiling.info/xbrl/role/rc-code">140</label:label>
    <gen:arc xlink:type="arc" xlink:arcrole="http://xbrl.org/arcrole/2008/element-label" xlink:from="loc_eba_c20721" xlink:to="label_eba_c20721" />
    <link:loc xlink:type="locator" xlink:href="c_19.00-rend.xml#eba_c20722" xlink:label="loc_eba_c20722" />
    <label:label xlink:type="resource" xlink:label="label_eba_c20722" xml:lang="en" xlink:role="http://www.eurofiling.info/xbrl/role/rc-code">150</label:label>
    <gen:arc xlink:type="arc" xlink:arcrole="http://xbrl.org/arcrole/2008/element-label" xlink:from="loc_eba_c20722" xlink:to="label_eba_c20722" />
    <link:loc xlink:type="locator" xlink:href="c_19.00-rend.xml#eba_c20723" xlink:label="loc_eba_c20723" />
    <label:label xlink:type="resource" xlink:label="label_eba_c20723" xml:lang="en" xlink:role="http://www.eurofiling.info/xbrl/role/rc-code">160</label:label>
    <gen:arc xlink:type="arc" xlink:arcrole="http://xbrl.org/arcrole/2008/element-label" xlink:from="loc_eba_c20723" xlink:to="label_eba_c20723" />
    <link:loc xlink:type="locator" xlink:href="c_19.00-rend.xml#eba_c20724" xlink:label="loc_eba_c20724" />
    <label:label xlink:type="resource" xlink:label="label_eba_c20724" xml:lang="en" xlink:role="http://www.eurofiling.info/xbrl/role/rc-code">170</label:label>
    <gen:arc xlink:type="arc" xlink:arcrole="http://xbrl.org/arcrole/2008/element-label" xlink:from="loc_eba_c20724" xlink:to="label_eba_c20724" />
    <link:loc xlink:type="locator" xlink:href="c_19.00-rend.xml#eba_c20725" xlink:label="loc_eba_c20725" />
    <label:label xlink:type="resource" xlink:label="label_eba_c20725" xml:lang="en" xlink:role="http://www.eurofiling.info/xbrl/role/rc-code">180</label:label>
    <gen:arc xlink:type="arc" xlink:arcrole="http://xbrl.org/arcrole/2008/element-label" xlink:from="loc_eba_c20725" xlink:to="label_eba_c20725" />
    <link:loc xlink:type="locator" xlink:href="c_19.00-rend.xml#eba_c20726" xlink:label="loc_eba_c20726" />
    <label:label xlink:type="resource" xlink:label="label_eba_c20726" xml:lang="en" xlink:role="http://www.eurofiling.info/xbrl/role/rc-code">190</label:label>
    <gen:arc xlink:type="arc" xlink:arcrole="http://xbrl.org/arcrole/2008/element-label" xlink:from="loc_eba_c20726" xlink:to="label_eba_c20726" />
    <link:loc xlink:type="locator" xlink:href="c_19.00-rend.xml#eba_c20727" xlink:label="loc_eba_c20727" />
    <label:label xlink:type="resource" xlink:label="label_eba_c20727" xml:lang="en" xlink:role="http://www.eurofiling.info/xbrl/role/rc-code">200</label:label>
    <gen:arc xlink:type="arc" xlink:arcrole="http://xbrl.org/arcrole/2008/element-label" xlink:from="loc_eba_c20727" xlink:to="label_eba_c20727" />
    <link:loc xlink:type="locator" xlink:href="c_19.00-rend.xml#eba_c20728" xlink:label="loc_eba_c20728" />
    <label:label xlink:type="resource" xlink:label="label_eba_c20728" xml:lang="en" xlink:role="http://www.eurofiling.info/xbrl/role/rc-code">210</label:label>
    <gen:arc xlink:type="arc" xlink:arcrole="http://xbrl.org/arcrole/2008/element-label" xlink:from="loc_eba_c20728" xlink:to="label_eba_c20728" />
    <label:label xlink:type="resource" xlink:label="label_eba_tC_19.00_1" xml:lang="en" xlink:role="http://www.eurofiling.info/xbrl/role/filing-indicator-code">C_19.00</label:label>
    <gen:arc xlink:type="arc" xlink:arcrole="http://xbrl.org/arcrole/2008/element-label" xlink:from="loc_eba_tC_19.00" xlink:to="label_eba_tC_19.00_1" />
    <label:label xlink:type="resource" xlink:label="label_eba_tC_19.00_2" xml:lang="en" xlink:role="http://www.eba.europa.eu/xbrl/role/dpm-db-id">104</label:label>
    <gen:arc xlink:type="arc" xlink:arcrole="http://xbrl.org/arcrole/2008/element-label" xlink:from="loc_eba_tC_19.00" xlink:to="label_eba_tC_19.00_2" />
    <label:label xlink:type="resource" xlink:label="label_eba_c20634_1" xml:lang="en" xlink:role="http://www.eba.europa.eu/xbrl/role/dpm-db-id">20634</label:label>
    <gen:arc xlink:type="arc" xlink:arcrole="http://xbrl.org/arcrole/2008/element-label" xlink:from="loc_eba_c20634" xlink:to="label_eba_c20634_1" />
    <label:label xlink:type="resource" xlink:label="label_eba_c20635_1" xml:lang="en" xlink:role="http://www.eba.europa.eu/xbrl/role/dpm-db-id">20635</label:label>
    <gen:arc xlink:type="arc" xlink:arcrole="http://xbrl.org/arcrole/2008/element-label" xlink:from="loc_eba_c20635" xlink:to="label_eba_c20635_1" />
    <label:label xlink:type="resource" xlink:label="label_eba_c20636_1" xml:lang="en" xlink:role="http://www.eba.europa.eu/xbrl/role/dpm-db-id">20636</label:label>
    <gen:arc xlink:type="arc" xlink:arcrole="http://xbrl.org/arcrole/2008/element-label" xlink:from="loc_eba_c20636" xlink:to="label_eba_c20636_1" />
    <label:label xlink:type="resource" xlink:label="label_eba_c20637_1" xml:lang="en" xlink:role="http://www.eba.europa.eu/xbrl/role/dpm-db-id">20637</label:label>
    <gen:arc xlink:type="arc" xlink:arcrole="http://xbrl.org/arcrole/2008/element-label" xlink:from="loc_eba_c20637" xlink:to="label_eba_c20637_1" />
    <label:label xlink:type="resource" xlink:label="label_eba_c20638_1" xml:lang="en" xlink:role="http://www.eba.europa.eu/xbrl/role/dpm-db-id">20638</label:label>
    <gen:arc xlink:type="arc" xlink:arcrole="http://xbrl.org/arcrole/2008/element-label" xlink:from="loc_eba_c20638" xlink:to="label_eba_c20638_1" />
    <label:label xlink:type="resource" xlink:label="label_eba_c20639_1" xml:lang="en" xlink:role="http://www.eba.europa.eu/xbrl/role/dpm-db-id">20639</label:label>
    <gen:arc xlink:type="arc" xlink:arcrole="http://xbrl.org/arcrole/2008/element-label" xlink:from="loc_eba_c20639" xlink:to="label_eba_c20639_1" />
    <label:label xlink:type="resource" xlink:label="label_eba_c20640_1" xml:lang="en" xlink:role="http://www.eba.europa.eu/xbrl/role/dpm-db-id">20640</label:label>
    <gen:arc xlink:type="arc" xlink:arcrole="http://xbrl.org/arcrole/2008/element-label" xlink:from="loc_eba_c20640" xlink:to="label_eba_c20640_1" />
    <label:label xlink:type="resource" xlink:label="label_eba_c20641_1" xml:lang="en" xlink:role="http://www.eba.europa.eu/xbrl/role/dpm-db-id">20641</label:label>
    <gen:arc xlink:type="arc" xlink:arcrole="http://xbrl.org/arcrole/2008/element-label" xlink:from="loc_eba_c20641" xlink:to="label_eba_c20641_1" />
    <label:label xlink:type="resource" xlink:label="label_eba_c20642_1" xml:lang="en" xlink:role="http://www.eba.europa.eu/xbrl/role/dpm-db-id">20642</label:label>
    <gen:arc xlink:type="arc" xlink:arcrole="http://xbrl.org/arcrole/2008/element-label" xlink:from="loc_eba_c20642" xlink:to="label_eba_c20642_1" />
    <label:label xlink:type="resource" xlink:label="label_eba_c20643_1" xml:lang="en" xlink:role="http://www.eba.europa.eu/xbrl/role/dpm-db-id">20643</label:label>
    <gen:arc xlink:type="arc" xlink:arcrole="http://xbrl.org/arcrole/2008/element-label" xlink:from="loc_eba_c20643" xlink:to="label_eba_c20643_1" />
    <label:label xlink:type="resource" xlink:label="label_eba_c20644_1" xml:lang="en" xlink:role="http://www.eba.europa.eu/xbrl/role/dpm-db-id">20644</label:label>
    <gen:arc xlink:type="arc" xlink:arcrole="http://xbrl.org/arcrole/2008/element-label" xlink:from="loc_eba_c20644" xlink:to="label_eba_c20644_1" />
    <label:label xlink:type="resource" xlink:label="label_eba_c20645_1" xml:lang="en" xlink:role="http://www.eba.europa.eu/xbrl/role/dpm-db-id">20645</label:label>
    <gen:arc xlink:type="arc" xlink:arcrole="http://xbrl.org/arcrole/2008/element-label" xlink:from="loc_eba_c20645" xlink:to="label_eba_c20645_1" />
    <label:label xlink:type="resource" xlink:label="label_eba_c20646_1" xml:lang="en" xlink:role="http://www.eba.europa.eu/xbrl/role/dpm-db-id">20646</label:label>
    <gen:arc xlink:type="arc" xlink:arcrole="http://xbrl.org/arcrole/2008/element-label" xlink:from="loc_eba_c20646" xlink:to="label_eba_c20646_1" />
    <label:label xlink:type="resource" xlink:label="label_eba_c20647_1" xml:lang="en" xlink:role="http://www.eba.europa.eu/xbrl/role/dpm-db-id">20647</label:label>
    <gen:arc xlink:type="arc" xlink:arcrole="http://xbrl.org/arcrole/2008/element-label" xlink:from="loc_eba_c20647" xlink:to="label_eba_c20647_1" />
    <label:label xlink:type="resource" xlink:label="label_eba_c20648_1" xml:lang="en" xlink:role="http://www.eba.europa.eu/xbrl/role/dpm-db-id">20648</label:label>
    <gen:arc xlink:type="arc" xlink:arcrole="http://xbrl.org/arcrole/2008/element-label" xlink:from="loc_eba_c20648" xlink:to="label_eba_c20648_1" />
    <label:label xlink:type="resource" xlink:label="label_eba_c20649_1" xml:lang="en" xlink:role="http://www.eba.europa.eu/xbrl/role/dpm-db-id">20649</label:label>
    <gen:arc xlink:type="arc" xlink:arcrole="http://xbrl.org/arcrole/2008/element-label" xlink:from="loc_eba_c20649" xlink:to="label_eba_c20649_1" />
    <label:label xlink:type="resource" xlink:label="label_eba_c20650_1" xml:lang="en" xlink:role="http://www.eba.europa.eu/xbrl/role/dpm-db-id">20650</label:label>
    <gen:arc xlink:type="arc" xlink:arcrole="http://xbrl.org/arcrole/2008/element-label" xlink:from="loc_eba_c20650" xlink:to="label_eba_c20650_1" />
    <label:label xlink:type="resource" xlink:label="label_eba_c20651_1" xml:lang="en" xlink:role="http://www.eba.europa.eu/xbrl/role/dpm-db-id">20651</label:label>
    <gen:arc xlink:type="arc" xlink:arcrole="http://xbrl.org/arcrole/2008/element-label" xlink:from="loc_eba_c20651" xlink:to="label_eba_c20651_1" />
    <label:label xlink:type="resource" xlink:label="label_eba_c20652_1" xml:lang="en" xlink:role="http://www.eba.europa.eu/xbrl/role/dpm-db-id">20652</label:label>
    <gen:arc xlink:type="arc" xlink:arcrole="http://xbrl.org/arcrole/2008/element-label" xlink:from="loc_eba_c20652" xlink:to="label_eba_c20652_1" />
    <label:label xlink:type="resource" xlink:label="label_eba_c20653_1" xml:lang="en" xlink:role="http://www.eba.europa.eu/xbrl/role/dpm-db-id">20653</label:label>
    <gen:arc xlink:type="arc" xlink:arcrole="http://xbrl.org/arcrole/2008/element-label" xlink:from="loc_eba_c20653" xlink:to="label_eba_c20653_1" />
    <label:label xlink:type="resource" xlink:label="label_eba_c20654_1" xml:lang="en" xlink:role="http://www.eba.europa.eu/xbrl/role/dpm-db-id">20654</label:label>
    <gen:arc xlink:type="arc" xlink:arcrole="http://xbrl.org/arcrole/2008/element-label" xlink:from="loc_eba_c20654" xlink:to="label_eba_c20654_1" />
    <label:label xlink:type="resource" xlink:label="label_eba_c20655_1" xml:lang="en" xlink:role="http://www.eba.europa.eu/xbrl/role/dpm-db-id">20655</label:label>
    <gen:arc xlink:type="arc" xlink:arcrole="http://xbrl.org/arcrole/2008/element-label" xlink:from="loc_eba_c20655" xlink:to="label_eba_c20655_1" />
    <label:label xlink:type="resource" xlink:label="label_eba_c20656_1" xml:lang="en" xlink:role="http://www.eba.europa.eu/xbrl/role/dpm-db-id">20656</label:label>
    <gen:arc xlink:type="arc" xlink:arcrole="http://xbrl.org/arcrole/2008/element-label" xlink:from="loc_eba_c20656" xlink:to="label_eba_c20656_1" />
    <label:label xlink:type="resource" xlink:label="label_eba_c20657_1" xml:lang="en" xlink:role="http://www.eba.europa.eu/xbrl/role/dpm-db-id">20657</label:label>
    <gen:arc xlink:type="arc" xlink:arcrole="http://xbrl.org/arcrole/2008/element-label" xlink:from="loc_eba_c20657" xlink:to="label_eba_c20657_1" />
    <label:label xlink:type="resource" xlink:label="label_eba_c20658_1" xml:lang="en" xlink:role="http://www.eba.europa.eu/xbrl/role/dpm-db-id">20658</label:label>
    <gen:arc xlink:type="arc" xlink:arcrole="http://xbrl.org/arcrole/2008/element-label" xlink:from="loc_eba_c20658" xlink:to="label_eba_c20658_1" />
    <label:label xlink:type="resource" xlink:label="label_eba_c20659_1" xml:lang="en" xlink:role="http://www.eba.europa.eu/xbrl/role/dpm-db-id">20659</label:label>
    <gen:arc xlink:type="arc" xlink:arcrole="http://xbrl.org/arcrole/2008/element-label" xlink:from="loc_eba_c20659" xlink:to="label_eba_c20659_1" />
    <label:label xlink:type="resource" xlink:label="label_eba_c20660_1" xml:lang="en" xlink:role="http://www.eba.europa.eu/xbrl/role/dpm-db-id">20660</label:label>
    <gen:arc xlink:type="arc" xlink:arcrole="http://xbrl.org/arcrole/2008/element-label" xlink:from="loc_eba_c20660" xlink:to="label_eba_c20660_1" />
    <label:label xlink:type="resource" xlink:label="label_eba_c20661_1" xml:lang="en" xlink:role="http://www.eba.europa.eu/xbrl/role/dpm-db-id">20661</label:label>
    <gen:arc xlink:type="arc" xlink:arcrole="http://xbrl.org/arcrole/2008/element-label" xlink:from="loc_eba_c20661" xlink:to="label_eba_c20661_1" />
    <label:label xlink:type="resource" xlink:label="label_eba_c20662_1" xml:lang="en" xlink:role="http://www.eba.europa.eu/xbrl/role/dpm-db-id">20662</label:label>
    <gen:arc xlink:type="arc" xlink:arcrole="http://xbrl.org/arcrole/2008/element-label" xlink:from="loc_eba_c20662" xlink:to="label_eba_c20662_1" />
    <label:label xlink:type="resource" xlink:label="label_eba_c20663_1" xml:lang="en" xlink:role="http://www.eba.europa.eu/xbrl/role/dpm-db-id">20663</label:label>
    <gen:arc xlink:type="arc" xlink:arcrole="http://xbrl.org/arcrole/2008/element-label" xlink:from="loc_eba_c20663" xlink:to="label_eba_c20663_1" />
    <label:label xlink:type="resource" xlink:label="label_eba_c20664_1" xml:lang="en" xlink:role="http://www.eba.europa.eu/xbrl/role/dpm-db-id">20664</label:label>
    <gen:arc xlink:type="arc" xlink:arcrole="http://xbrl.org/arcrole/2008/element-label" xlink:from="loc_eba_c20664" xlink:to="label_eba_c20664_1" />
    <label:label xlink:type="resource" xlink:label="label_eba_c20665_1" xml:lang="en" xlink:role="http://www.eba.europa.eu/xbrl/role/dpm-db-id">20665</label:label>
    <gen:arc xlink:type="arc" xlink:arcrole="http://xbrl.org/arcrole/2008/element-label" xlink:from="loc_eba_c20665" xlink:to="label_eba_c20665_1" />
    <label:label xlink:type="resource" xlink:label="label_eba_c20666_1" xml:lang="en" xlink:role="http://www.eba.europa.eu/xbrl/role/dpm-db-id">20666</label:label>
    <gen:arc xlink:type="arc" xlink:arcrole="http://xbrl.org/arcrole/2008/element-label" xlink:from="loc_eba_c20666" xlink:to="label_eba_c20666_1" />
    <label:label xlink:type="resource" xlink:label="label_eba_c20667_1" xml:lang="en" xlink:role="http://www.eba.europa.eu/xbrl/role/dpm-db-id">20667</label:label>
    <gen:arc xlink:type="arc" xlink:arcrole="http://xbrl.org/arcrole/2008/element-label" xlink:from="loc_eba_c20667" xlink:to="label_eba_c20667_1" />
    <label:label xlink:type="resource" xlink:label="label_eba_c20668_1" xml:lang="en" xlink:role="http://www.eba.europa.eu/xbrl/role/dpm-db-id">20668</label:label>
    <gen:arc xlink:type="arc" xlink:arcrole="http://xbrl.org/arcrole/2008/element-label" xlink:from="loc_eba_c20668" xlink:to="label_eba_c20668_1" />
    <label:label xlink:type="resource" xlink:label="label_eba_c20669_1" xml:lang="en" xlink:role="http://www.eba.europa.eu/xbrl/role/dpm-db-id">20669</label:label>
    <gen:arc xlink:type="arc" xlink:arcrole="http://xbrl.org/arcrole/2008/element-label" xlink:from="loc_eba_c20669" xlink:to="label_eba_c20669_1" />
    <label:label xlink:type="resource" xlink:label="label_eba_c20670_1" xml:lang="en" xlink:role="http://www.eba.europa.eu/xbrl/role/dpm-db-id">20670</label:label>
    <gen:arc xlink:type="arc" xlink:arcrole="http://xbrl.org/arcrole/2008/element-label" xlink:from="loc_eba_c20670" xlink:to="label_eba_c20670_1" />
    <label:label xlink:type="resource" xlink:label="label_eba_c20671_1" xml:lang="en" xlink:role="http://www.eba.europa.eu/xbrl/role/dpm-db-id">20671</label:label>
    <gen:arc xlink:type="arc" xlink:arcrole="http://xbrl.org/arcrole/2008/element-label" xlink:from="loc_eba_c20671" xlink:to="label_eba_c20671_1" />
    <label:label xlink:type="resource" xlink:label="label_eba_c20672_1" xml:lang="en" xlink:role="http://www.eba.europa.eu/xbrl/role/dpm-db-id">20672</label:label>
    <gen:arc xlink:type="arc" xlink:arcrole="http://xbrl.org/arcrole/2008/element-label" xlink:from="loc_eba_c20672" xlink:to="label_eba_c20672_1" />
    <label:label xlink:type="resource" xlink:label="label_eba_c20673_1" xml:lang="en" xlink:role="http://www.eba.europa.eu/xbrl/role/dpm-db-id">20673</label:label>
    <gen:arc xlink:type="arc" xlink:arcrole="http://xbrl.org/arcrole/2008/element-label" xlink:from="loc_eba_c20673" xlink:to="label_eba_c20673_1" />
    <label:label xlink:type="resource" xlink:label="label_eba_c20674_1" xml:lang="en" xlink:role="http://www.eba.europa.eu/xbrl/role/dpm-db-id">20674</label:label>
    <gen:arc xlink:type="arc" xlink:arcrole="http://xbrl.org/arcrole/2008/element-label" xlink:from="loc_eba_c20674" xlink:to="label_eba_c20674_1" />
    <label:label xlink:type="resource" xlink:label="label_eba_c20675_1" xml:lang="en" xlink:role="http://www.eba.europa.eu/xbrl/role/dpm-db-id">20675</label:label>
    <gen:arc xlink:type="arc" xlink:arcrole="http://xbrl.org/arcrole/2008/element-label" xlink:from="loc_eba_c20675" xlink:to="label_eba_c20675_1" />
    <label:label xlink:type="resource" xlink:label="label_eba_c20676_1" xml:lang="en" xlink:role="http://www.eba.europa.eu/xbrl/role/dpm-db-id">20676</label:label>
    <gen:arc xlink:type="arc" xlink:arcrole="http://xbrl.org/arcrole/2008/element-label" xlink:from="loc_eba_c20676" xlink:to="label_eba_c20676_1" />
    <label:label xlink:type="resource" xlink:label="label_eba_c20677_1" xml:lang="en" xlink:role="http://www.eba.europa.eu/xbrl/role/dpm-db-id">20677</label:label>
    <gen:arc xlink:type="arc" xlink:arcrole="http://xbrl.org/arcrole/2008/element-label" xlink:from="loc_eba_c20677" xlink:to="label_eba_c20677_1" />
    <label:label xlink:type="resource" xlink:label="label_eba_c20678_1" xml:lang="en" xlink:role="http://www.eba.europa.eu/xbrl/role/dpm-db-id">20678</label:label>
    <gen:arc xlink:type="arc" xlink:arcrole="http://xbrl.org/arcrole/2008/element-label" xlink:from="loc_eba_c20678" xlink:to="label_eba_c20678_1" />
    <label:label xlink:type="resource" xlink:label="label_eba_c20679_1" xml:lang="en" xlink:role="http://www.eba.europa.eu/xbrl/role/dpm-db-id">20679</label:label>
    <gen:arc xlink:type="arc" xlink:arcrole="http://xbrl.org/arcrole/2008/element-label" xlink:from="loc_eba_c20679" xlink:to="label_eba_c20679_1" />
    <label:label xlink:type="resource" xlink:label="label_eba_c20680_1" xml:lang="en" xlink:role="http://www.eba.europa.eu/xbrl/role/dpm-db-id">20680</label:label>
    <gen:arc xlink:type="arc" xlink:arcrole="http://xbrl.org/arcrole/2008/element-label" xlink:from="loc_eba_c20680" xlink:to="label_eba_c20680_1" />
    <label:label xlink:type="resource" xlink:label="label_eba_c20681_1" xml:lang="en" xlink:role="http://www.eba.europa.eu/xbrl/role/dpm-db-id">20681</label:label>
    <gen:arc xlink:type="arc" xlink:arcrole="http://xbrl.org/arcrole/2008/element-label" xlink:from="loc_eba_c20681" xlink:to="label_eba_c20681_1" />
    <label:label xlink:type="resource" xlink:label="label_eba_c20682_1" xml:lang="en" xlink:role="http://www.eba.europa.eu/xbrl/role/dpm-db-id">20682</label:label>
    <gen:arc xlink:type="arc" xlink:arcrole="http://xbrl.org/arcrole/2008/element-label" xlink:from="loc_eba_c20682" xlink:to="label_eba_c20682_1" />
    <label:label xlink:type="resource" xlink:label="label_eba_c20683_1" xml:lang="en" xlink:role="http://www.eba.europa.eu/xbrl/role/dpm-db-id">20683</label:label>
    <gen:arc xlink:type="arc" xlink:arcrole="http://xbrl.org/arcrole/2008/element-label" xlink:from="loc_eba_c20683" xlink:to="label_eba_c20683_1" />
    <label:label xlink:type="resource" xlink:label="label_eba_c20684_1" xml:lang="en" xlink:role="http://www.eba.europa.eu/xbrl/role/dpm-db-id">20684</label:label>
    <gen:arc xlink:type="arc" xlink:arcrole="http://xbrl.org/arcrole/2008/element-label" xlink:from="loc_eba_c20684" xlink:to="label_eba_c20684_1" />
    <label:label xlink:type="resource" xlink:label="label_eba_c20685_1" xml:lang="en" xlink:role="http://www.eba.europa.eu/xbrl/role/dpm-db-id">20685</label:label>
    <gen:arc xlink:type="arc" xlink:arcrole="http://xbrl.org/arcrole/2008/element-label" xlink:from="loc_eba_c20685" xlink:to="label_eba_c20685_1" />
    <label:label xlink:type="resource" xlink:label="label_eba_c20686_1" xml:lang="en" xlink:role="http://www.eba.europa.eu/xbrl/role/dpm-db-id">20686</label:label>
    <gen:arc xlink:type="arc" xlink:arcrole="http://xbrl.org/arcrole/2008/element-label" xlink:from="loc_eba_c20686" xlink:to="label_eba_c20686_1" />
    <label:label xlink:type="resource" xlink:label="label_eba_c20687_1" xml:lang="en" xlink:role="http://www.eba.europa.eu/xbrl/role/dpm-db-id">20687</label:label>
    <gen:arc xlink:type="arc" xlink:arcrole="http://xbrl.org/arcrole/2008/element-label" xlink:from="loc_eba_c20687" xlink:to="label_eba_c20687_1" />
    <label:label xlink:type="resource" xlink:label="label_eba_c20688_1" xml:lang="en" xlink:role="http://www.eba.europa.eu/xbrl/role/dpm-db-id">20688</label:label>
    <gen:arc xlink:type="arc" xlink:arcrole="http://xbrl.org/arcrole/2008/element-label" xlink:from="loc_eba_c20688" xlink:to="label_eba_c20688_1" />
    <label:label xlink:type="resource" xlink:label="label_eba_c20689_1" xml:lang="en" xlink:role="http://www.eba.europa.eu/xbrl/role/dpm-db-id">20689</label:label>
    <gen:arc xlink:type="arc" xlink:arcrole="http://xbrl.org/arcrole/2008/element-label" xlink:from="loc_eba_c20689" xlink:to="label_eba_c20689_1" />
    <label:label xlink:type="resource" xlink:label="label_eba_c20690_1" xml:lang="en" xlink:role="http://www.eba.europa.eu/xbrl/role/dpm-db-id">20690</label:label>
    <gen:arc xlink:type="arc" xlink:arcrole="http://xbrl.org/arcrole/2008/element-label" xlink:from="loc_eba_c20690" xlink:to="label_eba_c20690_1" />
    <label:label xlink:type="resource" xlink:label="label_eba_c20691_1" xml:lang="en" xlink:role="http://www.eba.europa.eu/xbrl/role/dpm-db-id">20691</label:label>
    <gen:arc xlink:type="arc" xlink:arcrole="http://xbrl.org/arcrole/2008/element-label" xlink:from="loc_eba_c20691" xlink:to="label_eba_c20691_1" />
    <label:label xlink:type="resource" xlink:label="label_eba_c20692_1" xml:lang="en" xlink:role="http://www.eba.europa.eu/xbrl/role/dpm-db-id">20692</label:label>
    <gen:arc xlink:type="arc" xlink:arcrole="http://xbrl.org/arcrole/2008/element-label" xlink:from="loc_eba_c20692" xlink:to="label_eba_c20692_1" />
    <label:label xlink:type="resource" xlink:label="label_eba_c20693_1" xml:lang="en" xlink:role="http://www.eba.europa.eu/xbrl/role/dpm-db-id">20693</label:label>
    <gen:arc xlink:type="arc" xlink:arcrole="http://xbrl.org/arcrole/2008/element-label" xlink:from="loc_eba_c20693" xlink:to="label_eba_c20693_1" />
    <label:label xlink:type="resource" xlink:label="label_eba_c20694_1" xml:lang="en" xlink:role="http://www.eba.europa.eu/xbrl/role/dpm-db-id">20694</label:label>
    <gen:arc xlink:type="arc" xlink:arcrole="http://xbrl.org/arcrole/2008/element-label" xlink:from="loc_eba_c20694" xlink:to="label_eba_c20694_1" />
    <label:label xlink:type="resource" xlink:label="label_eba_c20695_1" xml:lang="en" xlink:role="http://www.eba.europa.eu/xbrl/role/dpm-db-id">20695</label:label>
    <gen:arc xlink:type="arc" xlink:arcrole="http://xbrl.org/arcrole/2008/element-label" xlink:from="loc_eba_c20695" xlink:to="label_eba_c20695_1" />
    <label:label xlink:type="resource" xlink:label="label_eba_c20696_1" xml:lang="en" xlink:role="http://www.eba.europa.eu/xbrl/role/dpm-db-id">20696</label:label>
    <gen:arc xlink:type="arc" xlink:arcrole="http://xbrl.org/arcrole/2008/element-label" xlink:from="loc_eba_c20696" xlink:to="label_eba_c20696_1" />
    <label:label xlink:type="resource" xlink:label="label_eba_c20697_1" xml:lang="en" xlink:role="http://www.eba.europa.eu/xbrl/role/dpm-db-id">20697</label:label>
    <gen:arc xlink:type="arc" xlink:arcrole="http://xbrl.org/arcrole/2008/element-label" xlink:from="loc_eba_c20697" xlink:to="label_eba_c20697_1" />
    <label:label xlink:type="resource" xlink:label="label_eba_c20698_1" xml:lang="en" xlink:role="http://www.eba.europa.eu/xbrl/role/dpm-db-id">20698</label:label>
    <gen:arc xlink:type="arc" xlink:arcrole="http://xbrl.org/arcrole/2008/element-label" xlink:from="loc_eba_c20698" xlink:to="label_eba_c20698_1" />
    <label:label xlink:type="resource" xlink:label="label_eba_c20699_1" xml:lang="en" xlink:role="http://www.eba.europa.eu/xbrl/role/dpm-db-id">20699</label:label>
    <gen:arc xlink:type="arc" xlink:arcrole="http://xbrl.org/arcrole/2008/element-label" xlink:from="loc_eba_c20699" xlink:to="label_eba_c20699_1" />
    <label:label xlink:type="resource" xlink:label="label_eba_c20700_1" xml:lang="en" xlink:role="http://www.eba.europa.eu/xbrl/role/dpm-db-id">20700</label:label>
    <gen:arc xlink:type="arc" xlink:arcrole="http://xbrl.org/arcrole/2008/element-label" xlink:from="loc_eba_c20700" xlink:to="label_eba_c20700_1" />
    <label:label xlink:type="resource" xlink:label="label_eba_c20701_1" xml:lang="en" xlink:role="http://www.eba.europa.eu/xbrl/role/dpm-db-id">20701</label:label>
    <gen:arc xlink:type="arc" xlink:arcrole="http://xbrl.org/arcrole/2008/element-label" xlink:from="loc_eba_c20701" xlink:to="label_eba_c20701_1" />
    <label:label xlink:type="resource" xlink:label="label_eba_c20702_1" xml:lang="en" xlink:role="http://www.eba.europa.eu/xbrl/role/dpm-db-id">20702</label:label>
    <gen:arc xlink:type="arc" xlink:arcrole="http://xbrl.org/arcrole/2008/element-label" xlink:from="loc_eba_c20702" xlink:to="label_eba_c20702_1" />
    <label:label xlink:type="resource" xlink:label="label_eba_c20703_1" xml:lang="en" xlink:role="http://www.eba.europa.eu/xbrl/role/dpm-db-id">20703</label:label>
    <gen:arc xlink:type="arc" xlink:arcrole="http://xbrl.org/arcrole/2008/element-label" xlink:from="loc_eba_c20703" xlink:to="label_eba_c20703_1" />
    <label:label xlink:type="resource" xlink:label="label_eba_c20704_1" xml:lang="en" xlink:role="http://www.eba.europa.eu/xbrl/role/dpm-db-id">20704</label:label>
    <gen:arc xlink:type="arc" xlink:arcrole="http://xbrl.org/arcrole/2008/element-label" xlink:from="loc_eba_c20704" xlink:to="label_eba_c20704_1" />
    <label:label xlink:type="resource" xlink:label="label_eba_c20705_1" xml:lang="en" xlink:role="http://www.eba.europa.eu/xbrl/role/dpm-db-id">20705</label:label>
    <gen:arc xlink:type="arc" xlink:arcrole="http://xbrl.org/arcrole/2008/element-label" xlink:from="loc_eba_c20705" xlink:to="label_eba_c20705_1" />
    <label:label xlink:type="resource" xlink:label="label_eba_c20706_1" xml:lang="en" xlink:role="http://www.eba.europa.eu/xbrl/role/dpm-db-id">20706</label:label>
    <gen:arc xlink:type="arc" xlink:arcrole="http://xbrl.org/arcrole/2008/element-label" xlink:from="loc_eba_c20706" xlink:to="label_eba_c20706_1" />
    <label:label xlink:type="resource" xlink:label="label_eba_c20707_1" xml:lang="en" xlink:role="http://www.eba.europa.eu/xbrl/role/dpm-db-id">20707</label:label>
    <gen:arc xlink:type="arc" xlink:arcrole="http://xbrl.org/arcrole/2008/element-label" xlink:from="loc_eba_c20707" xlink:to="label_eba_c20707_1" />
    <label:label xlink:type="resource" xlink:label="label_eba_c20708_1" xml:lang="en" xlink:role="http://www.eba.europa.eu/xbrl/role/dpm-db-id">20708</label:label>
    <gen:arc xlink:type="arc" xlink:arcrole="http://xbrl.org/arcrole/2008/element-label" xlink:from="loc_eba_c20708" xlink:to="label_eba_c20708_1" />
    <label:label xlink:type="resource" xlink:label="label_eba_c20709_1" xml:lang="en" xlink:role="http://www.eba.europa.eu/xbrl/role/dpm-db-id">20709</label:label>
    <gen:arc xlink:type="arc" xlink:arcrole="http://xbrl.org/arcrole/2008/element-label" xlink:from="loc_eba_c20709" xlink:to="label_eba_c20709_1" />
    <label:label xlink:type="resource" xlink:label="label_eba_c20710_1" xml:lang="en" xlink:role="http://www.eba.europa.eu/xbrl/role/dpm-db-id">20710</label:label>
    <gen:arc xlink:type="arc" xlink:arcrole="http://xbrl.org/arcrole/2008/element-label" xlink:from="loc_eba_c20710" xlink:to="label_eba_c20710_1" />
    <label:label xlink:type="resource" xlink:label="label_eba_c20711_1" xml:lang="en" xlink:role="http://www.eba.europa.eu/xbrl/role/dpm-db-id">20711</label:label>
    <gen:arc xlink:type="arc" xlink:arcrole="http://xbrl.org/arcrole/2008/element-label" xlink:from="loc_eba_c20711" xlink:to="label_eba_c20711_1" />
    <label:label xlink:type="resource" xlink:label="label_eba_c20712_1" xml:lang="en" xlink:role="http://www.eba.europa.eu/xbrl/role/dpm-db-id">20712</label:label>
    <gen:arc xlink:type="arc" xlink:arcrole="http://xbrl.org/arcrole/2008/element-label" xlink:from="loc_eba_c20712" xlink:to="label_eba_c20712_1" />
    <label:label xlink:type="resource" xlink:label="label_eba_c20713_1" xml:lang="en" xlink:role="http://www.eba.europa.eu/xbrl/role/dpm-db-id">20713</label:label>
    <gen:arc xlink:type="arc" xlink:arcrole="http://xbrl.org/arcrole/2008/element-label" xlink:from="loc_eba_c20713" xlink:to="label_eba_c20713_1" />
    <label:label xlink:type="resource" xlink:label="label_eba_c20714_1" xml:lang="en" xlink:role="http://www.eba.europa.eu/xbrl/role/dpm-db-id">20714</label:label>
    <gen:arc xlink:type="arc" xlink:arcrole="http://xbrl.org/arcrole/2008/element-label" xlink:from="loc_eba_c20714" xlink:to="label_eba_c20714_1" />
    <label:label xlink:type="resource" xlink:label="label_eba_c20715_1" xml:lang="en" xlink:role="http://www.eba.europa.eu/xbrl/role/dpm-db-id">20715</label:label>
    <gen:arc xlink:type="arc" xlink:arcrole="http://xbrl.org/arcrole/2008/element-label" xlink:from="loc_eba_c20715" xlink:to="label_eba_c20715_1" />
    <label:label xlink:type="resource" xlink:label="label_eba_c20716_1" xml:lang="en" xlink:role="http://www.eba.europa.eu/xbrl/role/dpm-db-id">20716</label:label>
    <gen:arc xlink:type="arc" xlink:arcrole="http://xbrl.org/arcrole/2008/element-label" xlink:from="loc_eba_c20716" xlink:to="label_eba_c20716_1" />
    <label:label xlink:type="resource" xlink:label="label_eba_c20717_1" xml:lang="en" xlink:role="http://www.eba.europa.eu/xbrl/role/dpm-db-id">20717</label:label>
    <gen:arc xlink:type="arc" xlink:arcrole="http://xbrl.org/arcrole/2008/element-label" xlink:from="loc_eba_c20717" xlink:to="label_eba_c20717_1" />
    <label:label xlink:type="resource" xlink:label="label_eba_c20718_1" xml:lang="en" xlink:role="http://www.eba.europa.eu/xbrl/role/dpm-db-id">20718</label:label>
    <gen:arc xlink:type="arc" xlink:arcrole="http://xbrl.org/arcrole/2008/element-label" xlink:from="loc_eba_c20718" xlink:to="label_eba_c20718_1" />
    <label:label xlink:type="resource" xlink:label="label_eba_c20719_1" xml:lang="en" xlink:role="http://www.eba.europa.eu/xbrl/role/dpm-db-id">20719</label:label>
    <gen:arc xlink:type="arc" xlink:arcrole="http://xbrl.org/arcrole/2008/element-label" xlink:from="loc_eba_c20719" xlink:to="label_eba_c20719_1" />
    <label:label xlink:type="resource" xlink:label="label_eba_c20720_1" xml:lang="en" xlink:role="http://www.eba.europa.eu/xbrl/role/dpm-db-id">20720</label:label>
    <gen:arc xlink:type="arc" xlink:arcrole="http://xbrl.org/arcrole/2008/element-label" xlink:from="loc_eba_c20720" xlink:to="label_eba_c20720_1" />
    <label:label xlink:type="resource" xlink:label="label_eba_c20721_1" xml:lang="en" xlink:role="http://www.eba.europa.eu/xbrl/role/dpm-db-id">20721</label:label>
    <gen:arc xlink:type="arc" xlink:arcrole="http://xbrl.org/arcrole/2008/element-label" xlink:from="loc_eba_c20721" xlink:to="label_eba_c20721_1" />
    <label:label xlink:type="resource" xlink:label="label_eba_c20722_1" xml:lang="en" xlink:role="http://www.eba.europa.eu/xbrl/role/dpm-db-id">20722</label:label>
    <gen:arc xlink:type="arc" xlink:arcrole="http://xbrl.org/arcrole/2008/element-label" xlink:from="loc_eba_c20722" xlink:to="label_eba_c20722_1" />
    <label:label xlink:type="resource" xlink:label="label_eba_c20723_1" xml:lang="en" xlink:role="http://www.eba.europa.eu/xbrl/role/dpm-db-id">20723</label:label>
    <gen:arc xlink:type="arc" xlink:arcrole="http://xbrl.org/arcrole/2008/element-label" xlink:from="loc_eba_c20723" xlink:to="label_eba_c20723_1" />
    <label:label xlink:type="resource" xlink:label="label_eba_c20724_1" xml:lang="en" xlink:role="http://www.eba.europa.eu/xbrl/role/dpm-db-id">20724</label:label>
    <gen:arc xlink:type="arc" xlink:arcrole="http://xbrl.org/arcrole/2008/element-label" xlink:from="loc_eba_c20724" xlink:to="label_eba_c20724_1" />
    <label:label xlink:type="resource" xlink:label="label_eba_c20725_1" xml:lang="en" xlink:role="http://www.eba.europa.eu/xbrl/role/dpm-db-id">20725</label:label>
    <gen:arc xlink:type="arc" xlink:arcrole="http://xbrl.org/arcrole/2008/element-label" xlink:from="loc_eba_c20725" xlink:to="label_eba_c20725_1" />
    <label:label xlink:type="resource" xlink:label="label_eba_c20726_1" xml:lang="en" xlink:role="http://www.eba.europa.eu/xbrl/role/dpm-db-id">20726</label:label>
    <gen:arc xlink:type="arc" xlink:arcrole="http://xbrl.org/arcrole/2008/element-label" xlink:from="loc_eba_c20726" xlink:to="label_eba_c20726_1" />
    <label:label xlink:type="resource" xlink:label="label_eba_c20727_1" xml:lang="en" xlink:role="http://www.eba.europa.eu/xbrl/role/dpm-db-id">20727</label:label>
    <gen:arc xlink:type="arc" xlink:arcrole="http://xbrl.org/arcrole/2008/element-label" xlink:from="loc_eba_c20727" xlink:to="label_eba_c20727_1" />
    <label:label xlink:type="resource" xlink:label="label_eba_c20728_1" xml:lang="en" xlink:role="http://www.eba.europa.eu/xbrl/role/dpm-db-id">20728</label:label>
    <gen:arc xlink:type="arc" xlink:arcrole="http://xbrl.org/arcrole/2008/element-label" xlink:from="loc_eba_c20728" xlink:to="label_eba_c20728_1" />
  </gen:link>
</link:linkbase>