﻿<?xml version="1.0" encoding="utf-8"?>
<?taxonomy-version 2.0.0?>
<!--(C) EBA-->
<link:linkbase xmlns:xsi="http://www.w3.org/2001/XMLSchema-instance" xmlns:xlink="http://www.w3.org/1999/xlink" xmlns:link="http://www.xbrl.org/2003/linkbase" xmlns:gen="http://xbrl.org/2008/generic" xmlns:label="http://xbrl.org/2008/label" xsi:schemaLocation="http://www.xbrl.org/2003/linkbase http://www.xbrl.org/2003/xbrl-linkbase-2003-12-31.xsd http://xbrl.org/2008/generic http://www.xbrl.org/2008/generic-link.xsd http://xbrl.org/2008/label http://www.xbrl.org/2008/generic-label.xsd">
  <link:arcroleRef arcroleURI="http://xbrl.org/arcrole/2008/element-label" xlink:type="simple" xlink:href="http://www.xbrl.org/2008/generic-label.xsd#element-label" />
  <link:roleRef roleURI="http://www.xbrl.org/2008/role/label" xlink:type="simple" xlink:href="http://www.xbrl.org/2008/generic-label.xsd#standard-label" />
  <link:roleRef roleURI="http://www.xbrl.org/2008/role/verboseLabel" xlink:type="simple" xlink:href="http://www.xbrl.org/2008/generic-label.xsd#verbose-label" />
  <gen:link xlink:type="extended" xlink:role="http://www.xbrl.org/2003/role/link">
    <link:loc xlink:type="locator" xlink:href="c_19.00-rend.xml#eba_tC_19.00" xlink:label="loc_eba_tC_19.00" />
    <label:label xlink:type="resource" xlink:label="label_eba_tC_19.00" xml:lang="en" xlink:role="http://www.xbrl.org/2008/role/label">C 19.00 (MKR SA SEC)</label:label>
    <gen:arc xlink:type="arc" xlink:arcrole="http://xbrl.org/arcrole/2008/element-label" xlink:from="loc_eba_tC_19.00" xlink:to="label_eba_tC_19.00" />
    <label:label xlink:type="resource" xlink:label="label_eba_tC_19.00_1" xml:lang="en" xlink:role="http://www.xbrl.org/2008/role/verboseLabel">C 19.00 (MKR SA SEC) Market risk: Standardised Approach for specific risk in securitisations</label:label>
    <gen:arc xlink:type="arc" xlink:arcrole="http://xbrl.org/arcrole/2008/element-label" xlink:from="loc_eba_tC_19.00" xlink:to="label_eba_tC_19.00_1" />
    <link:loc xlink:type="locator" xlink:href="c_19.00-rend.xml#eba_a1" xlink:label="loc_eba_a1" />
    <label:label xlink:type="resource" xlink:label="label_eba_a1" xml:lang="en" xlink:role="http://www.xbrl.org/2008/role/label">Columns</label:label>
    <gen:arc xlink:type="arc" xlink:arcrole="http://xbrl.org/arcrole/2008/element-label" xlink:from="loc_eba_a1" xlink:to="label_eba_a1" />
    <link:loc xlink:type="locator" xlink:href="c_19.00-rend.xml#eba_c20634" xlink:label="loc_eba_c20634" />
    <label:label xlink:type="resource" xlink:label="label_eba_c20634" xml:lang="en" xlink:role="http://www.xbrl.org/2008/role/label">All positions</label:label>
    <gen:arc xlink:type="arc" xlink:arcrole="http://xbrl.org/arcrole/2008/element-label" xlink:from="loc_eba_c20634" xlink:to="label_eba_c20634" />
    <link:loc xlink:type="locator" xlink:href="c_19.00-rend.xml#eba_c20635" xlink:label="loc_eba_c20635" />
    <label:label xlink:type="resource" xlink:label="label_eba_c20635" xml:lang="en" xlink:role="http://www.xbrl.org/2008/role/label">Long</label:label>
    <gen:arc xlink:type="arc" xlink:arcrole="http://xbrl.org/arcrole/2008/element-label" xlink:from="loc_eba_c20635" xlink:to="label_eba_c20635" />
    <link:loc xlink:type="locator" xlink:href="c_19.00-rend.xml#eba_c20636" xlink:label="loc_eba_c20636" />
    <label:label xlink:type="resource" xlink:label="label_eba_c20636" xml:lang="en" xlink:role="http://www.xbrl.org/2008/role/label">Short</label:label>
    <gen:arc xlink:type="arc" xlink:arcrole="http://xbrl.org/arcrole/2008/element-label" xlink:from="loc_eba_c20636" xlink:to="label_eba_c20636" />
    <link:loc xlink:type="locator" xlink:href="c_19.00-rend.xml#eba_c20637" xlink:label="loc_eba_c20637" />
    <label:label xlink:type="resource" xlink:label="label_eba_c20637" xml:lang="en" xlink:role="http://www.xbrl.org/2008/role/label">(-) POSITIONS DEDUCTED FROM OWN FUNDS</label:label>
    <gen:arc xlink:type="arc" xlink:arcrole="http://xbrl.org/arcrole/2008/element-label" xlink:from="loc_eba_c20637" xlink:to="label_eba_c20637" />
    <link:loc xlink:type="locator" xlink:href="c_19.00-rend.xml#eba_c20638" xlink:label="loc_eba_c20638" />
    <label:label xlink:type="resource" xlink:label="label_eba_c20638" xml:lang="en" xlink:role="http://www.xbrl.org/2008/role/label">(-) Long</label:label>
    <gen:arc xlink:type="arc" xlink:arcrole="http://xbrl.org/arcrole/2008/element-label" xlink:from="loc_eba_c20638" xlink:to="label_eba_c20638" />
    <link:loc xlink:type="locator" xlink:href="c_19.00-rend.xml#eba_c20639" xlink:label="loc_eba_c20639" />
    <label:label xlink:type="resource" xlink:label="label_eba_c20639" xml:lang="en" xlink:role="http://www.xbrl.org/2008/role/label">(-) Short</label:label>
    <gen:arc xlink:type="arc" xlink:arcrole="http://xbrl.org/arcrole/2008/element-label" xlink:from="loc_eba_c20639" xlink:to="label_eba_c20639" />
    <link:loc xlink:type="locator" xlink:href="c_19.00-rend.xml#eba_c20640" xlink:label="loc_eba_c20640" />
    <label:label xlink:type="resource" xlink:label="label_eba_c20640" xml:lang="en" xlink:role="http://www.xbrl.org/2008/role/label">Net positions</label:label>
    <gen:arc xlink:type="arc" xlink:arcrole="http://xbrl.org/arcrole/2008/element-label" xlink:from="loc_eba_c20640" xlink:to="label_eba_c20640" />
    <link:loc xlink:type="locator" xlink:href="c_19.00-rend.xml#eba_c20641" xlink:label="loc_eba_c20641" />
    <label:label xlink:type="resource" xlink:label="label_eba_c20641" xml:lang="en" xlink:role="http://www.xbrl.org/2008/role/label">Long</label:label>
    <gen:arc xlink:type="arc" xlink:arcrole="http://xbrl.org/arcrole/2008/element-label" xlink:from="loc_eba_c20641" xlink:to="label_eba_c20641" />
    <link:loc xlink:type="locator" xlink:href="c_19.00-rend.xml#eba_c20642" xlink:label="loc_eba_c20642" />
    <label:label xlink:type="resource" xlink:label="label_eba_c20642" xml:lang="en" xlink:role="http://www.xbrl.org/2008/role/label">Short</label:label>
    <gen:arc xlink:type="arc" xlink:arcrole="http://xbrl.org/arcrole/2008/element-label" xlink:from="loc_eba_c20642" xlink:to="label_eba_c20642" />
    <link:loc xlink:type="locator" xlink:href="c_19.00-rend.xml#eba_c20643" xlink:label="loc_eba_c20643" />
    <label:label xlink:type="resource" xlink:label="label_eba_c20643" xml:lang="en" xlink:role="http://www.xbrl.org/2008/role/label">BREAKDOWN OF THE NET POSITIONS (LONG) ACCORDING TO SA AND IRB RISK WEIGHTS</label:label>
    <gen:arc xlink:type="arc" xlink:arcrole="http://xbrl.org/arcrole/2008/element-label" xlink:from="loc_eba_c20643" xlink:to="label_eba_c20643" />
    <link:loc xlink:type="locator" xlink:href="c_19.00-rend.xml#eba_c20644" xlink:label="loc_eba_c20644" />
    <label:label xlink:type="resource" xlink:label="label_eba_c20644" xml:lang="en" xlink:role="http://www.xbrl.org/2008/role/label">RISK WEIGHTS &lt; 1250%</label:label>
    <gen:arc xlink:type="arc" xlink:arcrole="http://xbrl.org/arcrole/2008/element-label" xlink:from="loc_eba_c20644" xlink:to="label_eba_c20644" />
    <link:loc xlink:type="locator" xlink:href="c_19.00-rend.xml#eba_c20645" xlink:label="loc_eba_c20645" />
    <label:label xlink:type="resource" xlink:label="label_eba_c20645" xml:lang="en" xlink:role="http://www.xbrl.org/2008/role/label">7 - 10%</label:label>
    <gen:arc xlink:type="arc" xlink:arcrole="http://xbrl.org/arcrole/2008/element-label" xlink:from="loc_eba_c20645" xlink:to="label_eba_c20645" />
    <link:loc xlink:type="locator" xlink:href="c_19.00-rend.xml#eba_c20646" xlink:label="loc_eba_c20646" />
    <label:label xlink:type="resource" xlink:label="label_eba_c20646" xml:lang="en" xlink:role="http://www.xbrl.org/2008/role/label">12 - 18%</label:label>
    <gen:arc xlink:type="arc" xlink:arcrole="http://xbrl.org/arcrole/2008/element-label" xlink:from="loc_eba_c20646" xlink:to="label_eba_c20646" />
    <link:loc xlink:type="locator" xlink:href="c_19.00-rend.xml#eba_c20647" xlink:label="loc_eba_c20647" />
    <label:label xlink:type="resource" xlink:label="label_eba_c20647" xml:lang="en" xlink:role="http://www.xbrl.org/2008/role/label">20 - 35%</label:label>
    <gen:arc xlink:type="arc" xlink:arcrole="http://xbrl.org/arcrole/2008/element-label" xlink:from="loc_eba_c20647" xlink:to="label_eba_c20647" />
    <link:loc xlink:type="locator" xlink:href="c_19.00-rend.xml#eba_c20648" xlink:label="loc_eba_c20648" />
    <label:label xlink:type="resource" xlink:label="label_eba_c20648" xml:lang="en" xlink:role="http://www.xbrl.org/2008/role/label">40 - 75%</label:label>
    <gen:arc xlink:type="arc" xlink:arcrole="http://xbrl.org/arcrole/2008/element-label" xlink:from="loc_eba_c20648" xlink:to="label_eba_c20648" />
    <link:loc xlink:type="locator" xlink:href="c_19.00-rend.xml#eba_c20649" xlink:label="loc_eba_c20649" />
    <label:label xlink:type="resource" xlink:label="label_eba_c20649" xml:lang="en" xlink:role="http://www.xbrl.org/2008/role/label">100%</label:label>
    <gen:arc xlink:type="arc" xlink:arcrole="http://xbrl.org/arcrole/2008/element-label" xlink:from="loc_eba_c20649" xlink:to="label_eba_c20649" />
    <link:loc xlink:type="locator" xlink:href="c_19.00-rend.xml#eba_c20650" xlink:label="loc_eba_c20650" />
    <label:label xlink:type="resource" xlink:label="label_eba_c20650" xml:lang="en" xlink:role="http://www.xbrl.org/2008/role/label">150%</label:label>
    <gen:arc xlink:type="arc" xlink:arcrole="http://xbrl.org/arcrole/2008/element-label" xlink:from="loc_eba_c20650" xlink:to="label_eba_c20650" />
    <link:loc xlink:type="locator" xlink:href="c_19.00-rend.xml#eba_c20651" xlink:label="loc_eba_c20651" />
    <label:label xlink:type="resource" xlink:label="label_eba_c20651" xml:lang="en" xlink:role="http://www.xbrl.org/2008/role/label">200%</label:label>
    <gen:arc xlink:type="arc" xlink:arcrole="http://xbrl.org/arcrole/2008/element-label" xlink:from="loc_eba_c20651" xlink:to="label_eba_c20651" />
    <link:loc xlink:type="locator" xlink:href="c_19.00-rend.xml#eba_c20652" xlink:label="loc_eba_c20652" />
    <label:label xlink:type="resource" xlink:label="label_eba_c20652" xml:lang="en" xlink:role="http://www.xbrl.org/2008/role/label">225%</label:label>
    <gen:arc xlink:type="arc" xlink:arcrole="http://xbrl.org/arcrole/2008/element-label" xlink:from="loc_eba_c20652" xlink:to="label_eba_c20652" />
    <link:loc xlink:type="locator" xlink:href="c_19.00-rend.xml#eba_c20653" xlink:label="loc_eba_c20653" />
    <label:label xlink:type="resource" xlink:label="label_eba_c20653" xml:lang="en" xlink:role="http://www.xbrl.org/2008/role/label">250%</label:label>
    <gen:arc xlink:type="arc" xlink:arcrole="http://xbrl.org/arcrole/2008/element-label" xlink:from="loc_eba_c20653" xlink:to="label_eba_c20653" />
    <link:loc xlink:type="locator" xlink:href="c_19.00-rend.xml#eba_c20654" xlink:label="loc_eba_c20654" />
    <label:label xlink:type="resource" xlink:label="label_eba_c20654" xml:lang="en" xlink:role="http://www.xbrl.org/2008/role/label">300%</label:label>
    <gen:arc xlink:type="arc" xlink:arcrole="http://xbrl.org/arcrole/2008/element-label" xlink:from="loc_eba_c20654" xlink:to="label_eba_c20654" />
    <link:loc xlink:type="locator" xlink:href="c_19.00-rend.xml#eba_c20655" xlink:label="loc_eba_c20655" />
    <label:label xlink:type="resource" xlink:label="label_eba_c20655" xml:lang="en" xlink:role="http://www.xbrl.org/2008/role/label">350%</label:label>
    <gen:arc xlink:type="arc" xlink:arcrole="http://xbrl.org/arcrole/2008/element-label" xlink:from="loc_eba_c20655" xlink:to="label_eba_c20655" />
    <link:loc xlink:type="locator" xlink:href="c_19.00-rend.xml#eba_c20656" xlink:label="loc_eba_c20656" />
    <label:label xlink:type="resource" xlink:label="label_eba_c20656" xml:lang="en" xlink:role="http://www.xbrl.org/2008/role/label">425%</label:label>
    <gen:arc xlink:type="arc" xlink:arcrole="http://xbrl.org/arcrole/2008/element-label" xlink:from="loc_eba_c20656" xlink:to="label_eba_c20656" />
    <link:loc xlink:type="locator" xlink:href="c_19.00-rend.xml#eba_c20657" xlink:label="loc_eba_c20657" />
    <label:label xlink:type="resource" xlink:label="label_eba_c20657" xml:lang="en" xlink:role="http://www.xbrl.org/2008/role/label">500%</label:label>
    <gen:arc xlink:type="arc" xlink:arcrole="http://xbrl.org/arcrole/2008/element-label" xlink:from="loc_eba_c20657" xlink:to="label_eba_c20657" />
    <link:loc xlink:type="locator" xlink:href="c_19.00-rend.xml#eba_c20658" xlink:label="loc_eba_c20658" />
    <label:label xlink:type="resource" xlink:label="label_eba_c20658" xml:lang="en" xlink:role="http://www.xbrl.org/2008/role/label">650%</label:label>
    <gen:arc xlink:type="arc" xlink:arcrole="http://xbrl.org/arcrole/2008/element-label" xlink:from="loc_eba_c20658" xlink:to="label_eba_c20658" />
    <link:loc xlink:type="locator" xlink:href="c_19.00-rend.xml#eba_c20659" xlink:label="loc_eba_c20659" />
    <label:label xlink:type="resource" xlink:label="label_eba_c20659" xml:lang="en" xlink:role="http://www.xbrl.org/2008/role/label">750%</label:label>
    <gen:arc xlink:type="arc" xlink:arcrole="http://xbrl.org/arcrole/2008/element-label" xlink:from="loc_eba_c20659" xlink:to="label_eba_c20659" />
    <link:loc xlink:type="locator" xlink:href="c_19.00-rend.xml#eba_c20660" xlink:label="loc_eba_c20660" />
    <label:label xlink:type="resource" xlink:label="label_eba_c20660" xml:lang="en" xlink:role="http://www.xbrl.org/2008/role/label">850%</label:label>
    <gen:arc xlink:type="arc" xlink:arcrole="http://xbrl.org/arcrole/2008/element-label" xlink:from="loc_eba_c20660" xlink:to="label_eba_c20660" />
    <link:loc xlink:type="locator" xlink:href="c_19.00-rend.xml#eba_c20661" xlink:label="loc_eba_c20661" />
    <label:label xlink:type="resource" xlink:label="label_eba_c20661" xml:lang="en" xlink:role="http://www.xbrl.org/2008/role/label">1250%</label:label>
    <gen:arc xlink:type="arc" xlink:arcrole="http://xbrl.org/arcrole/2008/element-label" xlink:from="loc_eba_c20661" xlink:to="label_eba_c20661" />
    <link:loc xlink:type="locator" xlink:href="c_19.00-rend.xml#eba_c20662" xlink:label="loc_eba_c20662" />
    <label:label xlink:type="resource" xlink:label="label_eba_c20662" xml:lang="en" xlink:role="http://www.xbrl.org/2008/role/label">RATED</label:label>
    <gen:arc xlink:type="arc" xlink:arcrole="http://xbrl.org/arcrole/2008/element-label" xlink:from="loc_eba_c20662" xlink:to="label_eba_c20662" />
    <link:loc xlink:type="locator" xlink:href="c_19.00-rend.xml#eba_c20663" xlink:label="loc_eba_c20663" />
    <label:label xlink:type="resource" xlink:label="label_eba_c20663" xml:lang="en" xlink:role="http://www.xbrl.org/2008/role/label">UNRATED</label:label>
    <gen:arc xlink:type="arc" xlink:arcrole="http://xbrl.org/arcrole/2008/element-label" xlink:from="loc_eba_c20663" xlink:to="label_eba_c20663" />
    <link:loc xlink:type="locator" xlink:href="c_19.00-rend.xml#eba_c20664" xlink:label="loc_eba_c20664" />
    <label:label xlink:type="resource" xlink:label="label_eba_c20664" xml:lang="en" xlink:role="http://www.xbrl.org/2008/role/label">SUPERVISORY FORMULA METHOD</label:label>
    <gen:arc xlink:type="arc" xlink:arcrole="http://xbrl.org/arcrole/2008/element-label" xlink:from="loc_eba_c20664" xlink:to="label_eba_c20664" />
    <link:loc xlink:type="locator" xlink:href="c_19.00-rend.xml#eba_c20665" xlink:label="loc_eba_c20665" />
    <label:label xlink:type="resource" xlink:label="label_eba_c20665" xml:lang="en" xlink:role="http://www.xbrl.org/2008/role/label">AVERAGE RISK WEIGHT (%)</label:label>
    <gen:arc xlink:type="arc" xlink:arcrole="http://xbrl.org/arcrole/2008/element-label" xlink:from="loc_eba_c20665" xlink:to="label_eba_c20665" />
    <link:loc xlink:type="locator" xlink:href="c_19.00-rend.xml#eba_c20666" xlink:label="loc_eba_c20666" />
    <label:label xlink:type="resource" xlink:label="label_eba_c20666" xml:lang="en" xlink:role="http://www.xbrl.org/2008/role/label">LOOK-THROUGH</label:label>
    <gen:arc xlink:type="arc" xlink:arcrole="http://xbrl.org/arcrole/2008/element-label" xlink:from="loc_eba_c20666" xlink:to="label_eba_c20666" />
    <link:loc xlink:type="locator" xlink:href="c_19.00-rend.xml#eba_c20667" xlink:label="loc_eba_c20667" />
    <label:label xlink:type="resource" xlink:label="label_eba_c20667" xml:lang="en" xlink:role="http://www.xbrl.org/2008/role/label">INTERNAL ASSESMENT APPROACH</label:label>
    <gen:arc xlink:type="arc" xlink:arcrole="http://xbrl.org/arcrole/2008/element-label" xlink:from="loc_eba_c20667" xlink:to="label_eba_c20667" />
    <link:loc xlink:type="locator" xlink:href="c_19.00-rend.xml#eba_c20668" xlink:label="loc_eba_c20668" />
    <label:label xlink:type="resource" xlink:label="label_eba_c20668" xml:lang="en" xlink:role="http://www.xbrl.org/2008/role/label">AVERAGE RISK WEIGHT (%)</label:label>
    <gen:arc xlink:type="arc" xlink:arcrole="http://xbrl.org/arcrole/2008/element-label" xlink:from="loc_eba_c20668" xlink:to="label_eba_c20668" />
    <link:loc xlink:type="locator" xlink:href="c_19.00-rend.xml#eba_c20669" xlink:label="loc_eba_c20669" />
    <label:label xlink:type="resource" xlink:label="label_eba_c20669" xml:lang="en" xlink:role="http://www.xbrl.org/2008/role/label">BREAKDOWN OF THE NET POSITIONS (SHORT) ACCORDING TO SA AND IRB RISK WEIGHTS</label:label>
    <gen:arc xlink:type="arc" xlink:arcrole="http://xbrl.org/arcrole/2008/element-label" xlink:from="loc_eba_c20669" xlink:to="label_eba_c20669" />
    <link:loc xlink:type="locator" xlink:href="c_19.00-rend.xml#eba_c20670" xlink:label="loc_eba_c20670" />
    <label:label xlink:type="resource" xlink:label="label_eba_c20670" xml:lang="en" xlink:role="http://www.xbrl.org/2008/role/label">RISK WEIGHTS &lt; 1250%</label:label>
    <gen:arc xlink:type="arc" xlink:arcrole="http://xbrl.org/arcrole/2008/element-label" xlink:from="loc_eba_c20670" xlink:to="label_eba_c20670" />
    <link:loc xlink:type="locator" xlink:href="c_19.00-rend.xml#eba_c20671" xlink:label="loc_eba_c20671" />
    <label:label xlink:type="resource" xlink:label="label_eba_c20671" xml:lang="en" xlink:role="http://www.xbrl.org/2008/role/label">7 - 10%</label:label>
    <gen:arc xlink:type="arc" xlink:arcrole="http://xbrl.org/arcrole/2008/element-label" xlink:from="loc_eba_c20671" xlink:to="label_eba_c20671" />
    <link:loc xlink:type="locator" xlink:href="c_19.00-rend.xml#eba_c20672" xlink:label="loc_eba_c20672" />
    <label:label xlink:type="resource" xlink:label="label_eba_c20672" xml:lang="en" xlink:role="http://www.xbrl.org/2008/role/label">12 - 18%</label:label>
    <gen:arc xlink:type="arc" xlink:arcrole="http://xbrl.org/arcrole/2008/element-label" xlink:from="loc_eba_c20672" xlink:to="label_eba_c20672" />
    <link:loc xlink:type="locator" xlink:href="c_19.00-rend.xml#eba_c20673" xlink:label="loc_eba_c20673" />
    <label:label xlink:type="resource" xlink:label="label_eba_c20673" xml:lang="en" xlink:role="http://www.xbrl.org/2008/role/label">20 - 35%</label:label>
    <gen:arc xlink:type="arc" xlink:arcrole="http://xbrl.org/arcrole/2008/element-label" xlink:from="loc_eba_c20673" xlink:to="label_eba_c20673" />
    <link:loc xlink:type="locator" xlink:href="c_19.00-rend.xml#eba_c20674" xlink:label="loc_eba_c20674" />
    <label:label xlink:type="resource" xlink:label="label_eba_c20674" xml:lang="en" xlink:role="http://www.xbrl.org/2008/role/label">40 - 75%</label:label>
    <gen:arc xlink:type="arc" xlink:arcrole="http://xbrl.org/arcrole/2008/element-label" xlink:from="loc_eba_c20674" xlink:to="label_eba_c20674" />
    <link:loc xlink:type="locator" xlink:href="c_19.00-rend.xml#eba_c20675" xlink:label="loc_eba_c20675" />
    <label:label xlink:type="resource" xlink:label="label_eba_c20675" xml:lang="en" xlink:role="http://www.xbrl.org/2008/role/label">100%</label:label>
    <gen:arc xlink:type="arc" xlink:arcrole="http://xbrl.org/arcrole/2008/element-label" xlink:from="loc_eba_c20675" xlink:to="label_eba_c20675" />
    <link:loc xlink:type="locator" xlink:href="c_19.00-rend.xml#eba_c20676" xlink:label="loc_eba_c20676" />
    <label:label xlink:type="resource" xlink:label="label_eba_c20676" xml:lang="en" xlink:role="http://www.xbrl.org/2008/role/label">150%</label:label>
    <gen:arc xlink:type="arc" xlink:arcrole="http://xbrl.org/arcrole/2008/element-label" xlink:from="loc_eba_c20676" xlink:to="label_eba_c20676" />
    <link:loc xlink:type="locator" xlink:href="c_19.00-rend.xml#eba_c20677" xlink:label="loc_eba_c20677" />
    <label:label xlink:type="resource" xlink:label="label_eba_c20677" xml:lang="en" xlink:role="http://www.xbrl.org/2008/role/label">200%</label:label>
    <gen:arc xlink:type="arc" xlink:arcrole="http://xbrl.org/arcrole/2008/element-label" xlink:from="loc_eba_c20677" xlink:to="label_eba_c20677" />
    <link:loc xlink:type="locator" xlink:href="c_19.00-rend.xml#eba_c20678" xlink:label="loc_eba_c20678" />
    <label:label xlink:type="resource" xlink:label="label_eba_c20678" xml:lang="en" xlink:role="http://www.xbrl.org/2008/role/label">225%</label:label>
    <gen:arc xlink:type="arc" xlink:arcrole="http://xbrl.org/arcrole/2008/element-label" xlink:from="loc_eba_c20678" xlink:to="label_eba_c20678" />
    <link:loc xlink:type="locator" xlink:href="c_19.00-rend.xml#eba_c20679" xlink:label="loc_eba_c20679" />
    <label:label xlink:type="resource" xlink:label="label_eba_c20679" xml:lang="en" xlink:role="http://www.xbrl.org/2008/role/label">250%</label:label>
    <gen:arc xlink:type="arc" xlink:arcrole="http://xbrl.org/arcrole/2008/element-label" xlink:from="loc_eba_c20679" xlink:to="label_eba_c20679" />
    <link:loc xlink:type="locator" xlink:href="c_19.00-rend.xml#eba_c20680" xlink:label="loc_eba_c20680" />
    <label:label xlink:type="resource" xlink:label="label_eba_c20680" xml:lang="en" xlink:role="http://www.xbrl.org/2008/role/label">300%</label:label>
    <gen:arc xlink:type="arc" xlink:arcrole="http://xbrl.org/arcrole/2008/element-label" xlink:from="loc_eba_c20680" xlink:to="label_eba_c20680" />
    <link:loc xlink:type="locator" xlink:href="c_19.00-rend.xml#eba_c20681" xlink:label="loc_eba_c20681" />
    <label:label xlink:type="resource" xlink:label="label_eba_c20681" xml:lang="en" xlink:role="http://www.xbrl.org/2008/role/label">350%</label:label>
    <gen:arc xlink:type="arc" xlink:arcrole="http://xbrl.org/arcrole/2008/element-label" xlink:from="loc_eba_c20681" xlink:to="label_eba_c20681" />
    <link:loc xlink:type="locator" xlink:href="c_19.00-rend.xml#eba_c20682" xlink:label="loc_eba_c20682" />
    <label:label xlink:type="resource" xlink:label="label_eba_c20682" xml:lang="en" xlink:role="http://www.xbrl.org/2008/role/label">425%</label:label>
    <gen:arc xlink:type="arc" xlink:arcrole="http://xbrl.org/arcrole/2008/element-label" xlink:from="loc_eba_c20682" xlink:to="label_eba_c20682" />
    <link:loc xlink:type="locator" xlink:href="c_19.00-rend.xml#eba_c20683" xlink:label="loc_eba_c20683" />
    <label:label xlink:type="resource" xlink:label="label_eba_c20683" xml:lang="en" xlink:role="http://www.xbrl.org/2008/role/label">500%</label:label>
    <gen:arc xlink:type="arc" xlink:arcrole="http://xbrl.org/arcrole/2008/element-label" xlink:from="loc_eba_c20683" xlink:to="label_eba_c20683" />
    <link:loc xlink:type="locator" xlink:href="c_19.00-rend.xml#eba_c20684" xlink:label="loc_eba_c20684" />
    <label:label xlink:type="resource" xlink:label="label_eba_c20684" xml:lang="en" xlink:role="http://www.xbrl.org/2008/role/label">650%</label:label>
    <gen:arc xlink:type="arc" xlink:arcrole="http://xbrl.org/arcrole/2008/element-label" xlink:from="loc_eba_c20684" xlink:to="label_eba_c20684" />
    <link:loc xlink:type="locator" xlink:href="c_19.00-rend.xml#eba_c20685" xlink:label="loc_eba_c20685" />
    <label:label xlink:type="resource" xlink:label="label_eba_c20685" xml:lang="en" xlink:role="http://www.xbrl.org/2008/role/label">750%</label:label>
    <gen:arc xlink:type="arc" xlink:arcrole="http://xbrl.org/arcrole/2008/element-label" xlink:from="loc_eba_c20685" xlink:to="label_eba_c20685" />
    <link:loc xlink:type="locator" xlink:href="c_19.00-rend.xml#eba_c20686" xlink:label="loc_eba_c20686" />
    <label:label xlink:type="resource" xlink:label="label_eba_c20686" xml:lang="en" xlink:role="http://www.xbrl.org/2008/role/label">850%</label:label>
    <gen:arc xlink:type="arc" xlink:arcrole="http://xbrl.org/arcrole/2008/element-label" xlink:from="loc_eba_c20686" xlink:to="label_eba_c20686" />
    <link:loc xlink:type="locator" xlink:href="c_19.00-rend.xml#eba_c20687" xlink:label="loc_eba_c20687" />
    <label:label xlink:type="resource" xlink:label="label_eba_c20687" xml:lang="en" xlink:role="http://www.xbrl.org/2008/role/label">1250%</label:label>
    <gen:arc xlink:type="arc" xlink:arcrole="http://xbrl.org/arcrole/2008/element-label" xlink:from="loc_eba_c20687" xlink:to="label_eba_c20687" />
    <link:loc xlink:type="locator" xlink:href="c_19.00-rend.xml#eba_c20688" xlink:label="loc_eba_c20688" />
    <label:label xlink:type="resource" xlink:label="label_eba_c20688" xml:lang="en" xlink:role="http://www.xbrl.org/2008/role/label">RATED</label:label>
    <gen:arc xlink:type="arc" xlink:arcrole="http://xbrl.org/arcrole/2008/element-label" xlink:from="loc_eba_c20688" xlink:to="label_eba_c20688" />
    <link:loc xlink:type="locator" xlink:href="c_19.00-rend.xml#eba_c20689" xlink:label="loc_eba_c20689" />
    <label:label xlink:type="resource" xlink:label="label_eba_c20689" xml:lang="en" xlink:role="http://www.xbrl.org/2008/role/label">UNRATED</label:label>
    <gen:arc xlink:type="arc" xlink:arcrole="http://xbrl.org/arcrole/2008/element-label" xlink:from="loc_eba_c20689" xlink:to="label_eba_c20689" />
    <link:loc xlink:type="locator" xlink:href="c_19.00-rend.xml#eba_c20690" xlink:label="loc_eba_c20690" />
    <label:label xlink:type="resource" xlink:label="label_eba_c20690" xml:lang="en" xlink:role="http://www.xbrl.org/2008/role/label">SUPERVISORY FORMULA METHOD</label:label>
    <gen:arc xlink:type="arc" xlink:arcrole="http://xbrl.org/arcrole/2008/element-label" xlink:from="loc_eba_c20690" xlink:to="label_eba_c20690" />
    <link:loc xlink:type="locator" xlink:href="c_19.00-rend.xml#eba_c20691" xlink:label="loc_eba_c20691" />
    <label:label xlink:type="resource" xlink:label="label_eba_c20691" xml:lang="en" xlink:role="http://www.xbrl.org/2008/role/label">AVERAGE RISK WEIGHT (%)</label:label>
    <gen:arc xlink:type="arc" xlink:arcrole="http://xbrl.org/arcrole/2008/element-label" xlink:from="loc_eba_c20691" xlink:to="label_eba_c20691" />
    <link:loc xlink:type="locator" xlink:href="c_19.00-rend.xml#eba_c20692" xlink:label="loc_eba_c20692" />
    <label:label xlink:type="resource" xlink:label="label_eba_c20692" xml:lang="en" xlink:role="http://www.xbrl.org/2008/role/label">LOOK-THROUGH</label:label>
    <gen:arc xlink:type="arc" xlink:arcrole="http://xbrl.org/arcrole/2008/element-label" xlink:from="loc_eba_c20692" xlink:to="label_eba_c20692" />
    <link:loc xlink:type="locator" xlink:href="c_19.00-rend.xml#eba_c20693" xlink:label="loc_eba_c20693" />
    <label:label xlink:type="resource" xlink:label="label_eba_c20693" xml:lang="en" xlink:role="http://www.xbrl.org/2008/role/label">INTERNAL ASSESMENT APPROACH</label:label>
    <gen:arc xlink:type="arc" xlink:arcrole="http://xbrl.org/arcrole/2008/element-label" xlink:from="loc_eba_c20693" xlink:to="label_eba_c20693" />
    <link:loc xlink:type="locator" xlink:href="c_19.00-rend.xml#eba_c20694" xlink:label="loc_eba_c20694" />
    <label:label xlink:type="resource" xlink:label="label_eba_c20694" xml:lang="en" xlink:role="http://www.xbrl.org/2008/role/label">AVERAGE RISK WEIGHT (%)</label:label>
    <gen:arc xlink:type="arc" xlink:arcrole="http://xbrl.org/arcrole/2008/element-label" xlink:from="loc_eba_c20694" xlink:to="label_eba_c20694" />
    <link:loc xlink:type="locator" xlink:href="c_19.00-rend.xml#eba_c20695" xlink:label="loc_eba_c20695" />
    <label:label xlink:type="resource" xlink:label="label_eba_c20695" xml:lang="en" xlink:role="http://www.xbrl.org/2008/role/label">OVERALL EFFECT (ADJUSTMENT) DUE TO INFRINGEMENT OF THE DUE DILIGENCE PROVISIONS</label:label>
    <gen:arc xlink:type="arc" xlink:arcrole="http://xbrl.org/arcrole/2008/element-label" xlink:from="loc_eba_c20695" xlink:to="label_eba_c20695" />
    <link:loc xlink:type="locator" xlink:href="c_19.00-rend.xml#eba_c20696" xlink:label="loc_eba_c20696" />
    <label:label xlink:type="resource" xlink:label="label_eba_c20696" xml:lang="en" xlink:role="http://www.xbrl.org/2008/role/label">WEIGHTED NET LONG POSITIONS</label:label>
    <gen:arc xlink:type="arc" xlink:arcrole="http://xbrl.org/arcrole/2008/element-label" xlink:from="loc_eba_c20696" xlink:to="label_eba_c20696" />
    <link:loc xlink:type="locator" xlink:href="c_19.00-rend.xml#eba_c20697" xlink:label="loc_eba_c20697" />
    <label:label xlink:type="resource" xlink:label="label_eba_c20697" xml:lang="en" xlink:role="http://www.xbrl.org/2008/role/label">WEIGHTED NET SHORT POSITIONS</label:label>
    <gen:arc xlink:type="arc" xlink:arcrole="http://xbrl.org/arcrole/2008/element-label" xlink:from="loc_eba_c20697" xlink:to="label_eba_c20697" />
    <link:loc xlink:type="locator" xlink:href="c_19.00-rend.xml#eba_c20698" xlink:label="loc_eba_c20698" />
    <label:label xlink:type="resource" xlink:label="label_eba_c20698" xml:lang="en" xlink:role="http://www.xbrl.org/2008/role/label">BEFORE CAP</label:label>
    <gen:arc xlink:type="arc" xlink:arcrole="http://xbrl.org/arcrole/2008/element-label" xlink:from="loc_eba_c20698" xlink:to="label_eba_c20698" />
    <link:loc xlink:type="locator" xlink:href="c_19.00-rend.xml#eba_c20699" xlink:label="loc_eba_c20699" />
    <label:label xlink:type="resource" xlink:label="label_eba_c20699" xml:lang="en" xlink:role="http://www.xbrl.org/2008/role/label">WEIGHTED NET LONG POSITIONS</label:label>
    <gen:arc xlink:type="arc" xlink:arcrole="http://xbrl.org/arcrole/2008/element-label" xlink:from="loc_eba_c20699" xlink:to="label_eba_c20699" />
    <link:loc xlink:type="locator" xlink:href="c_19.00-rend.xml#eba_c20700" xlink:label="loc_eba_c20700" />
    <label:label xlink:type="resource" xlink:label="label_eba_c20700" xml:lang="en" xlink:role="http://www.xbrl.org/2008/role/label">WEIGHTED NET SHORT POSITIONS</label:label>
    <gen:arc xlink:type="arc" xlink:arcrole="http://xbrl.org/arcrole/2008/element-label" xlink:from="loc_eba_c20700" xlink:to="label_eba_c20700" />
    <link:loc xlink:type="locator" xlink:href="c_19.00-rend.xml#eba_c20701" xlink:label="loc_eba_c20701" />
    <label:label xlink:type="resource" xlink:label="label_eba_c20701" xml:lang="en" xlink:role="http://www.xbrl.org/2008/role/label">SUM OF WEIGHTED NET LONG AND SHORT POSITIONS</label:label>
    <gen:arc xlink:type="arc" xlink:arcrole="http://xbrl.org/arcrole/2008/element-label" xlink:from="loc_eba_c20701" xlink:to="label_eba_c20701" />
    <link:loc xlink:type="locator" xlink:href="c_19.00-rend.xml#eba_c20702" xlink:label="loc_eba_c20702" />
    <label:label xlink:type="resource" xlink:label="label_eba_c20702" xml:lang="en" xlink:role="http://www.xbrl.org/2008/role/label">AFTER CAP</label:label>
    <gen:arc xlink:type="arc" xlink:arcrole="http://xbrl.org/arcrole/2008/element-label" xlink:from="loc_eba_c20702" xlink:to="label_eba_c20702" />
    <link:loc xlink:type="locator" xlink:href="c_19.00-rend.xml#eba_c20703" xlink:label="loc_eba_c20703" />
    <label:label xlink:type="resource" xlink:label="label_eba_c20703" xml:lang="en" xlink:role="http://www.xbrl.org/2008/role/label">WEIGHTED NET LONG POSITIONS</label:label>
    <gen:arc xlink:type="arc" xlink:arcrole="http://xbrl.org/arcrole/2008/element-label" xlink:from="loc_eba_c20703" xlink:to="label_eba_c20703" />
    <link:loc xlink:type="locator" xlink:href="c_19.00-rend.xml#eba_c20704" xlink:label="loc_eba_c20704" />
    <label:label xlink:type="resource" xlink:label="label_eba_c20704" xml:lang="en" xlink:role="http://www.xbrl.org/2008/role/label">WEIGHTED NET SHORT POSITIONS</label:label>
    <gen:arc xlink:type="arc" xlink:arcrole="http://xbrl.org/arcrole/2008/element-label" xlink:from="loc_eba_c20704" xlink:to="label_eba_c20704" />
    <link:loc xlink:type="locator" xlink:href="c_19.00-rend.xml#eba_c20705" xlink:label="loc_eba_c20705" />
    <label:label xlink:type="resource" xlink:label="label_eba_c20705" xml:lang="en" xlink:role="http://www.xbrl.org/2008/role/label">SUM OF WEIGHTED NET LONG AND SHORT POSITIONS</label:label>
    <gen:arc xlink:type="arc" xlink:arcrole="http://xbrl.org/arcrole/2008/element-label" xlink:from="loc_eba_c20705" xlink:to="label_eba_c20705" />
    <link:loc xlink:type="locator" xlink:href="c_19.00-rend.xml#eba_c20706" xlink:label="loc_eba_c20706" />
    <label:label xlink:type="resource" xlink:label="label_eba_c20706" xml:lang="en" xlink:role="http://www.xbrl.org/2008/role/label">OWN FUNDS REQUIREMENTS</label:label>
    <gen:arc xlink:type="arc" xlink:arcrole="http://xbrl.org/arcrole/2008/element-label" xlink:from="loc_eba_c20706" xlink:to="label_eba_c20706" />
    <link:loc xlink:type="locator" xlink:href="c_19.00-rend.xml#eba_a2" xlink:label="loc_eba_a2" />
    <label:label xlink:type="resource" xlink:label="label_eba_a2" xml:lang="en" xlink:role="http://www.xbrl.org/2008/role/label">Rows</label:label>
    <gen:arc xlink:type="arc" xlink:arcrole="http://xbrl.org/arcrole/2008/element-label" xlink:from="loc_eba_a2" xlink:to="label_eba_a2" />
    <link:loc xlink:type="locator" xlink:href="c_19.00-rend.xml#eba_c20707" xlink:label="loc_eba_c20707" />
    <label:label xlink:type="resource" xlink:label="label_eba_c20707" xml:lang="en" xlink:role="http://www.xbrl.org/2008/role/label">TOTAL EXPOSURES</label:label>
    <gen:arc xlink:type="arc" xlink:arcrole="http://xbrl.org/arcrole/2008/element-label" xlink:from="loc_eba_c20707" xlink:to="label_eba_c20707" />
    <link:loc xlink:type="locator" xlink:href="c_19.00-rend.xml#eba_c20708" xlink:label="loc_eba_c20708" />
    <label:label xlink:type="resource" xlink:label="label_eba_c20708" xml:lang="en" xlink:role="http://www.xbrl.org/2008/role/label">Of which: RE-SECURITISATIONS</label:label>
    <gen:arc xlink:type="arc" xlink:arcrole="http://xbrl.org/arcrole/2008/element-label" xlink:from="loc_eba_c20708" xlink:to="label_eba_c20708" />
    <link:loc xlink:type="locator" xlink:href="c_19.00-rend.xml#eba_c20709" xlink:label="loc_eba_c20709" />
    <label:label xlink:type="resource" xlink:label="label_eba_c20709" xml:lang="en" xlink:role="http://www.xbrl.org/2008/role/label">ORIGINATOR: TOTAL EXPOSURES</label:label>
    <gen:arc xlink:type="arc" xlink:arcrole="http://xbrl.org/arcrole/2008/element-label" xlink:from="loc_eba_c20709" xlink:to="label_eba_c20709" />
    <link:loc xlink:type="locator" xlink:href="c_19.00-rend.xml#eba_c20710" xlink:label="loc_eba_c20710" />
    <label:label xlink:type="resource" xlink:label="label_eba_c20710" xml:lang="en" xlink:role="http://www.xbrl.org/2008/role/label">SECURITISATIONS</label:label>
    <gen:arc xlink:type="arc" xlink:arcrole="http://xbrl.org/arcrole/2008/element-label" xlink:from="loc_eba_c20710" xlink:to="label_eba_c20710" />
    <link:loc xlink:type="locator" xlink:href="c_19.00-rend.xml#eba_c20711" xlink:label="loc_eba_c20711" />
    <label:label xlink:type="resource" xlink:label="label_eba_c20711" xml:lang="en" xlink:role="http://www.xbrl.org/2008/role/label">RE-SECURITISATIONS</label:label>
    <gen:arc xlink:type="arc" xlink:arcrole="http://xbrl.org/arcrole/2008/element-label" xlink:from="loc_eba_c20711" xlink:to="label_eba_c20711" />
    <link:loc xlink:type="locator" xlink:href="c_19.00-rend.xml#eba_c20712" xlink:label="loc_eba_c20712" />
    <label:label xlink:type="resource" xlink:label="label_eba_c20712" xml:lang="en" xlink:role="http://www.xbrl.org/2008/role/label">INVESTOR: TOTAL EXPOSURES</label:label>
    <gen:arc xlink:type="arc" xlink:arcrole="http://xbrl.org/arcrole/2008/element-label" xlink:from="loc_eba_c20712" xlink:to="label_eba_c20712" />
    <link:loc xlink:type="locator" xlink:href="c_19.00-rend.xml#eba_c20713" xlink:label="loc_eba_c20713" />
    <label:label xlink:type="resource" xlink:label="label_eba_c20713" xml:lang="en" xlink:role="http://www.xbrl.org/2008/role/label">SECURITISATIONS</label:label>
    <gen:arc xlink:type="arc" xlink:arcrole="http://xbrl.org/arcrole/2008/element-label" xlink:from="loc_eba_c20713" xlink:to="label_eba_c20713" />
    <link:loc xlink:type="locator" xlink:href="c_19.00-rend.xml#eba_c20714" xlink:label="loc_eba_c20714" />
    <label:label xlink:type="resource" xlink:label="label_eba_c20714" xml:lang="en" xlink:role="http://www.xbrl.org/2008/role/label">RE-SECURITISATIONS</label:label>
    <gen:arc xlink:type="arc" xlink:arcrole="http://xbrl.org/arcrole/2008/element-label" xlink:from="loc_eba_c20714" xlink:to="label_eba_c20714" />
    <link:loc xlink:type="locator" xlink:href="c_19.00-rend.xml#eba_c20715" xlink:label="loc_eba_c20715" />
    <label:label xlink:type="resource" xlink:label="label_eba_c20715" xml:lang="en" xlink:role="http://www.xbrl.org/2008/role/label">SPONSOR: TOTAL EXPOSURES</label:label>
    <gen:arc xlink:type="arc" xlink:arcrole="http://xbrl.org/arcrole/2008/element-label" xlink:from="loc_eba_c20715" xlink:to="label_eba_c20715" />
    <link:loc xlink:type="locator" xlink:href="c_19.00-rend.xml#eba_c20716" xlink:label="loc_eba_c20716" />
    <label:label xlink:type="resource" xlink:label="label_eba_c20716" xml:lang="en" xlink:role="http://www.xbrl.org/2008/role/label">SECURITISATIONS</label:label>
    <gen:arc xlink:type="arc" xlink:arcrole="http://xbrl.org/arcrole/2008/element-label" xlink:from="loc_eba_c20716" xlink:to="label_eba_c20716" />
    <link:loc xlink:type="locator" xlink:href="c_19.00-rend.xml#eba_c20717" xlink:label="loc_eba_c20717" />
    <label:label xlink:type="resource" xlink:label="label_eba_c20717" xml:lang="en" xlink:role="http://www.xbrl.org/2008/role/label">RE-SECURITISATIONS</label:label>
    <gen:arc xlink:type="arc" xlink:arcrole="http://xbrl.org/arcrole/2008/element-label" xlink:from="loc_eba_c20717" xlink:to="label_eba_c20717" />
    <link:loc xlink:type="locator" xlink:href="c_19.00-rend.xml#eba_c20718" xlink:label="loc_eba_c20718" />
    <label:label xlink:type="resource" xlink:label="label_eba_c20718" xml:lang="en" xlink:role="http://www.xbrl.org/2008/role/label">BREAKDOWN OF THE TOTAL SUM OF WEIGHTED NET LONG AND NET SHORT POSITIONS BY UNDERLYING TYPES</label:label>
    <gen:arc xlink:type="arc" xlink:arcrole="http://xbrl.org/arcrole/2008/element-label" xlink:from="loc_eba_c20718" xlink:to="label_eba_c20718" />
    <link:loc xlink:type="locator" xlink:href="c_19.00-rend.xml#eba_c20719" xlink:label="loc_eba_c20719" />
    <label:label xlink:type="resource" xlink:label="label_eba_c20719" xml:lang="en" xlink:role="http://www.xbrl.org/2008/role/label">1. Residential mortgages</label:label>
    <gen:arc xlink:type="arc" xlink:arcrole="http://xbrl.org/arcrole/2008/element-label" xlink:from="loc_eba_c20719" xlink:to="label_eba_c20719" />
    <link:loc xlink:type="locator" xlink:href="c_19.00-rend.xml#eba_c20720" xlink:label="loc_eba_c20720" />
    <label:label xlink:type="resource" xlink:label="label_eba_c20720" xml:lang="en" xlink:role="http://www.xbrl.org/2008/role/label">2. Commercial mortgages</label:label>
    <gen:arc xlink:type="arc" xlink:arcrole="http://xbrl.org/arcrole/2008/element-label" xlink:from="loc_eba_c20720" xlink:to="label_eba_c20720" />
    <link:loc xlink:type="locator" xlink:href="c_19.00-rend.xml#eba_c20721" xlink:label="loc_eba_c20721" />
    <label:label xlink:type="resource" xlink:label="label_eba_c20721" xml:lang="en" xlink:role="http://www.xbrl.org/2008/role/label">3. Credit card receivables</label:label>
    <gen:arc xlink:type="arc" xlink:arcrole="http://xbrl.org/arcrole/2008/element-label" xlink:from="loc_eba_c20721" xlink:to="label_eba_c20721" />
    <link:loc xlink:type="locator" xlink:href="c_19.00-rend.xml#eba_c20722" xlink:label="loc_eba_c20722" />
    <label:label xlink:type="resource" xlink:label="label_eba_c20722" xml:lang="en" xlink:role="http://www.xbrl.org/2008/role/label">4. Leasing</label:label>
    <gen:arc xlink:type="arc" xlink:arcrole="http://xbrl.org/arcrole/2008/element-label" xlink:from="loc_eba_c20722" xlink:to="label_eba_c20722" />
    <link:loc xlink:type="locator" xlink:href="c_19.00-rend.xml#eba_c20723" xlink:label="loc_eba_c20723" />
    <label:label xlink:type="resource" xlink:label="label_eba_c20723" xml:lang="en" xlink:role="http://www.xbrl.org/2008/role/label">5. Loans to corporates or SMEs</label:label>
    <gen:arc xlink:type="arc" xlink:arcrole="http://xbrl.org/arcrole/2008/element-label" xlink:from="loc_eba_c20723" xlink:to="label_eba_c20723" />
    <link:loc xlink:type="locator" xlink:href="c_19.00-rend.xml#eba_c20724" xlink:label="loc_eba_c20724" />
    <label:label xlink:type="resource" xlink:label="label_eba_c20724" xml:lang="en" xlink:role="http://www.xbrl.org/2008/role/label">6. Consumer loans</label:label>
    <gen:arc xlink:type="arc" xlink:arcrole="http://xbrl.org/arcrole/2008/element-label" xlink:from="loc_eba_c20724" xlink:to="label_eba_c20724" />
    <link:loc xlink:type="locator" xlink:href="c_19.00-rend.xml#eba_c20725" xlink:label="loc_eba_c20725" />
    <label:label xlink:type="resource" xlink:label="label_eba_c20725" xml:lang="en" xlink:role="http://www.xbrl.org/2008/role/label">7. Trade receivables</label:label>
    <gen:arc xlink:type="arc" xlink:arcrole="http://xbrl.org/arcrole/2008/element-label" xlink:from="loc_eba_c20725" xlink:to="label_eba_c20725" />
    <link:loc xlink:type="locator" xlink:href="c_19.00-rend.xml#eba_c20726" xlink:label="loc_eba_c20726" />
    <label:label xlink:type="resource" xlink:label="label_eba_c20726" xml:lang="en" xlink:role="http://www.xbrl.org/2008/role/label">8. Other assets</label:label>
    <gen:arc xlink:type="arc" xlink:arcrole="http://xbrl.org/arcrole/2008/element-label" xlink:from="loc_eba_c20726" xlink:to="label_eba_c20726" />
    <link:loc xlink:type="locator" xlink:href="c_19.00-rend.xml#eba_c20727" xlink:label="loc_eba_c20727" />
    <label:label xlink:type="resource" xlink:label="label_eba_c20727" xml:lang="en" xlink:role="http://www.xbrl.org/2008/role/label">9. Covered Bonds</label:label>
    <gen:arc xlink:type="arc" xlink:arcrole="http://xbrl.org/arcrole/2008/element-label" xlink:from="loc_eba_c20727" xlink:to="label_eba_c20727" />
    <link:loc xlink:type="locator" xlink:href="c_19.00-rend.xml#eba_c20728" xlink:label="loc_eba_c20728" />
    <label:label xlink:type="resource" xlink:label="label_eba_c20728" xml:lang="en" xlink:role="http://www.xbrl.org/2008/role/label">10. Other liabilities</label:label>
    <gen:arc xlink:type="arc" xlink:arcrole="http://xbrl.org/arcrole/2008/element-label" xlink:from="loc_eba_c20728" xlink:to="label_eba_c20728" />
  </gen:link>
</link:linkbase>