﻿<?xml version="1.0" encoding="utf-8"?>
<?taxonomy-version 2.0.0?>
<!--(C) EBA-->
<link:linkbase xmlns:xsi="http://www.w3.org/2001/XMLSchema-instance" xmlns:xlink="http://www.w3.org/1999/xlink" xmlns:link="http://www.xbrl.org/2003/linkbase" xmlns:gen="http://xbrl.org/2008/generic" xmlns:label="http://xbrl.org/2008/label" xmlns:formula="http://xbrl.org/2008/formula" xmlns:df="http://xbrl.org/2008/filter/dimension" xmlns:table="http://xbrl.org/PWD/2013-05-17/table" xmlns:model="http://www.eurofiling.info/xbrl/ext/model" xmlns:eba_dim="http://www.eba.europa.eu/xbrl/crr/dict/dim" xmlns:eba_TR="http://www.eba.europa.eu/xbrl/crr/dict/dom/TR" xmlns:eba_BA="http://www.eba.europa.eu/xbrl/crr/dict/dom/BA" xmlns:eba_AP="http://www.eba.europa.eu/xbrl/crr/dict/dom/AP" xmlns:eba_met="http://www.eba.europa.eu/xbrl/crr/dict/met" xmlns:eba_PI="http://www.eba.europa.eu/xbrl/crr/dict/dom/PI" xmlns:eba_ER="http://www.eba.europa.eu/xbrl/crr/dict/dom/ER" xmlns:eba_PC="http://www.eba.europa.eu/xbrl/crr/dict/dom/PC" xmlns:eba_MC="http://www.eba.europa.eu/xbrl/crr/dict/dom/MC" xmlns:eba_PL="http://www.eba.europa.eu/xbrl/crr/dict/dom/PL" xmlns:eba_UE="http://www.eba.europa.eu/xbrl/crr/dict/dom/UE" xmlns:eba_RS="http://www.eba.europa.eu/xbrl/crr/dict/dom/RS" xsi:schemaLocation="http://www.xbrl.org/2003/linkbase http://www.xbrl.org/2003/xbrl-linkbase-2003-12-31.xsd http://xbrl.org/2008/generic http://www.xbrl.org/2008/generic-link.xsd http://xbrl.org/2008/label http://www.xbrl.org/2008/generic-label.xsd http://xbrl.org/2008/formula http://www.xbrl.org/2008/formula.xsd http://xbrl.org/2008/filter/dimension http://www.xbrl.org/2008/dimension-filter.xsd http://xbrl.org/PWD/2013-05-17/table http://www.xbrl.org/PWD/2013-05-17/table.xsd http://www.eurofiling.info/xbrl/ext/model http://www.eurofiling.info/eu/fr/xbrl/ext/model.xsd">
  <link:arcroleRef arcroleURI="http://xbrl.org/arcrole/PWD/2013-05-17/breakdown-tree" xlink:type="simple" xlink:href="http://www.xbrl.org/PWD/2013-05-17/table.xsd#breakdown-tree" />
  <link:arcroleRef arcroleURI="http://xbrl.org/arcrole/PWD/2013-05-17/definition-node-subtree" xlink:type="simple" xlink:href="http://www.xbrl.org/PWD/2013-05-17/table.xsd#definition-node-subtree" />
  <link:arcroleRef arcroleURI="http://xbrl.org/arcrole/PWD/2013-05-17/table-breakdown" xlink:type="simple" xlink:href="http://www.xbrl.org/PWD/2013-05-17/table.xsd#table-breakdown" />
  <link:roleRef roleURI="http://www.eba.europa.eu/xbrl/crr/role/fws/COREP/ITS-2013-02/2013-12-01/tab/C_19.00" xlink:type="simple" xlink:href="c_19.00.xsd#role" />
  <gen:link xlink:type="extended" xlink:role="http://www.eba.europa.eu/xbrl/crr/role/fws/COREP/ITS-2013-02/2013-12-01/tab/C_19.00">
    <table:table xlink:type="resource" xlink:label="eba_tC_19.00" aspectModel="dimensional" id="eba_tC_19.00" />
    <table:breakdown xlink:type="resource" xlink:label="eba_a1" parentChildOrder="parent-first" id="eba_a1" />
    <table:ruleNode xlink:type="resource" xlink:label="eba_a1.root" abstract="true" id="eba_a1.root">
      <formula:explicitDimension dimension="eba_dim:TRI">
        <formula:member>
          <formula:qname>eba_TR:x22</formula:qname>
        </formula:member>
      </formula:explicitDimension>
    </table:ruleNode>
    <table:breakdownTreeArc xlink:type="arc" xlink:arcrole="http://xbrl.org/arcrole/PWD/2013-05-17/breakdown-tree" xlink:from="eba_a1" xlink:to="eba_a1.root" order="0" />
    <table:ruleNode xlink:type="resource" xlink:label="eba_c20634" abstract="true" id="eba_c20634">
      <formula:explicitDimension dimension="eba_dim:BAS">
        <formula:member>
          <formula:qname>eba_BA:x9</formula:qname>
        </formula:member>
      </formula:explicitDimension>
      <formula:explicitDimension dimension="eba_dim:APR">
        <formula:member>
          <formula:qname>eba_AP:x9</formula:qname>
        </formula:member>
      </formula:explicitDimension>
    </table:ruleNode>
    <table:ruleNode xlink:type="resource" xlink:label="eba_c20635" id="eba_c20635">
      <formula:concept>
        <formula:qname>eba_met:mi255</formula:qname>
      </formula:concept>
      <formula:explicitDimension dimension="eba_dim:PIN">
        <formula:member>
          <formula:qname>eba_PI:x1</formula:qname>
        </formula:member>
      </formula:explicitDimension>
    </table:ruleNode>
    <table:definitionNodeSubtreeArc xlink:type="arc" xlink:arcrole="http://xbrl.org/arcrole/PWD/2013-05-17/definition-node-subtree" xlink:from="eba_c20634" xlink:to="eba_c20635" order="1" />
    <table:ruleNode xlink:type="resource" xlink:label="eba_c20636" id="eba_c20636">
      <formula:concept>
        <formula:qname>eba_met:mi255</formula:qname>
      </formula:concept>
      <formula:explicitDimension dimension="eba_dim:PIN">
        <formula:member>
          <formula:qname>eba_PI:x4</formula:qname>
        </formula:member>
      </formula:explicitDimension>
    </table:ruleNode>
    <table:definitionNodeSubtreeArc xlink:type="arc" xlink:arcrole="http://xbrl.org/arcrole/PWD/2013-05-17/definition-node-subtree" xlink:from="eba_c20634" xlink:to="eba_c20636" order="2" />
    <table:definitionNodeSubtreeArc xlink:type="arc" xlink:arcrole="http://xbrl.org/arcrole/PWD/2013-05-17/definition-node-subtree" xlink:from="eba_a1.root" xlink:to="eba_c20634" order="1" />
    <table:ruleNode xlink:type="resource" xlink:label="eba_c20637" abstract="true" id="eba_c20637">
      <formula:explicitDimension dimension="eba_dim:BAS">
        <formula:member>
          <formula:qname>eba_BA:x11</formula:qname>
        </formula:member>
      </formula:explicitDimension>
      <formula:explicitDimension dimension="eba_dim:APR">
        <formula:member>
          <formula:qname>eba_AP:x9</formula:qname>
        </formula:member>
      </formula:explicitDimension>
    </table:ruleNode>
    <table:ruleNode xlink:type="resource" xlink:label="eba_c20638" id="eba_c20638">
      <formula:concept>
        <formula:qname>eba_met:mi260</formula:qname>
      </formula:concept>
      <formula:explicitDimension dimension="eba_dim:PIN">
        <formula:member>
          <formula:qname>eba_PI:x1</formula:qname>
        </formula:member>
      </formula:explicitDimension>
    </table:ruleNode>
    <table:definitionNodeSubtreeArc xlink:type="arc" xlink:arcrole="http://xbrl.org/arcrole/PWD/2013-05-17/definition-node-subtree" xlink:from="eba_c20637" xlink:to="eba_c20638" order="1" />
    <table:ruleNode xlink:type="resource" xlink:label="eba_c20639" id="eba_c20639">
      <formula:concept>
        <formula:qname>eba_met:mi260</formula:qname>
      </formula:concept>
      <formula:explicitDimension dimension="eba_dim:PIN">
        <formula:member>
          <formula:qname>eba_PI:x4</formula:qname>
        </formula:member>
      </formula:explicitDimension>
    </table:ruleNode>
    <table:definitionNodeSubtreeArc xlink:type="arc" xlink:arcrole="http://xbrl.org/arcrole/PWD/2013-05-17/definition-node-subtree" xlink:from="eba_c20637" xlink:to="eba_c20639" order="2" />
    <table:definitionNodeSubtreeArc xlink:type="arc" xlink:arcrole="http://xbrl.org/arcrole/PWD/2013-05-17/definition-node-subtree" xlink:from="eba_a1.root" xlink:to="eba_c20637" order="2" />
    <table:ruleNode xlink:type="resource" xlink:label="eba_c20640" abstract="true" id="eba_c20640">
      <formula:explicitDimension dimension="eba_dim:BAS">
        <formula:member>
          <formula:qname>eba_BA:x9</formula:qname>
        </formula:member>
      </formula:explicitDimension>
    </table:ruleNode>
    <table:ruleNode xlink:type="resource" xlink:label="eba_c20641" id="eba_c20641">
      <formula:concept>
        <formula:qname>eba_met:mi256</formula:qname>
      </formula:concept>
      <formula:explicitDimension dimension="eba_dim:PIN">
        <formula:member>
          <formula:qname>eba_PI:x1</formula:qname>
        </formula:member>
      </formula:explicitDimension>
    </table:ruleNode>
    <table:definitionNodeSubtreeArc xlink:type="arc" xlink:arcrole="http://xbrl.org/arcrole/PWD/2013-05-17/definition-node-subtree" xlink:from="eba_c20640" xlink:to="eba_c20641" order="1" />
    <table:ruleNode xlink:type="resource" xlink:label="eba_c20642" id="eba_c20642">
      <formula:concept>
        <formula:qname>eba_met:mi256</formula:qname>
      </formula:concept>
      <formula:explicitDimension dimension="eba_dim:APR">
        <formula:member>
          <formula:qname>eba_AP:x9</formula:qname>
        </formula:member>
      </formula:explicitDimension>
      <formula:explicitDimension dimension="eba_dim:PIN">
        <formula:member>
          <formula:qname>eba_PI:x4</formula:qname>
        </formula:member>
      </formula:explicitDimension>
    </table:ruleNode>
    <table:definitionNodeSubtreeArc xlink:type="arc" xlink:arcrole="http://xbrl.org/arcrole/PWD/2013-05-17/definition-node-subtree" xlink:from="eba_c20640" xlink:to="eba_c20642" order="2" />
    <table:definitionNodeSubtreeArc xlink:type="arc" xlink:arcrole="http://xbrl.org/arcrole/PWD/2013-05-17/definition-node-subtree" xlink:from="eba_a1.root" xlink:to="eba_c20640" order="3" />
    <table:ruleNode xlink:type="resource" xlink:label="eba_c20643" abstract="true" id="eba_c20643">
      <formula:explicitDimension dimension="eba_dim:BAS">
        <formula:member>
          <formula:qname>eba_BA:x9</formula:qname>
        </formula:member>
      </formula:explicitDimension>
      <formula:explicitDimension dimension="eba_dim:APR">
        <formula:member>
          <formula:qname>eba_AP:x9</formula:qname>
        </formula:member>
      </formula:explicitDimension>
      <formula:explicitDimension dimension="eba_dim:PIN">
        <formula:member>
          <formula:qname>eba_PI:x1</formula:qname>
        </formula:member>
      </formula:explicitDimension>
    </table:ruleNode>
    <table:ruleNode xlink:type="resource" xlink:label="eba_c20644" abstract="true" id="eba_c20644">
      <formula:explicitDimension dimension="eba_dim:MRW">
        <formula:member>
          <formula:qname>eba_AP:x18</formula:qname>
        </formula:member>
      </formula:explicitDimension>
      <formula:explicitDimension dimension="eba_dim:EXT">
        <formula:member>
          <formula:qname>eba_ER:x7</formula:qname>
        </formula:member>
      </formula:explicitDimension>
    </table:ruleNode>
    <table:ruleNode xlink:type="resource" xlink:label="eba_c20645" id="eba_c20645">
      <formula:concept>
        <formula:qname>eba_met:mi256</formula:qname>
      </formula:concept>
      <formula:explicitDimension dimension="eba_dim:RWS">
        <formula:member>
          <formula:qname>eba_PC:x51</formula:qname>
        </formula:member>
      </formula:explicitDimension>
    </table:ruleNode>
    <table:definitionNodeSubtreeArc xlink:type="arc" xlink:arcrole="http://xbrl.org/arcrole/PWD/2013-05-17/definition-node-subtree" xlink:from="eba_c20644" xlink:to="eba_c20645" order="1" />
    <table:ruleNode xlink:type="resource" xlink:label="eba_c20646" id="eba_c20646">
      <formula:concept>
        <formula:qname>eba_met:mi256</formula:qname>
      </formula:concept>
      <formula:explicitDimension dimension="eba_dim:RWS">
        <formula:member>
          <formula:qname>eba_PC:x41</formula:qname>
        </formula:member>
      </formula:explicitDimension>
    </table:ruleNode>
    <table:definitionNodeSubtreeArc xlink:type="arc" xlink:arcrole="http://xbrl.org/arcrole/PWD/2013-05-17/definition-node-subtree" xlink:from="eba_c20644" xlink:to="eba_c20646" order="2" />
    <table:ruleNode xlink:type="resource" xlink:label="eba_c20647" id="eba_c20647">
      <formula:concept>
        <formula:qname>eba_met:mi256</formula:qname>
      </formula:concept>
      <formula:explicitDimension dimension="eba_dim:RWS">
        <formula:member>
          <formula:qname>eba_PC:x45</formula:qname>
        </formula:member>
      </formula:explicitDimension>
    </table:ruleNode>
    <table:definitionNodeSubtreeArc xlink:type="arc" xlink:arcrole="http://xbrl.org/arcrole/PWD/2013-05-17/definition-node-subtree" xlink:from="eba_c20644" xlink:to="eba_c20647" order="3" />
    <table:ruleNode xlink:type="resource" xlink:label="eba_c20648" id="eba_c20648">
      <formula:concept>
        <formula:qname>eba_met:mi256</formula:qname>
      </formula:concept>
      <formula:explicitDimension dimension="eba_dim:RWS">
        <formula:member>
          <formula:qname>eba_PC:x49</formula:qname>
        </formula:member>
      </formula:explicitDimension>
    </table:ruleNode>
    <table:definitionNodeSubtreeArc xlink:type="arc" xlink:arcrole="http://xbrl.org/arcrole/PWD/2013-05-17/definition-node-subtree" xlink:from="eba_c20644" xlink:to="eba_c20648" order="4" />
    <table:ruleNode xlink:type="resource" xlink:label="eba_c20649" id="eba_c20649">
      <formula:concept>
        <formula:qname>eba_met:mi256</formula:qname>
      </formula:concept>
      <formula:explicitDimension dimension="eba_dim:RWS">
        <formula:member>
          <formula:qname>eba_PC:x14</formula:qname>
        </formula:member>
      </formula:explicitDimension>
    </table:ruleNode>
    <table:definitionNodeSubtreeArc xlink:type="arc" xlink:arcrole="http://xbrl.org/arcrole/PWD/2013-05-17/definition-node-subtree" xlink:from="eba_c20644" xlink:to="eba_c20649" order="5" />
    <table:ruleNode xlink:type="resource" xlink:label="eba_c20650" id="eba_c20650">
      <formula:concept>
        <formula:qname>eba_met:mi256</formula:qname>
      </formula:concept>
      <formula:explicitDimension dimension="eba_dim:RWS">
        <formula:member>
          <formula:qname>eba_PC:x16</formula:qname>
        </formula:member>
      </formula:explicitDimension>
    </table:ruleNode>
    <table:definitionNodeSubtreeArc xlink:type="arc" xlink:arcrole="http://xbrl.org/arcrole/PWD/2013-05-17/definition-node-subtree" xlink:from="eba_c20644" xlink:to="eba_c20650" order="6" />
    <table:ruleNode xlink:type="resource" xlink:label="eba_c20651" id="eba_c20651">
      <formula:concept>
        <formula:qname>eba_met:mi256</formula:qname>
      </formula:concept>
      <formula:explicitDimension dimension="eba_dim:RWS">
        <formula:member>
          <formula:qname>eba_PC:x18</formula:qname>
        </formula:member>
      </formula:explicitDimension>
    </table:ruleNode>
    <table:definitionNodeSubtreeArc xlink:type="arc" xlink:arcrole="http://xbrl.org/arcrole/PWD/2013-05-17/definition-node-subtree" xlink:from="eba_c20644" xlink:to="eba_c20651" order="7" />
    <table:ruleNode xlink:type="resource" xlink:label="eba_c20652" id="eba_c20652">
      <formula:concept>
        <formula:qname>eba_met:mi256</formula:qname>
      </formula:concept>
      <formula:explicitDimension dimension="eba_dim:RWS">
        <formula:member>
          <formula:qname>eba_PC:x19</formula:qname>
        </formula:member>
      </formula:explicitDimension>
    </table:ruleNode>
    <table:definitionNodeSubtreeArc xlink:type="arc" xlink:arcrole="http://xbrl.org/arcrole/PWD/2013-05-17/definition-node-subtree" xlink:from="eba_c20644" xlink:to="eba_c20652" order="8" />
    <table:ruleNode xlink:type="resource" xlink:label="eba_c20653" id="eba_c20653">
      <formula:concept>
        <formula:qname>eba_met:mi256</formula:qname>
      </formula:concept>
      <formula:explicitDimension dimension="eba_dim:RWS">
        <formula:member>
          <formula:qname>eba_PC:x20</formula:qname>
        </formula:member>
      </formula:explicitDimension>
    </table:ruleNode>
    <table:definitionNodeSubtreeArc xlink:type="arc" xlink:arcrole="http://xbrl.org/arcrole/PWD/2013-05-17/definition-node-subtree" xlink:from="eba_c20644" xlink:to="eba_c20653" order="9" />
    <table:ruleNode xlink:type="resource" xlink:label="eba_c20654" id="eba_c20654">
      <formula:concept>
        <formula:qname>eba_met:mi256</formula:qname>
      </formula:concept>
      <formula:explicitDimension dimension="eba_dim:RWS">
        <formula:member>
          <formula:qname>eba_PC:x22</formula:qname>
        </formula:member>
      </formula:explicitDimension>
    </table:ruleNode>
    <table:definitionNodeSubtreeArc xlink:type="arc" xlink:arcrole="http://xbrl.org/arcrole/PWD/2013-05-17/definition-node-subtree" xlink:from="eba_c20644" xlink:to="eba_c20654" order="10" />
    <table:ruleNode xlink:type="resource" xlink:label="eba_c20655" id="eba_c20655">
      <formula:concept>
        <formula:qname>eba_met:mi256</formula:qname>
      </formula:concept>
      <formula:explicitDimension dimension="eba_dim:RWS">
        <formula:member>
          <formula:qname>eba_PC:x23</formula:qname>
        </formula:member>
      </formula:explicitDimension>
    </table:ruleNode>
    <table:definitionNodeSubtreeArc xlink:type="arc" xlink:arcrole="http://xbrl.org/arcrole/PWD/2013-05-17/definition-node-subtree" xlink:from="eba_c20644" xlink:to="eba_c20655" order="11" />
    <table:ruleNode xlink:type="resource" xlink:label="eba_c20656" id="eba_c20656">
      <formula:concept>
        <formula:qname>eba_met:mi256</formula:qname>
      </formula:concept>
      <formula:explicitDimension dimension="eba_dim:RWS">
        <formula:member>
          <formula:qname>eba_PC:x25</formula:qname>
        </formula:member>
      </formula:explicitDimension>
    </table:ruleNode>
    <table:definitionNodeSubtreeArc xlink:type="arc" xlink:arcrole="http://xbrl.org/arcrole/PWD/2013-05-17/definition-node-subtree" xlink:from="eba_c20644" xlink:to="eba_c20656" order="12" />
    <table:ruleNode xlink:type="resource" xlink:label="eba_c20657" id="eba_c20657">
      <formula:concept>
        <formula:qname>eba_met:mi256</formula:qname>
      </formula:concept>
      <formula:explicitDimension dimension="eba_dim:RWS">
        <formula:member>
          <formula:qname>eba_PC:x26</formula:qname>
        </formula:member>
      </formula:explicitDimension>
    </table:ruleNode>
    <table:definitionNodeSubtreeArc xlink:type="arc" xlink:arcrole="http://xbrl.org/arcrole/PWD/2013-05-17/definition-node-subtree" xlink:from="eba_c20644" xlink:to="eba_c20657" order="13" />
    <table:ruleNode xlink:type="resource" xlink:label="eba_c20658" id="eba_c20658">
      <formula:concept>
        <formula:qname>eba_met:mi256</formula:qname>
      </formula:concept>
      <formula:explicitDimension dimension="eba_dim:RWS">
        <formula:member>
          <formula:qname>eba_PC:x27</formula:qname>
        </formula:member>
      </formula:explicitDimension>
    </table:ruleNode>
    <table:definitionNodeSubtreeArc xlink:type="arc" xlink:arcrole="http://xbrl.org/arcrole/PWD/2013-05-17/definition-node-subtree" xlink:from="eba_c20644" xlink:to="eba_c20658" order="14" />
    <table:ruleNode xlink:type="resource" xlink:label="eba_c20659" id="eba_c20659">
      <formula:concept>
        <formula:qname>eba_met:mi256</formula:qname>
      </formula:concept>
      <formula:explicitDimension dimension="eba_dim:RWS">
        <formula:member>
          <formula:qname>eba_PC:x28</formula:qname>
        </formula:member>
      </formula:explicitDimension>
    </table:ruleNode>
    <table:definitionNodeSubtreeArc xlink:type="arc" xlink:arcrole="http://xbrl.org/arcrole/PWD/2013-05-17/definition-node-subtree" xlink:from="eba_c20644" xlink:to="eba_c20659" order="15" />
    <table:ruleNode xlink:type="resource" xlink:label="eba_c20660" id="eba_c20660">
      <formula:concept>
        <formula:qname>eba_met:mi256</formula:qname>
      </formula:concept>
      <formula:explicitDimension dimension="eba_dim:RWS">
        <formula:member>
          <formula:qname>eba_PC:x29</formula:qname>
        </formula:member>
      </formula:explicitDimension>
    </table:ruleNode>
    <table:definitionNodeSubtreeArc xlink:type="arc" xlink:arcrole="http://xbrl.org/arcrole/PWD/2013-05-17/definition-node-subtree" xlink:from="eba_c20644" xlink:to="eba_c20660" order="16" />
    <table:definitionNodeSubtreeArc xlink:type="arc" xlink:arcrole="http://xbrl.org/arcrole/PWD/2013-05-17/definition-node-subtree" xlink:from="eba_c20643" xlink:to="eba_c20644" order="1" />
    <table:ruleNode xlink:type="resource" xlink:label="eba_c20661" abstract="true" id="eba_c20661">
      <formula:explicitDimension dimension="eba_dim:RWS">
        <formula:member>
          <formula:qname>eba_PC:x30</formula:qname>
        </formula:member>
      </formula:explicitDimension>
    </table:ruleNode>
    <table:ruleNode xlink:type="resource" xlink:label="eba_c20662" id="eba_c20662">
      <formula:concept>
        <formula:qname>eba_met:mi256</formula:qname>
      </formula:concept>
      <formula:explicitDimension dimension="eba_dim:MRW">
        <formula:member>
          <formula:qname>eba_AP:x18</formula:qname>
        </formula:member>
      </formula:explicitDimension>
      <formula:explicitDimension dimension="eba_dim:EXT">
        <formula:member>
          <formula:qname>eba_ER:x7</formula:qname>
        </formula:member>
      </formula:explicitDimension>
    </table:ruleNode>
    <table:definitionNodeSubtreeArc xlink:type="arc" xlink:arcrole="http://xbrl.org/arcrole/PWD/2013-05-17/definition-node-subtree" xlink:from="eba_c20661" xlink:to="eba_c20662" order="1" />
    <table:ruleNode xlink:type="resource" xlink:label="eba_c20663" id="eba_c20663">
      <formula:concept>
        <formula:qname>eba_met:mi256</formula:qname>
      </formula:concept>
      <formula:explicitDimension dimension="eba_dim:MRW">
        <formula:member>
          <formula:qname>eba_AP:x1</formula:qname>
        </formula:member>
      </formula:explicitDimension>
      <formula:explicitDimension dimension="eba_dim:EXT">
        <formula:member>
          <formula:qname>eba_ER:x9</formula:qname>
        </formula:member>
      </formula:explicitDimension>
    </table:ruleNode>
    <table:definitionNodeSubtreeArc xlink:type="arc" xlink:arcrole="http://xbrl.org/arcrole/PWD/2013-05-17/definition-node-subtree" xlink:from="eba_c20661" xlink:to="eba_c20663" order="2" />
    <table:definitionNodeSubtreeArc xlink:type="arc" xlink:arcrole="http://xbrl.org/arcrole/PWD/2013-05-17/definition-node-subtree" xlink:from="eba_c20643" xlink:to="eba_c20661" order="2" />
    <table:ruleNode xlink:type="resource" xlink:label="eba_c20664" id="eba_c20664">
      <formula:concept>
        <formula:qname>eba_met:mi256</formula:qname>
      </formula:concept>
      <formula:explicitDimension dimension="eba_dim:MRW">
        <formula:member>
          <formula:qname>eba_AP:x19</formula:qname>
        </formula:member>
      </formula:explicitDimension>
      <formula:explicitDimension dimension="eba_dim:EXT">
        <formula:member>
          <formula:qname>eba_ER:x9</formula:qname>
        </formula:member>
      </formula:explicitDimension>
    </table:ruleNode>
    <table:ruleNode xlink:type="resource" xlink:label="eba_c20665" id="eba_c20665">
      <formula:concept>
        <formula:qname>eba_met:pi54</formula:qname>
      </formula:concept>
    </table:ruleNode>
    <table:definitionNodeSubtreeArc xlink:type="arc" xlink:arcrole="http://xbrl.org/arcrole/PWD/2013-05-17/definition-node-subtree" xlink:from="eba_c20664" xlink:to="eba_c20665" order="1" />
    <table:definitionNodeSubtreeArc xlink:type="arc" xlink:arcrole="http://xbrl.org/arcrole/PWD/2013-05-17/definition-node-subtree" xlink:from="eba_c20643" xlink:to="eba_c20664" order="3" />
    <table:ruleNode xlink:type="resource" xlink:label="eba_c20666" id="eba_c20666">
      <formula:concept>
        <formula:qname>eba_met:mi256</formula:qname>
      </formula:concept>
      <formula:explicitDimension dimension="eba_dim:MRW">
        <formula:member>
          <formula:qname>eba_AP:x30</formula:qname>
        </formula:member>
      </formula:explicitDimension>
      <formula:explicitDimension dimension="eba_dim:EXT">
        <formula:member>
          <formula:qname>eba_ER:x9</formula:qname>
        </formula:member>
      </formula:explicitDimension>
    </table:ruleNode>
    <table:definitionNodeSubtreeArc xlink:type="arc" xlink:arcrole="http://xbrl.org/arcrole/PWD/2013-05-17/definition-node-subtree" xlink:from="eba_c20643" xlink:to="eba_c20666" order="4" />
    <table:ruleNode xlink:type="resource" xlink:label="eba_c20667" id="eba_c20667">
      <formula:concept>
        <formula:qname>eba_met:mi256</formula:qname>
      </formula:concept>
      <formula:explicitDimension dimension="eba_dim:MRW">
        <formula:member>
          <formula:qname>eba_AP:x25</formula:qname>
        </formula:member>
      </formula:explicitDimension>
      <formula:explicitDimension dimension="eba_dim:EXT">
        <formula:member>
          <formula:qname>eba_ER:x9</formula:qname>
        </formula:member>
      </formula:explicitDimension>
    </table:ruleNode>
    <table:ruleNode xlink:type="resource" xlink:label="eba_c20668" id="eba_c20668">
      <formula:concept>
        <formula:qname>eba_met:pi54</formula:qname>
      </formula:concept>
    </table:ruleNode>
    <table:definitionNodeSubtreeArc xlink:type="arc" xlink:arcrole="http://xbrl.org/arcrole/PWD/2013-05-17/definition-node-subtree" xlink:from="eba_c20667" xlink:to="eba_c20668" order="1" />
    <table:definitionNodeSubtreeArc xlink:type="arc" xlink:arcrole="http://xbrl.org/arcrole/PWD/2013-05-17/definition-node-subtree" xlink:from="eba_c20643" xlink:to="eba_c20667" order="5" />
    <table:definitionNodeSubtreeArc xlink:type="arc" xlink:arcrole="http://xbrl.org/arcrole/PWD/2013-05-17/definition-node-subtree" xlink:from="eba_a1.root" xlink:to="eba_c20643" order="4" />
    <table:ruleNode xlink:type="resource" xlink:label="eba_c20669" abstract="true" id="eba_c20669">
      <formula:explicitDimension dimension="eba_dim:BAS">
        <formula:member>
          <formula:qname>eba_BA:x9</formula:qname>
        </formula:member>
      </formula:explicitDimension>
      <formula:explicitDimension dimension="eba_dim:APR">
        <formula:member>
          <formula:qname>eba_AP:x9</formula:qname>
        </formula:member>
      </formula:explicitDimension>
      <formula:explicitDimension dimension="eba_dim:PIN">
        <formula:member>
          <formula:qname>eba_PI:x4</formula:qname>
        </formula:member>
      </formula:explicitDimension>
    </table:ruleNode>
    <table:ruleNode xlink:type="resource" xlink:label="eba_c20670" abstract="true" id="eba_c20670">
      <formula:explicitDimension dimension="eba_dim:MRW">
        <formula:member>
          <formula:qname>eba_AP:x18</formula:qname>
        </formula:member>
      </formula:explicitDimension>
      <formula:explicitDimension dimension="eba_dim:EXT">
        <formula:member>
          <formula:qname>eba_ER:x7</formula:qname>
        </formula:member>
      </formula:explicitDimension>
    </table:ruleNode>
    <table:ruleNode xlink:type="resource" xlink:label="eba_c20671" id="eba_c20671">
      <formula:concept>
        <formula:qname>eba_met:mi256</formula:qname>
      </formula:concept>
      <formula:explicitDimension dimension="eba_dim:RWS">
        <formula:member>
          <formula:qname>eba_PC:x51</formula:qname>
        </formula:member>
      </formula:explicitDimension>
    </table:ruleNode>
    <table:definitionNodeSubtreeArc xlink:type="arc" xlink:arcrole="http://xbrl.org/arcrole/PWD/2013-05-17/definition-node-subtree" xlink:from="eba_c20670" xlink:to="eba_c20671" order="1" />
    <table:ruleNode xlink:type="resource" xlink:label="eba_c20672" id="eba_c20672">
      <formula:concept>
        <formula:qname>eba_met:mi256</formula:qname>
      </formula:concept>
      <formula:explicitDimension dimension="eba_dim:RWS">
        <formula:member>
          <formula:qname>eba_PC:x41</formula:qname>
        </formula:member>
      </formula:explicitDimension>
    </table:ruleNode>
    <table:definitionNodeSubtreeArc xlink:type="arc" xlink:arcrole="http://xbrl.org/arcrole/PWD/2013-05-17/definition-node-subtree" xlink:from="eba_c20670" xlink:to="eba_c20672" order="2" />
    <table:ruleNode xlink:type="resource" xlink:label="eba_c20673" id="eba_c20673">
      <formula:concept>
        <formula:qname>eba_met:mi256</formula:qname>
      </formula:concept>
      <formula:explicitDimension dimension="eba_dim:RWS">
        <formula:member>
          <formula:qname>eba_PC:x45</formula:qname>
        </formula:member>
      </formula:explicitDimension>
    </table:ruleNode>
    <table:definitionNodeSubtreeArc xlink:type="arc" xlink:arcrole="http://xbrl.org/arcrole/PWD/2013-05-17/definition-node-subtree" xlink:from="eba_c20670" xlink:to="eba_c20673" order="3" />
    <table:ruleNode xlink:type="resource" xlink:label="eba_c20674" id="eba_c20674">
      <formula:concept>
        <formula:qname>eba_met:mi256</formula:qname>
      </formula:concept>
      <formula:explicitDimension dimension="eba_dim:RWS">
        <formula:member>
          <formula:qname>eba_PC:x49</formula:qname>
        </formula:member>
      </formula:explicitDimension>
    </table:ruleNode>
    <table:definitionNodeSubtreeArc xlink:type="arc" xlink:arcrole="http://xbrl.org/arcrole/PWD/2013-05-17/definition-node-subtree" xlink:from="eba_c20670" xlink:to="eba_c20674" order="4" />
    <table:ruleNode xlink:type="resource" xlink:label="eba_c20675" id="eba_c20675">
      <formula:concept>
        <formula:qname>eba_met:mi256</formula:qname>
      </formula:concept>
      <formula:explicitDimension dimension="eba_dim:RWS">
        <formula:member>
          <formula:qname>eba_PC:x14</formula:qname>
        </formula:member>
      </formula:explicitDimension>
    </table:ruleNode>
    <table:definitionNodeSubtreeArc xlink:type="arc" xlink:arcrole="http://xbrl.org/arcrole/PWD/2013-05-17/definition-node-subtree" xlink:from="eba_c20670" xlink:to="eba_c20675" order="5" />
    <table:ruleNode xlink:type="resource" xlink:label="eba_c20676" id="eba_c20676">
      <formula:concept>
        <formula:qname>eba_met:mi256</formula:qname>
      </formula:concept>
      <formula:explicitDimension dimension="eba_dim:RWS">
        <formula:member>
          <formula:qname>eba_PC:x16</formula:qname>
        </formula:member>
      </formula:explicitDimension>
    </table:ruleNode>
    <table:definitionNodeSubtreeArc xlink:type="arc" xlink:arcrole="http://xbrl.org/arcrole/PWD/2013-05-17/definition-node-subtree" xlink:from="eba_c20670" xlink:to="eba_c20676" order="6" />
    <table:ruleNode xlink:type="resource" xlink:label="eba_c20677" id="eba_c20677">
      <formula:concept>
        <formula:qname>eba_met:mi256</formula:qname>
      </formula:concept>
      <formula:explicitDimension dimension="eba_dim:RWS">
        <formula:member>
          <formula:qname>eba_PC:x18</formula:qname>
        </formula:member>
      </formula:explicitDimension>
    </table:ruleNode>
    <table:definitionNodeSubtreeArc xlink:type="arc" xlink:arcrole="http://xbrl.org/arcrole/PWD/2013-05-17/definition-node-subtree" xlink:from="eba_c20670" xlink:to="eba_c20677" order="7" />
    <table:ruleNode xlink:type="resource" xlink:label="eba_c20678" id="eba_c20678">
      <formula:concept>
        <formula:qname>eba_met:mi256</formula:qname>
      </formula:concept>
      <formula:explicitDimension dimension="eba_dim:RWS">
        <formula:member>
          <formula:qname>eba_PC:x19</formula:qname>
        </formula:member>
      </formula:explicitDimension>
    </table:ruleNode>
    <table:definitionNodeSubtreeArc xlink:type="arc" xlink:arcrole="http://xbrl.org/arcrole/PWD/2013-05-17/definition-node-subtree" xlink:from="eba_c20670" xlink:to="eba_c20678" order="8" />
    <table:ruleNode xlink:type="resource" xlink:label="eba_c20679" id="eba_c20679">
      <formula:concept>
        <formula:qname>eba_met:mi256</formula:qname>
      </formula:concept>
      <formula:explicitDimension dimension="eba_dim:RWS">
        <formula:member>
          <formula:qname>eba_PC:x20</formula:qname>
        </formula:member>
      </formula:explicitDimension>
    </table:ruleNode>
    <table:definitionNodeSubtreeArc xlink:type="arc" xlink:arcrole="http://xbrl.org/arcrole/PWD/2013-05-17/definition-node-subtree" xlink:from="eba_c20670" xlink:to="eba_c20679" order="9" />
    <table:ruleNode xlink:type="resource" xlink:label="eba_c20680" id="eba_c20680">
      <formula:concept>
        <formula:qname>eba_met:mi256</formula:qname>
      </formula:concept>
      <formula:explicitDimension dimension="eba_dim:RWS">
        <formula:member>
          <formula:qname>eba_PC:x22</formula:qname>
        </formula:member>
      </formula:explicitDimension>
    </table:ruleNode>
    <table:definitionNodeSubtreeArc xlink:type="arc" xlink:arcrole="http://xbrl.org/arcrole/PWD/2013-05-17/definition-node-subtree" xlink:from="eba_c20670" xlink:to="eba_c20680" order="10" />
    <table:ruleNode xlink:type="resource" xlink:label="eba_c20681" id="eba_c20681">
      <formula:concept>
        <formula:qname>eba_met:mi256</formula:qname>
      </formula:concept>
      <formula:explicitDimension dimension="eba_dim:RWS">
        <formula:member>
          <formula:qname>eba_PC:x23</formula:qname>
        </formula:member>
      </formula:explicitDimension>
    </table:ruleNode>
    <table:definitionNodeSubtreeArc xlink:type="arc" xlink:arcrole="http://xbrl.org/arcrole/PWD/2013-05-17/definition-node-subtree" xlink:from="eba_c20670" xlink:to="eba_c20681" order="11" />
    <table:ruleNode xlink:type="resource" xlink:label="eba_c20682" id="eba_c20682">
      <formula:concept>
        <formula:qname>eba_met:mi256</formula:qname>
      </formula:concept>
      <formula:explicitDimension dimension="eba_dim:RWS">
        <formula:member>
          <formula:qname>eba_PC:x25</formula:qname>
        </formula:member>
      </formula:explicitDimension>
    </table:ruleNode>
    <table:definitionNodeSubtreeArc xlink:type="arc" xlink:arcrole="http://xbrl.org/arcrole/PWD/2013-05-17/definition-node-subtree" xlink:from="eba_c20670" xlink:to="eba_c20682" order="12" />
    <table:ruleNode xlink:type="resource" xlink:label="eba_c20683" id="eba_c20683">
      <formula:concept>
        <formula:qname>eba_met:mi256</formula:qname>
      </formula:concept>
      <formula:explicitDimension dimension="eba_dim:RWS">
        <formula:member>
          <formula:qname>eba_PC:x26</formula:qname>
        </formula:member>
      </formula:explicitDimension>
    </table:ruleNode>
    <table:definitionNodeSubtreeArc xlink:type="arc" xlink:arcrole="http://xbrl.org/arcrole/PWD/2013-05-17/definition-node-subtree" xlink:from="eba_c20670" xlink:to="eba_c20683" order="13" />
    <table:ruleNode xlink:type="resource" xlink:label="eba_c20684" id="eba_c20684">
      <formula:concept>
        <formula:qname>eba_met:mi256</formula:qname>
      </formula:concept>
      <formula:explicitDimension dimension="eba_dim:RWS">
        <formula:member>
          <formula:qname>eba_PC:x27</formula:qname>
        </formula:member>
      </formula:explicitDimension>
    </table:ruleNode>
    <table:definitionNodeSubtreeArc xlink:type="arc" xlink:arcrole="http://xbrl.org/arcrole/PWD/2013-05-17/definition-node-subtree" xlink:from="eba_c20670" xlink:to="eba_c20684" order="14" />
    <table:ruleNode xlink:type="resource" xlink:label="eba_c20685" id="eba_c20685">
      <formula:concept>
        <formula:qname>eba_met:mi256</formula:qname>
      </formula:concept>
      <formula:explicitDimension dimension="eba_dim:RWS">
        <formula:member>
          <formula:qname>eba_PC:x28</formula:qname>
        </formula:member>
      </formula:explicitDimension>
    </table:ruleNode>
    <table:definitionNodeSubtreeArc xlink:type="arc" xlink:arcrole="http://xbrl.org/arcrole/PWD/2013-05-17/definition-node-subtree" xlink:from="eba_c20670" xlink:to="eba_c20685" order="15" />
    <table:ruleNode xlink:type="resource" xlink:label="eba_c20686" id="eba_c20686">
      <formula:concept>
        <formula:qname>eba_met:mi256</formula:qname>
      </formula:concept>
      <formula:explicitDimension dimension="eba_dim:RWS">
        <formula:member>
          <formula:qname>eba_PC:x29</formula:qname>
        </formula:member>
      </formula:explicitDimension>
    </table:ruleNode>
    <table:definitionNodeSubtreeArc xlink:type="arc" xlink:arcrole="http://xbrl.org/arcrole/PWD/2013-05-17/definition-node-subtree" xlink:from="eba_c20670" xlink:to="eba_c20686" order="16" />
    <table:definitionNodeSubtreeArc xlink:type="arc" xlink:arcrole="http://xbrl.org/arcrole/PWD/2013-05-17/definition-node-subtree" xlink:from="eba_c20669" xlink:to="eba_c20670" order="1" />
    <table:ruleNode xlink:type="resource" xlink:label="eba_c20687" abstract="true" id="eba_c20687">
      <formula:explicitDimension dimension="eba_dim:RWS">
        <formula:member>
          <formula:qname>eba_PC:x30</formula:qname>
        </formula:member>
      </formula:explicitDimension>
    </table:ruleNode>
    <table:ruleNode xlink:type="resource" xlink:label="eba_c20688" id="eba_c20688">
      <formula:concept>
        <formula:qname>eba_met:mi256</formula:qname>
      </formula:concept>
      <formula:explicitDimension dimension="eba_dim:MRW">
        <formula:member>
          <formula:qname>eba_AP:x18</formula:qname>
        </formula:member>
      </formula:explicitDimension>
      <formula:explicitDimension dimension="eba_dim:EXT">
        <formula:member>
          <formula:qname>eba_ER:x7</formula:qname>
        </formula:member>
      </formula:explicitDimension>
    </table:ruleNode>
    <table:definitionNodeSubtreeArc xlink:type="arc" xlink:arcrole="http://xbrl.org/arcrole/PWD/2013-05-17/definition-node-subtree" xlink:from="eba_c20687" xlink:to="eba_c20688" order="1" />
    <table:ruleNode xlink:type="resource" xlink:label="eba_c20689" id="eba_c20689">
      <formula:concept>
        <formula:qname>eba_met:mi256</formula:qname>
      </formula:concept>
      <formula:explicitDimension dimension="eba_dim:MRW">
        <formula:member>
          <formula:qname>eba_AP:x1</formula:qname>
        </formula:member>
      </formula:explicitDimension>
      <formula:explicitDimension dimension="eba_dim:EXT">
        <formula:member>
          <formula:qname>eba_ER:x9</formula:qname>
        </formula:member>
      </formula:explicitDimension>
    </table:ruleNode>
    <table:definitionNodeSubtreeArc xlink:type="arc" xlink:arcrole="http://xbrl.org/arcrole/PWD/2013-05-17/definition-node-subtree" xlink:from="eba_c20687" xlink:to="eba_c20689" order="2" />
    <table:definitionNodeSubtreeArc xlink:type="arc" xlink:arcrole="http://xbrl.org/arcrole/PWD/2013-05-17/definition-node-subtree" xlink:from="eba_c20669" xlink:to="eba_c20687" order="2" />
    <table:ruleNode xlink:type="resource" xlink:label="eba_c20690" id="eba_c20690">
      <formula:concept>
        <formula:qname>eba_met:mi256</formula:qname>
      </formula:concept>
      <formula:explicitDimension dimension="eba_dim:MRW">
        <formula:member>
          <formula:qname>eba_AP:x19</formula:qname>
        </formula:member>
      </formula:explicitDimension>
      <formula:explicitDimension dimension="eba_dim:EXT">
        <formula:member>
          <formula:qname>eba_ER:x9</formula:qname>
        </formula:member>
      </formula:explicitDimension>
    </table:ruleNode>
    <table:ruleNode xlink:type="resource" xlink:label="eba_c20691" id="eba_c20691">
      <formula:concept>
        <formula:qname>eba_met:pi54</formula:qname>
      </formula:concept>
    </table:ruleNode>
    <table:definitionNodeSubtreeArc xlink:type="arc" xlink:arcrole="http://xbrl.org/arcrole/PWD/2013-05-17/definition-node-subtree" xlink:from="eba_c20690" xlink:to="eba_c20691" order="1" />
    <table:definitionNodeSubtreeArc xlink:type="arc" xlink:arcrole="http://xbrl.org/arcrole/PWD/2013-05-17/definition-node-subtree" xlink:from="eba_c20669" xlink:to="eba_c20690" order="3" />
    <table:ruleNode xlink:type="resource" xlink:label="eba_c20692" id="eba_c20692">
      <formula:concept>
        <formula:qname>eba_met:mi256</formula:qname>
      </formula:concept>
      <formula:explicitDimension dimension="eba_dim:MRW">
        <formula:member>
          <formula:qname>eba_AP:x30</formula:qname>
        </formula:member>
      </formula:explicitDimension>
      <formula:explicitDimension dimension="eba_dim:EXT">
        <formula:member>
          <formula:qname>eba_ER:x9</formula:qname>
        </formula:member>
      </formula:explicitDimension>
    </table:ruleNode>
    <table:definitionNodeSubtreeArc xlink:type="arc" xlink:arcrole="http://xbrl.org/arcrole/PWD/2013-05-17/definition-node-subtree" xlink:from="eba_c20669" xlink:to="eba_c20692" order="4" />
    <table:ruleNode xlink:type="resource" xlink:label="eba_c20693" id="eba_c20693">
      <formula:concept>
        <formula:qname>eba_met:mi256</formula:qname>
      </formula:concept>
      <formula:explicitDimension dimension="eba_dim:MRW">
        <formula:member>
          <formula:qname>eba_AP:x25</formula:qname>
        </formula:member>
      </formula:explicitDimension>
      <formula:explicitDimension dimension="eba_dim:EXT">
        <formula:member>
          <formula:qname>eba_ER:x9</formula:qname>
        </formula:member>
      </formula:explicitDimension>
    </table:ruleNode>
    <table:ruleNode xlink:type="resource" xlink:label="eba_c20694" id="eba_c20694">
      <formula:concept>
        <formula:qname>eba_met:pi54</formula:qname>
      </formula:concept>
    </table:ruleNode>
    <table:definitionNodeSubtreeArc xlink:type="arc" xlink:arcrole="http://xbrl.org/arcrole/PWD/2013-05-17/definition-node-subtree" xlink:from="eba_c20693" xlink:to="eba_c20694" order="1" />
    <table:definitionNodeSubtreeArc xlink:type="arc" xlink:arcrole="http://xbrl.org/arcrole/PWD/2013-05-17/definition-node-subtree" xlink:from="eba_c20669" xlink:to="eba_c20693" order="5" />
    <table:definitionNodeSubtreeArc xlink:type="arc" xlink:arcrole="http://xbrl.org/arcrole/PWD/2013-05-17/definition-node-subtree" xlink:from="eba_a1.root" xlink:to="eba_c20669" order="5" />
    <table:ruleNode xlink:type="resource" xlink:label="eba_c20695" abstract="true" id="eba_c20695">
      <formula:explicitDimension dimension="eba_dim:BAS">
        <formula:member>
          <formula:qname>eba_BA:x9</formula:qname>
        </formula:member>
      </formula:explicitDimension>
      <formula:explicitDimension dimension="eba_dim:APR">
        <formula:member>
          <formula:qname>eba_AP:x9</formula:qname>
        </formula:member>
      </formula:explicitDimension>
    </table:ruleNode>
    <table:ruleNode xlink:type="resource" xlink:label="eba_c20696" id="eba_c20696">
      <formula:concept>
        <formula:qname>eba_met:mi18</formula:qname>
      </formula:concept>
      <formula:explicitDimension dimension="eba_dim:PIN">
        <formula:member>
          <formula:qname>eba_PI:x1</formula:qname>
        </formula:member>
      </formula:explicitDimension>
    </table:ruleNode>
    <table:definitionNodeSubtreeArc xlink:type="arc" xlink:arcrole="http://xbrl.org/arcrole/PWD/2013-05-17/definition-node-subtree" xlink:from="eba_c20695" xlink:to="eba_c20696" order="1" />
    <table:ruleNode xlink:type="resource" xlink:label="eba_c20697" id="eba_c20697">
      <formula:concept>
        <formula:qname>eba_met:mi18</formula:qname>
      </formula:concept>
      <formula:explicitDimension dimension="eba_dim:PIN">
        <formula:member>
          <formula:qname>eba_PI:x4</formula:qname>
        </formula:member>
      </formula:explicitDimension>
    </table:ruleNode>
    <table:definitionNodeSubtreeArc xlink:type="arc" xlink:arcrole="http://xbrl.org/arcrole/PWD/2013-05-17/definition-node-subtree" xlink:from="eba_c20695" xlink:to="eba_c20697" order="2" />
    <table:definitionNodeSubtreeArc xlink:type="arc" xlink:arcrole="http://xbrl.org/arcrole/PWD/2013-05-17/definition-node-subtree" xlink:from="eba_a1.root" xlink:to="eba_c20695" order="6" />
    <table:ruleNode xlink:type="resource" xlink:label="eba_c20698" abstract="true" id="eba_c20698">
      <formula:explicitDimension dimension="eba_dim:BAS">
        <formula:member>
          <formula:qname>eba_BA:x9</formula:qname>
        </formula:member>
      </formula:explicitDimension>
      <formula:explicitDimension dimension="eba_dim:APR">
        <formula:member>
          <formula:qname>eba_AP:x9</formula:qname>
        </formula:member>
      </formula:explicitDimension>
    </table:ruleNode>
    <table:ruleNode xlink:type="resource" xlink:label="eba_c20699" id="eba_c20699">
      <formula:concept>
        <formula:qname>eba_met:mi258</formula:qname>
      </formula:concept>
      <formula:explicitDimension dimension="eba_dim:PIN">
        <formula:member>
          <formula:qname>eba_PI:x1</formula:qname>
        </formula:member>
      </formula:explicitDimension>
    </table:ruleNode>
    <table:definitionNodeSubtreeArc xlink:type="arc" xlink:arcrole="http://xbrl.org/arcrole/PWD/2013-05-17/definition-node-subtree" xlink:from="eba_c20698" xlink:to="eba_c20699" order="1" />
    <table:ruleNode xlink:type="resource" xlink:label="eba_c20700" id="eba_c20700">
      <formula:concept>
        <formula:qname>eba_met:mi258</formula:qname>
      </formula:concept>
      <formula:explicitDimension dimension="eba_dim:PIN">
        <formula:member>
          <formula:qname>eba_PI:x4</formula:qname>
        </formula:member>
      </formula:explicitDimension>
    </table:ruleNode>
    <table:definitionNodeSubtreeArc xlink:type="arc" xlink:arcrole="http://xbrl.org/arcrole/PWD/2013-05-17/definition-node-subtree" xlink:from="eba_c20698" xlink:to="eba_c20700" order="2" />
    <table:ruleNode xlink:type="resource" xlink:label="eba_c20701" id="eba_c20701">
      <formula:concept>
        <formula:qname>eba_met:mi258</formula:qname>
      </formula:concept>
    </table:ruleNode>
    <table:definitionNodeSubtreeArc xlink:type="arc" xlink:arcrole="http://xbrl.org/arcrole/PWD/2013-05-17/definition-node-subtree" xlink:from="eba_c20698" xlink:to="eba_c20701" order="3" />
    <table:definitionNodeSubtreeArc xlink:type="arc" xlink:arcrole="http://xbrl.org/arcrole/PWD/2013-05-17/definition-node-subtree" xlink:from="eba_a1.root" xlink:to="eba_c20698" order="7" />
    <table:ruleNode xlink:type="resource" xlink:label="eba_c20702" abstract="true" id="eba_c20702">
      <formula:explicitDimension dimension="eba_dim:BAS">
        <formula:member>
          <formula:qname>eba_BA:x9</formula:qname>
        </formula:member>
      </formula:explicitDimension>
      <formula:explicitDimension dimension="eba_dim:APR">
        <formula:member>
          <formula:qname>eba_AP:x9</formula:qname>
        </formula:member>
      </formula:explicitDimension>
    </table:ruleNode>
    <table:ruleNode xlink:type="resource" xlink:label="eba_c20703" id="eba_c20703">
      <formula:concept>
        <formula:qname>eba_met:mi257</formula:qname>
      </formula:concept>
      <formula:explicitDimension dimension="eba_dim:PIN">
        <formula:member>
          <formula:qname>eba_PI:x1</formula:qname>
        </formula:member>
      </formula:explicitDimension>
    </table:ruleNode>
    <table:definitionNodeSubtreeArc xlink:type="arc" xlink:arcrole="http://xbrl.org/arcrole/PWD/2013-05-17/definition-node-subtree" xlink:from="eba_c20702" xlink:to="eba_c20703" order="1" />
    <table:ruleNode xlink:type="resource" xlink:label="eba_c20704" id="eba_c20704">
      <formula:concept>
        <formula:qname>eba_met:mi257</formula:qname>
      </formula:concept>
      <formula:explicitDimension dimension="eba_dim:PIN">
        <formula:member>
          <formula:qname>eba_PI:x4</formula:qname>
        </formula:member>
      </formula:explicitDimension>
    </table:ruleNode>
    <table:definitionNodeSubtreeArc xlink:type="arc" xlink:arcrole="http://xbrl.org/arcrole/PWD/2013-05-17/definition-node-subtree" xlink:from="eba_c20702" xlink:to="eba_c20704" order="2" />
    <table:ruleNode xlink:type="resource" xlink:label="eba_c20705" id="eba_c20705">
      <formula:concept>
        <formula:qname>eba_met:mi257</formula:qname>
      </formula:concept>
    </table:ruleNode>
    <table:definitionNodeSubtreeArc xlink:type="arc" xlink:arcrole="http://xbrl.org/arcrole/PWD/2013-05-17/definition-node-subtree" xlink:from="eba_c20702" xlink:to="eba_c20705" order="3" />
    <table:definitionNodeSubtreeArc xlink:type="arc" xlink:arcrole="http://xbrl.org/arcrole/PWD/2013-05-17/definition-node-subtree" xlink:from="eba_a1.root" xlink:to="eba_c20702" order="8" />
    <table:ruleNode xlink:type="resource" xlink:label="eba_c20706" id="eba_c20706">
      <formula:concept>
        <formula:qname>eba_met:mi184</formula:qname>
      </formula:concept>
      <formula:explicitDimension dimension="eba_dim:BAS">
        <formula:member>
          <formula:qname>eba_BA:x9</formula:qname>
        </formula:member>
      </formula:explicitDimension>
      <formula:explicitDimension dimension="eba_dim:APR">
        <formula:member>
          <formula:qname>eba_AP:x9</formula:qname>
        </formula:member>
      </formula:explicitDimension>
    </table:ruleNode>
    <table:definitionNodeSubtreeArc xlink:type="arc" xlink:arcrole="http://xbrl.org/arcrole/PWD/2013-05-17/definition-node-subtree" xlink:from="eba_a1.root" xlink:to="eba_c20706" order="9" />
    <table:tableBreakdownArc xlink:type="arc" xlink:arcrole="http://xbrl.org/arcrole/PWD/2013-05-17/table-breakdown" xlink:from="eba_tC_19.00" xlink:to="eba_a1" axis="x" order="1" />
    <table:breakdown xlink:type="resource" xlink:label="eba_a2" parentChildOrder="parent-first" id="eba_a2" />
    <table:ruleNode xlink:type="resource" xlink:label="eba_a2.root" abstract="true" id="eba_a2.root">
      <formula:explicitDimension dimension="eba_dim:MCY">
        <formula:member>
          <formula:qname>eba_MC:x19</formula:qname>
        </formula:member>
      </formula:explicitDimension>
      <formula:explicitDimension dimension="eba_dim:PRP">
        <formula:member>
          <formula:qname>eba_PL:x51</formula:qname>
        </formula:member>
      </formula:explicitDimension>
    </table:ruleNode>
    <table:breakdownTreeArc xlink:type="arc" xlink:arcrole="http://xbrl.org/arcrole/PWD/2013-05-17/breakdown-tree" xlink:from="eba_a2" xlink:to="eba_a2.root" order="0" />
    <table:ruleNode xlink:type="resource" xlink:label="eba_c20707" id="eba_c20707" />
    <table:ruleNode xlink:type="resource" xlink:label="eba_c20708" id="eba_c20708">
      <formula:explicitDimension dimension="eba_dim:UES">
        <formula:member>
          <formula:qname>eba_UE:x11</formula:qname>
        </formula:member>
      </formula:explicitDimension>
    </table:ruleNode>
    <table:definitionNodeSubtreeArc xlink:type="arc" xlink:arcrole="http://xbrl.org/arcrole/PWD/2013-05-17/definition-node-subtree" xlink:from="eba_c20707" xlink:to="eba_c20708" order="1" />
    <table:definitionNodeSubtreeArc xlink:type="arc" xlink:arcrole="http://xbrl.org/arcrole/PWD/2013-05-17/definition-node-subtree" xlink:from="eba_a2.root" xlink:to="eba_c20707" order="1" />
    <table:ruleNode xlink:type="resource" xlink:label="eba_c20709" id="eba_c20709">
      <formula:explicitDimension dimension="eba_dim:RSP">
        <formula:member>
          <formula:qname>eba_RS:x2</formula:qname>
        </formula:member>
      </formula:explicitDimension>
    </table:ruleNode>
    <table:ruleNode xlink:type="resource" xlink:label="eba_c20710" id="eba_c20710">
      <formula:explicitDimension dimension="eba_dim:UES">
        <formula:member>
          <formula:qname>eba_UE:x13</formula:qname>
        </formula:member>
      </formula:explicitDimension>
    </table:ruleNode>
    <table:definitionNodeSubtreeArc xlink:type="arc" xlink:arcrole="http://xbrl.org/arcrole/PWD/2013-05-17/definition-node-subtree" xlink:from="eba_c20709" xlink:to="eba_c20710" order="1" />
    <table:ruleNode xlink:type="resource" xlink:label="eba_c20711" id="eba_c20711">
      <formula:explicitDimension dimension="eba_dim:UES">
        <formula:member>
          <formula:qname>eba_UE:x11</formula:qname>
        </formula:member>
      </formula:explicitDimension>
    </table:ruleNode>
    <table:definitionNodeSubtreeArc xlink:type="arc" xlink:arcrole="http://xbrl.org/arcrole/PWD/2013-05-17/definition-node-subtree" xlink:from="eba_c20709" xlink:to="eba_c20711" order="2" />
    <table:definitionNodeSubtreeArc xlink:type="arc" xlink:arcrole="http://xbrl.org/arcrole/PWD/2013-05-17/definition-node-subtree" xlink:from="eba_a2.root" xlink:to="eba_c20709" order="2" />
    <table:ruleNode xlink:type="resource" xlink:label="eba_c20712" id="eba_c20712">
      <formula:explicitDimension dimension="eba_dim:RSP">
        <formula:member>
          <formula:qname>eba_RS:x1</formula:qname>
        </formula:member>
      </formula:explicitDimension>
    </table:ruleNode>
    <table:ruleNode xlink:type="resource" xlink:label="eba_c20713" id="eba_c20713">
      <formula:explicitDimension dimension="eba_dim:UES">
        <formula:member>
          <formula:qname>eba_UE:x13</formula:qname>
        </formula:member>
      </formula:explicitDimension>
    </table:ruleNode>
    <table:definitionNodeSubtreeArc xlink:type="arc" xlink:arcrole="http://xbrl.org/arcrole/PWD/2013-05-17/definition-node-subtree" xlink:from="eba_c20712" xlink:to="eba_c20713" order="1" />
    <table:ruleNode xlink:type="resource" xlink:label="eba_c20714" id="eba_c20714">
      <formula:explicitDimension dimension="eba_dim:UES">
        <formula:member>
          <formula:qname>eba_UE:x11</formula:qname>
        </formula:member>
      </formula:explicitDimension>
    </table:ruleNode>
    <table:definitionNodeSubtreeArc xlink:type="arc" xlink:arcrole="http://xbrl.org/arcrole/PWD/2013-05-17/definition-node-subtree" xlink:from="eba_c20712" xlink:to="eba_c20714" order="2" />
    <table:definitionNodeSubtreeArc xlink:type="arc" xlink:arcrole="http://xbrl.org/arcrole/PWD/2013-05-17/definition-node-subtree" xlink:from="eba_a2.root" xlink:to="eba_c20712" order="3" />
    <table:ruleNode xlink:type="resource" xlink:label="eba_c20715" id="eba_c20715">
      <formula:explicitDimension dimension="eba_dim:RSP">
        <formula:member>
          <formula:qname>eba_RS:x5</formula:qname>
        </formula:member>
      </formula:explicitDimension>
    </table:ruleNode>
    <table:ruleNode xlink:type="resource" xlink:label="eba_c20716" id="eba_c20716">
      <formula:explicitDimension dimension="eba_dim:UES">
        <formula:member>
          <formula:qname>eba_UE:x13</formula:qname>
        </formula:member>
      </formula:explicitDimension>
    </table:ruleNode>
    <table:definitionNodeSubtreeArc xlink:type="arc" xlink:arcrole="http://xbrl.org/arcrole/PWD/2013-05-17/definition-node-subtree" xlink:from="eba_c20715" xlink:to="eba_c20716" order="1" />
    <table:ruleNode xlink:type="resource" xlink:label="eba_c20717" id="eba_c20717">
      <formula:explicitDimension dimension="eba_dim:UES">
        <formula:member>
          <formula:qname>eba_UE:x11</formula:qname>
        </formula:member>
      </formula:explicitDimension>
    </table:ruleNode>
    <table:definitionNodeSubtreeArc xlink:type="arc" xlink:arcrole="http://xbrl.org/arcrole/PWD/2013-05-17/definition-node-subtree" xlink:from="eba_c20715" xlink:to="eba_c20717" order="2" />
    <table:definitionNodeSubtreeArc xlink:type="arc" xlink:arcrole="http://xbrl.org/arcrole/PWD/2013-05-17/definition-node-subtree" xlink:from="eba_a2.root" xlink:to="eba_c20715" order="4" />
    <table:ruleNode xlink:type="resource" xlink:label="eba_c20718" abstract="true" id="eba_c20718" />
    <table:ruleNode xlink:type="resource" xlink:label="eba_c20719" id="eba_c20719">
      <formula:explicitDimension dimension="eba_dim:UES">
        <formula:member>
          <formula:qname>eba_UE:x10</formula:qname>
        </formula:member>
      </formula:explicitDimension>
    </table:ruleNode>
    <table:definitionNodeSubtreeArc xlink:type="arc" xlink:arcrole="http://xbrl.org/arcrole/PWD/2013-05-17/definition-node-subtree" xlink:from="eba_c20718" xlink:to="eba_c20719" order="1" />
    <table:ruleNode xlink:type="resource" xlink:label="eba_c20720" id="eba_c20720">
      <formula:explicitDimension dimension="eba_dim:UES">
        <formula:member>
          <formula:qname>eba_UE:x1</formula:qname>
        </formula:member>
      </formula:explicitDimension>
    </table:ruleNode>
    <table:definitionNodeSubtreeArc xlink:type="arc" xlink:arcrole="http://xbrl.org/arcrole/PWD/2013-05-17/definition-node-subtree" xlink:from="eba_c20718" xlink:to="eba_c20720" order="2" />
    <table:ruleNode xlink:type="resource" xlink:label="eba_c20721" id="eba_c20721">
      <formula:explicitDimension dimension="eba_dim:UES">
        <formula:member>
          <formula:qname>eba_UE:x4</formula:qname>
        </formula:member>
      </formula:explicitDimension>
    </table:ruleNode>
    <table:definitionNodeSubtreeArc xlink:type="arc" xlink:arcrole="http://xbrl.org/arcrole/PWD/2013-05-17/definition-node-subtree" xlink:from="eba_c20718" xlink:to="eba_c20721" order="3" />
    <table:ruleNode xlink:type="resource" xlink:label="eba_c20722" id="eba_c20722">
      <formula:explicitDimension dimension="eba_dim:UES">
        <formula:member>
          <formula:qname>eba_UE:x5</formula:qname>
        </formula:member>
      </formula:explicitDimension>
    </table:ruleNode>
    <table:definitionNodeSubtreeArc xlink:type="arc" xlink:arcrole="http://xbrl.org/arcrole/PWD/2013-05-17/definition-node-subtree" xlink:from="eba_c20718" xlink:to="eba_c20722" order="4" />
    <table:ruleNode xlink:type="resource" xlink:label="eba_c20723" id="eba_c20723">
      <formula:explicitDimension dimension="eba_dim:UES">
        <formula:member>
          <formula:qname>eba_UE:x6</formula:qname>
        </formula:member>
      </formula:explicitDimension>
    </table:ruleNode>
    <table:definitionNodeSubtreeArc xlink:type="arc" xlink:arcrole="http://xbrl.org/arcrole/PWD/2013-05-17/definition-node-subtree" xlink:from="eba_c20718" xlink:to="eba_c20723" order="5" />
    <table:ruleNode xlink:type="resource" xlink:label="eba_c20724" id="eba_c20724">
      <formula:explicitDimension dimension="eba_dim:UES">
        <formula:member>
          <formula:qname>eba_UE:x2</formula:qname>
        </formula:member>
      </formula:explicitDimension>
    </table:ruleNode>
    <table:definitionNodeSubtreeArc xlink:type="arc" xlink:arcrole="http://xbrl.org/arcrole/PWD/2013-05-17/definition-node-subtree" xlink:from="eba_c20718" xlink:to="eba_c20724" order="6" />
    <table:ruleNode xlink:type="resource" xlink:label="eba_c20725" id="eba_c20725">
      <formula:explicitDimension dimension="eba_dim:UES">
        <formula:member>
          <formula:qname>eba_UE:x12</formula:qname>
        </formula:member>
      </formula:explicitDimension>
    </table:ruleNode>
    <table:definitionNodeSubtreeArc xlink:type="arc" xlink:arcrole="http://xbrl.org/arcrole/PWD/2013-05-17/definition-node-subtree" xlink:from="eba_c20718" xlink:to="eba_c20725" order="7" />
    <table:ruleNode xlink:type="resource" xlink:label="eba_c20726" id="eba_c20726">
      <formula:explicitDimension dimension="eba_dim:UES">
        <formula:member>
          <formula:qname>eba_UE:x8</formula:qname>
        </formula:member>
      </formula:explicitDimension>
    </table:ruleNode>
    <table:definitionNodeSubtreeArc xlink:type="arc" xlink:arcrole="http://xbrl.org/arcrole/PWD/2013-05-17/definition-node-subtree" xlink:from="eba_c20718" xlink:to="eba_c20726" order="8" />
    <table:ruleNode xlink:type="resource" xlink:label="eba_c20727" id="eba_c20727">
      <formula:explicitDimension dimension="eba_dim:UES">
        <formula:member>
          <formula:qname>eba_UE:x3</formula:qname>
        </formula:member>
      </formula:explicitDimension>
    </table:ruleNode>
    <table:definitionNodeSubtreeArc xlink:type="arc" xlink:arcrole="http://xbrl.org/arcrole/PWD/2013-05-17/definition-node-subtree" xlink:from="eba_c20718" xlink:to="eba_c20727" order="9" />
    <table:ruleNode xlink:type="resource" xlink:label="eba_c20728" id="eba_c20728">
      <formula:explicitDimension dimension="eba_dim:UES">
        <formula:member>
          <formula:qname>eba_UE:x9</formula:qname>
        </formula:member>
      </formula:explicitDimension>
    </table:ruleNode>
    <table:definitionNodeSubtreeArc xlink:type="arc" xlink:arcrole="http://xbrl.org/arcrole/PWD/2013-05-17/definition-node-subtree" xlink:from="eba_c20718" xlink:to="eba_c20728" order="10" />
    <table:definitionNodeSubtreeArc xlink:type="arc" xlink:arcrole="http://xbrl.org/arcrole/PWD/2013-05-17/definition-node-subtree" xlink:from="eba_a2.root" xlink:to="eba_c20718" order="5" />
    <table:tableBreakdownArc xlink:type="arc" xlink:arcrole="http://xbrl.org/arcrole/PWD/2013-05-17/table-breakdown" xlink:from="eba_tC_19.00" xlink:to="eba_a2" axis="y" order="2" />
  </gen:link>
</link:linkbase>