﻿<?xml version="1.0" encoding="utf-8"?>
<?taxonomy-version 2.0.0?>
<!--(C) EBA-->
<link:linkbase xmlns:xsi="http://www.w3.org/2001/XMLSchema-instance" xmlns:xlink="http://www.w3.org/1999/xlink" xmlns:link="http://www.xbrl.org/2003/linkbase" xsi:schemaLocation="http://www.xbrl.org/2003/linkbase http://www.xbrl.org/2003/xbrl-linkbase-2003-12-31.xsd">
  <link:arcroleRef arcroleURI="http://www.eurofiling.info/xbrl/arcrole/complete-breakdown" xlink:type="simple" xlink:href="http://www.eurofiling.info/eu/fr/xbrl/ext/model.xsd#complete-breakdown" />
  <link:roleRef roleURI="http://www.eba.europa.eu/xbrl/crr/role/dict/dom/NC/NC1" xlink:type="simple" xlink:href="hier.xsd#eba_NC1" />
  <link:calculationLink xlink:type="extended" xlink:role="http://www.eba.europa.eu/xbrl/crr/role/dict/dom/NC/NC1">
    <link:loc xlink:type="locator" xlink:href="mem.xsd#eba_A" xlink:label="loc_eba_A" />
    <link:loc xlink:type="locator" xlink:href="mem.xsd#eba_A2" xlink:label="loc_eba_A2" />
    <link:calculationArc xlink:type="arc" xlink:arcrole="http://www.eurofiling.info/xbrl/arcrole/complete-breakdown" xlink:from="loc_eba_A" xlink:to="loc_eba_A2" weight="1" order="1" />
    <link:loc xlink:type="locator" xlink:href="mem.xsd#eba_A3" xlink:label="loc_eba_A3" />
    <link:calculationArc xlink:type="arc" xlink:arcrole="http://www.eurofiling.info/xbrl/arcrole/complete-breakdown" xlink:from="loc_eba_A" xlink:to="loc_eba_A3" weight="1" order="2" />
    <link:loc xlink:type="locator" xlink:href="mem.xsd#eba_B" xlink:label="loc_eba_B" />
    <link:loc xlink:type="locator" xlink:href="mem.xsd#eba_B5" xlink:label="loc_eba_B5" />
    <link:calculationArc xlink:type="arc" xlink:arcrole="http://www.eurofiling.info/xbrl/arcrole/complete-breakdown" xlink:from="loc_eba_B" xlink:to="loc_eba_B5" weight="1" order="1" />
    <link:loc xlink:type="locator" xlink:href="mem.xsd#eba_B6" xlink:label="loc_eba_B6" />
    <link:calculationArc xlink:type="arc" xlink:arcrole="http://www.eurofiling.info/xbrl/arcrole/complete-breakdown" xlink:from="loc_eba_B" xlink:to="loc_eba_B6" weight="1" order="2" />
    <link:loc xlink:type="locator" xlink:href="mem.xsd#eba_B7" xlink:label="loc_eba_B7" />
    <link:calculationArc xlink:type="arc" xlink:arcrole="http://www.eurofiling.info/xbrl/arcrole/complete-breakdown" xlink:from="loc_eba_B" xlink:to="loc_eba_B7" weight="1" order="3" />
    <link:loc xlink:type="locator" xlink:href="mem.xsd#eba_B8" xlink:label="loc_eba_B8" />
    <link:calculationArc xlink:type="arc" xlink:arcrole="http://www.eurofiling.info/xbrl/arcrole/complete-breakdown" xlink:from="loc_eba_B" xlink:to="loc_eba_B8" weight="1" order="4" />
    <link:loc xlink:type="locator" xlink:href="mem.xsd#eba_B9" xlink:label="loc_eba_B9" />
    <link:calculationArc xlink:type="arc" xlink:arcrole="http://www.eurofiling.info/xbrl/arcrole/complete-breakdown" xlink:from="loc_eba_B" xlink:to="loc_eba_B9" weight="1" order="5" />
    <link:loc xlink:type="locator" xlink:href="mem.xsd#eba_C" xlink:label="loc_eba_C" />
    <link:loc xlink:type="locator" xlink:href="mem.xsd#eba_C10" xlink:label="loc_eba_C10" />
    <link:calculationArc xlink:type="arc" xlink:arcrole="http://www.eurofiling.info/xbrl/arcrole/complete-breakdown" xlink:from="loc_eba_C" xlink:to="loc_eba_C10" weight="1" order="1" />
    <link:loc xlink:type="locator" xlink:href="mem.xsd#eba_C11" xlink:label="loc_eba_C11" />
    <link:calculationArc xlink:type="arc" xlink:arcrole="http://www.eurofiling.info/xbrl/arcrole/complete-breakdown" xlink:from="loc_eba_C" xlink:to="loc_eba_C11" weight="1" order="2" />
    <link:loc xlink:type="locator" xlink:href="mem.xsd#eba_C12" xlink:label="loc_eba_C12" />
    <link:calculationArc xlink:type="arc" xlink:arcrole="http://www.eurofiling.info/xbrl/arcrole/complete-breakdown" xlink:from="loc_eba_C" xlink:to="loc_eba_C12" weight="1" order="3" />
    <link:loc xlink:type="locator" xlink:href="mem.xsd#eba_C13" xlink:label="loc_eba_C13" />
    <link:calculationArc xlink:type="arc" xlink:arcrole="http://www.eurofiling.info/xbrl/arcrole/complete-breakdown" xlink:from="loc_eba_C" xlink:to="loc_eba_C13" weight="1" order="4" />
    <link:loc xlink:type="locator" xlink:href="mem.xsd#eba_C14" xlink:label="loc_eba_C14" />
    <link:calculationArc xlink:type="arc" xlink:arcrole="http://www.eurofiling.info/xbrl/arcrole/complete-breakdown" xlink:from="loc_eba_C" xlink:to="loc_eba_C14" weight="1" order="5" />
    <link:loc xlink:type="locator" xlink:href="mem.xsd#eba_C15" xlink:label="loc_eba_C15" />
    <link:calculationArc xlink:type="arc" xlink:arcrole="http://www.eurofiling.info/xbrl/arcrole/complete-breakdown" xlink:from="loc_eba_C" xlink:to="loc_eba_C15" weight="1" order="6" />
    <link:loc xlink:type="locator" xlink:href="mem.xsd#eba_C16" xlink:label="loc_eba_C16" />
    <link:calculationArc xlink:type="arc" xlink:arcrole="http://www.eurofiling.info/xbrl/arcrole/complete-breakdown" xlink:from="loc_eba_C" xlink:to="loc_eba_C16" weight="1" order="7" />
    <link:loc xlink:type="locator" xlink:href="mem.xsd#eba_C17" xlink:label="loc_eba_C17" />
    <link:calculationArc xlink:type="arc" xlink:arcrole="http://www.eurofiling.info/xbrl/arcrole/complete-breakdown" xlink:from="loc_eba_C" xlink:to="loc_eba_C17" weight="1" order="8" />
    <link:loc xlink:type="locator" xlink:href="mem.xsd#eba_C18" xlink:label="loc_eba_C18" />
    <link:calculationArc xlink:type="arc" xlink:arcrole="http://www.eurofiling.info/xbrl/arcrole/complete-breakdown" xlink:from="loc_eba_C" xlink:to="loc_eba_C18" weight="1" order="9" />
    <link:loc xlink:type="locator" xlink:href="mem.xsd#eba_C19" xlink:label="loc_eba_C19" />
    <link:calculationArc xlink:type="arc" xlink:arcrole="http://www.eurofiling.info/xbrl/arcrole/complete-breakdown" xlink:from="loc_eba_C" xlink:to="loc_eba_C19" weight="1" order="10" />
    <link:loc xlink:type="locator" xlink:href="mem.xsd#eba_C20" xlink:label="loc_eba_C20" />
    <link:calculationArc xlink:type="arc" xlink:arcrole="http://www.eurofiling.info/xbrl/arcrole/complete-breakdown" xlink:from="loc_eba_C" xlink:to="loc_eba_C20" weight="1" order="11" />
    <link:loc xlink:type="locator" xlink:href="mem.xsd#eba_C21" xlink:label="loc_eba_C21" />
    <link:calculationArc xlink:type="arc" xlink:arcrole="http://www.eurofiling.info/xbrl/arcrole/complete-breakdown" xlink:from="loc_eba_C" xlink:to="loc_eba_C21" weight="1" order="12" />
    <link:loc xlink:type="locator" xlink:href="mem.xsd#eba_C22" xlink:label="loc_eba_C22" />
    <link:calculationArc xlink:type="arc" xlink:arcrole="http://www.eurofiling.info/xbrl/arcrole/complete-breakdown" xlink:from="loc_eba_C" xlink:to="loc_eba_C22" weight="1" order="13" />
    <link:loc xlink:type="locator" xlink:href="mem.xsd#eba_C23" xlink:label="loc_eba_C23" />
    <link:calculationArc xlink:type="arc" xlink:arcrole="http://www.eurofiling.info/xbrl/arcrole/complete-breakdown" xlink:from="loc_eba_C" xlink:to="loc_eba_C23" weight="1" order="14" />
    <link:loc xlink:type="locator" xlink:href="mem.xsd#eba_C24" xlink:label="loc_eba_C24" />
    <link:calculationArc xlink:type="arc" xlink:arcrole="http://www.eurofiling.info/xbrl/arcrole/complete-breakdown" xlink:from="loc_eba_C" xlink:to="loc_eba_C24" weight="1" order="15" />
    <link:loc xlink:type="locator" xlink:href="mem.xsd#eba_C25" xlink:label="loc_eba_C25" />
    <link:calculationArc xlink:type="arc" xlink:arcrole="http://www.eurofiling.info/xbrl/arcrole/complete-breakdown" xlink:from="loc_eba_C" xlink:to="loc_eba_C25" weight="1" order="16" />
    <link:loc xlink:type="locator" xlink:href="mem.xsd#eba_C26" xlink:label="loc_eba_C26" />
    <link:calculationArc xlink:type="arc" xlink:arcrole="http://www.eurofiling.info/xbrl/arcrole/complete-breakdown" xlink:from="loc_eba_C" xlink:to="loc_eba_C26" weight="1" order="17" />
    <link:loc xlink:type="locator" xlink:href="mem.xsd#eba_C27" xlink:label="loc_eba_C27" />
    <link:calculationArc xlink:type="arc" xlink:arcrole="http://www.eurofiling.info/xbrl/arcrole/complete-breakdown" xlink:from="loc_eba_C" xlink:to="loc_eba_C27" weight="1" order="18" />
    <link:loc xlink:type="locator" xlink:href="mem.xsd#eba_C28" xlink:label="loc_eba_C28" />
    <link:calculationArc xlink:type="arc" xlink:arcrole="http://www.eurofiling.info/xbrl/arcrole/complete-breakdown" xlink:from="loc_eba_C" xlink:to="loc_eba_C28" weight="1" order="19" />
    <link:loc xlink:type="locator" xlink:href="mem.xsd#eba_C29" xlink:label="loc_eba_C29" />
    <link:calculationArc xlink:type="arc" xlink:arcrole="http://www.eurofiling.info/xbrl/arcrole/complete-breakdown" xlink:from="loc_eba_C" xlink:to="loc_eba_C29" weight="1" order="20" />
    <link:loc xlink:type="locator" xlink:href="mem.xsd#eba_C30" xlink:label="loc_eba_C30" />
    <link:calculationArc xlink:type="arc" xlink:arcrole="http://www.eurofiling.info/xbrl/arcrole/complete-breakdown" xlink:from="loc_eba_C" xlink:to="loc_eba_C30" weight="1" order="21" />
    <link:loc xlink:type="locator" xlink:href="mem.xsd#eba_C31" xlink:label="loc_eba_C31" />
    <link:calculationArc xlink:type="arc" xlink:arcrole="http://www.eurofiling.info/xbrl/arcrole/complete-breakdown" xlink:from="loc_eba_C" xlink:to="loc_eba_C31" weight="1" order="22" />
    <link:loc xlink:type="locator" xlink:href="mem.xsd#eba_C32" xlink:label="loc_eba_C32" />
    <link:calculationArc xlink:type="arc" xlink:arcrole="http://www.eurofiling.info/xbrl/arcrole/complete-breakdown" xlink:from="loc_eba_C" xlink:to="loc_eba_C32" weight="1" order="23" />
    <link:loc xlink:type="locator" xlink:href="mem.xsd#eba_C33" xlink:label="loc_eba_C33" />
    <link:calculationArc xlink:type="arc" xlink:arcrole="http://www.eurofiling.info/xbrl/arcrole/complete-breakdown" xlink:from="loc_eba_C" xlink:to="loc_eba_C33" weight="1" order="24" />
    <link:loc xlink:type="locator" xlink:href="mem.xsd#eba_D" xlink:label="loc_eba_D" />
    <link:loc xlink:type="locator" xlink:href="mem.xsd#eba_D35" xlink:label="loc_eba_D35" />
    <link:calculationArc xlink:type="arc" xlink:arcrole="http://www.eurofiling.info/xbrl/arcrole/complete-breakdown" xlink:from="loc_eba_D" xlink:to="loc_eba_D35" weight="1" order="1" />
    <link:loc xlink:type="locator" xlink:href="mem.xsd#eba_E" xlink:label="loc_eba_E" />
    <link:loc xlink:type="locator" xlink:href="mem.xsd#eba_E36" xlink:label="loc_eba_E36" />
    <link:calculationArc xlink:type="arc" xlink:arcrole="http://www.eurofiling.info/xbrl/arcrole/complete-breakdown" xlink:from="loc_eba_E" xlink:to="loc_eba_E36" weight="1" order="1" />
    <link:loc xlink:type="locator" xlink:href="mem.xsd#eba_E37" xlink:label="loc_eba_E37" />
    <link:calculationArc xlink:type="arc" xlink:arcrole="http://www.eurofiling.info/xbrl/arcrole/complete-breakdown" xlink:from="loc_eba_E" xlink:to="loc_eba_E37" weight="1" order="2" />
    <link:loc xlink:type="locator" xlink:href="mem.xsd#eba_E38" xlink:label="loc_eba_E38" />
    <link:calculationArc xlink:type="arc" xlink:arcrole="http://www.eurofiling.info/xbrl/arcrole/complete-breakdown" xlink:from="loc_eba_E" xlink:to="loc_eba_E38" weight="1" order="3" />
    <link:loc xlink:type="locator" xlink:href="mem.xsd#eba_E39" xlink:label="loc_eba_E39" />
    <link:calculationArc xlink:type="arc" xlink:arcrole="http://www.eurofiling.info/xbrl/arcrole/complete-breakdown" xlink:from="loc_eba_E" xlink:to="loc_eba_E39" weight="1" order="4" />
    <link:loc xlink:type="locator" xlink:href="mem.xsd#eba_F" xlink:label="loc_eba_F" />
    <link:loc xlink:type="locator" xlink:href="mem.xsd#eba_F41" xlink:label="loc_eba_F41" />
    <link:calculationArc xlink:type="arc" xlink:arcrole="http://www.eurofiling.info/xbrl/arcrole/complete-breakdown" xlink:from="loc_eba_F" xlink:to="loc_eba_F41" weight="1" order="1" />
    <link:loc xlink:type="locator" xlink:href="mem.xsd#eba_F42" xlink:label="loc_eba_F42" />
    <link:calculationArc xlink:type="arc" xlink:arcrole="http://www.eurofiling.info/xbrl/arcrole/complete-breakdown" xlink:from="loc_eba_F" xlink:to="loc_eba_F42" weight="1" order="2" />
    <link:loc xlink:type="locator" xlink:href="mem.xsd#eba_F43" xlink:label="loc_eba_F43" />
    <link:calculationArc xlink:type="arc" xlink:arcrole="http://www.eurofiling.info/xbrl/arcrole/complete-breakdown" xlink:from="loc_eba_F" xlink:to="loc_eba_F43" weight="1" order="3" />
    <link:loc xlink:type="locator" xlink:href="mem.xsd#eba_G" xlink:label="loc_eba_G" />
    <link:loc xlink:type="locator" xlink:href="mem.xsd#eba_G45" xlink:label="loc_eba_G45" />
    <link:calculationArc xlink:type="arc" xlink:arcrole="http://www.eurofiling.info/xbrl/arcrole/complete-breakdown" xlink:from="loc_eba_G" xlink:to="loc_eba_G45" weight="1" order="1" />
    <link:loc xlink:type="locator" xlink:href="mem.xsd#eba_G46" xlink:label="loc_eba_G46" />
    <link:calculationArc xlink:type="arc" xlink:arcrole="http://www.eurofiling.info/xbrl/arcrole/complete-breakdown" xlink:from="loc_eba_G" xlink:to="loc_eba_G46" weight="1" order="2" />
    <link:loc xlink:type="locator" xlink:href="mem.xsd#eba_G47" xlink:label="loc_eba_G47" />
    <link:calculationArc xlink:type="arc" xlink:arcrole="http://www.eurofiling.info/xbrl/arcrole/complete-breakdown" xlink:from="loc_eba_G" xlink:to="loc_eba_G47" weight="1" order="3" />
    <link:loc xlink:type="locator" xlink:href="mem.xsd#eba_H" xlink:label="loc_eba_H" />
    <link:loc xlink:type="locator" xlink:href="mem.xsd#eba_H49" xlink:label="loc_eba_H49" />
    <link:calculationArc xlink:type="arc" xlink:arcrole="http://www.eurofiling.info/xbrl/arcrole/complete-breakdown" xlink:from="loc_eba_H" xlink:to="loc_eba_H49" weight="1" order="1" />
    <link:loc xlink:type="locator" xlink:href="mem.xsd#eba_H50" xlink:label="loc_eba_H50" />
    <link:calculationArc xlink:type="arc" xlink:arcrole="http://www.eurofiling.info/xbrl/arcrole/complete-breakdown" xlink:from="loc_eba_H" xlink:to="loc_eba_H50" weight="1" order="2" />
    <link:loc xlink:type="locator" xlink:href="mem.xsd#eba_H51" xlink:label="loc_eba_H51" />
    <link:calculationArc xlink:type="arc" xlink:arcrole="http://www.eurofiling.info/xbrl/arcrole/complete-breakdown" xlink:from="loc_eba_H" xlink:to="loc_eba_H51" weight="1" order="3" />
    <link:loc xlink:type="locator" xlink:href="mem.xsd#eba_H52" xlink:label="loc_eba_H52" />
    <link:calculationArc xlink:type="arc" xlink:arcrole="http://www.eurofiling.info/xbrl/arcrole/complete-breakdown" xlink:from="loc_eba_H" xlink:to="loc_eba_H52" weight="1" order="4" />
    <link:loc xlink:type="locator" xlink:href="mem.xsd#eba_H53" xlink:label="loc_eba_H53" />
    <link:calculationArc xlink:type="arc" xlink:arcrole="http://www.eurofiling.info/xbrl/arcrole/complete-breakdown" xlink:from="loc_eba_H" xlink:to="loc_eba_H53" weight="1" order="5" />
    <link:loc xlink:type="locator" xlink:href="mem.xsd#eba_I" xlink:label="loc_eba_I" />
    <link:loc xlink:type="locator" xlink:href="mem.xsd#eba_I55" xlink:label="loc_eba_I55" />
    <link:calculationArc xlink:type="arc" xlink:arcrole="http://www.eurofiling.info/xbrl/arcrole/complete-breakdown" xlink:from="loc_eba_I" xlink:to="loc_eba_I55" weight="1" order="1" />
    <link:loc xlink:type="locator" xlink:href="mem.xsd#eba_I56" xlink:label="loc_eba_I56" />
    <link:calculationArc xlink:type="arc" xlink:arcrole="http://www.eurofiling.info/xbrl/arcrole/complete-breakdown" xlink:from="loc_eba_I" xlink:to="loc_eba_I56" weight="1" order="2" />
    <link:loc xlink:type="locator" xlink:href="mem.xsd#eba_J" xlink:label="loc_eba_J" />
    <link:loc xlink:type="locator" xlink:href="mem.xsd#eba_J58" xlink:label="loc_eba_J58" />
    <link:calculationArc xlink:type="arc" xlink:arcrole="http://www.eurofiling.info/xbrl/arcrole/complete-breakdown" xlink:from="loc_eba_J" xlink:to="loc_eba_J58" weight="1" order="1" />
    <link:loc xlink:type="locator" xlink:href="mem.xsd#eba_J59" xlink:label="loc_eba_J59" />
    <link:calculationArc xlink:type="arc" xlink:arcrole="http://www.eurofiling.info/xbrl/arcrole/complete-breakdown" xlink:from="loc_eba_J" xlink:to="loc_eba_J59" weight="1" order="2" />
    <link:loc xlink:type="locator" xlink:href="mem.xsd#eba_J60" xlink:label="loc_eba_J60" />
    <link:calculationArc xlink:type="arc" xlink:arcrole="http://www.eurofiling.info/xbrl/arcrole/complete-breakdown" xlink:from="loc_eba_J" xlink:to="loc_eba_J60" weight="1" order="3" />
    <link:loc xlink:type="locator" xlink:href="mem.xsd#eba_J61" xlink:label="loc_eba_J61" />
    <link:calculationArc xlink:type="arc" xlink:arcrole="http://www.eurofiling.info/xbrl/arcrole/complete-breakdown" xlink:from="loc_eba_J" xlink:to="loc_eba_J61" weight="1" order="4" />
    <link:loc xlink:type="locator" xlink:href="mem.xsd#eba_J62" xlink:label="loc_eba_J62" />
    <link:calculationArc xlink:type="arc" xlink:arcrole="http://www.eurofiling.info/xbrl/arcrole/complete-breakdown" xlink:from="loc_eba_J" xlink:to="loc_eba_J62" weight="1" order="5" />
    <link:loc xlink:type="locator" xlink:href="mem.xsd#eba_J63" xlink:label="loc_eba_J63" />
    <link:calculationArc xlink:type="arc" xlink:arcrole="http://www.eurofiling.info/xbrl/arcrole/complete-breakdown" xlink:from="loc_eba_J" xlink:to="loc_eba_J63" weight="1" order="6" />
    <link:loc xlink:type="locator" xlink:href="mem.xsd#eba_K" xlink:label="loc_eba_K" />
    <link:loc xlink:type="locator" xlink:href="mem.xsd#eba_K64" xlink:label="loc_eba_K64" />
    <link:calculationArc xlink:type="arc" xlink:arcrole="http://www.eurofiling.info/xbrl/arcrole/complete-breakdown" xlink:from="loc_eba_K" xlink:to="loc_eba_K64" weight="1" order="1" />
    <link:loc xlink:type="locator" xlink:href="mem.xsd#eba_K65" xlink:label="loc_eba_K65" />
    <link:calculationArc xlink:type="arc" xlink:arcrole="http://www.eurofiling.info/xbrl/arcrole/complete-breakdown" xlink:from="loc_eba_K" xlink:to="loc_eba_K65" weight="1" order="2" />
    <link:loc xlink:type="locator" xlink:href="mem.xsd#eba_K66" xlink:label="loc_eba_K66" />
    <link:calculationArc xlink:type="arc" xlink:arcrole="http://www.eurofiling.info/xbrl/arcrole/complete-breakdown" xlink:from="loc_eba_K" xlink:to="loc_eba_K66" weight="1" order="3" />
    <link:loc xlink:type="locator" xlink:href="mem.xsd#eba_L" xlink:label="loc_eba_L" />
    <link:loc xlink:type="locator" xlink:href="mem.xsd#eba_L68" xlink:label="loc_eba_L68" />
    <link:calculationArc xlink:type="arc" xlink:arcrole="http://www.eurofiling.info/xbrl/arcrole/complete-breakdown" xlink:from="loc_eba_L" xlink:to="loc_eba_L68" weight="1" order="1" />
    <link:loc xlink:type="locator" xlink:href="mem.xsd#eba_M" xlink:label="loc_eba_M" />
    <link:loc xlink:type="locator" xlink:href="mem.xsd#eba_M69" xlink:label="loc_eba_M69" />
    <link:calculationArc xlink:type="arc" xlink:arcrole="http://www.eurofiling.info/xbrl/arcrole/complete-breakdown" xlink:from="loc_eba_M" xlink:to="loc_eba_M69" weight="1" order="1" />
    <link:loc xlink:type="locator" xlink:href="mem.xsd#eba_M70" xlink:label="loc_eba_M70" />
    <link:calculationArc xlink:type="arc" xlink:arcrole="http://www.eurofiling.info/xbrl/arcrole/complete-breakdown" xlink:from="loc_eba_M" xlink:to="loc_eba_M70" weight="1" order="2" />
    <link:loc xlink:type="locator" xlink:href="mem.xsd#eba_M71" xlink:label="loc_eba_M71" />
    <link:calculationArc xlink:type="arc" xlink:arcrole="http://www.eurofiling.info/xbrl/arcrole/complete-breakdown" xlink:from="loc_eba_M" xlink:to="loc_eba_M71" weight="1" order="3" />
    <link:loc xlink:type="locator" xlink:href="mem.xsd#eba_M72" xlink:label="loc_eba_M72" />
    <link:calculationArc xlink:type="arc" xlink:arcrole="http://www.eurofiling.info/xbrl/arcrole/complete-breakdown" xlink:from="loc_eba_M" xlink:to="loc_eba_M72" weight="1" order="4" />
    <link:loc xlink:type="locator" xlink:href="mem.xsd#eba_M73" xlink:label="loc_eba_M73" />
    <link:calculationArc xlink:type="arc" xlink:arcrole="http://www.eurofiling.info/xbrl/arcrole/complete-breakdown" xlink:from="loc_eba_M" xlink:to="loc_eba_M73" weight="1" order="5" />
    <link:loc xlink:type="locator" xlink:href="mem.xsd#eba_M74" xlink:label="loc_eba_M74" />
    <link:calculationArc xlink:type="arc" xlink:arcrole="http://www.eurofiling.info/xbrl/arcrole/complete-breakdown" xlink:from="loc_eba_M" xlink:to="loc_eba_M74" weight="1" order="6" />
    <link:loc xlink:type="locator" xlink:href="mem.xsd#eba_M75" xlink:label="loc_eba_M75" />
    <link:calculationArc xlink:type="arc" xlink:arcrole="http://www.eurofiling.info/xbrl/arcrole/complete-breakdown" xlink:from="loc_eba_M" xlink:to="loc_eba_M75" weight="1" order="7" />
    <link:loc xlink:type="locator" xlink:href="mem.xsd#eba_N" xlink:label="loc_eba_N" />
    <link:loc xlink:type="locator" xlink:href="mem.xsd#eba_N77" xlink:label="loc_eba_N77" />
    <link:calculationArc xlink:type="arc" xlink:arcrole="http://www.eurofiling.info/xbrl/arcrole/complete-breakdown" xlink:from="loc_eba_N" xlink:to="loc_eba_N77" weight="1" order="1" />
    <link:loc xlink:type="locator" xlink:href="mem.xsd#eba_N78" xlink:label="loc_eba_N78" />
    <link:calculationArc xlink:type="arc" xlink:arcrole="http://www.eurofiling.info/xbrl/arcrole/complete-breakdown" xlink:from="loc_eba_N" xlink:to="loc_eba_N78" weight="1" order="2" />
    <link:loc xlink:type="locator" xlink:href="mem.xsd#eba_N79" xlink:label="loc_eba_N79" />
    <link:calculationArc xlink:type="arc" xlink:arcrole="http://www.eurofiling.info/xbrl/arcrole/complete-breakdown" xlink:from="loc_eba_N" xlink:to="loc_eba_N79" weight="1" order="3" />
    <link:loc xlink:type="locator" xlink:href="mem.xsd#eba_N80" xlink:label="loc_eba_N80" />
    <link:calculationArc xlink:type="arc" xlink:arcrole="http://www.eurofiling.info/xbrl/arcrole/complete-breakdown" xlink:from="loc_eba_N" xlink:to="loc_eba_N80" weight="1" order="4" />
    <link:loc xlink:type="locator" xlink:href="mem.xsd#eba_N81" xlink:label="loc_eba_N81" />
    <link:calculationArc xlink:type="arc" xlink:arcrole="http://www.eurofiling.info/xbrl/arcrole/complete-breakdown" xlink:from="loc_eba_N" xlink:to="loc_eba_N81" weight="1" order="5" />
    <link:loc xlink:type="locator" xlink:href="mem.xsd#eba_N82" xlink:label="loc_eba_N82" />
    <link:calculationArc xlink:type="arc" xlink:arcrole="http://www.eurofiling.info/xbrl/arcrole/complete-breakdown" xlink:from="loc_eba_N" xlink:to="loc_eba_N82" weight="1" order="6" />
    <link:loc xlink:type="locator" xlink:href="mem.xsd#eba_O" xlink:label="loc_eba_O" />
    <link:loc xlink:type="locator" xlink:href="mem.xsd#eba_O84" xlink:label="loc_eba_O84" />
    <link:calculationArc xlink:type="arc" xlink:arcrole="http://www.eurofiling.info/xbrl/arcrole/complete-breakdown" xlink:from="loc_eba_O" xlink:to="loc_eba_O84" weight="1" order="1" />
    <link:loc xlink:type="locator" xlink:href="mem.xsd#eba_P" xlink:label="loc_eba_P" />
    <link:loc xlink:type="locator" xlink:href="mem.xsd#eba_P85" xlink:label="loc_eba_P85" />
    <link:calculationArc xlink:type="arc" xlink:arcrole="http://www.eurofiling.info/xbrl/arcrole/complete-breakdown" xlink:from="loc_eba_P" xlink:to="loc_eba_P85" weight="1" order="1" />
    <link:loc xlink:type="locator" xlink:href="mem.xsd#eba_Q" xlink:label="loc_eba_Q" />
    <link:loc xlink:type="locator" xlink:href="mem.xsd#eba_Q86" xlink:label="loc_eba_Q86" />
    <link:calculationArc xlink:type="arc" xlink:arcrole="http://www.eurofiling.info/xbrl/arcrole/complete-breakdown" xlink:from="loc_eba_Q" xlink:to="loc_eba_Q86" weight="1" order="1" />
    <link:loc xlink:type="locator" xlink:href="mem.xsd#eba_Q87" xlink:label="loc_eba_Q87" />
    <link:calculationArc xlink:type="arc" xlink:arcrole="http://www.eurofiling.info/xbrl/arcrole/complete-breakdown" xlink:from="loc_eba_Q" xlink:to="loc_eba_Q87" weight="1" order="2" />
    <link:loc xlink:type="locator" xlink:href="mem.xsd#eba_Q88" xlink:label="loc_eba_Q88" />
    <link:calculationArc xlink:type="arc" xlink:arcrole="http://www.eurofiling.info/xbrl/arcrole/complete-breakdown" xlink:from="loc_eba_Q" xlink:to="loc_eba_Q88" weight="1" order="3" />
    <link:loc xlink:type="locator" xlink:href="mem.xsd#eba_R" xlink:label="loc_eba_R" />
    <link:loc xlink:type="locator" xlink:href="mem.xsd#eba_R90" xlink:label="loc_eba_R90" />
    <link:calculationArc xlink:type="arc" xlink:arcrole="http://www.eurofiling.info/xbrl/arcrole/complete-breakdown" xlink:from="loc_eba_R" xlink:to="loc_eba_R90" weight="1" order="1" />
    <link:loc xlink:type="locator" xlink:href="mem.xsd#eba_R91" xlink:label="loc_eba_R91" />
    <link:calculationArc xlink:type="arc" xlink:arcrole="http://www.eurofiling.info/xbrl/arcrole/complete-breakdown" xlink:from="loc_eba_R" xlink:to="loc_eba_R91" weight="1" order="2" />
    <link:loc xlink:type="locator" xlink:href="mem.xsd#eba_R92" xlink:label="loc_eba_R92" />
    <link:calculationArc xlink:type="arc" xlink:arcrole="http://www.eurofiling.info/xbrl/arcrole/complete-breakdown" xlink:from="loc_eba_R" xlink:to="loc_eba_R92" weight="1" order="3" />
    <link:loc xlink:type="locator" xlink:href="mem.xsd#eba_R93" xlink:label="loc_eba_R93" />
    <link:calculationArc xlink:type="arc" xlink:arcrole="http://www.eurofiling.info/xbrl/arcrole/complete-breakdown" xlink:from="loc_eba_R" xlink:to="loc_eba_R93" weight="1" order="4" />
    <link:loc xlink:type="locator" xlink:href="mem.xsd#eba_S" xlink:label="loc_eba_S" />
    <link:loc xlink:type="locator" xlink:href="mem.xsd#eba_S94" xlink:label="loc_eba_S94" />
    <link:calculationArc xlink:type="arc" xlink:arcrole="http://www.eurofiling.info/xbrl/arcrole/complete-breakdown" xlink:from="loc_eba_S" xlink:to="loc_eba_S94" weight="1" order="1" />
    <link:loc xlink:type="locator" xlink:href="mem.xsd#eba_S95" xlink:label="loc_eba_S95" />
    <link:calculationArc xlink:type="arc" xlink:arcrole="http://www.eurofiling.info/xbrl/arcrole/complete-breakdown" xlink:from="loc_eba_S" xlink:to="loc_eba_S95" weight="1" order="2" />
    <link:loc xlink:type="locator" xlink:href="mem.xsd#eba_S96" xlink:label="loc_eba_S96" />
    <link:calculationArc xlink:type="arc" xlink:arcrole="http://www.eurofiling.info/xbrl/arcrole/complete-breakdown" xlink:from="loc_eba_S" xlink:to="loc_eba_S96" weight="1" order="3" />
    <link:loc xlink:type="locator" xlink:href="mem.xsd#eba_T" xlink:label="loc_eba_T" />
    <link:loc xlink:type="locator" xlink:href="mem.xsd#eba_T97" xlink:label="loc_eba_T97" />
    <link:calculationArc xlink:type="arc" xlink:arcrole="http://www.eurofiling.info/xbrl/arcrole/complete-breakdown" xlink:from="loc_eba_T" xlink:to="loc_eba_T97" weight="1" order="1" />
    <link:loc xlink:type="locator" xlink:href="mem.xsd#eba_T98" xlink:label="loc_eba_T98" />
    <link:calculationArc xlink:type="arc" xlink:arcrole="http://www.eurofiling.info/xbrl/arcrole/complete-breakdown" xlink:from="loc_eba_T" xlink:to="loc_eba_T98" weight="1" order="2" />
    <link:loc xlink:type="locator" xlink:href="mem.xsd#eba_U" xlink:label="loc_eba_U" />
    <link:loc xlink:type="locator" xlink:href="mem.xsd#eba_U99" xlink:label="loc_eba_U99" />
    <link:calculationArc xlink:type="arc" xlink:arcrole="http://www.eurofiling.info/xbrl/arcrole/complete-breakdown" xlink:from="loc_eba_U" xlink:to="loc_eba_U99" weight="1" order="1" />
  </link:calculationLink>
</link:linkbase>