﻿<?xml version="1.0" encoding="utf-8"?>
<?taxonomy-version 2.0.0?>
<!--(C) EBA-->
<link:linkbase xmlns:xsi="http://www.w3.org/2001/XMLSchema-instance" xmlns:xlink="http://www.w3.org/1999/xlink" xmlns:link="http://www.xbrl.org/2003/linkbase" xmlns:xbrldt="http://xbrl.org/2005/xbrldt" xsi:schemaLocation="http://www.xbrl.org/2003/linkbase http://www.xbrl.org/2003/xbrl-linkbase-2003-12-31.xsd http://xbrl.org/2005/xbrldt http://www.xbrl.org/2005/xbrldt-2005.xsd">
  <link:arcroleRef arcroleURI="http://xbrl.org/int/dim/arcrole/domain-member" xlink:type="simple" xlink:href="http://www.xbrl.org/2005/xbrldt-2005.xsd#domain-member" />
  <link:definitionLink xlink:type="extended" xlink:role="http://www.xbrl.org/2003/role/link">
    <link:loc xlink:type="locator" xlink:href="../exp.xsd#eba_NC" xlink:label="loc_eba_NC" />
    <link:loc xlink:type="locator" xlink:href="mem.xsd#eba_x0" xlink:label="loc_eba_x0" />
    <link:definitionArc xlink:type="arc" xlink:arcrole="http://xbrl.org/int/dim/arcrole/domain-member" xlink:from="loc_eba_NC" xlink:to="loc_eba_x0" order="1" />
    <link:loc xlink:type="locator" xlink:href="mem.xsd#eba_A" xlink:label="loc_eba_A" />
    <link:definitionArc xlink:type="arc" xlink:arcrole="http://xbrl.org/int/dim/arcrole/domain-member" xlink:from="loc_eba_NC" xlink:to="loc_eba_A" order="2" />
    <link:loc xlink:type="locator" xlink:href="mem.xsd#eba_B" xlink:label="loc_eba_B" />
    <link:definitionArc xlink:type="arc" xlink:arcrole="http://xbrl.org/int/dim/arcrole/domain-member" xlink:from="loc_eba_NC" xlink:to="loc_eba_B" order="3" />
    <link:loc xlink:type="locator" xlink:href="mem.xsd#eba_C" xlink:label="loc_eba_C" />
    <link:definitionArc xlink:type="arc" xlink:arcrole="http://xbrl.org/int/dim/arcrole/domain-member" xlink:from="loc_eba_NC" xlink:to="loc_eba_C" order="4" />
    <link:loc xlink:type="locator" xlink:href="mem.xsd#eba_D" xlink:label="loc_eba_D" />
    <link:definitionArc xlink:type="arc" xlink:arcrole="http://xbrl.org/int/dim/arcrole/domain-member" xlink:from="loc_eba_NC" xlink:to="loc_eba_D" order="5" />
    <link:loc xlink:type="locator" xlink:href="mem.xsd#eba_E" xlink:label="loc_eba_E" />
    <link:definitionArc xlink:type="arc" xlink:arcrole="http://xbrl.org/int/dim/arcrole/domain-member" xlink:from="loc_eba_NC" xlink:to="loc_eba_E" order="6" />
    <link:loc xlink:type="locator" xlink:href="mem.xsd#eba_F" xlink:label="loc_eba_F" />
    <link:definitionArc xlink:type="arc" xlink:arcrole="http://xbrl.org/int/dim/arcrole/domain-member" xlink:from="loc_eba_NC" xlink:to="loc_eba_F" order="7" />
    <link:loc xlink:type="locator" xlink:href="mem.xsd#eba_G" xlink:label="loc_eba_G" />
    <link:definitionArc xlink:type="arc" xlink:arcrole="http://xbrl.org/int/dim/arcrole/domain-member" xlink:from="loc_eba_NC" xlink:to="loc_eba_G" order="8" />
    <link:loc xlink:type="locator" xlink:href="mem.xsd#eba_H" xlink:label="loc_eba_H" />
    <link:definitionArc xlink:type="arc" xlink:arcrole="http://xbrl.org/int/dim/arcrole/domain-member" xlink:from="loc_eba_NC" xlink:to="loc_eba_H" order="9" />
    <link:loc xlink:type="locator" xlink:href="mem.xsd#eba_I" xlink:label="loc_eba_I" />
    <link:definitionArc xlink:type="arc" xlink:arcrole="http://xbrl.org/int/dim/arcrole/domain-member" xlink:from="loc_eba_NC" xlink:to="loc_eba_I" order="10" />
    <link:loc xlink:type="locator" xlink:href="mem.xsd#eba_J" xlink:label="loc_eba_J" />
    <link:definitionArc xlink:type="arc" xlink:arcrole="http://xbrl.org/int/dim/arcrole/domain-member" xlink:from="loc_eba_NC" xlink:to="loc_eba_J" order="11" />
    <link:loc xlink:type="locator" xlink:href="mem.xsd#eba_L" xlink:label="loc_eba_L" />
    <link:definitionArc xlink:type="arc" xlink:arcrole="http://xbrl.org/int/dim/arcrole/domain-member" xlink:from="loc_eba_NC" xlink:to="loc_eba_L" order="12" />
    <link:loc xlink:type="locator" xlink:href="mem.xsd#eba_M" xlink:label="loc_eba_M" />
    <link:definitionArc xlink:type="arc" xlink:arcrole="http://xbrl.org/int/dim/arcrole/domain-member" xlink:from="loc_eba_NC" xlink:to="loc_eba_M" order="13" />
    <link:loc xlink:type="locator" xlink:href="mem.xsd#eba_N" xlink:label="loc_eba_N" />
    <link:definitionArc xlink:type="arc" xlink:arcrole="http://xbrl.org/int/dim/arcrole/domain-member" xlink:from="loc_eba_NC" xlink:to="loc_eba_N" order="14" />
    <link:loc xlink:type="locator" xlink:href="mem.xsd#eba_O" xlink:label="loc_eba_O" />
    <link:definitionArc xlink:type="arc" xlink:arcrole="http://xbrl.org/int/dim/arcrole/domain-member" xlink:from="loc_eba_NC" xlink:to="loc_eba_O" order="15" />
    <link:loc xlink:type="locator" xlink:href="mem.xsd#eba_P" xlink:label="loc_eba_P" />
    <link:definitionArc xlink:type="arc" xlink:arcrole="http://xbrl.org/int/dim/arcrole/domain-member" xlink:from="loc_eba_NC" xlink:to="loc_eba_P" order="16" />
    <link:loc xlink:type="locator" xlink:href="mem.xsd#eba_Q" xlink:label="loc_eba_Q" />
    <link:definitionArc xlink:type="arc" xlink:arcrole="http://xbrl.org/int/dim/arcrole/domain-member" xlink:from="loc_eba_NC" xlink:to="loc_eba_Q" order="17" />
    <link:loc xlink:type="locator" xlink:href="mem.xsd#eba_R" xlink:label="loc_eba_R" />
    <link:definitionArc xlink:type="arc" xlink:arcrole="http://xbrl.org/int/dim/arcrole/domain-member" xlink:from="loc_eba_NC" xlink:to="loc_eba_R" order="18" />
    <link:loc xlink:type="locator" xlink:href="mem.xsd#eba_S" xlink:label="loc_eba_S" />
    <link:definitionArc xlink:type="arc" xlink:arcrole="http://xbrl.org/int/dim/arcrole/domain-member" xlink:from="loc_eba_NC" xlink:to="loc_eba_S" order="19" />
    <link:loc xlink:type="locator" xlink:href="mem.xsd#eba_K" xlink:label="loc_eba_K" />
    <link:definitionArc xlink:type="arc" xlink:arcrole="http://xbrl.org/int/dim/arcrole/domain-member" xlink:from="loc_eba_NC" xlink:to="loc_eba_K" order="20" />
    <link:loc xlink:type="locator" xlink:href="mem.xsd#eba_A2" xlink:label="loc_eba_A2" />
    <link:definitionArc xlink:type="arc" xlink:arcrole="http://xbrl.org/int/dim/arcrole/domain-member" xlink:from="loc_eba_NC" xlink:to="loc_eba_A2" order="21" />
    <link:loc xlink:type="locator" xlink:href="mem.xsd#eba_A3" xlink:label="loc_eba_A3" />
    <link:definitionArc xlink:type="arc" xlink:arcrole="http://xbrl.org/int/dim/arcrole/domain-member" xlink:from="loc_eba_NC" xlink:to="loc_eba_A3" order="22" />
    <link:loc xlink:type="locator" xlink:href="mem.xsd#eba_B5" xlink:label="loc_eba_B5" />
    <link:definitionArc xlink:type="arc" xlink:arcrole="http://xbrl.org/int/dim/arcrole/domain-member" xlink:from="loc_eba_NC" xlink:to="loc_eba_B5" order="23" />
    <link:loc xlink:type="locator" xlink:href="mem.xsd#eba_B6" xlink:label="loc_eba_B6" />
    <link:definitionArc xlink:type="arc" xlink:arcrole="http://xbrl.org/int/dim/arcrole/domain-member" xlink:from="loc_eba_NC" xlink:to="loc_eba_B6" order="24" />
    <link:loc xlink:type="locator" xlink:href="mem.xsd#eba_B7" xlink:label="loc_eba_B7" />
    <link:definitionArc xlink:type="arc" xlink:arcrole="http://xbrl.org/int/dim/arcrole/domain-member" xlink:from="loc_eba_NC" xlink:to="loc_eba_B7" order="25" />
    <link:loc xlink:type="locator" xlink:href="mem.xsd#eba_B8" xlink:label="loc_eba_B8" />
    <link:definitionArc xlink:type="arc" xlink:arcrole="http://xbrl.org/int/dim/arcrole/domain-member" xlink:from="loc_eba_NC" xlink:to="loc_eba_B8" order="26" />
    <link:loc xlink:type="locator" xlink:href="mem.xsd#eba_B9" xlink:label="loc_eba_B9" />
    <link:definitionArc xlink:type="arc" xlink:arcrole="http://xbrl.org/int/dim/arcrole/domain-member" xlink:from="loc_eba_NC" xlink:to="loc_eba_B9" order="27" />
    <link:loc xlink:type="locator" xlink:href="mem.xsd#eba_C10" xlink:label="loc_eba_C10" />
    <link:definitionArc xlink:type="arc" xlink:arcrole="http://xbrl.org/int/dim/arcrole/domain-member" xlink:from="loc_eba_NC" xlink:to="loc_eba_C10" order="28" />
    <link:loc xlink:type="locator" xlink:href="mem.xsd#eba_C11" xlink:label="loc_eba_C11" />
    <link:definitionArc xlink:type="arc" xlink:arcrole="http://xbrl.org/int/dim/arcrole/domain-member" xlink:from="loc_eba_NC" xlink:to="loc_eba_C11" order="29" />
    <link:loc xlink:type="locator" xlink:href="mem.xsd#eba_C12" xlink:label="loc_eba_C12" />
    <link:definitionArc xlink:type="arc" xlink:arcrole="http://xbrl.org/int/dim/arcrole/domain-member" xlink:from="loc_eba_NC" xlink:to="loc_eba_C12" order="30" />
    <link:loc xlink:type="locator" xlink:href="mem.xsd#eba_C13" xlink:label="loc_eba_C13" />
    <link:definitionArc xlink:type="arc" xlink:arcrole="http://xbrl.org/int/dim/arcrole/domain-member" xlink:from="loc_eba_NC" xlink:to="loc_eba_C13" order="31" />
    <link:loc xlink:type="locator" xlink:href="mem.xsd#eba_C14" xlink:label="loc_eba_C14" />
    <link:definitionArc xlink:type="arc" xlink:arcrole="http://xbrl.org/int/dim/arcrole/domain-member" xlink:from="loc_eba_NC" xlink:to="loc_eba_C14" order="32" />
    <link:loc xlink:type="locator" xlink:href="mem.xsd#eba_C15" xlink:label="loc_eba_C15" />
    <link:definitionArc xlink:type="arc" xlink:arcrole="http://xbrl.org/int/dim/arcrole/domain-member" xlink:from="loc_eba_NC" xlink:to="loc_eba_C15" order="33" />
    <link:loc xlink:type="locator" xlink:href="mem.xsd#eba_C16" xlink:label="loc_eba_C16" />
    <link:definitionArc xlink:type="arc" xlink:arcrole="http://xbrl.org/int/dim/arcrole/domain-member" xlink:from="loc_eba_NC" xlink:to="loc_eba_C16" order="34" />
    <link:loc xlink:type="locator" xlink:href="mem.xsd#eba_C17" xlink:label="loc_eba_C17" />
    <link:definitionArc xlink:type="arc" xlink:arcrole="http://xbrl.org/int/dim/arcrole/domain-member" xlink:from="loc_eba_NC" xlink:to="loc_eba_C17" order="35" />
    <link:loc xlink:type="locator" xlink:href="mem.xsd#eba_C18" xlink:label="loc_eba_C18" />
    <link:definitionArc xlink:type="arc" xlink:arcrole="http://xbrl.org/int/dim/arcrole/domain-member" xlink:from="loc_eba_NC" xlink:to="loc_eba_C18" order="36" />
    <link:loc xlink:type="locator" xlink:href="mem.xsd#eba_C19" xlink:label="loc_eba_C19" />
    <link:definitionArc xlink:type="arc" xlink:arcrole="http://xbrl.org/int/dim/arcrole/domain-member" xlink:from="loc_eba_NC" xlink:to="loc_eba_C19" order="37" />
    <link:loc xlink:type="locator" xlink:href="mem.xsd#eba_C20" xlink:label="loc_eba_C20" />
    <link:definitionArc xlink:type="arc" xlink:arcrole="http://xbrl.org/int/dim/arcrole/domain-member" xlink:from="loc_eba_NC" xlink:to="loc_eba_C20" order="38" />
    <link:loc xlink:type="locator" xlink:href="mem.xsd#eba_C21" xlink:label="loc_eba_C21" />
    <link:definitionArc xlink:type="arc" xlink:arcrole="http://xbrl.org/int/dim/arcrole/domain-member" xlink:from="loc_eba_NC" xlink:to="loc_eba_C21" order="39" />
    <link:loc xlink:type="locator" xlink:href="mem.xsd#eba_C22" xlink:label="loc_eba_C22" />
    <link:definitionArc xlink:type="arc" xlink:arcrole="http://xbrl.org/int/dim/arcrole/domain-member" xlink:from="loc_eba_NC" xlink:to="loc_eba_C22" order="40" />
    <link:loc xlink:type="locator" xlink:href="mem.xsd#eba_C23" xlink:label="loc_eba_C23" />
    <link:definitionArc xlink:type="arc" xlink:arcrole="http://xbrl.org/int/dim/arcrole/domain-member" xlink:from="loc_eba_NC" xlink:to="loc_eba_C23" order="41" />
    <link:loc xlink:type="locator" xlink:href="mem.xsd#eba_C24" xlink:label="loc_eba_C24" />
    <link:definitionArc xlink:type="arc" xlink:arcrole="http://xbrl.org/int/dim/arcrole/domain-member" xlink:from="loc_eba_NC" xlink:to="loc_eba_C24" order="42" />
    <link:loc xlink:type="locator" xlink:href="mem.xsd#eba_C25" xlink:label="loc_eba_C25" />
    <link:definitionArc xlink:type="arc" xlink:arcrole="http://xbrl.org/int/dim/arcrole/domain-member" xlink:from="loc_eba_NC" xlink:to="loc_eba_C25" order="43" />
    <link:loc xlink:type="locator" xlink:href="mem.xsd#eba_C26" xlink:label="loc_eba_C26" />
    <link:definitionArc xlink:type="arc" xlink:arcrole="http://xbrl.org/int/dim/arcrole/domain-member" xlink:from="loc_eba_NC" xlink:to="loc_eba_C26" order="44" />
    <link:loc xlink:type="locator" xlink:href="mem.xsd#eba_C27" xlink:label="loc_eba_C27" />
    <link:definitionArc xlink:type="arc" xlink:arcrole="http://xbrl.org/int/dim/arcrole/domain-member" xlink:from="loc_eba_NC" xlink:to="loc_eba_C27" order="45" />
    <link:loc xlink:type="locator" xlink:href="mem.xsd#eba_C28" xlink:label="loc_eba_C28" />
    <link:definitionArc xlink:type="arc" xlink:arcrole="http://xbrl.org/int/dim/arcrole/domain-member" xlink:from="loc_eba_NC" xlink:to="loc_eba_C28" order="46" />
    <link:loc xlink:type="locator" xlink:href="mem.xsd#eba_C29" xlink:label="loc_eba_C29" />
    <link:definitionArc xlink:type="arc" xlink:arcrole="http://xbrl.org/int/dim/arcrole/domain-member" xlink:from="loc_eba_NC" xlink:to="loc_eba_C29" order="47" />
    <link:loc xlink:type="locator" xlink:href="mem.xsd#eba_C30" xlink:label="loc_eba_C30" />
    <link:definitionArc xlink:type="arc" xlink:arcrole="http://xbrl.org/int/dim/arcrole/domain-member" xlink:from="loc_eba_NC" xlink:to="loc_eba_C30" order="48" />
    <link:loc xlink:type="locator" xlink:href="mem.xsd#eba_C31" xlink:label="loc_eba_C31" />
    <link:definitionArc xlink:type="arc" xlink:arcrole="http://xbrl.org/int/dim/arcrole/domain-member" xlink:from="loc_eba_NC" xlink:to="loc_eba_C31" order="49" />
    <link:loc xlink:type="locator" xlink:href="mem.xsd#eba_C32" xlink:label="loc_eba_C32" />
    <link:definitionArc xlink:type="arc" xlink:arcrole="http://xbrl.org/int/dim/arcrole/domain-member" xlink:from="loc_eba_NC" xlink:to="loc_eba_C32" order="50" />
    <link:loc xlink:type="locator" xlink:href="mem.xsd#eba_C33" xlink:label="loc_eba_C33" />
    <link:definitionArc xlink:type="arc" xlink:arcrole="http://xbrl.org/int/dim/arcrole/domain-member" xlink:from="loc_eba_NC" xlink:to="loc_eba_C33" order="51" />
    <link:loc xlink:type="locator" xlink:href="mem.xsd#eba_D35" xlink:label="loc_eba_D35" />
    <link:definitionArc xlink:type="arc" xlink:arcrole="http://xbrl.org/int/dim/arcrole/domain-member" xlink:from="loc_eba_NC" xlink:to="loc_eba_D35" order="52" />
    <link:loc xlink:type="locator" xlink:href="mem.xsd#eba_E36" xlink:label="loc_eba_E36" />
    <link:definitionArc xlink:type="arc" xlink:arcrole="http://xbrl.org/int/dim/arcrole/domain-member" xlink:from="loc_eba_NC" xlink:to="loc_eba_E36" order="53" />
    <link:loc xlink:type="locator" xlink:href="mem.xsd#eba_E37" xlink:label="loc_eba_E37" />
    <link:definitionArc xlink:type="arc" xlink:arcrole="http://xbrl.org/int/dim/arcrole/domain-member" xlink:from="loc_eba_NC" xlink:to="loc_eba_E37" order="54" />
    <link:loc xlink:type="locator" xlink:href="mem.xsd#eba_E38" xlink:label="loc_eba_E38" />
    <link:definitionArc xlink:type="arc" xlink:arcrole="http://xbrl.org/int/dim/arcrole/domain-member" xlink:from="loc_eba_NC" xlink:to="loc_eba_E38" order="55" />
    <link:loc xlink:type="locator" xlink:href="mem.xsd#eba_E39" xlink:label="loc_eba_E39" />
    <link:definitionArc xlink:type="arc" xlink:arcrole="http://xbrl.org/int/dim/arcrole/domain-member" xlink:from="loc_eba_NC" xlink:to="loc_eba_E39" order="56" />
    <link:loc xlink:type="locator" xlink:href="mem.xsd#eba_F41" xlink:label="loc_eba_F41" />
    <link:definitionArc xlink:type="arc" xlink:arcrole="http://xbrl.org/int/dim/arcrole/domain-member" xlink:from="loc_eba_NC" xlink:to="loc_eba_F41" order="57" />
    <link:loc xlink:type="locator" xlink:href="mem.xsd#eba_F42" xlink:label="loc_eba_F42" />
    <link:definitionArc xlink:type="arc" xlink:arcrole="http://xbrl.org/int/dim/arcrole/domain-member" xlink:from="loc_eba_NC" xlink:to="loc_eba_F42" order="58" />
    <link:loc xlink:type="locator" xlink:href="mem.xsd#eba_F43" xlink:label="loc_eba_F43" />
    <link:definitionArc xlink:type="arc" xlink:arcrole="http://xbrl.org/int/dim/arcrole/domain-member" xlink:from="loc_eba_NC" xlink:to="loc_eba_F43" order="59" />
    <link:loc xlink:type="locator" xlink:href="mem.xsd#eba_G45" xlink:label="loc_eba_G45" />
    <link:definitionArc xlink:type="arc" xlink:arcrole="http://xbrl.org/int/dim/arcrole/domain-member" xlink:from="loc_eba_NC" xlink:to="loc_eba_G45" order="60" />
    <link:loc xlink:type="locator" xlink:href="mem.xsd#eba_G46" xlink:label="loc_eba_G46" />
    <link:definitionArc xlink:type="arc" xlink:arcrole="http://xbrl.org/int/dim/arcrole/domain-member" xlink:from="loc_eba_NC" xlink:to="loc_eba_G46" order="61" />
    <link:loc xlink:type="locator" xlink:href="mem.xsd#eba_G47" xlink:label="loc_eba_G47" />
    <link:definitionArc xlink:type="arc" xlink:arcrole="http://xbrl.org/int/dim/arcrole/domain-member" xlink:from="loc_eba_NC" xlink:to="loc_eba_G47" order="62" />
    <link:loc xlink:type="locator" xlink:href="mem.xsd#eba_H49" xlink:label="loc_eba_H49" />
    <link:definitionArc xlink:type="arc" xlink:arcrole="http://xbrl.org/int/dim/arcrole/domain-member" xlink:from="loc_eba_NC" xlink:to="loc_eba_H49" order="63" />
    <link:loc xlink:type="locator" xlink:href="mem.xsd#eba_H50" xlink:label="loc_eba_H50" />
    <link:definitionArc xlink:type="arc" xlink:arcrole="http://xbrl.org/int/dim/arcrole/domain-member" xlink:from="loc_eba_NC" xlink:to="loc_eba_H50" order="64" />
    <link:loc xlink:type="locator" xlink:href="mem.xsd#eba_H51" xlink:label="loc_eba_H51" />
    <link:definitionArc xlink:type="arc" xlink:arcrole="http://xbrl.org/int/dim/arcrole/domain-member" xlink:from="loc_eba_NC" xlink:to="loc_eba_H51" order="65" />
    <link:loc xlink:type="locator" xlink:href="mem.xsd#eba_H52" xlink:label="loc_eba_H52" />
    <link:definitionArc xlink:type="arc" xlink:arcrole="http://xbrl.org/int/dim/arcrole/domain-member" xlink:from="loc_eba_NC" xlink:to="loc_eba_H52" order="66" />
    <link:loc xlink:type="locator" xlink:href="mem.xsd#eba_H53" xlink:label="loc_eba_H53" />
    <link:definitionArc xlink:type="arc" xlink:arcrole="http://xbrl.org/int/dim/arcrole/domain-member" xlink:from="loc_eba_NC" xlink:to="loc_eba_H53" order="67" />
    <link:loc xlink:type="locator" xlink:href="mem.xsd#eba_I55" xlink:label="loc_eba_I55" />
    <link:definitionArc xlink:type="arc" xlink:arcrole="http://xbrl.org/int/dim/arcrole/domain-member" xlink:from="loc_eba_NC" xlink:to="loc_eba_I55" order="68" />
    <link:loc xlink:type="locator" xlink:href="mem.xsd#eba_I56" xlink:label="loc_eba_I56" />
    <link:definitionArc xlink:type="arc" xlink:arcrole="http://xbrl.org/int/dim/arcrole/domain-member" xlink:from="loc_eba_NC" xlink:to="loc_eba_I56" order="69" />
    <link:loc xlink:type="locator" xlink:href="mem.xsd#eba_J58" xlink:label="loc_eba_J58" />
    <link:definitionArc xlink:type="arc" xlink:arcrole="http://xbrl.org/int/dim/arcrole/domain-member" xlink:from="loc_eba_NC" xlink:to="loc_eba_J58" order="70" />
    <link:loc xlink:type="locator" xlink:href="mem.xsd#eba_J59" xlink:label="loc_eba_J59" />
    <link:definitionArc xlink:type="arc" xlink:arcrole="http://xbrl.org/int/dim/arcrole/domain-member" xlink:from="loc_eba_NC" xlink:to="loc_eba_J59" order="71" />
    <link:loc xlink:type="locator" xlink:href="mem.xsd#eba_J60" xlink:label="loc_eba_J60" />
    <link:definitionArc xlink:type="arc" xlink:arcrole="http://xbrl.org/int/dim/arcrole/domain-member" xlink:from="loc_eba_NC" xlink:to="loc_eba_J60" order="72" />
    <link:loc xlink:type="locator" xlink:href="mem.xsd#eba_J61" xlink:label="loc_eba_J61" />
    <link:definitionArc xlink:type="arc" xlink:arcrole="http://xbrl.org/int/dim/arcrole/domain-member" xlink:from="loc_eba_NC" xlink:to="loc_eba_J61" order="73" />
    <link:loc xlink:type="locator" xlink:href="mem.xsd#eba_J62" xlink:label="loc_eba_J62" />
    <link:definitionArc xlink:type="arc" xlink:arcrole="http://xbrl.org/int/dim/arcrole/domain-member" xlink:from="loc_eba_NC" xlink:to="loc_eba_J62" order="74" />
    <link:loc xlink:type="locator" xlink:href="mem.xsd#eba_J63" xlink:label="loc_eba_J63" />
    <link:definitionArc xlink:type="arc" xlink:arcrole="http://xbrl.org/int/dim/arcrole/domain-member" xlink:from="loc_eba_NC" xlink:to="loc_eba_J63" order="75" />
    <link:loc xlink:type="locator" xlink:href="mem.xsd#eba_K64" xlink:label="loc_eba_K64" />
    <link:definitionArc xlink:type="arc" xlink:arcrole="http://xbrl.org/int/dim/arcrole/domain-member" xlink:from="loc_eba_NC" xlink:to="loc_eba_K64" order="76" />
    <link:loc xlink:type="locator" xlink:href="mem.xsd#eba_K65" xlink:label="loc_eba_K65" />
    <link:definitionArc xlink:type="arc" xlink:arcrole="http://xbrl.org/int/dim/arcrole/domain-member" xlink:from="loc_eba_NC" xlink:to="loc_eba_K65" order="77" />
    <link:loc xlink:type="locator" xlink:href="mem.xsd#eba_K66" xlink:label="loc_eba_K66" />
    <link:definitionArc xlink:type="arc" xlink:arcrole="http://xbrl.org/int/dim/arcrole/domain-member" xlink:from="loc_eba_NC" xlink:to="loc_eba_K66" order="78" />
    <link:loc xlink:type="locator" xlink:href="mem.xsd#eba_L68" xlink:label="loc_eba_L68" />
    <link:definitionArc xlink:type="arc" xlink:arcrole="http://xbrl.org/int/dim/arcrole/domain-member" xlink:from="loc_eba_NC" xlink:to="loc_eba_L68" order="79" />
    <link:loc xlink:type="locator" xlink:href="mem.xsd#eba_M69" xlink:label="loc_eba_M69" />
    <link:definitionArc xlink:type="arc" xlink:arcrole="http://xbrl.org/int/dim/arcrole/domain-member" xlink:from="loc_eba_NC" xlink:to="loc_eba_M69" order="80" />
    <link:loc xlink:type="locator" xlink:href="mem.xsd#eba_M70" xlink:label="loc_eba_M70" />
    <link:definitionArc xlink:type="arc" xlink:arcrole="http://xbrl.org/int/dim/arcrole/domain-member" xlink:from="loc_eba_NC" xlink:to="loc_eba_M70" order="81" />
    <link:loc xlink:type="locator" xlink:href="mem.xsd#eba_M71" xlink:label="loc_eba_M71" />
    <link:definitionArc xlink:type="arc" xlink:arcrole="http://xbrl.org/int/dim/arcrole/domain-member" xlink:from="loc_eba_NC" xlink:to="loc_eba_M71" order="82" />
    <link:loc xlink:type="locator" xlink:href="mem.xsd#eba_M72" xlink:label="loc_eba_M72" />
    <link:definitionArc xlink:type="arc" xlink:arcrole="http://xbrl.org/int/dim/arcrole/domain-member" xlink:from="loc_eba_NC" xlink:to="loc_eba_M72" order="83" />
    <link:loc xlink:type="locator" xlink:href="mem.xsd#eba_M73" xlink:label="loc_eba_M73" />
    <link:definitionArc xlink:type="arc" xlink:arcrole="http://xbrl.org/int/dim/arcrole/domain-member" xlink:from="loc_eba_NC" xlink:to="loc_eba_M73" order="84" />
    <link:loc xlink:type="locator" xlink:href="mem.xsd#eba_M74" xlink:label="loc_eba_M74" />
    <link:definitionArc xlink:type="arc" xlink:arcrole="http://xbrl.org/int/dim/arcrole/domain-member" xlink:from="loc_eba_NC" xlink:to="loc_eba_M74" order="85" />
    <link:loc xlink:type="locator" xlink:href="mem.xsd#eba_M75" xlink:label="loc_eba_M75" />
    <link:definitionArc xlink:type="arc" xlink:arcrole="http://xbrl.org/int/dim/arcrole/domain-member" xlink:from="loc_eba_NC" xlink:to="loc_eba_M75" order="86" />
    <link:loc xlink:type="locator" xlink:href="mem.xsd#eba_N77" xlink:label="loc_eba_N77" />
    <link:definitionArc xlink:type="arc" xlink:arcrole="http://xbrl.org/int/dim/arcrole/domain-member" xlink:from="loc_eba_NC" xlink:to="loc_eba_N77" order="87" />
    <link:loc xlink:type="locator" xlink:href="mem.xsd#eba_N78" xlink:label="loc_eba_N78" />
    <link:definitionArc xlink:type="arc" xlink:arcrole="http://xbrl.org/int/dim/arcrole/domain-member" xlink:from="loc_eba_NC" xlink:to="loc_eba_N78" order="88" />
    <link:loc xlink:type="locator" xlink:href="mem.xsd#eba_N79" xlink:label="loc_eba_N79" />
    <link:definitionArc xlink:type="arc" xlink:arcrole="http://xbrl.org/int/dim/arcrole/domain-member" xlink:from="loc_eba_NC" xlink:to="loc_eba_N79" order="89" />
    <link:loc xlink:type="locator" xlink:href="mem.xsd#eba_N80" xlink:label="loc_eba_N80" />
    <link:definitionArc xlink:type="arc" xlink:arcrole="http://xbrl.org/int/dim/arcrole/domain-member" xlink:from="loc_eba_NC" xlink:to="loc_eba_N80" order="90" />
    <link:loc xlink:type="locator" xlink:href="mem.xsd#eba_N81" xlink:label="loc_eba_N81" />
    <link:definitionArc xlink:type="arc" xlink:arcrole="http://xbrl.org/int/dim/arcrole/domain-member" xlink:from="loc_eba_NC" xlink:to="loc_eba_N81" order="91" />
    <link:loc xlink:type="locator" xlink:href="mem.xsd#eba_N82" xlink:label="loc_eba_N82" />
    <link:definitionArc xlink:type="arc" xlink:arcrole="http://xbrl.org/int/dim/arcrole/domain-member" xlink:from="loc_eba_NC" xlink:to="loc_eba_N82" order="92" />
    <link:loc xlink:type="locator" xlink:href="mem.xsd#eba_O84" xlink:label="loc_eba_O84" />
    <link:definitionArc xlink:type="arc" xlink:arcrole="http://xbrl.org/int/dim/arcrole/domain-member" xlink:from="loc_eba_NC" xlink:to="loc_eba_O84" order="93" />
    <link:loc xlink:type="locator" xlink:href="mem.xsd#eba_P85" xlink:label="loc_eba_P85" />
    <link:definitionArc xlink:type="arc" xlink:arcrole="http://xbrl.org/int/dim/arcrole/domain-member" xlink:from="loc_eba_NC" xlink:to="loc_eba_P85" order="94" />
    <link:loc xlink:type="locator" xlink:href="mem.xsd#eba_Q86" xlink:label="loc_eba_Q86" />
    <link:definitionArc xlink:type="arc" xlink:arcrole="http://xbrl.org/int/dim/arcrole/domain-member" xlink:from="loc_eba_NC" xlink:to="loc_eba_Q86" order="95" />
    <link:loc xlink:type="locator" xlink:href="mem.xsd#eba_Q87" xlink:label="loc_eba_Q87" />
    <link:definitionArc xlink:type="arc" xlink:arcrole="http://xbrl.org/int/dim/arcrole/domain-member" xlink:from="loc_eba_NC" xlink:to="loc_eba_Q87" order="96" />
    <link:loc xlink:type="locator" xlink:href="mem.xsd#eba_Q88" xlink:label="loc_eba_Q88" />
    <link:definitionArc xlink:type="arc" xlink:arcrole="http://xbrl.org/int/dim/arcrole/domain-member" xlink:from="loc_eba_NC" xlink:to="loc_eba_Q88" order="97" />
    <link:loc xlink:type="locator" xlink:href="mem.xsd#eba_R90" xlink:label="loc_eba_R90" />
    <link:definitionArc xlink:type="arc" xlink:arcrole="http://xbrl.org/int/dim/arcrole/domain-member" xlink:from="loc_eba_NC" xlink:to="loc_eba_R90" order="98" />
    <link:loc xlink:type="locator" xlink:href="mem.xsd#eba_R91" xlink:label="loc_eba_R91" />
    <link:definitionArc xlink:type="arc" xlink:arcrole="http://xbrl.org/int/dim/arcrole/domain-member" xlink:from="loc_eba_NC" xlink:to="loc_eba_R91" order="99" />
    <link:loc xlink:type="locator" xlink:href="mem.xsd#eba_R92" xlink:label="loc_eba_R92" />
    <link:definitionArc xlink:type="arc" xlink:arcrole="http://xbrl.org/int/dim/arcrole/domain-member" xlink:from="loc_eba_NC" xlink:to="loc_eba_R92" order="100" />
    <link:loc xlink:type="locator" xlink:href="mem.xsd#eba_R93" xlink:label="loc_eba_R93" />
    <link:definitionArc xlink:type="arc" xlink:arcrole="http://xbrl.org/int/dim/arcrole/domain-member" xlink:from="loc_eba_NC" xlink:to="loc_eba_R93" order="101" />
    <link:loc xlink:type="locator" xlink:href="mem.xsd#eba_S94" xlink:label="loc_eba_S94" />
    <link:definitionArc xlink:type="arc" xlink:arcrole="http://xbrl.org/int/dim/arcrole/domain-member" xlink:from="loc_eba_NC" xlink:to="loc_eba_S94" order="102" />
    <link:loc xlink:type="locator" xlink:href="mem.xsd#eba_S95" xlink:label="loc_eba_S95" />
    <link:definitionArc xlink:type="arc" xlink:arcrole="http://xbrl.org/int/dim/arcrole/domain-member" xlink:from="loc_eba_NC" xlink:to="loc_eba_S95" order="103" />
    <link:loc xlink:type="locator" xlink:href="mem.xsd#eba_S96" xlink:label="loc_eba_S96" />
    <link:definitionArc xlink:type="arc" xlink:arcrole="http://xbrl.org/int/dim/arcrole/domain-member" xlink:from="loc_eba_NC" xlink:to="loc_eba_S96" order="104" />
    <link:loc xlink:type="locator" xlink:href="mem.xsd#eba_T" xlink:label="loc_eba_T" />
    <link:definitionArc xlink:type="arc" xlink:arcrole="http://xbrl.org/int/dim/arcrole/domain-member" xlink:from="loc_eba_NC" xlink:to="loc_eba_T" order="105" />
    <link:loc xlink:type="locator" xlink:href="mem.xsd#eba_T97" xlink:label="loc_eba_T97" />
    <link:definitionArc xlink:type="arc" xlink:arcrole="http://xbrl.org/int/dim/arcrole/domain-member" xlink:from="loc_eba_NC" xlink:to="loc_eba_T97" order="106" />
    <link:loc xlink:type="locator" xlink:href="mem.xsd#eba_T98" xlink:label="loc_eba_T98" />
    <link:definitionArc xlink:type="arc" xlink:arcrole="http://xbrl.org/int/dim/arcrole/domain-member" xlink:from="loc_eba_NC" xlink:to="loc_eba_T98" order="107" />
    <link:loc xlink:type="locator" xlink:href="mem.xsd#eba_U" xlink:label="loc_eba_U" />
    <link:definitionArc xlink:type="arc" xlink:arcrole="http://xbrl.org/int/dim/arcrole/domain-member" xlink:from="loc_eba_NC" xlink:to="loc_eba_U" order="108" />
    <link:loc xlink:type="locator" xlink:href="mem.xsd#eba_U99" xlink:label="loc_eba_U99" />
    <link:definitionArc xlink:type="arc" xlink:arcrole="http://xbrl.org/int/dim/arcrole/domain-member" xlink:from="loc_eba_NC" xlink:to="loc_eba_U99" order="109" />
  </link:definitionLink>
</link:linkbase>