﻿<?xml version="1.0" encoding="utf-8"?>
<?taxonomy-version 2.0.0?>
<!--(C) EBA-->
<link:linkbase xmlns:xsi="http://www.w3.org/2001/XMLSchema-instance" xmlns:xlink="http://www.w3.org/1999/xlink" xmlns:link="http://www.xbrl.org/2003/linkbase" xsi:schemaLocation="http://www.xbrl.org/2003/linkbase http://www.xbrl.org/2003/xbrl-linkbase-2003-12-31.xsd">
  <link:roleRef roleURI="http://www.eba.europa.eu/xbrl/role/dpm-db-id" xlink:type="simple" xlink:href="http://www.eba.europa.eu/eu/fr/xbrl/ext/model.xsd#dpm-db-id" />
  <link:labelLink xlink:type="extended" xlink:role="http://www.xbrl.org/2003/role/link">
    <link:loc xlink:type="locator" xlink:href="mem.xsd#eba_x0" xlink:label="loc_eba_x0" />
    <link:label xlink:type="resource" xlink:label="label_eba_x0" xml:lang="en" xlink:role="http://www.eba.europa.eu/xbrl/role/dpm-db-id">3632</link:label>
    <link:labelArc xlink:type="arc" xlink:arcrole="http://www.xbrl.org/2003/arcrole/concept-label" xlink:from="loc_eba_x0" xlink:to="label_eba_x0" />
    <link:loc xlink:type="locator" xlink:href="mem.xsd#eba_A" xlink:label="loc_eba_A" />
    <link:label xlink:type="resource" xlink:label="label_eba_A" xml:lang="en" xlink:role="http://www.eba.europa.eu/xbrl/role/dpm-db-id">2455</link:label>
    <link:labelArc xlink:type="arc" xlink:arcrole="http://www.xbrl.org/2003/arcrole/concept-label" xlink:from="loc_eba_A" xlink:to="label_eba_A" />
    <link:loc xlink:type="locator" xlink:href="mem.xsd#eba_B" xlink:label="loc_eba_B" />
    <link:label xlink:type="resource" xlink:label="label_eba_B" xml:lang="en" xlink:role="http://www.eba.europa.eu/xbrl/role/dpm-db-id">2456</link:label>
    <link:labelArc xlink:type="arc" xlink:arcrole="http://www.xbrl.org/2003/arcrole/concept-label" xlink:from="loc_eba_B" xlink:to="label_eba_B" />
    <link:loc xlink:type="locator" xlink:href="mem.xsd#eba_C" xlink:label="loc_eba_C" />
    <link:label xlink:type="resource" xlink:label="label_eba_C" xml:lang="en" xlink:role="http://www.eba.europa.eu/xbrl/role/dpm-db-id">2457</link:label>
    <link:labelArc xlink:type="arc" xlink:arcrole="http://www.xbrl.org/2003/arcrole/concept-label" xlink:from="loc_eba_C" xlink:to="label_eba_C" />
    <link:loc xlink:type="locator" xlink:href="mem.xsd#eba_D" xlink:label="loc_eba_D" />
    <link:label xlink:type="resource" xlink:label="label_eba_D" xml:lang="en" xlink:role="http://www.eba.europa.eu/xbrl/role/dpm-db-id">2458</link:label>
    <link:labelArc xlink:type="arc" xlink:arcrole="http://www.xbrl.org/2003/arcrole/concept-label" xlink:from="loc_eba_D" xlink:to="label_eba_D" />
    <link:loc xlink:type="locator" xlink:href="mem.xsd#eba_E" xlink:label="loc_eba_E" />
    <link:label xlink:type="resource" xlink:label="label_eba_E" xml:lang="en" xlink:role="http://www.eba.europa.eu/xbrl/role/dpm-db-id">2459</link:label>
    <link:labelArc xlink:type="arc" xlink:arcrole="http://www.xbrl.org/2003/arcrole/concept-label" xlink:from="loc_eba_E" xlink:to="label_eba_E" />
    <link:loc xlink:type="locator" xlink:href="mem.xsd#eba_F" xlink:label="loc_eba_F" />
    <link:label xlink:type="resource" xlink:label="label_eba_F" xml:lang="en" xlink:role="http://www.eba.europa.eu/xbrl/role/dpm-db-id">2460</link:label>
    <link:labelArc xlink:type="arc" xlink:arcrole="http://www.xbrl.org/2003/arcrole/concept-label" xlink:from="loc_eba_F" xlink:to="label_eba_F" />
    <link:loc xlink:type="locator" xlink:href="mem.xsd#eba_G" xlink:label="loc_eba_G" />
    <link:label xlink:type="resource" xlink:label="label_eba_G" xml:lang="en" xlink:role="http://www.eba.europa.eu/xbrl/role/dpm-db-id">2461</link:label>
    <link:labelArc xlink:type="arc" xlink:arcrole="http://www.xbrl.org/2003/arcrole/concept-label" xlink:from="loc_eba_G" xlink:to="label_eba_G" />
    <link:loc xlink:type="locator" xlink:href="mem.xsd#eba_H" xlink:label="loc_eba_H" />
    <link:label xlink:type="resource" xlink:label="label_eba_H" xml:lang="en" xlink:role="http://www.eba.europa.eu/xbrl/role/dpm-db-id">2462</link:label>
    <link:labelArc xlink:type="arc" xlink:arcrole="http://www.xbrl.org/2003/arcrole/concept-label" xlink:from="loc_eba_H" xlink:to="label_eba_H" />
    <link:loc xlink:type="locator" xlink:href="mem.xsd#eba_I" xlink:label="loc_eba_I" />
    <link:label xlink:type="resource" xlink:label="label_eba_I" xml:lang="en" xlink:role="http://www.eba.europa.eu/xbrl/role/dpm-db-id">2463</link:label>
    <link:labelArc xlink:type="arc" xlink:arcrole="http://www.xbrl.org/2003/arcrole/concept-label" xlink:from="loc_eba_I" xlink:to="label_eba_I" />
    <link:loc xlink:type="locator" xlink:href="mem.xsd#eba_J" xlink:label="loc_eba_J" />
    <link:label xlink:type="resource" xlink:label="label_eba_J" xml:lang="en" xlink:role="http://www.eba.europa.eu/xbrl/role/dpm-db-id">2464</link:label>
    <link:labelArc xlink:type="arc" xlink:arcrole="http://www.xbrl.org/2003/arcrole/concept-label" xlink:from="loc_eba_J" xlink:to="label_eba_J" />
    <link:loc xlink:type="locator" xlink:href="mem.xsd#eba_L" xlink:label="loc_eba_L" />
    <link:label xlink:type="resource" xlink:label="label_eba_L" xml:lang="en" xlink:role="http://www.eba.europa.eu/xbrl/role/dpm-db-id">2465</link:label>
    <link:labelArc xlink:type="arc" xlink:arcrole="http://www.xbrl.org/2003/arcrole/concept-label" xlink:from="loc_eba_L" xlink:to="label_eba_L" />
    <link:loc xlink:type="locator" xlink:href="mem.xsd#eba_M" xlink:label="loc_eba_M" />
    <link:label xlink:type="resource" xlink:label="label_eba_M" xml:lang="en" xlink:role="http://www.eba.europa.eu/xbrl/role/dpm-db-id">2466</link:label>
    <link:labelArc xlink:type="arc" xlink:arcrole="http://www.xbrl.org/2003/arcrole/concept-label" xlink:from="loc_eba_M" xlink:to="label_eba_M" />
    <link:loc xlink:type="locator" xlink:href="mem.xsd#eba_N" xlink:label="loc_eba_N" />
    <link:label xlink:type="resource" xlink:label="label_eba_N" xml:lang="en" xlink:role="http://www.eba.europa.eu/xbrl/role/dpm-db-id">2467</link:label>
    <link:labelArc xlink:type="arc" xlink:arcrole="http://www.xbrl.org/2003/arcrole/concept-label" xlink:from="loc_eba_N" xlink:to="label_eba_N" />
    <link:loc xlink:type="locator" xlink:href="mem.xsd#eba_O" xlink:label="loc_eba_O" />
    <link:label xlink:type="resource" xlink:label="label_eba_O" xml:lang="en" xlink:role="http://www.eba.europa.eu/xbrl/role/dpm-db-id">2469</link:label>
    <link:labelArc xlink:type="arc" xlink:arcrole="http://www.xbrl.org/2003/arcrole/concept-label" xlink:from="loc_eba_O" xlink:to="label_eba_O" />
    <link:loc xlink:type="locator" xlink:href="mem.xsd#eba_P" xlink:label="loc_eba_P" />
    <link:label xlink:type="resource" xlink:label="label_eba_P" xml:lang="en" xlink:role="http://www.eba.europa.eu/xbrl/role/dpm-db-id">2470</link:label>
    <link:labelArc xlink:type="arc" xlink:arcrole="http://www.xbrl.org/2003/arcrole/concept-label" xlink:from="loc_eba_P" xlink:to="label_eba_P" />
    <link:loc xlink:type="locator" xlink:href="mem.xsd#eba_Q" xlink:label="loc_eba_Q" />
    <link:label xlink:type="resource" xlink:label="label_eba_Q" xml:lang="en" xlink:role="http://www.eba.europa.eu/xbrl/role/dpm-db-id">2471</link:label>
    <link:labelArc xlink:type="arc" xlink:arcrole="http://www.xbrl.org/2003/arcrole/concept-label" xlink:from="loc_eba_Q" xlink:to="label_eba_Q" />
    <link:loc xlink:type="locator" xlink:href="mem.xsd#eba_R" xlink:label="loc_eba_R" />
    <link:label xlink:type="resource" xlink:label="label_eba_R" xml:lang="en" xlink:role="http://www.eba.europa.eu/xbrl/role/dpm-db-id">2472</link:label>
    <link:labelArc xlink:type="arc" xlink:arcrole="http://www.xbrl.org/2003/arcrole/concept-label" xlink:from="loc_eba_R" xlink:to="label_eba_R" />
    <link:loc xlink:type="locator" xlink:href="mem.xsd#eba_S" xlink:label="loc_eba_S" />
    <link:label xlink:type="resource" xlink:label="label_eba_S" xml:lang="en" xlink:role="http://www.eba.europa.eu/xbrl/role/dpm-db-id">2473</link:label>
    <link:labelArc xlink:type="arc" xlink:arcrole="http://www.xbrl.org/2003/arcrole/concept-label" xlink:from="loc_eba_S" xlink:to="label_eba_S" />
    <link:loc xlink:type="locator" xlink:href="mem.xsd#eba_K" xlink:label="loc_eba_K" />
    <link:label xlink:type="resource" xlink:label="label_eba_K" xml:lang="en" xlink:role="http://www.eba.europa.eu/xbrl/role/dpm-db-id">3820</link:label>
    <link:labelArc xlink:type="arc" xlink:arcrole="http://www.xbrl.org/2003/arcrole/concept-label" xlink:from="loc_eba_K" xlink:to="label_eba_K" />
    <link:loc xlink:type="locator" xlink:href="mem.xsd#eba_A2" xlink:label="loc_eba_A2" />
    <link:label xlink:type="resource" xlink:label="label_eba_A2" xml:lang="en" xlink:role="http://www.eba.europa.eu/xbrl/role/dpm-db-id">4103</link:label>
    <link:labelArc xlink:type="arc" xlink:arcrole="http://www.xbrl.org/2003/arcrole/concept-label" xlink:from="loc_eba_A2" xlink:to="label_eba_A2" />
    <link:loc xlink:type="locator" xlink:href="mem.xsd#eba_A3" xlink:label="loc_eba_A3" />
    <link:label xlink:type="resource" xlink:label="label_eba_A3" xml:lang="en" xlink:role="http://www.eba.europa.eu/xbrl/role/dpm-db-id">4104</link:label>
    <link:labelArc xlink:type="arc" xlink:arcrole="http://www.xbrl.org/2003/arcrole/concept-label" xlink:from="loc_eba_A3" xlink:to="label_eba_A3" />
    <link:loc xlink:type="locator" xlink:href="mem.xsd#eba_B5" xlink:label="loc_eba_B5" />
    <link:label xlink:type="resource" xlink:label="label_eba_B5" xml:lang="en" xlink:role="http://www.eba.europa.eu/xbrl/role/dpm-db-id">4105</link:label>
    <link:labelArc xlink:type="arc" xlink:arcrole="http://www.xbrl.org/2003/arcrole/concept-label" xlink:from="loc_eba_B5" xlink:to="label_eba_B5" />
    <link:loc xlink:type="locator" xlink:href="mem.xsd#eba_B6" xlink:label="loc_eba_B6" />
    <link:label xlink:type="resource" xlink:label="label_eba_B6" xml:lang="en" xlink:role="http://www.eba.europa.eu/xbrl/role/dpm-db-id">4106</link:label>
    <link:labelArc xlink:type="arc" xlink:arcrole="http://www.xbrl.org/2003/arcrole/concept-label" xlink:from="loc_eba_B6" xlink:to="label_eba_B6" />
    <link:loc xlink:type="locator" xlink:href="mem.xsd#eba_B7" xlink:label="loc_eba_B7" />
    <link:label xlink:type="resource" xlink:label="label_eba_B7" xml:lang="en" xlink:role="http://www.eba.europa.eu/xbrl/role/dpm-db-id">4107</link:label>
    <link:labelArc xlink:type="arc" xlink:arcrole="http://www.xbrl.org/2003/arcrole/concept-label" xlink:from="loc_eba_B7" xlink:to="label_eba_B7" />
    <link:loc xlink:type="locator" xlink:href="mem.xsd#eba_B8" xlink:label="loc_eba_B8" />
    <link:label xlink:type="resource" xlink:label="label_eba_B8" xml:lang="en" xlink:role="http://www.eba.europa.eu/xbrl/role/dpm-db-id">4108</link:label>
    <link:labelArc xlink:type="arc" xlink:arcrole="http://www.xbrl.org/2003/arcrole/concept-label" xlink:from="loc_eba_B8" xlink:to="label_eba_B8" />
    <link:loc xlink:type="locator" xlink:href="mem.xsd#eba_B9" xlink:label="loc_eba_B9" />
    <link:label xlink:type="resource" xlink:label="label_eba_B9" xml:lang="en" xlink:role="http://www.eba.europa.eu/xbrl/role/dpm-db-id">4109</link:label>
    <link:labelArc xlink:type="arc" xlink:arcrole="http://www.xbrl.org/2003/arcrole/concept-label" xlink:from="loc_eba_B9" xlink:to="label_eba_B9" />
    <link:loc xlink:type="locator" xlink:href="mem.xsd#eba_C10" xlink:label="loc_eba_C10" />
    <link:label xlink:type="resource" xlink:label="label_eba_C10" xml:lang="en" xlink:role="http://www.eba.europa.eu/xbrl/role/dpm-db-id">4110</link:label>
    <link:labelArc xlink:type="arc" xlink:arcrole="http://www.xbrl.org/2003/arcrole/concept-label" xlink:from="loc_eba_C10" xlink:to="label_eba_C10" />
    <link:loc xlink:type="locator" xlink:href="mem.xsd#eba_C11" xlink:label="loc_eba_C11" />
    <link:label xlink:type="resource" xlink:label="label_eba_C11" xml:lang="en" xlink:role="http://www.eba.europa.eu/xbrl/role/dpm-db-id">4111</link:label>
    <link:labelArc xlink:type="arc" xlink:arcrole="http://www.xbrl.org/2003/arcrole/concept-label" xlink:from="loc_eba_C11" xlink:to="label_eba_C11" />
    <link:loc xlink:type="locator" xlink:href="mem.xsd#eba_C12" xlink:label="loc_eba_C12" />
    <link:label xlink:type="resource" xlink:label="label_eba_C12" xml:lang="en" xlink:role="http://www.eba.europa.eu/xbrl/role/dpm-db-id">4112</link:label>
    <link:labelArc xlink:type="arc" xlink:arcrole="http://www.xbrl.org/2003/arcrole/concept-label" xlink:from="loc_eba_C12" xlink:to="label_eba_C12" />
    <link:loc xlink:type="locator" xlink:href="mem.xsd#eba_C13" xlink:label="loc_eba_C13" />
    <link:label xlink:type="resource" xlink:label="label_eba_C13" xml:lang="en" xlink:role="http://www.eba.europa.eu/xbrl/role/dpm-db-id">4113</link:label>
    <link:labelArc xlink:type="arc" xlink:arcrole="http://www.xbrl.org/2003/arcrole/concept-label" xlink:from="loc_eba_C13" xlink:to="label_eba_C13" />
    <link:loc xlink:type="locator" xlink:href="mem.xsd#eba_C14" xlink:label="loc_eba_C14" />
    <link:label xlink:type="resource" xlink:label="label_eba_C14" xml:lang="en" xlink:role="http://www.eba.europa.eu/xbrl/role/dpm-db-id">4114</link:label>
    <link:labelArc xlink:type="arc" xlink:arcrole="http://www.xbrl.org/2003/arcrole/concept-label" xlink:from="loc_eba_C14" xlink:to="label_eba_C14" />
    <link:loc xlink:type="locator" xlink:href="mem.xsd#eba_C15" xlink:label="loc_eba_C15" />
    <link:label xlink:type="resource" xlink:label="label_eba_C15" xml:lang="en" xlink:role="http://www.eba.europa.eu/xbrl/role/dpm-db-id">4115</link:label>
    <link:labelArc xlink:type="arc" xlink:arcrole="http://www.xbrl.org/2003/arcrole/concept-label" xlink:from="loc_eba_C15" xlink:to="label_eba_C15" />
    <link:loc xlink:type="locator" xlink:href="mem.xsd#eba_C16" xlink:label="loc_eba_C16" />
    <link:label xlink:type="resource" xlink:label="label_eba_C16" xml:lang="en" xlink:role="http://www.eba.europa.eu/xbrl/role/dpm-db-id">4116</link:label>
    <link:labelArc xlink:type="arc" xlink:arcrole="http://www.xbrl.org/2003/arcrole/concept-label" xlink:from="loc_eba_C16" xlink:to="label_eba_C16" />
    <link:loc xlink:type="locator" xlink:href="mem.xsd#eba_C17" xlink:label="loc_eba_C17" />
    <link:label xlink:type="resource" xlink:label="label_eba_C17" xml:lang="en" xlink:role="http://www.eba.europa.eu/xbrl/role/dpm-db-id">4117</link:label>
    <link:labelArc xlink:type="arc" xlink:arcrole="http://www.xbrl.org/2003/arcrole/concept-label" xlink:from="loc_eba_C17" xlink:to="label_eba_C17" />
    <link:loc xlink:type="locator" xlink:href="mem.xsd#eba_C18" xlink:label="loc_eba_C18" />
    <link:label xlink:type="resource" xlink:label="label_eba_C18" xml:lang="en" xlink:role="http://www.eba.europa.eu/xbrl/role/dpm-db-id">4118</link:label>
    <link:labelArc xlink:type="arc" xlink:arcrole="http://www.xbrl.org/2003/arcrole/concept-label" xlink:from="loc_eba_C18" xlink:to="label_eba_C18" />
    <link:loc xlink:type="locator" xlink:href="mem.xsd#eba_C19" xlink:label="loc_eba_C19" />
    <link:label xlink:type="resource" xlink:label="label_eba_C19" xml:lang="en" xlink:role="http://www.eba.europa.eu/xbrl/role/dpm-db-id">4119</link:label>
    <link:labelArc xlink:type="arc" xlink:arcrole="http://www.xbrl.org/2003/arcrole/concept-label" xlink:from="loc_eba_C19" xlink:to="label_eba_C19" />
    <link:loc xlink:type="locator" xlink:href="mem.xsd#eba_C20" xlink:label="loc_eba_C20" />
    <link:label xlink:type="resource" xlink:label="label_eba_C20" xml:lang="en" xlink:role="http://www.eba.europa.eu/xbrl/role/dpm-db-id">4120</link:label>
    <link:labelArc xlink:type="arc" xlink:arcrole="http://www.xbrl.org/2003/arcrole/concept-label" xlink:from="loc_eba_C20" xlink:to="label_eba_C20" />
    <link:loc xlink:type="locator" xlink:href="mem.xsd#eba_C21" xlink:label="loc_eba_C21" />
    <link:label xlink:type="resource" xlink:label="label_eba_C21" xml:lang="en" xlink:role="http://www.eba.europa.eu/xbrl/role/dpm-db-id">4121</link:label>
    <link:labelArc xlink:type="arc" xlink:arcrole="http://www.xbrl.org/2003/arcrole/concept-label" xlink:from="loc_eba_C21" xlink:to="label_eba_C21" />
    <link:loc xlink:type="locator" xlink:href="mem.xsd#eba_C22" xlink:label="loc_eba_C22" />
    <link:label xlink:type="resource" xlink:label="label_eba_C22" xml:lang="en" xlink:role="http://www.eba.europa.eu/xbrl/role/dpm-db-id">4122</link:label>
    <link:labelArc xlink:type="arc" xlink:arcrole="http://www.xbrl.org/2003/arcrole/concept-label" xlink:from="loc_eba_C22" xlink:to="label_eba_C22" />
    <link:loc xlink:type="locator" xlink:href="mem.xsd#eba_C23" xlink:label="loc_eba_C23" />
    <link:label xlink:type="resource" xlink:label="label_eba_C23" xml:lang="en" xlink:role="http://www.eba.europa.eu/xbrl/role/dpm-db-id">4123</link:label>
    <link:labelArc xlink:type="arc" xlink:arcrole="http://www.xbrl.org/2003/arcrole/concept-label" xlink:from="loc_eba_C23" xlink:to="label_eba_C23" />
    <link:loc xlink:type="locator" xlink:href="mem.xsd#eba_C24" xlink:label="loc_eba_C24" />
    <link:label xlink:type="resource" xlink:label="label_eba_C24" xml:lang="en" xlink:role="http://www.eba.europa.eu/xbrl/role/dpm-db-id">4124</link:label>
    <link:labelArc xlink:type="arc" xlink:arcrole="http://www.xbrl.org/2003/arcrole/concept-label" xlink:from="loc_eba_C24" xlink:to="label_eba_C24" />
    <link:loc xlink:type="locator" xlink:href="mem.xsd#eba_C25" xlink:label="loc_eba_C25" />
    <link:label xlink:type="resource" xlink:label="label_eba_C25" xml:lang="en" xlink:role="http://www.eba.europa.eu/xbrl/role/dpm-db-id">4125</link:label>
    <link:labelArc xlink:type="arc" xlink:arcrole="http://www.xbrl.org/2003/arcrole/concept-label" xlink:from="loc_eba_C25" xlink:to="label_eba_C25" />
    <link:loc xlink:type="locator" xlink:href="mem.xsd#eba_C26" xlink:label="loc_eba_C26" />
    <link:label xlink:type="resource" xlink:label="label_eba_C26" xml:lang="en" xlink:role="http://www.eba.europa.eu/xbrl/role/dpm-db-id">4126</link:label>
    <link:labelArc xlink:type="arc" xlink:arcrole="http://www.xbrl.org/2003/arcrole/concept-label" xlink:from="loc_eba_C26" xlink:to="label_eba_C26" />
    <link:loc xlink:type="locator" xlink:href="mem.xsd#eba_C27" xlink:label="loc_eba_C27" />
    <link:label xlink:type="resource" xlink:label="label_eba_C27" xml:lang="en" xlink:role="http://www.eba.europa.eu/xbrl/role/dpm-db-id">4127</link:label>
    <link:labelArc xlink:type="arc" xlink:arcrole="http://www.xbrl.org/2003/arcrole/concept-label" xlink:from="loc_eba_C27" xlink:to="label_eba_C27" />
    <link:loc xlink:type="locator" xlink:href="mem.xsd#eba_C28" xlink:label="loc_eba_C28" />
    <link:label xlink:type="resource" xlink:label="label_eba_C28" xml:lang="en" xlink:role="http://www.eba.europa.eu/xbrl/role/dpm-db-id">4128</link:label>
    <link:labelArc xlink:type="arc" xlink:arcrole="http://www.xbrl.org/2003/arcrole/concept-label" xlink:from="loc_eba_C28" xlink:to="label_eba_C28" />
    <link:loc xlink:type="locator" xlink:href="mem.xsd#eba_C29" xlink:label="loc_eba_C29" />
    <link:label xlink:type="resource" xlink:label="label_eba_C29" xml:lang="en" xlink:role="http://www.eba.europa.eu/xbrl/role/dpm-db-id">4129</link:label>
    <link:labelArc xlink:type="arc" xlink:arcrole="http://www.xbrl.org/2003/arcrole/concept-label" xlink:from="loc_eba_C29" xlink:to="label_eba_C29" />
    <link:loc xlink:type="locator" xlink:href="mem.xsd#eba_C30" xlink:label="loc_eba_C30" />
    <link:label xlink:type="resource" xlink:label="label_eba_C30" xml:lang="en" xlink:role="http://www.eba.europa.eu/xbrl/role/dpm-db-id">4130</link:label>
    <link:labelArc xlink:type="arc" xlink:arcrole="http://www.xbrl.org/2003/arcrole/concept-label" xlink:from="loc_eba_C30" xlink:to="label_eba_C30" />
    <link:loc xlink:type="locator" xlink:href="mem.xsd#eba_C31" xlink:label="loc_eba_C31" />
    <link:label xlink:type="resource" xlink:label="label_eba_C31" xml:lang="en" xlink:role="http://www.eba.europa.eu/xbrl/role/dpm-db-id">4131</link:label>
    <link:labelArc xlink:type="arc" xlink:arcrole="http://www.xbrl.org/2003/arcrole/concept-label" xlink:from="loc_eba_C31" xlink:to="label_eba_C31" />
    <link:loc xlink:type="locator" xlink:href="mem.xsd#eba_C32" xlink:label="loc_eba_C32" />
    <link:label xlink:type="resource" xlink:label="label_eba_C32" xml:lang="en" xlink:role="http://www.eba.europa.eu/xbrl/role/dpm-db-id">4132</link:label>
    <link:labelArc xlink:type="arc" xlink:arcrole="http://www.xbrl.org/2003/arcrole/concept-label" xlink:from="loc_eba_C32" xlink:to="label_eba_C32" />
    <link:loc xlink:type="locator" xlink:href="mem.xsd#eba_C33" xlink:label="loc_eba_C33" />
    <link:label xlink:type="resource" xlink:label="label_eba_C33" xml:lang="en" xlink:role="http://www.eba.europa.eu/xbrl/role/dpm-db-id">4133</link:label>
    <link:labelArc xlink:type="arc" xlink:arcrole="http://www.xbrl.org/2003/arcrole/concept-label" xlink:from="loc_eba_C33" xlink:to="label_eba_C33" />
    <link:loc xlink:type="locator" xlink:href="mem.xsd#eba_D35" xlink:label="loc_eba_D35" />
    <link:label xlink:type="resource" xlink:label="label_eba_D35" xml:lang="en" xlink:role="http://www.eba.europa.eu/xbrl/role/dpm-db-id">4134</link:label>
    <link:labelArc xlink:type="arc" xlink:arcrole="http://www.xbrl.org/2003/arcrole/concept-label" xlink:from="loc_eba_D35" xlink:to="label_eba_D35" />
    <link:loc xlink:type="locator" xlink:href="mem.xsd#eba_E36" xlink:label="loc_eba_E36" />
    <link:label xlink:type="resource" xlink:label="label_eba_E36" xml:lang="en" xlink:role="http://www.eba.europa.eu/xbrl/role/dpm-db-id">4135</link:label>
    <link:labelArc xlink:type="arc" xlink:arcrole="http://www.xbrl.org/2003/arcrole/concept-label" xlink:from="loc_eba_E36" xlink:to="label_eba_E36" />
    <link:loc xlink:type="locator" xlink:href="mem.xsd#eba_E37" xlink:label="loc_eba_E37" />
    <link:label xlink:type="resource" xlink:label="label_eba_E37" xml:lang="en" xlink:role="http://www.eba.europa.eu/xbrl/role/dpm-db-id">4136</link:label>
    <link:labelArc xlink:type="arc" xlink:arcrole="http://www.xbrl.org/2003/arcrole/concept-label" xlink:from="loc_eba_E37" xlink:to="label_eba_E37" />
    <link:loc xlink:type="locator" xlink:href="mem.xsd#eba_E38" xlink:label="loc_eba_E38" />
    <link:label xlink:type="resource" xlink:label="label_eba_E38" xml:lang="en" xlink:role="http://www.eba.europa.eu/xbrl/role/dpm-db-id">4137</link:label>
    <link:labelArc xlink:type="arc" xlink:arcrole="http://www.xbrl.org/2003/arcrole/concept-label" xlink:from="loc_eba_E38" xlink:to="label_eba_E38" />
    <link:loc xlink:type="locator" xlink:href="mem.xsd#eba_E39" xlink:label="loc_eba_E39" />
    <link:label xlink:type="resource" xlink:label="label_eba_E39" xml:lang="en" xlink:role="http://www.eba.europa.eu/xbrl/role/dpm-db-id">4138</link:label>
    <link:labelArc xlink:type="arc" xlink:arcrole="http://www.xbrl.org/2003/arcrole/concept-label" xlink:from="loc_eba_E39" xlink:to="label_eba_E39" />
    <link:loc xlink:type="locator" xlink:href="mem.xsd#eba_F41" xlink:label="loc_eba_F41" />
    <link:label xlink:type="resource" xlink:label="label_eba_F41" xml:lang="en" xlink:role="http://www.eba.europa.eu/xbrl/role/dpm-db-id">4139</link:label>
    <link:labelArc xlink:type="arc" xlink:arcrole="http://www.xbrl.org/2003/arcrole/concept-label" xlink:from="loc_eba_F41" xlink:to="label_eba_F41" />
    <link:loc xlink:type="locator" xlink:href="mem.xsd#eba_F42" xlink:label="loc_eba_F42" />
    <link:label xlink:type="resource" xlink:label="label_eba_F42" xml:lang="en" xlink:role="http://www.eba.europa.eu/xbrl/role/dpm-db-id">4140</link:label>
    <link:labelArc xlink:type="arc" xlink:arcrole="http://www.xbrl.org/2003/arcrole/concept-label" xlink:from="loc_eba_F42" xlink:to="label_eba_F42" />
    <link:loc xlink:type="locator" xlink:href="mem.xsd#eba_F43" xlink:label="loc_eba_F43" />
    <link:label xlink:type="resource" xlink:label="label_eba_F43" xml:lang="en" xlink:role="http://www.eba.europa.eu/xbrl/role/dpm-db-id">4141</link:label>
    <link:labelArc xlink:type="arc" xlink:arcrole="http://www.xbrl.org/2003/arcrole/concept-label" xlink:from="loc_eba_F43" xlink:to="label_eba_F43" />
    <link:loc xlink:type="locator" xlink:href="mem.xsd#eba_G45" xlink:label="loc_eba_G45" />
    <link:label xlink:type="resource" xlink:label="label_eba_G45" xml:lang="en" xlink:role="http://www.eba.europa.eu/xbrl/role/dpm-db-id">4142</link:label>
    <link:labelArc xlink:type="arc" xlink:arcrole="http://www.xbrl.org/2003/arcrole/concept-label" xlink:from="loc_eba_G45" xlink:to="label_eba_G45" />
    <link:loc xlink:type="locator" xlink:href="mem.xsd#eba_G46" xlink:label="loc_eba_G46" />
    <link:label xlink:type="resource" xlink:label="label_eba_G46" xml:lang="en" xlink:role="http://www.eba.europa.eu/xbrl/role/dpm-db-id">4143</link:label>
    <link:labelArc xlink:type="arc" xlink:arcrole="http://www.xbrl.org/2003/arcrole/concept-label" xlink:from="loc_eba_G46" xlink:to="label_eba_G46" />
    <link:loc xlink:type="locator" xlink:href="mem.xsd#eba_G47" xlink:label="loc_eba_G47" />
    <link:label xlink:type="resource" xlink:label="label_eba_G47" xml:lang="en" xlink:role="http://www.eba.europa.eu/xbrl/role/dpm-db-id">4144</link:label>
    <link:labelArc xlink:type="arc" xlink:arcrole="http://www.xbrl.org/2003/arcrole/concept-label" xlink:from="loc_eba_G47" xlink:to="label_eba_G47" />
    <link:loc xlink:type="locator" xlink:href="mem.xsd#eba_H49" xlink:label="loc_eba_H49" />
    <link:label xlink:type="resource" xlink:label="label_eba_H49" xml:lang="en" xlink:role="http://www.eba.europa.eu/xbrl/role/dpm-db-id">4145</link:label>
    <link:labelArc xlink:type="arc" xlink:arcrole="http://www.xbrl.org/2003/arcrole/concept-label" xlink:from="loc_eba_H49" xlink:to="label_eba_H49" />
    <link:loc xlink:type="locator" xlink:href="mem.xsd#eba_H50" xlink:label="loc_eba_H50" />
    <link:label xlink:type="resource" xlink:label="label_eba_H50" xml:lang="en" xlink:role="http://www.eba.europa.eu/xbrl/role/dpm-db-id">4146</link:label>
    <link:labelArc xlink:type="arc" xlink:arcrole="http://www.xbrl.org/2003/arcrole/concept-label" xlink:from="loc_eba_H50" xlink:to="label_eba_H50" />
    <link:loc xlink:type="locator" xlink:href="mem.xsd#eba_H51" xlink:label="loc_eba_H51" />
    <link:label xlink:type="resource" xlink:label="label_eba_H51" xml:lang="en" xlink:role="http://www.eba.europa.eu/xbrl/role/dpm-db-id">4147</link:label>
    <link:labelArc xlink:type="arc" xlink:arcrole="http://www.xbrl.org/2003/arcrole/concept-label" xlink:from="loc_eba_H51" xlink:to="label_eba_H51" />
    <link:loc xlink:type="locator" xlink:href="mem.xsd#eba_H52" xlink:label="loc_eba_H52" />
    <link:label xlink:type="resource" xlink:label="label_eba_H52" xml:lang="en" xlink:role="http://www.eba.europa.eu/xbrl/role/dpm-db-id">4148</link:label>
    <link:labelArc xlink:type="arc" xlink:arcrole="http://www.xbrl.org/2003/arcrole/concept-label" xlink:from="loc_eba_H52" xlink:to="label_eba_H52" />
    <link:loc xlink:type="locator" xlink:href="mem.xsd#eba_H53" xlink:label="loc_eba_H53" />
    <link:label xlink:type="resource" xlink:label="label_eba_H53" xml:lang="en" xlink:role="http://www.eba.europa.eu/xbrl/role/dpm-db-id">4149</link:label>
    <link:labelArc xlink:type="arc" xlink:arcrole="http://www.xbrl.org/2003/arcrole/concept-label" xlink:from="loc_eba_H53" xlink:to="label_eba_H53" />
    <link:loc xlink:type="locator" xlink:href="mem.xsd#eba_I55" xlink:label="loc_eba_I55" />
    <link:label xlink:type="resource" xlink:label="label_eba_I55" xml:lang="en" xlink:role="http://www.eba.europa.eu/xbrl/role/dpm-db-id">4150</link:label>
    <link:labelArc xlink:type="arc" xlink:arcrole="http://www.xbrl.org/2003/arcrole/concept-label" xlink:from="loc_eba_I55" xlink:to="label_eba_I55" />
    <link:loc xlink:type="locator" xlink:href="mem.xsd#eba_I56" xlink:label="loc_eba_I56" />
    <link:label xlink:type="resource" xlink:label="label_eba_I56" xml:lang="en" xlink:role="http://www.eba.europa.eu/xbrl/role/dpm-db-id">4151</link:label>
    <link:labelArc xlink:type="arc" xlink:arcrole="http://www.xbrl.org/2003/arcrole/concept-label" xlink:from="loc_eba_I56" xlink:to="label_eba_I56" />
    <link:loc xlink:type="locator" xlink:href="mem.xsd#eba_J58" xlink:label="loc_eba_J58" />
    <link:label xlink:type="resource" xlink:label="label_eba_J58" xml:lang="en" xlink:role="http://www.eba.europa.eu/xbrl/role/dpm-db-id">4152</link:label>
    <link:labelArc xlink:type="arc" xlink:arcrole="http://www.xbrl.org/2003/arcrole/concept-label" xlink:from="loc_eba_J58" xlink:to="label_eba_J58" />
    <link:loc xlink:type="locator" xlink:href="mem.xsd#eba_J59" xlink:label="loc_eba_J59" />
    <link:label xlink:type="resource" xlink:label="label_eba_J59" xml:lang="en" xlink:role="http://www.eba.europa.eu/xbrl/role/dpm-db-id">4153</link:label>
    <link:labelArc xlink:type="arc" xlink:arcrole="http://www.xbrl.org/2003/arcrole/concept-label" xlink:from="loc_eba_J59" xlink:to="label_eba_J59" />
    <link:loc xlink:type="locator" xlink:href="mem.xsd#eba_J60" xlink:label="loc_eba_J60" />
    <link:label xlink:type="resource" xlink:label="label_eba_J60" xml:lang="en" xlink:role="http://www.eba.europa.eu/xbrl/role/dpm-db-id">4154</link:label>
    <link:labelArc xlink:type="arc" xlink:arcrole="http://www.xbrl.org/2003/arcrole/concept-label" xlink:from="loc_eba_J60" xlink:to="label_eba_J60" />
    <link:loc xlink:type="locator" xlink:href="mem.xsd#eba_J61" xlink:label="loc_eba_J61" />
    <link:label xlink:type="resource" xlink:label="label_eba_J61" xml:lang="en" xlink:role="http://www.eba.europa.eu/xbrl/role/dpm-db-id">4155</link:label>
    <link:labelArc xlink:type="arc" xlink:arcrole="http://www.xbrl.org/2003/arcrole/concept-label" xlink:from="loc_eba_J61" xlink:to="label_eba_J61" />
    <link:loc xlink:type="locator" xlink:href="mem.xsd#eba_J62" xlink:label="loc_eba_J62" />
    <link:label xlink:type="resource" xlink:label="label_eba_J62" xml:lang="en" xlink:role="http://www.eba.europa.eu/xbrl/role/dpm-db-id">4156</link:label>
    <link:labelArc xlink:type="arc" xlink:arcrole="http://www.xbrl.org/2003/arcrole/concept-label" xlink:from="loc_eba_J62" xlink:to="label_eba_J62" />
    <link:loc xlink:type="locator" xlink:href="mem.xsd#eba_J63" xlink:label="loc_eba_J63" />
    <link:label xlink:type="resource" xlink:label="label_eba_J63" xml:lang="en" xlink:role="http://www.eba.europa.eu/xbrl/role/dpm-db-id">4157</link:label>
    <link:labelArc xlink:type="arc" xlink:arcrole="http://www.xbrl.org/2003/arcrole/concept-label" xlink:from="loc_eba_J63" xlink:to="label_eba_J63" />
    <link:loc xlink:type="locator" xlink:href="mem.xsd#eba_K64" xlink:label="loc_eba_K64" />
    <link:label xlink:type="resource" xlink:label="label_eba_K64" xml:lang="en" xlink:role="http://www.eba.europa.eu/xbrl/role/dpm-db-id">4158</link:label>
    <link:labelArc xlink:type="arc" xlink:arcrole="http://www.xbrl.org/2003/arcrole/concept-label" xlink:from="loc_eba_K64" xlink:to="label_eba_K64" />
    <link:loc xlink:type="locator" xlink:href="mem.xsd#eba_K65" xlink:label="loc_eba_K65" />
    <link:label xlink:type="resource" xlink:label="label_eba_K65" xml:lang="en" xlink:role="http://www.eba.europa.eu/xbrl/role/dpm-db-id">4159</link:label>
    <link:labelArc xlink:type="arc" xlink:arcrole="http://www.xbrl.org/2003/arcrole/concept-label" xlink:from="loc_eba_K65" xlink:to="label_eba_K65" />
    <link:loc xlink:type="locator" xlink:href="mem.xsd#eba_K66" xlink:label="loc_eba_K66" />
    <link:label xlink:type="resource" xlink:label="label_eba_K66" xml:lang="en" xlink:role="http://www.eba.europa.eu/xbrl/role/dpm-db-id">4160</link:label>
    <link:labelArc xlink:type="arc" xlink:arcrole="http://www.xbrl.org/2003/arcrole/concept-label" xlink:from="loc_eba_K66" xlink:to="label_eba_K66" />
    <link:loc xlink:type="locator" xlink:href="mem.xsd#eba_L68" xlink:label="loc_eba_L68" />
    <link:label xlink:type="resource" xlink:label="label_eba_L68" xml:lang="en" xlink:role="http://www.eba.europa.eu/xbrl/role/dpm-db-id">4161</link:label>
    <link:labelArc xlink:type="arc" xlink:arcrole="http://www.xbrl.org/2003/arcrole/concept-label" xlink:from="loc_eba_L68" xlink:to="label_eba_L68" />
    <link:loc xlink:type="locator" xlink:href="mem.xsd#eba_M69" xlink:label="loc_eba_M69" />
    <link:label xlink:type="resource" xlink:label="label_eba_M69" xml:lang="en" xlink:role="http://www.eba.europa.eu/xbrl/role/dpm-db-id">4162</link:label>
    <link:labelArc xlink:type="arc" xlink:arcrole="http://www.xbrl.org/2003/arcrole/concept-label" xlink:from="loc_eba_M69" xlink:to="label_eba_M69" />
    <link:loc xlink:type="locator" xlink:href="mem.xsd#eba_M70" xlink:label="loc_eba_M70" />
    <link:label xlink:type="resource" xlink:label="label_eba_M70" xml:lang="en" xlink:role="http://www.eba.europa.eu/xbrl/role/dpm-db-id">4163</link:label>
    <link:labelArc xlink:type="arc" xlink:arcrole="http://www.xbrl.org/2003/arcrole/concept-label" xlink:from="loc_eba_M70" xlink:to="label_eba_M70" />
    <link:loc xlink:type="locator" xlink:href="mem.xsd#eba_M71" xlink:label="loc_eba_M71" />
    <link:label xlink:type="resource" xlink:label="label_eba_M71" xml:lang="en" xlink:role="http://www.eba.europa.eu/xbrl/role/dpm-db-id">4164</link:label>
    <link:labelArc xlink:type="arc" xlink:arcrole="http://www.xbrl.org/2003/arcrole/concept-label" xlink:from="loc_eba_M71" xlink:to="label_eba_M71" />
    <link:loc xlink:type="locator" xlink:href="mem.xsd#eba_M72" xlink:label="loc_eba_M72" />
    <link:label xlink:type="resource" xlink:label="label_eba_M72" xml:lang="en" xlink:role="http://www.eba.europa.eu/xbrl/role/dpm-db-id">4165</link:label>
    <link:labelArc xlink:type="arc" xlink:arcrole="http://www.xbrl.org/2003/arcrole/concept-label" xlink:from="loc_eba_M72" xlink:to="label_eba_M72" />
    <link:loc xlink:type="locator" xlink:href="mem.xsd#eba_M73" xlink:label="loc_eba_M73" />
    <link:label xlink:type="resource" xlink:label="label_eba_M73" xml:lang="en" xlink:role="http://www.eba.europa.eu/xbrl/role/dpm-db-id">4166</link:label>
    <link:labelArc xlink:type="arc" xlink:arcrole="http://www.xbrl.org/2003/arcrole/concept-label" xlink:from="loc_eba_M73" xlink:to="label_eba_M73" />
    <link:loc xlink:type="locator" xlink:href="mem.xsd#eba_M74" xlink:label="loc_eba_M74" />
    <link:label xlink:type="resource" xlink:label="label_eba_M74" xml:lang="en" xlink:role="http://www.eba.europa.eu/xbrl/role/dpm-db-id">4167</link:label>
    <link:labelArc xlink:type="arc" xlink:arcrole="http://www.xbrl.org/2003/arcrole/concept-label" xlink:from="loc_eba_M74" xlink:to="label_eba_M74" />
    <link:loc xlink:type="locator" xlink:href="mem.xsd#eba_M75" xlink:label="loc_eba_M75" />
    <link:label xlink:type="resource" xlink:label="label_eba_M75" xml:lang="en" xlink:role="http://www.eba.europa.eu/xbrl/role/dpm-db-id">4168</link:label>
    <link:labelArc xlink:type="arc" xlink:arcrole="http://www.xbrl.org/2003/arcrole/concept-label" xlink:from="loc_eba_M75" xlink:to="label_eba_M75" />
    <link:loc xlink:type="locator" xlink:href="mem.xsd#eba_N77" xlink:label="loc_eba_N77" />
    <link:label xlink:type="resource" xlink:label="label_eba_N77" xml:lang="en" xlink:role="http://www.eba.europa.eu/xbrl/role/dpm-db-id">4169</link:label>
    <link:labelArc xlink:type="arc" xlink:arcrole="http://www.xbrl.org/2003/arcrole/concept-label" xlink:from="loc_eba_N77" xlink:to="label_eba_N77" />
    <link:loc xlink:type="locator" xlink:href="mem.xsd#eba_N78" xlink:label="loc_eba_N78" />
    <link:label xlink:type="resource" xlink:label="label_eba_N78" xml:lang="en" xlink:role="http://www.eba.europa.eu/xbrl/role/dpm-db-id">4170</link:label>
    <link:labelArc xlink:type="arc" xlink:arcrole="http://www.xbrl.org/2003/arcrole/concept-label" xlink:from="loc_eba_N78" xlink:to="label_eba_N78" />
    <link:loc xlink:type="locator" xlink:href="mem.xsd#eba_N79" xlink:label="loc_eba_N79" />
    <link:label xlink:type="resource" xlink:label="label_eba_N79" xml:lang="en" xlink:role="http://www.eba.europa.eu/xbrl/role/dpm-db-id">4171</link:label>
    <link:labelArc xlink:type="arc" xlink:arcrole="http://www.xbrl.org/2003/arcrole/concept-label" xlink:from="loc_eba_N79" xlink:to="label_eba_N79" />
    <link:loc xlink:type="locator" xlink:href="mem.xsd#eba_N80" xlink:label="loc_eba_N80" />
    <link:label xlink:type="resource" xlink:label="label_eba_N80" xml:lang="en" xlink:role="http://www.eba.europa.eu/xbrl/role/dpm-db-id">4172</link:label>
    <link:labelArc xlink:type="arc" xlink:arcrole="http://www.xbrl.org/2003/arcrole/concept-label" xlink:from="loc_eba_N80" xlink:to="label_eba_N80" />
    <link:loc xlink:type="locator" xlink:href="mem.xsd#eba_N81" xlink:label="loc_eba_N81" />
    <link:label xlink:type="resource" xlink:label="label_eba_N81" xml:lang="en" xlink:role="http://www.eba.europa.eu/xbrl/role/dpm-db-id">4173</link:label>
    <link:labelArc xlink:type="arc" xlink:arcrole="http://www.xbrl.org/2003/arcrole/concept-label" xlink:from="loc_eba_N81" xlink:to="label_eba_N81" />
    <link:loc xlink:type="locator" xlink:href="mem.xsd#eba_N82" xlink:label="loc_eba_N82" />
    <link:label xlink:type="resource" xlink:label="label_eba_N82" xml:lang="en" xlink:role="http://www.eba.europa.eu/xbrl/role/dpm-db-id">4174</link:label>
    <link:labelArc xlink:type="arc" xlink:arcrole="http://www.xbrl.org/2003/arcrole/concept-label" xlink:from="loc_eba_N82" xlink:to="label_eba_N82" />
    <link:loc xlink:type="locator" xlink:href="mem.xsd#eba_O84" xlink:label="loc_eba_O84" />
    <link:label xlink:type="resource" xlink:label="label_eba_O84" xml:lang="en" xlink:role="http://www.eba.europa.eu/xbrl/role/dpm-db-id">4175</link:label>
    <link:labelArc xlink:type="arc" xlink:arcrole="http://www.xbrl.org/2003/arcrole/concept-label" xlink:from="loc_eba_O84" xlink:to="label_eba_O84" />
    <link:loc xlink:type="locator" xlink:href="mem.xsd#eba_P85" xlink:label="loc_eba_P85" />
    <link:label xlink:type="resource" xlink:label="label_eba_P85" xml:lang="en" xlink:role="http://www.eba.europa.eu/xbrl/role/dpm-db-id">4176</link:label>
    <link:labelArc xlink:type="arc" xlink:arcrole="http://www.xbrl.org/2003/arcrole/concept-label" xlink:from="loc_eba_P85" xlink:to="label_eba_P85" />
    <link:loc xlink:type="locator" xlink:href="mem.xsd#eba_Q86" xlink:label="loc_eba_Q86" />
    <link:label xlink:type="resource" xlink:label="label_eba_Q86" xml:lang="en" xlink:role="http://www.eba.europa.eu/xbrl/role/dpm-db-id">4177</link:label>
    <link:labelArc xlink:type="arc" xlink:arcrole="http://www.xbrl.org/2003/arcrole/concept-label" xlink:from="loc_eba_Q86" xlink:to="label_eba_Q86" />
    <link:loc xlink:type="locator" xlink:href="mem.xsd#eba_Q87" xlink:label="loc_eba_Q87" />
    <link:label xlink:type="resource" xlink:label="label_eba_Q87" xml:lang="en" xlink:role="http://www.eba.europa.eu/xbrl/role/dpm-db-id">4178</link:label>
    <link:labelArc xlink:type="arc" xlink:arcrole="http://www.xbrl.org/2003/arcrole/concept-label" xlink:from="loc_eba_Q87" xlink:to="label_eba_Q87" />
    <link:loc xlink:type="locator" xlink:href="mem.xsd#eba_Q88" xlink:label="loc_eba_Q88" />
    <link:label xlink:type="resource" xlink:label="label_eba_Q88" xml:lang="en" xlink:role="http://www.eba.europa.eu/xbrl/role/dpm-db-id">4179</link:label>
    <link:labelArc xlink:type="arc" xlink:arcrole="http://www.xbrl.org/2003/arcrole/concept-label" xlink:from="loc_eba_Q88" xlink:to="label_eba_Q88" />
    <link:loc xlink:type="locator" xlink:href="mem.xsd#eba_R90" xlink:label="loc_eba_R90" />
    <link:label xlink:type="resource" xlink:label="label_eba_R90" xml:lang="en" xlink:role="http://www.eba.europa.eu/xbrl/role/dpm-db-id">4180</link:label>
    <link:labelArc xlink:type="arc" xlink:arcrole="http://www.xbrl.org/2003/arcrole/concept-label" xlink:from="loc_eba_R90" xlink:to="label_eba_R90" />
    <link:loc xlink:type="locator" xlink:href="mem.xsd#eba_R91" xlink:label="loc_eba_R91" />
    <link:label xlink:type="resource" xlink:label="label_eba_R91" xml:lang="en" xlink:role="http://www.eba.europa.eu/xbrl/role/dpm-db-id">4181</link:label>
    <link:labelArc xlink:type="arc" xlink:arcrole="http://www.xbrl.org/2003/arcrole/concept-label" xlink:from="loc_eba_R91" xlink:to="label_eba_R91" />
    <link:loc xlink:type="locator" xlink:href="mem.xsd#eba_R92" xlink:label="loc_eba_R92" />
    <link:label xlink:type="resource" xlink:label="label_eba_R92" xml:lang="en" xlink:role="http://www.eba.europa.eu/xbrl/role/dpm-db-id">4182</link:label>
    <link:labelArc xlink:type="arc" xlink:arcrole="http://www.xbrl.org/2003/arcrole/concept-label" xlink:from="loc_eba_R92" xlink:to="label_eba_R92" />
    <link:loc xlink:type="locator" xlink:href="mem.xsd#eba_R93" xlink:label="loc_eba_R93" />
    <link:label xlink:type="resource" xlink:label="label_eba_R93" xml:lang="en" xlink:role="http://www.eba.europa.eu/xbrl/role/dpm-db-id">4183</link:label>
    <link:labelArc xlink:type="arc" xlink:arcrole="http://www.xbrl.org/2003/arcrole/concept-label" xlink:from="loc_eba_R93" xlink:to="label_eba_R93" />
    <link:loc xlink:type="locator" xlink:href="mem.xsd#eba_S94" xlink:label="loc_eba_S94" />
    <link:label xlink:type="resource" xlink:label="label_eba_S94" xml:lang="en" xlink:role="http://www.eba.europa.eu/xbrl/role/dpm-db-id">4184</link:label>
    <link:labelArc xlink:type="arc" xlink:arcrole="http://www.xbrl.org/2003/arcrole/concept-label" xlink:from="loc_eba_S94" xlink:to="label_eba_S94" />
    <link:loc xlink:type="locator" xlink:href="mem.xsd#eba_S95" xlink:label="loc_eba_S95" />
    <link:label xlink:type="resource" xlink:label="label_eba_S95" xml:lang="en" xlink:role="http://www.eba.europa.eu/xbrl/role/dpm-db-id">4185</link:label>
    <link:labelArc xlink:type="arc" xlink:arcrole="http://www.xbrl.org/2003/arcrole/concept-label" xlink:from="loc_eba_S95" xlink:to="label_eba_S95" />
    <link:loc xlink:type="locator" xlink:href="mem.xsd#eba_S96" xlink:label="loc_eba_S96" />
    <link:label xlink:type="resource" xlink:label="label_eba_S96" xml:lang="en" xlink:role="http://www.eba.europa.eu/xbrl/role/dpm-db-id">4186</link:label>
    <link:labelArc xlink:type="arc" xlink:arcrole="http://www.xbrl.org/2003/arcrole/concept-label" xlink:from="loc_eba_S96" xlink:to="label_eba_S96" />
    <link:loc xlink:type="locator" xlink:href="mem.xsd#eba_T" xlink:label="loc_eba_T" />
    <link:label xlink:type="resource" xlink:label="label_eba_T" xml:lang="en" xlink:role="http://www.eba.europa.eu/xbrl/role/dpm-db-id">4187</link:label>
    <link:labelArc xlink:type="arc" xlink:arcrole="http://www.xbrl.org/2003/arcrole/concept-label" xlink:from="loc_eba_T" xlink:to="label_eba_T" />
    <link:loc xlink:type="locator" xlink:href="mem.xsd#eba_T97" xlink:label="loc_eba_T97" />
    <link:label xlink:type="resource" xlink:label="label_eba_T97" xml:lang="en" xlink:role="http://www.eba.europa.eu/xbrl/role/dpm-db-id">4188</link:label>
    <link:labelArc xlink:type="arc" xlink:arcrole="http://www.xbrl.org/2003/arcrole/concept-label" xlink:from="loc_eba_T97" xlink:to="label_eba_T97" />
    <link:loc xlink:type="locator" xlink:href="mem.xsd#eba_T98" xlink:label="loc_eba_T98" />
    <link:label xlink:type="resource" xlink:label="label_eba_T98" xml:lang="en" xlink:role="http://www.eba.europa.eu/xbrl/role/dpm-db-id">4189</link:label>
    <link:labelArc xlink:type="arc" xlink:arcrole="http://www.xbrl.org/2003/arcrole/concept-label" xlink:from="loc_eba_T98" xlink:to="label_eba_T98" />
    <link:loc xlink:type="locator" xlink:href="mem.xsd#eba_U" xlink:label="loc_eba_U" />
    <link:label xlink:type="resource" xlink:label="label_eba_U" xml:lang="en" xlink:role="http://www.eba.europa.eu/xbrl/role/dpm-db-id">4190</link:label>
    <link:labelArc xlink:type="arc" xlink:arcrole="http://www.xbrl.org/2003/arcrole/concept-label" xlink:from="loc_eba_U" xlink:to="label_eba_U" />
    <link:loc xlink:type="locator" xlink:href="mem.xsd#eba_U99" xlink:label="loc_eba_U99" />
    <link:label xlink:type="resource" xlink:label="label_eba_U99" xml:lang="en" xlink:role="http://www.eba.europa.eu/xbrl/role/dpm-db-id">4191</link:label>
    <link:labelArc xlink:type="arc" xlink:arcrole="http://www.xbrl.org/2003/arcrole/concept-label" xlink:from="loc_eba_U99" xlink:to="label_eba_U99" />
  </link:labelLink>
</link:linkbase>