﻿<?xml version="1.0" encoding="utf-8"?>
<?taxonomy-version 2.0.0?>
<!--(C) EBA-->
<link:linkbase xmlns:xsi="http://www.w3.org/2001/XMLSchema-instance" xmlns:xlink="http://www.w3.org/1999/xlink" xmlns:link="http://www.xbrl.org/2003/linkbase" xmlns:gen="http://xbrl.org/2008/generic" xmlns:label="http://xbrl.org/2008/label" xsi:schemaLocation="http://www.xbrl.org/2003/linkbase http://www.xbrl.org/2003/xbrl-linkbase-2003-12-31.xsd http://xbrl.org/2008/generic http://www.xbrl.org/2008/generic-link.xsd http://xbrl.org/2008/label http://www.xbrl.org/2008/generic-label.xsd">
  <link:arcroleRef arcroleURI="http://xbrl.org/arcrole/2008/element-label" xlink:type="simple" xlink:href="http://www.xbrl.org/2008/generic-label.xsd#element-label" />
  <link:roleRef roleURI="http://www.xbrl.org/2008/role/label" xlink:type="simple" xlink:href="http://www.xbrl.org/2008/generic-label.xsd#standard-label" />
  <link:roleRef roleURI="http://www.xbrl.org/2008/role/verboseLabel" xlink:type="simple" xlink:href="http://www.xbrl.org/2008/generic-label.xsd#verbose-label" />
  <gen:link xlink:type="extended" xlink:role="http://www.xbrl.org/2003/role/link">
    <link:loc xlink:type="locator" xlink:href="c_28.00-rend.xml#eba_tC_28.00" xlink:label="loc_eba_tC_28.00" />
    <label:label xlink:type="resource" xlink:label="label_eba_tC_28.00" xml:lang="en" xlink:role="http://www.xbrl.org/2008/role/label">C 28.00 (LE 2)</label:label>
    <gen:arc xlink:type="arc" xlink:arcrole="http://xbrl.org/arcrole/2008/element-label" xlink:from="loc_eba_tC_28.00" xlink:to="label_eba_tC_28.00" />
    <label:label xlink:type="resource" xlink:label="label_eba_tC_28.00_1" xml:lang="en" xlink:role="http://www.xbrl.org/2008/role/verboseLabel">C 28.00 (LE 2) Exposures in the non-trading and trading book</label:label>
    <gen:arc xlink:type="arc" xlink:arcrole="http://xbrl.org/arcrole/2008/element-label" xlink:from="loc_eba_tC_28.00" xlink:to="label_eba_tC_28.00_1" />
    <link:loc xlink:type="locator" xlink:href="c_28.00-rend.xml#eba_a1" xlink:label="loc_eba_a1" />
    <label:label xlink:type="resource" xlink:label="label_eba_a1" xml:lang="en" xlink:role="http://www.xbrl.org/2008/role/label">Columns</label:label>
    <gen:arc xlink:type="arc" xlink:arcrole="http://xbrl.org/arcrole/2008/element-label" xlink:from="loc_eba_a1" xlink:to="label_eba_a1" />
    <link:loc xlink:type="locator" xlink:href="c_28.00-rend.xml#eba_c21014" xlink:label="loc_eba_c21014" />
    <label:label xlink:type="resource" xlink:label="label_eba_c21014" xml:lang="en" xlink:role="http://www.xbrl.org/2008/role/label">COUNTERPARTY</label:label>
    <gen:arc xlink:type="arc" xlink:arcrole="http://xbrl.org/arcrole/2008/element-label" xlink:from="loc_eba_c21014" xlink:to="label_eba_c21014" />
    <link:loc xlink:type="locator" xlink:href="c_28.00-rend.xml#eba_c21016" xlink:label="loc_eba_c21016" />
    <label:label xlink:type="resource" xlink:label="label_eba_c21016" xml:lang="en" xlink:role="http://www.xbrl.org/2008/role/label">Group or individual</label:label>
    <gen:arc xlink:type="arc" xlink:arcrole="http://xbrl.org/arcrole/2008/element-label" xlink:from="loc_eba_c21016" xlink:to="label_eba_c21016" />
    <link:loc xlink:type="locator" xlink:href="c_28.00-rend.xml#eba_c21017" xlink:label="loc_eba_c21017" />
    <label:label xlink:type="resource" xlink:label="label_eba_c21017" xml:lang="en" xlink:role="http://www.xbrl.org/2008/role/label">Transactions where there is an exposure to underlying assets</label:label>
    <gen:arc xlink:type="arc" xlink:arcrole="http://xbrl.org/arcrole/2008/element-label" xlink:from="loc_eba_c21017" xlink:to="label_eba_c21017" />
    <link:loc xlink:type="locator" xlink:href="c_28.00-rend.xml#eba_c21018" xlink:label="loc_eba_c21018" />
    <label:label xlink:type="resource" xlink:label="label_eba_c21018" xml:lang="en" xlink:role="http://www.xbrl.org/2008/role/label">ORIGINAL EXPOSURES</label:label>
    <gen:arc xlink:type="arc" xlink:arcrole="http://xbrl.org/arcrole/2008/element-label" xlink:from="loc_eba_c21018" xlink:to="label_eba_c21018" />
    <link:loc xlink:type="locator" xlink:href="c_28.00-rend.xml#eba_c21019" xlink:label="loc_eba_c21019" />
    <label:label xlink:type="resource" xlink:label="label_eba_c21019" xml:lang="en" xlink:role="http://www.xbrl.org/2008/role/label">Total original exposure</label:label>
    <gen:arc xlink:type="arc" xlink:arcrole="http://xbrl.org/arcrole/2008/element-label" xlink:from="loc_eba_c21019" xlink:to="label_eba_c21019" />
    <link:loc xlink:type="locator" xlink:href="c_28.00-rend.xml#eba_c21020" xlink:label="loc_eba_c21020" />
    <label:label xlink:type="resource" xlink:label="label_eba_c21020" xml:lang="en" xlink:role="http://www.xbrl.org/2008/role/label">Of which: defaulted</label:label>
    <gen:arc xlink:type="arc" xlink:arcrole="http://xbrl.org/arcrole/2008/element-label" xlink:from="loc_eba_c21020" xlink:to="label_eba_c21020" />
    <link:loc xlink:type="locator" xlink:href="c_28.00-rend.xml#eba_c21021" xlink:label="loc_eba_c21021" />
    <label:label xlink:type="resource" xlink:label="label_eba_c21021" xml:lang="en" xlink:role="http://www.xbrl.org/2008/role/label">Direct exposures</label:label>
    <gen:arc xlink:type="arc" xlink:arcrole="http://xbrl.org/arcrole/2008/element-label" xlink:from="loc_eba_c21021" xlink:to="label_eba_c21021" />
    <link:loc xlink:type="locator" xlink:href="c_28.00-rend.xml#eba_c21022" xlink:label="loc_eba_c21022" />
    <label:label xlink:type="resource" xlink:label="label_eba_c21022" xml:lang="en" xlink:role="http://www.xbrl.org/2008/role/label">Debt instruments</label:label>
    <gen:arc xlink:type="arc" xlink:arcrole="http://xbrl.org/arcrole/2008/element-label" xlink:from="loc_eba_c21022" xlink:to="label_eba_c21022" />
    <link:loc xlink:type="locator" xlink:href="c_28.00-rend.xml#eba_c21023" xlink:label="loc_eba_c21023" />
    <label:label xlink:type="resource" xlink:label="label_eba_c21023" xml:lang="en" xlink:role="http://www.xbrl.org/2008/role/label">Equity instruments</label:label>
    <gen:arc xlink:type="arc" xlink:arcrole="http://xbrl.org/arcrole/2008/element-label" xlink:from="loc_eba_c21023" xlink:to="label_eba_c21023" />
    <link:loc xlink:type="locator" xlink:href="c_28.00-rend.xml#eba_c21024" xlink:label="loc_eba_c21024" />
    <label:label xlink:type="resource" xlink:label="label_eba_c21024" xml:lang="en" xlink:role="http://www.xbrl.org/2008/role/label">Derivatives</label:label>
    <gen:arc xlink:type="arc" xlink:arcrole="http://xbrl.org/arcrole/2008/element-label" xlink:from="loc_eba_c21024" xlink:to="label_eba_c21024" />
    <link:loc xlink:type="locator" xlink:href="c_28.00-rend.xml#eba_c21025" xlink:label="loc_eba_c21025" />
    <label:label xlink:type="resource" xlink:label="label_eba_c21025" xml:lang="en" xlink:role="http://www.xbrl.org/2008/role/label">Off balance sheet items</label:label>
    <gen:arc xlink:type="arc" xlink:arcrole="http://xbrl.org/arcrole/2008/element-label" xlink:from="loc_eba_c21025" xlink:to="label_eba_c21025" />
    <link:loc xlink:type="locator" xlink:href="c_28.00-rend.xml#eba_c21026" xlink:label="loc_eba_c21026" />
    <label:label xlink:type="resource" xlink:label="label_eba_c21026" xml:lang="en" xlink:role="http://www.xbrl.org/2008/role/label">Loan commitments</label:label>
    <gen:arc xlink:type="arc" xlink:arcrole="http://xbrl.org/arcrole/2008/element-label" xlink:from="loc_eba_c21026" xlink:to="label_eba_c21026" />
    <link:loc xlink:type="locator" xlink:href="c_28.00-rend.xml#eba_c21027" xlink:label="loc_eba_c21027" />
    <label:label xlink:type="resource" xlink:label="label_eba_c21027" xml:lang="en" xlink:role="http://www.xbrl.org/2008/role/label">Financial guarantees</label:label>
    <gen:arc xlink:type="arc" xlink:arcrole="http://xbrl.org/arcrole/2008/element-label" xlink:from="loc_eba_c21027" xlink:to="label_eba_c21027" />
    <link:loc xlink:type="locator" xlink:href="c_28.00-rend.xml#eba_c21028" xlink:label="loc_eba_c21028" />
    <label:label xlink:type="resource" xlink:label="label_eba_c21028" xml:lang="en" xlink:role="http://www.xbrl.org/2008/role/label">Other commitments</label:label>
    <gen:arc xlink:type="arc" xlink:arcrole="http://xbrl.org/arcrole/2008/element-label" xlink:from="loc_eba_c21028" xlink:to="label_eba_c21028" />
    <link:loc xlink:type="locator" xlink:href="c_28.00-rend.xml#eba_c21029" xlink:label="loc_eba_c21029" />
    <label:label xlink:type="resource" xlink:label="label_eba_c21029" xml:lang="en" xlink:role="http://www.xbrl.org/2008/role/label">Indirect exposures</label:label>
    <gen:arc xlink:type="arc" xlink:arcrole="http://xbrl.org/arcrole/2008/element-label" xlink:from="loc_eba_c21029" xlink:to="label_eba_c21029" />
    <link:loc xlink:type="locator" xlink:href="c_28.00-rend.xml#eba_c21030" xlink:label="loc_eba_c21030" />
    <label:label xlink:type="resource" xlink:label="label_eba_c21030" xml:lang="en" xlink:role="http://www.xbrl.org/2008/role/label">Debt instruments</label:label>
    <gen:arc xlink:type="arc" xlink:arcrole="http://xbrl.org/arcrole/2008/element-label" xlink:from="loc_eba_c21030" xlink:to="label_eba_c21030" />
    <link:loc xlink:type="locator" xlink:href="c_28.00-rend.xml#eba_c21031" xlink:label="loc_eba_c21031" />
    <label:label xlink:type="resource" xlink:label="label_eba_c21031" xml:lang="en" xlink:role="http://www.xbrl.org/2008/role/label">Equity instruments</label:label>
    <gen:arc xlink:type="arc" xlink:arcrole="http://xbrl.org/arcrole/2008/element-label" xlink:from="loc_eba_c21031" xlink:to="label_eba_c21031" />
    <link:loc xlink:type="locator" xlink:href="c_28.00-rend.xml#eba_c21032" xlink:label="loc_eba_c21032" />
    <label:label xlink:type="resource" xlink:label="label_eba_c21032" xml:lang="en" xlink:role="http://www.xbrl.org/2008/role/label">Derivatives</label:label>
    <gen:arc xlink:type="arc" xlink:arcrole="http://xbrl.org/arcrole/2008/element-label" xlink:from="loc_eba_c21032" xlink:to="label_eba_c21032" />
    <link:loc xlink:type="locator" xlink:href="c_28.00-rend.xml#eba_c21033" xlink:label="loc_eba_c21033" />
    <label:label xlink:type="resource" xlink:label="label_eba_c21033" xml:lang="en" xlink:role="http://www.xbrl.org/2008/role/label">Off balance sheet items</label:label>
    <gen:arc xlink:type="arc" xlink:arcrole="http://xbrl.org/arcrole/2008/element-label" xlink:from="loc_eba_c21033" xlink:to="label_eba_c21033" />
    <link:loc xlink:type="locator" xlink:href="c_28.00-rend.xml#eba_c21034" xlink:label="loc_eba_c21034" />
    <label:label xlink:type="resource" xlink:label="label_eba_c21034" xml:lang="en" xlink:role="http://www.xbrl.org/2008/role/label">Loan commitments</label:label>
    <gen:arc xlink:type="arc" xlink:arcrole="http://xbrl.org/arcrole/2008/element-label" xlink:from="loc_eba_c21034" xlink:to="label_eba_c21034" />
    <link:loc xlink:type="locator" xlink:href="c_28.00-rend.xml#eba_c21035" xlink:label="loc_eba_c21035" />
    <label:label xlink:type="resource" xlink:label="label_eba_c21035" xml:lang="en" xlink:role="http://www.xbrl.org/2008/role/label">Financial guarantees</label:label>
    <gen:arc xlink:type="arc" xlink:arcrole="http://xbrl.org/arcrole/2008/element-label" xlink:from="loc_eba_c21035" xlink:to="label_eba_c21035" />
    <link:loc xlink:type="locator" xlink:href="c_28.00-rend.xml#eba_c21036" xlink:label="loc_eba_c21036" />
    <label:label xlink:type="resource" xlink:label="label_eba_c21036" xml:lang="en" xlink:role="http://www.xbrl.org/2008/role/label">Other commitments</label:label>
    <gen:arc xlink:type="arc" xlink:arcrole="http://xbrl.org/arcrole/2008/element-label" xlink:from="loc_eba_c21036" xlink:to="label_eba_c21036" />
    <link:loc xlink:type="locator" xlink:href="c_28.00-rend.xml#eba_c21037" xlink:label="loc_eba_c21037" />
    <label:label xlink:type="resource" xlink:label="label_eba_c21037" xml:lang="en" xlink:role="http://www.xbrl.org/2008/role/label">Additional exposures arising from transactions where there is an exposure to underlying assets</label:label>
    <gen:arc xlink:type="arc" xlink:arcrole="http://xbrl.org/arcrole/2008/element-label" xlink:from="loc_eba_c21037" xlink:to="label_eba_c21037" />
    <link:loc xlink:type="locator" xlink:href="c_28.00-rend.xml#eba_c21038" xlink:label="loc_eba_c21038" />
    <label:label xlink:type="resource" xlink:label="label_eba_c21038" xml:lang="en" xlink:role="http://www.xbrl.org/2008/role/label">(-) Value adjustments and provisions</label:label>
    <gen:arc xlink:type="arc" xlink:arcrole="http://xbrl.org/arcrole/2008/element-label" xlink:from="loc_eba_c21038" xlink:to="label_eba_c21038" />
    <link:loc xlink:type="locator" xlink:href="c_28.00-rend.xml#eba_c21039" xlink:label="loc_eba_c21039" />
    <label:label xlink:type="resource" xlink:label="label_eba_c21039" xml:lang="en" xlink:role="http://www.xbrl.org/2008/role/label">(-) Exposures deducted from own funds</label:label>
    <gen:arc xlink:type="arc" xlink:arcrole="http://xbrl.org/arcrole/2008/element-label" xlink:from="loc_eba_c21039" xlink:to="label_eba_c21039" />
    <link:loc xlink:type="locator" xlink:href="c_28.00-rend.xml#eba_c21040" xlink:label="loc_eba_c21040" />
    <label:label xlink:type="resource" xlink:label="label_eba_c21040" xml:lang="en" xlink:role="http://www.xbrl.org/2008/role/label">Exposure value before application of exemptions and CRM</label:label>
    <gen:arc xlink:type="arc" xlink:arcrole="http://xbrl.org/arcrole/2008/element-label" xlink:from="loc_eba_c21040" xlink:to="label_eba_c21040" />
    <link:loc xlink:type="locator" xlink:href="c_28.00-rend.xml#eba_c21041" xlink:label="loc_eba_c21041" />
    <label:label xlink:type="resource" xlink:label="label_eba_c21041" xml:lang="en" xlink:role="http://www.xbrl.org/2008/role/label">Total</label:label>
    <gen:arc xlink:type="arc" xlink:arcrole="http://xbrl.org/arcrole/2008/element-label" xlink:from="loc_eba_c21041" xlink:to="label_eba_c21041" />
    <link:loc xlink:type="locator" xlink:href="c_28.00-rend.xml#eba_c21042" xlink:label="loc_eba_c21042" />
    <label:label xlink:type="resource" xlink:label="label_eba_c21042" xml:lang="en" xlink:role="http://www.xbrl.org/2008/role/label">Of which: Non-trading book</label:label>
    <gen:arc xlink:type="arc" xlink:arcrole="http://xbrl.org/arcrole/2008/element-label" xlink:from="loc_eba_c21042" xlink:to="label_eba_c21042" />
    <link:loc xlink:type="locator" xlink:href="c_28.00-rend.xml#eba_c21043" xlink:label="loc_eba_c21043" />
    <label:label xlink:type="resource" xlink:label="label_eba_c21043" xml:lang="en" xlink:role="http://www.xbrl.org/2008/role/label">% of eligible capital</label:label>
    <gen:arc xlink:type="arc" xlink:arcrole="http://xbrl.org/arcrole/2008/element-label" xlink:from="loc_eba_c21043" xlink:to="label_eba_c21043" />
    <link:loc xlink:type="locator" xlink:href="c_28.00-rend.xml#eba_c21044" xlink:label="loc_eba_c21044" />
    <label:label xlink:type="resource" xlink:label="label_eba_c21044" xml:lang="en" xlink:role="http://www.xbrl.org/2008/role/label">ELIGIBLE CREDIT RISK MITIGATION (CRM) TECHNIQUES</label:label>
    <gen:arc xlink:type="arc" xlink:arcrole="http://xbrl.org/arcrole/2008/element-label" xlink:from="loc_eba_c21044" xlink:to="label_eba_c21044" />
    <link:loc xlink:type="locator" xlink:href="c_28.00-rend.xml#eba_c21045" xlink:label="loc_eba_c21045" />
    <label:label xlink:type="resource" xlink:label="label_eba_c21045" xml:lang="en" xlink:role="http://www.xbrl.org/2008/role/label">(-) Substitution effect of eligible credit risk mitigation techniques</label:label>
    <gen:arc xlink:type="arc" xlink:arcrole="http://xbrl.org/arcrole/2008/element-label" xlink:from="loc_eba_c21045" xlink:to="label_eba_c21045" />
    <link:loc xlink:type="locator" xlink:href="c_28.00-rend.xml#eba_c21046" xlink:label="loc_eba_c21046" />
    <label:label xlink:type="resource" xlink:label="label_eba_c21046" xml:lang="en" xlink:role="http://www.xbrl.org/2008/role/label">(-) Debt instruments</label:label>
    <gen:arc xlink:type="arc" xlink:arcrole="http://xbrl.org/arcrole/2008/element-label" xlink:from="loc_eba_c21046" xlink:to="label_eba_c21046" />
    <link:loc xlink:type="locator" xlink:href="c_28.00-rend.xml#eba_c21047" xlink:label="loc_eba_c21047" />
    <label:label xlink:type="resource" xlink:label="label_eba_c21047" xml:lang="en" xlink:role="http://www.xbrl.org/2008/role/label">(-) Equity instruments</label:label>
    <gen:arc xlink:type="arc" xlink:arcrole="http://xbrl.org/arcrole/2008/element-label" xlink:from="loc_eba_c21047" xlink:to="label_eba_c21047" />
    <link:loc xlink:type="locator" xlink:href="c_28.00-rend.xml#eba_c21048" xlink:label="loc_eba_c21048" />
    <label:label xlink:type="resource" xlink:label="label_eba_c21048" xml:lang="en" xlink:role="http://www.xbrl.org/2008/role/label">(-) Derivatives</label:label>
    <gen:arc xlink:type="arc" xlink:arcrole="http://xbrl.org/arcrole/2008/element-label" xlink:from="loc_eba_c21048" xlink:to="label_eba_c21048" />
    <link:loc xlink:type="locator" xlink:href="c_28.00-rend.xml#eba_c21049" xlink:label="loc_eba_c21049" />
    <label:label xlink:type="resource" xlink:label="label_eba_c21049" xml:lang="en" xlink:role="http://www.xbrl.org/2008/role/label">(-) Off balance sheet items</label:label>
    <gen:arc xlink:type="arc" xlink:arcrole="http://xbrl.org/arcrole/2008/element-label" xlink:from="loc_eba_c21049" xlink:to="label_eba_c21049" />
    <link:loc xlink:type="locator" xlink:href="c_28.00-rend.xml#eba_c21050" xlink:label="loc_eba_c21050" />
    <label:label xlink:type="resource" xlink:label="label_eba_c21050" xml:lang="en" xlink:role="http://www.xbrl.org/2008/role/label">(-) Loan commitments</label:label>
    <gen:arc xlink:type="arc" xlink:arcrole="http://xbrl.org/arcrole/2008/element-label" xlink:from="loc_eba_c21050" xlink:to="label_eba_c21050" />
    <link:loc xlink:type="locator" xlink:href="c_28.00-rend.xml#eba_c21051" xlink:label="loc_eba_c21051" />
    <label:label xlink:type="resource" xlink:label="label_eba_c21051" xml:lang="en" xlink:role="http://www.xbrl.org/2008/role/label">(-) Financial Guarantees</label:label>
    <gen:arc xlink:type="arc" xlink:arcrole="http://xbrl.org/arcrole/2008/element-label" xlink:from="loc_eba_c21051" xlink:to="label_eba_c21051" />
    <link:loc xlink:type="locator" xlink:href="c_28.00-rend.xml#eba_c21052" xlink:label="loc_eba_c21052" />
    <label:label xlink:type="resource" xlink:label="label_eba_c21052" xml:lang="en" xlink:role="http://www.xbrl.org/2008/role/label">(-) Other commitments</label:label>
    <gen:arc xlink:type="arc" xlink:arcrole="http://xbrl.org/arcrole/2008/element-label" xlink:from="loc_eba_c21052" xlink:to="label_eba_c21052" />
    <link:loc xlink:type="locator" xlink:href="c_28.00-rend.xml#eba_c21053" xlink:label="loc_eba_c21053" />
    <label:label xlink:type="resource" xlink:label="label_eba_c21053" xml:lang="en" xlink:role="http://www.xbrl.org/2008/role/label">(-) Funded credit protection other than substitution effect</label:label>
    <gen:arc xlink:type="arc" xlink:arcrole="http://xbrl.org/arcrole/2008/element-label" xlink:from="loc_eba_c21053" xlink:to="label_eba_c21053" />
    <link:loc xlink:type="locator" xlink:href="c_28.00-rend.xml#eba_c21054" xlink:label="loc_eba_c21054" />
    <label:label xlink:type="resource" xlink:label="label_eba_c21054" xml:lang="en" xlink:role="http://www.xbrl.org/2008/role/label">(-) Real estate</label:label>
    <gen:arc xlink:type="arc" xlink:arcrole="http://xbrl.org/arcrole/2008/element-label" xlink:from="loc_eba_c21054" xlink:to="label_eba_c21054" />
    <link:loc xlink:type="locator" xlink:href="c_28.00-rend.xml#eba_c21055" xlink:label="loc_eba_c21055" />
    <label:label xlink:type="resource" xlink:label="label_eba_c21055" xml:lang="en" xlink:role="http://www.xbrl.org/2008/role/label">(-) Amounts exempted</label:label>
    <gen:arc xlink:type="arc" xlink:arcrole="http://xbrl.org/arcrole/2008/element-label" xlink:from="loc_eba_c21055" xlink:to="label_eba_c21055" />
    <link:loc xlink:type="locator" xlink:href="c_28.00-rend.xml#eba_c21056" xlink:label="loc_eba_c21056" />
    <label:label xlink:type="resource" xlink:label="label_eba_c21056" xml:lang="en" xlink:role="http://www.xbrl.org/2008/role/label">Exposure value after application of exemptions and CRM</label:label>
    <gen:arc xlink:type="arc" xlink:arcrole="http://xbrl.org/arcrole/2008/element-label" xlink:from="loc_eba_c21056" xlink:to="label_eba_c21056" />
    <link:loc xlink:type="locator" xlink:href="c_28.00-rend.xml#eba_c21057" xlink:label="loc_eba_c21057" />
    <label:label xlink:type="resource" xlink:label="label_eba_c21057" xml:lang="en" xlink:role="http://www.xbrl.org/2008/role/label">Total</label:label>
    <gen:arc xlink:type="arc" xlink:arcrole="http://xbrl.org/arcrole/2008/element-label" xlink:from="loc_eba_c21057" xlink:to="label_eba_c21057" />
    <link:loc xlink:type="locator" xlink:href="c_28.00-rend.xml#eba_c21058" xlink:label="loc_eba_c21058" />
    <label:label xlink:type="resource" xlink:label="label_eba_c21058" xml:lang="en" xlink:role="http://www.xbrl.org/2008/role/label">Of which: Non-trading book</label:label>
    <gen:arc xlink:type="arc" xlink:arcrole="http://xbrl.org/arcrole/2008/element-label" xlink:from="loc_eba_c21058" xlink:to="label_eba_c21058" />
    <link:loc xlink:type="locator" xlink:href="c_28.00-rend.xml#eba_c21059" xlink:label="loc_eba_c21059" />
    <label:label xlink:type="resource" xlink:label="label_eba_c21059" xml:lang="en" xlink:role="http://www.xbrl.org/2008/role/label">% of eligible capital</label:label>
    <gen:arc xlink:type="arc" xlink:arcrole="http://xbrl.org/arcrole/2008/element-label" xlink:from="loc_eba_c21059" xlink:to="label_eba_c21059" />
    <link:loc xlink:type="locator" xlink:href="c_28.00-rend.xml#eba_a2" xlink:label="loc_eba_a2" />
    <label:label xlink:type="resource" xlink:label="label_eba_a2" xml:lang="en" xlink:role="http://www.xbrl.org/2008/role/label">Code</label:label>
    <gen:arc xlink:type="arc" xlink:arcrole="http://xbrl.org/arcrole/2008/element-label" xlink:from="loc_eba_a2" xlink:to="label_eba_a2" />
  </gen:link>
</link:linkbase>