﻿<?xml version="1.0" encoding="utf-8"?>
<?taxonomy-version 2.0.1?>
<!--(C) EBA-->
<link:linkbase xmlns:xsi="http://www.w3.org/2001/XMLSchema-instance" xmlns:xlink="http://www.w3.org/1999/xlink" xmlns:link="http://www.xbrl.org/2003/linkbase" xmlns:gen="http://xbrl.org/2008/generic" xmlns:label="http://xbrl.org/2008/label" xsi:schemaLocation="http://www.xbrl.org/2003/linkbase http://www.xbrl.org/2003/xbrl-linkbase-2003-12-31.xsd http://xbrl.org/2008/generic http://www.xbrl.org/2008/generic-link.xsd http://xbrl.org/2008/label http://www.xbrl.org/2008/generic-label.xsd">
  <link:arcroleRef arcroleURI="http://xbrl.org/arcrole/2008/element-label" xlink:type="simple" xlink:href="http://www.xbrl.org/2008/generic-label.xsd#element-label" />
  <link:roleRef roleURI="http://www.eba.europa.eu/xbrl/role/dpm-db-id" xlink:type="simple" xlink:href="http://www.eba.europa.eu/eu/fr/xbrl/ext/model.xsd#dpm-db-id" />
  <link:roleRef roleURI="http://www.eurofiling.info/xbrl/role/filing-indicator-code" xlink:type="simple" xlink:href="http://www.eurofiling.info/eu/fr/xbrl/ext/model.xsd#filing-indicator-code" />
  <link:roleRef roleURI="http://www.eurofiling.info/xbrl/role/rc-code" xlink:type="simple" xlink:href="http://www.eurofiling.info/eu/fr/xbrl/ext/model.xsd#rc-code" />
  <gen:link xlink:type="extended" xlink:role="http://www.xbrl.org/2003/role/link">
    <link:loc xlink:type="locator" xlink:href="c_28.00-rend.xml#eba_tC_28.00" xlink:label="loc_eba_tC_28.00" />
    <label:label xlink:type="resource" xlink:label="label_eba_tC_28.00" xml:lang="en" xlink:role="http://www.eurofiling.info/xbrl/role/rc-code">C 28.00</label:label>
    <gen:arc xlink:type="arc" xlink:arcrole="http://xbrl.org/arcrole/2008/element-label" xlink:from="loc_eba_tC_28.00" xlink:to="label_eba_tC_28.00" />
    <link:loc xlink:type="locator" xlink:href="c_28.00-rend.xml#eba_c21014" xlink:label="loc_eba_c21014" />
    <label:label xlink:type="resource" xlink:label="label_eba_c21014" xml:lang="en" xlink:role="http://www.eurofiling.info/xbrl/role/rc-code">002</label:label>
    <gen:arc xlink:type="arc" xlink:arcrole="http://xbrl.org/arcrole/2008/element-label" xlink:from="loc_eba_c21014" xlink:to="label_eba_c21014" />
    <link:loc xlink:type="locator" xlink:href="c_28.00-rend.xml#eba_c21016" xlink:label="loc_eba_c21016" />
    <label:label xlink:type="resource" xlink:label="label_eba_c21016" xml:lang="en" xlink:role="http://www.eurofiling.info/xbrl/role/rc-code">020</label:label>
    <gen:arc xlink:type="arc" xlink:arcrole="http://xbrl.org/arcrole/2008/element-label" xlink:from="loc_eba_c21016" xlink:to="label_eba_c21016" />
    <link:loc xlink:type="locator" xlink:href="c_28.00-rend.xml#eba_c21017" xlink:label="loc_eba_c21017" />
    <label:label xlink:type="resource" xlink:label="label_eba_c21017" xml:lang="en" xlink:role="http://www.eurofiling.info/xbrl/role/rc-code">030</label:label>
    <gen:arc xlink:type="arc" xlink:arcrole="http://xbrl.org/arcrole/2008/element-label" xlink:from="loc_eba_c21017" xlink:to="label_eba_c21017" />
    <link:loc xlink:type="locator" xlink:href="c_28.00-rend.xml#eba_c21018" xlink:label="loc_eba_c21018" />
    <label:label xlink:type="resource" xlink:label="label_eba_c21018" xml:lang="en" xlink:role="http://www.eurofiling.info/xbrl/role/rc-code">032</label:label>
    <gen:arc xlink:type="arc" xlink:arcrole="http://xbrl.org/arcrole/2008/element-label" xlink:from="loc_eba_c21018" xlink:to="label_eba_c21018" />
    <link:loc xlink:type="locator" xlink:href="c_28.00-rend.xml#eba_c21019" xlink:label="loc_eba_c21019" />
    <label:label xlink:type="resource" xlink:label="label_eba_c21019" xml:lang="en" xlink:role="http://www.eurofiling.info/xbrl/role/rc-code">040</label:label>
    <gen:arc xlink:type="arc" xlink:arcrole="http://xbrl.org/arcrole/2008/element-label" xlink:from="loc_eba_c21019" xlink:to="label_eba_c21019" />
    <link:loc xlink:type="locator" xlink:href="c_28.00-rend.xml#eba_c21020" xlink:label="loc_eba_c21020" />
    <label:label xlink:type="resource" xlink:label="label_eba_c21020" xml:lang="en" xlink:role="http://www.eurofiling.info/xbrl/role/rc-code">050</label:label>
    <gen:arc xlink:type="arc" xlink:arcrole="http://xbrl.org/arcrole/2008/element-label" xlink:from="loc_eba_c21020" xlink:to="label_eba_c21020" />
    <link:loc xlink:type="locator" xlink:href="c_28.00-rend.xml#eba_c21021" xlink:label="loc_eba_c21021" />
    <label:label xlink:type="resource" xlink:label="label_eba_c21021" xml:lang="en" xlink:role="http://www.eurofiling.info/xbrl/role/rc-code">052</label:label>
    <gen:arc xlink:type="arc" xlink:arcrole="http://xbrl.org/arcrole/2008/element-label" xlink:from="loc_eba_c21021" xlink:to="label_eba_c21021" />
    <link:loc xlink:type="locator" xlink:href="c_28.00-rend.xml#eba_c21022" xlink:label="loc_eba_c21022" />
    <label:label xlink:type="resource" xlink:label="label_eba_c21022" xml:lang="en" xlink:role="http://www.eurofiling.info/xbrl/role/rc-code">060</label:label>
    <gen:arc xlink:type="arc" xlink:arcrole="http://xbrl.org/arcrole/2008/element-label" xlink:from="loc_eba_c21022" xlink:to="label_eba_c21022" />
    <link:loc xlink:type="locator" xlink:href="c_28.00-rend.xml#eba_c21023" xlink:label="loc_eba_c21023" />
    <label:label xlink:type="resource" xlink:label="label_eba_c21023" xml:lang="en" xlink:role="http://www.eurofiling.info/xbrl/role/rc-code">070</label:label>
    <gen:arc xlink:type="arc" xlink:arcrole="http://xbrl.org/arcrole/2008/element-label" xlink:from="loc_eba_c21023" xlink:to="label_eba_c21023" />
    <link:loc xlink:type="locator" xlink:href="c_28.00-rend.xml#eba_c21024" xlink:label="loc_eba_c21024" />
    <label:label xlink:type="resource" xlink:label="label_eba_c21024" xml:lang="en" xlink:role="http://www.eurofiling.info/xbrl/role/rc-code">080</label:label>
    <gen:arc xlink:type="arc" xlink:arcrole="http://xbrl.org/arcrole/2008/element-label" xlink:from="loc_eba_c21024" xlink:to="label_eba_c21024" />
    <link:loc xlink:type="locator" xlink:href="c_28.00-rend.xml#eba_c21025" xlink:label="loc_eba_c21025" />
    <label:label xlink:type="resource" xlink:label="label_eba_c21025" xml:lang="en" xlink:role="http://www.eurofiling.info/xbrl/role/rc-code">082</label:label>
    <gen:arc xlink:type="arc" xlink:arcrole="http://xbrl.org/arcrole/2008/element-label" xlink:from="loc_eba_c21025" xlink:to="label_eba_c21025" />
    <link:loc xlink:type="locator" xlink:href="c_28.00-rend.xml#eba_c21026" xlink:label="loc_eba_c21026" />
    <label:label xlink:type="resource" xlink:label="label_eba_c21026" xml:lang="en" xlink:role="http://www.eurofiling.info/xbrl/role/rc-code">090</label:label>
    <gen:arc xlink:type="arc" xlink:arcrole="http://xbrl.org/arcrole/2008/element-label" xlink:from="loc_eba_c21026" xlink:to="label_eba_c21026" />
    <link:loc xlink:type="locator" xlink:href="c_28.00-rend.xml#eba_c21027" xlink:label="loc_eba_c21027" />
    <label:label xlink:type="resource" xlink:label="label_eba_c21027" xml:lang="en" xlink:role="http://www.eurofiling.info/xbrl/role/rc-code">100</label:label>
    <gen:arc xlink:type="arc" xlink:arcrole="http://xbrl.org/arcrole/2008/element-label" xlink:from="loc_eba_c21027" xlink:to="label_eba_c21027" />
    <link:loc xlink:type="locator" xlink:href="c_28.00-rend.xml#eba_c21028" xlink:label="loc_eba_c21028" />
    <label:label xlink:type="resource" xlink:label="label_eba_c21028" xml:lang="en" xlink:role="http://www.eurofiling.info/xbrl/role/rc-code">110</label:label>
    <gen:arc xlink:type="arc" xlink:arcrole="http://xbrl.org/arcrole/2008/element-label" xlink:from="loc_eba_c21028" xlink:to="label_eba_c21028" />
    <link:loc xlink:type="locator" xlink:href="c_28.00-rend.xml#eba_c21029" xlink:label="loc_eba_c21029" />
    <label:label xlink:type="resource" xlink:label="label_eba_c21029" xml:lang="en" xlink:role="http://www.eurofiling.info/xbrl/role/rc-code">112</label:label>
    <gen:arc xlink:type="arc" xlink:arcrole="http://xbrl.org/arcrole/2008/element-label" xlink:from="loc_eba_c21029" xlink:to="label_eba_c21029" />
    <link:loc xlink:type="locator" xlink:href="c_28.00-rend.xml#eba_c21030" xlink:label="loc_eba_c21030" />
    <label:label xlink:type="resource" xlink:label="label_eba_c21030" xml:lang="en" xlink:role="http://www.eurofiling.info/xbrl/role/rc-code">120</label:label>
    <gen:arc xlink:type="arc" xlink:arcrole="http://xbrl.org/arcrole/2008/element-label" xlink:from="loc_eba_c21030" xlink:to="label_eba_c21030" />
    <link:loc xlink:type="locator" xlink:href="c_28.00-rend.xml#eba_c21031" xlink:label="loc_eba_c21031" />
    <label:label xlink:type="resource" xlink:label="label_eba_c21031" xml:lang="en" xlink:role="http://www.eurofiling.info/xbrl/role/rc-code">130</label:label>
    <gen:arc xlink:type="arc" xlink:arcrole="http://xbrl.org/arcrole/2008/element-label" xlink:from="loc_eba_c21031" xlink:to="label_eba_c21031" />
    <link:loc xlink:type="locator" xlink:href="c_28.00-rend.xml#eba_c21032" xlink:label="loc_eba_c21032" />
    <label:label xlink:type="resource" xlink:label="label_eba_c21032" xml:lang="en" xlink:role="http://www.eurofiling.info/xbrl/role/rc-code">140</label:label>
    <gen:arc xlink:type="arc" xlink:arcrole="http://xbrl.org/arcrole/2008/element-label" xlink:from="loc_eba_c21032" xlink:to="label_eba_c21032" />
    <link:loc xlink:type="locator" xlink:href="c_28.00-rend.xml#eba_c21033" xlink:label="loc_eba_c21033" />
    <label:label xlink:type="resource" xlink:label="label_eba_c21033" xml:lang="en" xlink:role="http://www.eurofiling.info/xbrl/role/rc-code">142</label:label>
    <gen:arc xlink:type="arc" xlink:arcrole="http://xbrl.org/arcrole/2008/element-label" xlink:from="loc_eba_c21033" xlink:to="label_eba_c21033" />
    <link:loc xlink:type="locator" xlink:href="c_28.00-rend.xml#eba_c21034" xlink:label="loc_eba_c21034" />
    <label:label xlink:type="resource" xlink:label="label_eba_c21034" xml:lang="en" xlink:role="http://www.eurofiling.info/xbrl/role/rc-code">150</label:label>
    <gen:arc xlink:type="arc" xlink:arcrole="http://xbrl.org/arcrole/2008/element-label" xlink:from="loc_eba_c21034" xlink:to="label_eba_c21034" />
    <link:loc xlink:type="locator" xlink:href="c_28.00-rend.xml#eba_c21035" xlink:label="loc_eba_c21035" />
    <label:label xlink:type="resource" xlink:label="label_eba_c21035" xml:lang="en" xlink:role="http://www.eurofiling.info/xbrl/role/rc-code">160</label:label>
    <gen:arc xlink:type="arc" xlink:arcrole="http://xbrl.org/arcrole/2008/element-label" xlink:from="loc_eba_c21035" xlink:to="label_eba_c21035" />
    <link:loc xlink:type="locator" xlink:href="c_28.00-rend.xml#eba_c21036" xlink:label="loc_eba_c21036" />
    <label:label xlink:type="resource" xlink:label="label_eba_c21036" xml:lang="en" xlink:role="http://www.eurofiling.info/xbrl/role/rc-code">170</label:label>
    <gen:arc xlink:type="arc" xlink:arcrole="http://xbrl.org/arcrole/2008/element-label" xlink:from="loc_eba_c21036" xlink:to="label_eba_c21036" />
    <link:loc xlink:type="locator" xlink:href="c_28.00-rend.xml#eba_c21037" xlink:label="loc_eba_c21037" />
    <label:label xlink:type="resource" xlink:label="label_eba_c21037" xml:lang="en" xlink:role="http://www.eurofiling.info/xbrl/role/rc-code">180</label:label>
    <gen:arc xlink:type="arc" xlink:arcrole="http://xbrl.org/arcrole/2008/element-label" xlink:from="loc_eba_c21037" xlink:to="label_eba_c21037" />
    <link:loc xlink:type="locator" xlink:href="c_28.00-rend.xml#eba_c21038" xlink:label="loc_eba_c21038" />
    <label:label xlink:type="resource" xlink:label="label_eba_c21038" xml:lang="en" xlink:role="http://www.eurofiling.info/xbrl/role/rc-code">190</label:label>
    <gen:arc xlink:type="arc" xlink:arcrole="http://xbrl.org/arcrole/2008/element-label" xlink:from="loc_eba_c21038" xlink:to="label_eba_c21038" />
    <link:loc xlink:type="locator" xlink:href="c_28.00-rend.xml#eba_c21039" xlink:label="loc_eba_c21039" />
    <label:label xlink:type="resource" xlink:label="label_eba_c21039" xml:lang="en" xlink:role="http://www.eurofiling.info/xbrl/role/rc-code">200</label:label>
    <gen:arc xlink:type="arc" xlink:arcrole="http://xbrl.org/arcrole/2008/element-label" xlink:from="loc_eba_c21039" xlink:to="label_eba_c21039" />
    <link:loc xlink:type="locator" xlink:href="c_28.00-rend.xml#eba_c21040" xlink:label="loc_eba_c21040" />
    <label:label xlink:type="resource" xlink:label="label_eba_c21040" xml:lang="en" xlink:role="http://www.eurofiling.info/xbrl/role/rc-code">202</label:label>
    <gen:arc xlink:type="arc" xlink:arcrole="http://xbrl.org/arcrole/2008/element-label" xlink:from="loc_eba_c21040" xlink:to="label_eba_c21040" />
    <link:loc xlink:type="locator" xlink:href="c_28.00-rend.xml#eba_c21041" xlink:label="loc_eba_c21041" />
    <label:label xlink:type="resource" xlink:label="label_eba_c21041" xml:lang="en" xlink:role="http://www.eurofiling.info/xbrl/role/rc-code">210</label:label>
    <gen:arc xlink:type="arc" xlink:arcrole="http://xbrl.org/arcrole/2008/element-label" xlink:from="loc_eba_c21041" xlink:to="label_eba_c21041" />
    <link:loc xlink:type="locator" xlink:href="c_28.00-rend.xml#eba_c21042" xlink:label="loc_eba_c21042" />
    <label:label xlink:type="resource" xlink:label="label_eba_c21042" xml:lang="en" xlink:role="http://www.eurofiling.info/xbrl/role/rc-code">220</label:label>
    <gen:arc xlink:type="arc" xlink:arcrole="http://xbrl.org/arcrole/2008/element-label" xlink:from="loc_eba_c21042" xlink:to="label_eba_c21042" />
    <link:loc xlink:type="locator" xlink:href="c_28.00-rend.xml#eba_c21043" xlink:label="loc_eba_c21043" />
    <label:label xlink:type="resource" xlink:label="label_eba_c21043" xml:lang="en" xlink:role="http://www.eurofiling.info/xbrl/role/rc-code">230</label:label>
    <gen:arc xlink:type="arc" xlink:arcrole="http://xbrl.org/arcrole/2008/element-label" xlink:from="loc_eba_c21043" xlink:to="label_eba_c21043" />
    <link:loc xlink:type="locator" xlink:href="c_28.00-rend.xml#eba_c21044" xlink:label="loc_eba_c21044" />
    <label:label xlink:type="resource" xlink:label="label_eba_c21044" xml:lang="en" xlink:role="http://www.eurofiling.info/xbrl/role/rc-code">232</label:label>
    <gen:arc xlink:type="arc" xlink:arcrole="http://xbrl.org/arcrole/2008/element-label" xlink:from="loc_eba_c21044" xlink:to="label_eba_c21044" />
    <link:loc xlink:type="locator" xlink:href="c_28.00-rend.xml#eba_c21045" xlink:label="loc_eba_c21045" />
    <label:label xlink:type="resource" xlink:label="label_eba_c21045" xml:lang="en" xlink:role="http://www.eurofiling.info/xbrl/role/rc-code">233</label:label>
    <gen:arc xlink:type="arc" xlink:arcrole="http://xbrl.org/arcrole/2008/element-label" xlink:from="loc_eba_c21045" xlink:to="label_eba_c21045" />
    <link:loc xlink:type="locator" xlink:href="c_28.00-rend.xml#eba_c21046" xlink:label="loc_eba_c21046" />
    <label:label xlink:type="resource" xlink:label="label_eba_c21046" xml:lang="en" xlink:role="http://www.eurofiling.info/xbrl/role/rc-code">240</label:label>
    <gen:arc xlink:type="arc" xlink:arcrole="http://xbrl.org/arcrole/2008/element-label" xlink:from="loc_eba_c21046" xlink:to="label_eba_c21046" />
    <link:loc xlink:type="locator" xlink:href="c_28.00-rend.xml#eba_c21047" xlink:label="loc_eba_c21047" />
    <label:label xlink:type="resource" xlink:label="label_eba_c21047" xml:lang="en" xlink:role="http://www.eurofiling.info/xbrl/role/rc-code">250</label:label>
    <gen:arc xlink:type="arc" xlink:arcrole="http://xbrl.org/arcrole/2008/element-label" xlink:from="loc_eba_c21047" xlink:to="label_eba_c21047" />
    <link:loc xlink:type="locator" xlink:href="c_28.00-rend.xml#eba_c21048" xlink:label="loc_eba_c21048" />
    <label:label xlink:type="resource" xlink:label="label_eba_c21048" xml:lang="en" xlink:role="http://www.eurofiling.info/xbrl/role/rc-code">260</label:label>
    <gen:arc xlink:type="arc" xlink:arcrole="http://xbrl.org/arcrole/2008/element-label" xlink:from="loc_eba_c21048" xlink:to="label_eba_c21048" />
    <link:loc xlink:type="locator" xlink:href="c_28.00-rend.xml#eba_c21049" xlink:label="loc_eba_c21049" />
    <label:label xlink:type="resource" xlink:label="label_eba_c21049" xml:lang="en" xlink:role="http://www.eurofiling.info/xbrl/role/rc-code">262</label:label>
    <gen:arc xlink:type="arc" xlink:arcrole="http://xbrl.org/arcrole/2008/element-label" xlink:from="loc_eba_c21049" xlink:to="label_eba_c21049" />
    <link:loc xlink:type="locator" xlink:href="c_28.00-rend.xml#eba_c21050" xlink:label="loc_eba_c21050" />
    <label:label xlink:type="resource" xlink:label="label_eba_c21050" xml:lang="en" xlink:role="http://www.eurofiling.info/xbrl/role/rc-code">270</label:label>
    <gen:arc xlink:type="arc" xlink:arcrole="http://xbrl.org/arcrole/2008/element-label" xlink:from="loc_eba_c21050" xlink:to="label_eba_c21050" />
    <link:loc xlink:type="locator" xlink:href="c_28.00-rend.xml#eba_c21051" xlink:label="loc_eba_c21051" />
    <label:label xlink:type="resource" xlink:label="label_eba_c21051" xml:lang="en" xlink:role="http://www.eurofiling.info/xbrl/role/rc-code">280</label:label>
    <gen:arc xlink:type="arc" xlink:arcrole="http://xbrl.org/arcrole/2008/element-label" xlink:from="loc_eba_c21051" xlink:to="label_eba_c21051" />
    <link:loc xlink:type="locator" xlink:href="c_28.00-rend.xml#eba_c21052" xlink:label="loc_eba_c21052" />
    <label:label xlink:type="resource" xlink:label="label_eba_c21052" xml:lang="en" xlink:role="http://www.eurofiling.info/xbrl/role/rc-code">290</label:label>
    <gen:arc xlink:type="arc" xlink:arcrole="http://xbrl.org/arcrole/2008/element-label" xlink:from="loc_eba_c21052" xlink:to="label_eba_c21052" />
    <link:loc xlink:type="locator" xlink:href="c_28.00-rend.xml#eba_c21053" xlink:label="loc_eba_c21053" />
    <label:label xlink:type="resource" xlink:label="label_eba_c21053" xml:lang="en" xlink:role="http://www.eurofiling.info/xbrl/role/rc-code">300</label:label>
    <gen:arc xlink:type="arc" xlink:arcrole="http://xbrl.org/arcrole/2008/element-label" xlink:from="loc_eba_c21053" xlink:to="label_eba_c21053" />
    <link:loc xlink:type="locator" xlink:href="c_28.00-rend.xml#eba_c21054" xlink:label="loc_eba_c21054" />
    <label:label xlink:type="resource" xlink:label="label_eba_c21054" xml:lang="en" xlink:role="http://www.eurofiling.info/xbrl/role/rc-code">310</label:label>
    <gen:arc xlink:type="arc" xlink:arcrole="http://xbrl.org/arcrole/2008/element-label" xlink:from="loc_eba_c21054" xlink:to="label_eba_c21054" />
    <link:loc xlink:type="locator" xlink:href="c_28.00-rend.xml#eba_c21055" xlink:label="loc_eba_c21055" />
    <label:label xlink:type="resource" xlink:label="label_eba_c21055" xml:lang="en" xlink:role="http://www.eurofiling.info/xbrl/role/rc-code">320</label:label>
    <gen:arc xlink:type="arc" xlink:arcrole="http://xbrl.org/arcrole/2008/element-label" xlink:from="loc_eba_c21055" xlink:to="label_eba_c21055" />
    <link:loc xlink:type="locator" xlink:href="c_28.00-rend.xml#eba_c21056" xlink:label="loc_eba_c21056" />
    <label:label xlink:type="resource" xlink:label="label_eba_c21056" xml:lang="en" xlink:role="http://www.eurofiling.info/xbrl/role/rc-code">322</label:label>
    <gen:arc xlink:type="arc" xlink:arcrole="http://xbrl.org/arcrole/2008/element-label" xlink:from="loc_eba_c21056" xlink:to="label_eba_c21056" />
    <link:loc xlink:type="locator" xlink:href="c_28.00-rend.xml#eba_c21057" xlink:label="loc_eba_c21057" />
    <label:label xlink:type="resource" xlink:label="label_eba_c21057" xml:lang="en" xlink:role="http://www.eurofiling.info/xbrl/role/rc-code">330</label:label>
    <gen:arc xlink:type="arc" xlink:arcrole="http://xbrl.org/arcrole/2008/element-label" xlink:from="loc_eba_c21057" xlink:to="label_eba_c21057" />
    <link:loc xlink:type="locator" xlink:href="c_28.00-rend.xml#eba_c21058" xlink:label="loc_eba_c21058" />
    <label:label xlink:type="resource" xlink:label="label_eba_c21058" xml:lang="en" xlink:role="http://www.eurofiling.info/xbrl/role/rc-code">340</label:label>
    <gen:arc xlink:type="arc" xlink:arcrole="http://xbrl.org/arcrole/2008/element-label" xlink:from="loc_eba_c21058" xlink:to="label_eba_c21058" />
    <link:loc xlink:type="locator" xlink:href="c_28.00-rend.xml#eba_c21059" xlink:label="loc_eba_c21059" />
    <label:label xlink:type="resource" xlink:label="label_eba_c21059" xml:lang="en" xlink:role="http://www.eurofiling.info/xbrl/role/rc-code">350</label:label>
    <gen:arc xlink:type="arc" xlink:arcrole="http://xbrl.org/arcrole/2008/element-label" xlink:from="loc_eba_c21059" xlink:to="label_eba_c21059" />
    <link:loc xlink:type="locator" xlink:href="c_28.00-rend.xml#eba_a2" xlink:label="loc_eba_a2" />
    <label:label xlink:type="resource" xlink:label="label_eba_a2" xml:lang="en" xlink:role="http://www.eurofiling.info/xbrl/role/rc-code">010</label:label>
    <gen:arc xlink:type="arc" xlink:arcrole="http://xbrl.org/arcrole/2008/element-label" xlink:from="loc_eba_a2" xlink:to="label_eba_a2" />
    <label:label xlink:type="resource" xlink:label="label_eba_tC_28.00_1" xml:lang="en" xlink:role="http://www.eurofiling.info/xbrl/role/filing-indicator-code">C_28.00</label:label>
    <gen:arc xlink:type="arc" xlink:arcrole="http://xbrl.org/arcrole/2008/element-label" xlink:from="loc_eba_tC_28.00" xlink:to="label_eba_tC_28.00_1" />
    <label:label xlink:type="resource" xlink:label="label_eba_tC_28.00_2" xml:lang="en" xlink:role="http://www.eba.europa.eu/xbrl/role/dpm-db-id">113</label:label>
    <gen:arc xlink:type="arc" xlink:arcrole="http://xbrl.org/arcrole/2008/element-label" xlink:from="loc_eba_tC_28.00" xlink:to="label_eba_tC_28.00_2" />
    <label:label xlink:type="resource" xlink:label="label_eba_c21014_1" xml:lang="en" xlink:role="http://www.eba.europa.eu/xbrl/role/dpm-db-id">21014</label:label>
    <gen:arc xlink:type="arc" xlink:arcrole="http://xbrl.org/arcrole/2008/element-label" xlink:from="loc_eba_c21014" xlink:to="label_eba_c21014_1" />
    <label:label xlink:type="resource" xlink:label="label_eba_c21016_1" xml:lang="en" xlink:role="http://www.eba.europa.eu/xbrl/role/dpm-db-id">21016</label:label>
    <gen:arc xlink:type="arc" xlink:arcrole="http://xbrl.org/arcrole/2008/element-label" xlink:from="loc_eba_c21016" xlink:to="label_eba_c21016_1" />
    <label:label xlink:type="resource" xlink:label="label_eba_c21017_1" xml:lang="en" xlink:role="http://www.eba.europa.eu/xbrl/role/dpm-db-id">21017</label:label>
    <gen:arc xlink:type="arc" xlink:arcrole="http://xbrl.org/arcrole/2008/element-label" xlink:from="loc_eba_c21017" xlink:to="label_eba_c21017_1" />
    <label:label xlink:type="resource" xlink:label="label_eba_c21018_1" xml:lang="en" xlink:role="http://www.eba.europa.eu/xbrl/role/dpm-db-id">21018</label:label>
    <gen:arc xlink:type="arc" xlink:arcrole="http://xbrl.org/arcrole/2008/element-label" xlink:from="loc_eba_c21018" xlink:to="label_eba_c21018_1" />
    <label:label xlink:type="resource" xlink:label="label_eba_c21019_1" xml:lang="en" xlink:role="http://www.eba.europa.eu/xbrl/role/dpm-db-id">21019</label:label>
    <gen:arc xlink:type="arc" xlink:arcrole="http://xbrl.org/arcrole/2008/element-label" xlink:from="loc_eba_c21019" xlink:to="label_eba_c21019_1" />
    <label:label xlink:type="resource" xlink:label="label_eba_c21020_1" xml:lang="en" xlink:role="http://www.eba.europa.eu/xbrl/role/dpm-db-id">21020</label:label>
    <gen:arc xlink:type="arc" xlink:arcrole="http://xbrl.org/arcrole/2008/element-label" xlink:from="loc_eba_c21020" xlink:to="label_eba_c21020_1" />
    <label:label xlink:type="resource" xlink:label="label_eba_c21021_1" xml:lang="en" xlink:role="http://www.eba.europa.eu/xbrl/role/dpm-db-id">21021</label:label>
    <gen:arc xlink:type="arc" xlink:arcrole="http://xbrl.org/arcrole/2008/element-label" xlink:from="loc_eba_c21021" xlink:to="label_eba_c21021_1" />
    <label:label xlink:type="resource" xlink:label="label_eba_c21022_1" xml:lang="en" xlink:role="http://www.eba.europa.eu/xbrl/role/dpm-db-id">21022</label:label>
    <gen:arc xlink:type="arc" xlink:arcrole="http://xbrl.org/arcrole/2008/element-label" xlink:from="loc_eba_c21022" xlink:to="label_eba_c21022_1" />
    <label:label xlink:type="resource" xlink:label="label_eba_c21023_1" xml:lang="en" xlink:role="http://www.eba.europa.eu/xbrl/role/dpm-db-id">21023</label:label>
    <gen:arc xlink:type="arc" xlink:arcrole="http://xbrl.org/arcrole/2008/element-label" xlink:from="loc_eba_c21023" xlink:to="label_eba_c21023_1" />
    <label:label xlink:type="resource" xlink:label="label_eba_c21024_1" xml:lang="en" xlink:role="http://www.eba.europa.eu/xbrl/role/dpm-db-id">21024</label:label>
    <gen:arc xlink:type="arc" xlink:arcrole="http://xbrl.org/arcrole/2008/element-label" xlink:from="loc_eba_c21024" xlink:to="label_eba_c21024_1" />
    <label:label xlink:type="resource" xlink:label="label_eba_c21025_1" xml:lang="en" xlink:role="http://www.eba.europa.eu/xbrl/role/dpm-db-id">21025</label:label>
    <gen:arc xlink:type="arc" xlink:arcrole="http://xbrl.org/arcrole/2008/element-label" xlink:from="loc_eba_c21025" xlink:to="label_eba_c21025_1" />
    <label:label xlink:type="resource" xlink:label="label_eba_c21026_1" xml:lang="en" xlink:role="http://www.eba.europa.eu/xbrl/role/dpm-db-id">21026</label:label>
    <gen:arc xlink:type="arc" xlink:arcrole="http://xbrl.org/arcrole/2008/element-label" xlink:from="loc_eba_c21026" xlink:to="label_eba_c21026_1" />
    <label:label xlink:type="resource" xlink:label="label_eba_c21027_1" xml:lang="en" xlink:role="http://www.eba.europa.eu/xbrl/role/dpm-db-id">21027</label:label>
    <gen:arc xlink:type="arc" xlink:arcrole="http://xbrl.org/arcrole/2008/element-label" xlink:from="loc_eba_c21027" xlink:to="label_eba_c21027_1" />
    <label:label xlink:type="resource" xlink:label="label_eba_c21028_1" xml:lang="en" xlink:role="http://www.eba.europa.eu/xbrl/role/dpm-db-id">21028</label:label>
    <gen:arc xlink:type="arc" xlink:arcrole="http://xbrl.org/arcrole/2008/element-label" xlink:from="loc_eba_c21028" xlink:to="label_eba_c21028_1" />
    <label:label xlink:type="resource" xlink:label="label_eba_c21029_1" xml:lang="en" xlink:role="http://www.eba.europa.eu/xbrl/role/dpm-db-id">21029</label:label>
    <gen:arc xlink:type="arc" xlink:arcrole="http://xbrl.org/arcrole/2008/element-label" xlink:from="loc_eba_c21029" xlink:to="label_eba_c21029_1" />
    <label:label xlink:type="resource" xlink:label="label_eba_c21030_1" xml:lang="en" xlink:role="http://www.eba.europa.eu/xbrl/role/dpm-db-id">21030</label:label>
    <gen:arc xlink:type="arc" xlink:arcrole="http://xbrl.org/arcrole/2008/element-label" xlink:from="loc_eba_c21030" xlink:to="label_eba_c21030_1" />
    <label:label xlink:type="resource" xlink:label="label_eba_c21031_1" xml:lang="en" xlink:role="http://www.eba.europa.eu/xbrl/role/dpm-db-id">21031</label:label>
    <gen:arc xlink:type="arc" xlink:arcrole="http://xbrl.org/arcrole/2008/element-label" xlink:from="loc_eba_c21031" xlink:to="label_eba_c21031_1" />
    <label:label xlink:type="resource" xlink:label="label_eba_c21032_1" xml:lang="en" xlink:role="http://www.eba.europa.eu/xbrl/role/dpm-db-id">21032</label:label>
    <gen:arc xlink:type="arc" xlink:arcrole="http://xbrl.org/arcrole/2008/element-label" xlink:from="loc_eba_c21032" xlink:to="label_eba_c21032_1" />
    <label:label xlink:type="resource" xlink:label="label_eba_c21033_1" xml:lang="en" xlink:role="http://www.eba.europa.eu/xbrl/role/dpm-db-id">21033</label:label>
    <gen:arc xlink:type="arc" xlink:arcrole="http://xbrl.org/arcrole/2008/element-label" xlink:from="loc_eba_c21033" xlink:to="label_eba_c21033_1" />
    <label:label xlink:type="resource" xlink:label="label_eba_c21034_1" xml:lang="en" xlink:role="http://www.eba.europa.eu/xbrl/role/dpm-db-id">21034</label:label>
    <gen:arc xlink:type="arc" xlink:arcrole="http://xbrl.org/arcrole/2008/element-label" xlink:from="loc_eba_c21034" xlink:to="label_eba_c21034_1" />
    <label:label xlink:type="resource" xlink:label="label_eba_c21035_1" xml:lang="en" xlink:role="http://www.eba.europa.eu/xbrl/role/dpm-db-id">21035</label:label>
    <gen:arc xlink:type="arc" xlink:arcrole="http://xbrl.org/arcrole/2008/element-label" xlink:from="loc_eba_c21035" xlink:to="label_eba_c21035_1" />
    <label:label xlink:type="resource" xlink:label="label_eba_c21036_1" xml:lang="en" xlink:role="http://www.eba.europa.eu/xbrl/role/dpm-db-id">21036</label:label>
    <gen:arc xlink:type="arc" xlink:arcrole="http://xbrl.org/arcrole/2008/element-label" xlink:from="loc_eba_c21036" xlink:to="label_eba_c21036_1" />
    <label:label xlink:type="resource" xlink:label="label_eba_c21037_1" xml:lang="en" xlink:role="http://www.eba.europa.eu/xbrl/role/dpm-db-id">21037</label:label>
    <gen:arc xlink:type="arc" xlink:arcrole="http://xbrl.org/arcrole/2008/element-label" xlink:from="loc_eba_c21037" xlink:to="label_eba_c21037_1" />
    <label:label xlink:type="resource" xlink:label="label_eba_c21038_1" xml:lang="en" xlink:role="http://www.eba.europa.eu/xbrl/role/dpm-db-id">21038</label:label>
    <gen:arc xlink:type="arc" xlink:arcrole="http://xbrl.org/arcrole/2008/element-label" xlink:from="loc_eba_c21038" xlink:to="label_eba_c21038_1" />
    <label:label xlink:type="resource" xlink:label="label_eba_c21039_1" xml:lang="en" xlink:role="http://www.eba.europa.eu/xbrl/role/dpm-db-id">21039</label:label>
    <gen:arc xlink:type="arc" xlink:arcrole="http://xbrl.org/arcrole/2008/element-label" xlink:from="loc_eba_c21039" xlink:to="label_eba_c21039_1" />
    <label:label xlink:type="resource" xlink:label="label_eba_c21040_1" xml:lang="en" xlink:role="http://www.eba.europa.eu/xbrl/role/dpm-db-id">21040</label:label>
    <gen:arc xlink:type="arc" xlink:arcrole="http://xbrl.org/arcrole/2008/element-label" xlink:from="loc_eba_c21040" xlink:to="label_eba_c21040_1" />
    <label:label xlink:type="resource" xlink:label="label_eba_c21041_1" xml:lang="en" xlink:role="http://www.eba.europa.eu/xbrl/role/dpm-db-id">21041</label:label>
    <gen:arc xlink:type="arc" xlink:arcrole="http://xbrl.org/arcrole/2008/element-label" xlink:from="loc_eba_c21041" xlink:to="label_eba_c21041_1" />
    <label:label xlink:type="resource" xlink:label="label_eba_c21042_1" xml:lang="en" xlink:role="http://www.eba.europa.eu/xbrl/role/dpm-db-id">21042</label:label>
    <gen:arc xlink:type="arc" xlink:arcrole="http://xbrl.org/arcrole/2008/element-label" xlink:from="loc_eba_c21042" xlink:to="label_eba_c21042_1" />
    <label:label xlink:type="resource" xlink:label="label_eba_c21043_1" xml:lang="en" xlink:role="http://www.eba.europa.eu/xbrl/role/dpm-db-id">21043</label:label>
    <gen:arc xlink:type="arc" xlink:arcrole="http://xbrl.org/arcrole/2008/element-label" xlink:from="loc_eba_c21043" xlink:to="label_eba_c21043_1" />
    <label:label xlink:type="resource" xlink:label="label_eba_c21044_1" xml:lang="en" xlink:role="http://www.eba.europa.eu/xbrl/role/dpm-db-id">21044</label:label>
    <gen:arc xlink:type="arc" xlink:arcrole="http://xbrl.org/arcrole/2008/element-label" xlink:from="loc_eba_c21044" xlink:to="label_eba_c21044_1" />
    <label:label xlink:type="resource" xlink:label="label_eba_c21045_1" xml:lang="en" xlink:role="http://www.eba.europa.eu/xbrl/role/dpm-db-id">21045</label:label>
    <gen:arc xlink:type="arc" xlink:arcrole="http://xbrl.org/arcrole/2008/element-label" xlink:from="loc_eba_c21045" xlink:to="label_eba_c21045_1" />
    <label:label xlink:type="resource" xlink:label="label_eba_c21046_1" xml:lang="en" xlink:role="http://www.eba.europa.eu/xbrl/role/dpm-db-id">21046</label:label>
    <gen:arc xlink:type="arc" xlink:arcrole="http://xbrl.org/arcrole/2008/element-label" xlink:from="loc_eba_c21046" xlink:to="label_eba_c21046_1" />
    <label:label xlink:type="resource" xlink:label="label_eba_c21047_1" xml:lang="en" xlink:role="http://www.eba.europa.eu/xbrl/role/dpm-db-id">21047</label:label>
    <gen:arc xlink:type="arc" xlink:arcrole="http://xbrl.org/arcrole/2008/element-label" xlink:from="loc_eba_c21047" xlink:to="label_eba_c21047_1" />
    <label:label xlink:type="resource" xlink:label="label_eba_c21048_1" xml:lang="en" xlink:role="http://www.eba.europa.eu/xbrl/role/dpm-db-id">21048</label:label>
    <gen:arc xlink:type="arc" xlink:arcrole="http://xbrl.org/arcrole/2008/element-label" xlink:from="loc_eba_c21048" xlink:to="label_eba_c21048_1" />
    <label:label xlink:type="resource" xlink:label="label_eba_c21049_1" xml:lang="en" xlink:role="http://www.eba.europa.eu/xbrl/role/dpm-db-id">21049</label:label>
    <gen:arc xlink:type="arc" xlink:arcrole="http://xbrl.org/arcrole/2008/element-label" xlink:from="loc_eba_c21049" xlink:to="label_eba_c21049_1" />
    <label:label xlink:type="resource" xlink:label="label_eba_c21050_1" xml:lang="en" xlink:role="http://www.eba.europa.eu/xbrl/role/dpm-db-id">21050</label:label>
    <gen:arc xlink:type="arc" xlink:arcrole="http://xbrl.org/arcrole/2008/element-label" xlink:from="loc_eba_c21050" xlink:to="label_eba_c21050_1" />
    <label:label xlink:type="resource" xlink:label="label_eba_c21051_1" xml:lang="en" xlink:role="http://www.eba.europa.eu/xbrl/role/dpm-db-id">21051</label:label>
    <gen:arc xlink:type="arc" xlink:arcrole="http://xbrl.org/arcrole/2008/element-label" xlink:from="loc_eba_c21051" xlink:to="label_eba_c21051_1" />
    <label:label xlink:type="resource" xlink:label="label_eba_c21052_1" xml:lang="en" xlink:role="http://www.eba.europa.eu/xbrl/role/dpm-db-id">21052</label:label>
    <gen:arc xlink:type="arc" xlink:arcrole="http://xbrl.org/arcrole/2008/element-label" xlink:from="loc_eba_c21052" xlink:to="label_eba_c21052_1" />
    <label:label xlink:type="resource" xlink:label="label_eba_c21053_1" xml:lang="en" xlink:role="http://www.eba.europa.eu/xbrl/role/dpm-db-id">21053</label:label>
    <gen:arc xlink:type="arc" xlink:arcrole="http://xbrl.org/arcrole/2008/element-label" xlink:from="loc_eba_c21053" xlink:to="label_eba_c21053_1" />
    <label:label xlink:type="resource" xlink:label="label_eba_c21054_1" xml:lang="en" xlink:role="http://www.eba.europa.eu/xbrl/role/dpm-db-id">21054</label:label>
    <gen:arc xlink:type="arc" xlink:arcrole="http://xbrl.org/arcrole/2008/element-label" xlink:from="loc_eba_c21054" xlink:to="label_eba_c21054_1" />
    <label:label xlink:type="resource" xlink:label="label_eba_c21055_1" xml:lang="en" xlink:role="http://www.eba.europa.eu/xbrl/role/dpm-db-id">21055</label:label>
    <gen:arc xlink:type="arc" xlink:arcrole="http://xbrl.org/arcrole/2008/element-label" xlink:from="loc_eba_c21055" xlink:to="label_eba_c21055_1" />
    <label:label xlink:type="resource" xlink:label="label_eba_c21056_1" xml:lang="en" xlink:role="http://www.eba.europa.eu/xbrl/role/dpm-db-id">21056</label:label>
    <gen:arc xlink:type="arc" xlink:arcrole="http://xbrl.org/arcrole/2008/element-label" xlink:from="loc_eba_c21056" xlink:to="label_eba_c21056_1" />
    <label:label xlink:type="resource" xlink:label="label_eba_c21057_1" xml:lang="en" xlink:role="http://www.eba.europa.eu/xbrl/role/dpm-db-id">21057</label:label>
    <gen:arc xlink:type="arc" xlink:arcrole="http://xbrl.org/arcrole/2008/element-label" xlink:from="loc_eba_c21057" xlink:to="label_eba_c21057_1" />
    <label:label xlink:type="resource" xlink:label="label_eba_c21058_1" xml:lang="en" xlink:role="http://www.eba.europa.eu/xbrl/role/dpm-db-id">21058</label:label>
    <gen:arc xlink:type="arc" xlink:arcrole="http://xbrl.org/arcrole/2008/element-label" xlink:from="loc_eba_c21058" xlink:to="label_eba_c21058_1" />
    <label:label xlink:type="resource" xlink:label="label_eba_c21059_1" xml:lang="en" xlink:role="http://www.eba.europa.eu/xbrl/role/dpm-db-id">21059</label:label>
    <gen:arc xlink:type="arc" xlink:arcrole="http://xbrl.org/arcrole/2008/element-label" xlink:from="loc_eba_c21059" xlink:to="label_eba_c21059_1" />
    <label:label xlink:type="resource" xlink:label="label_eba_a2_1" xml:lang="en" xlink:role="http://www.eba.europa.eu/xbrl/role/dpm-db-id">21015</label:label>
    <gen:arc xlink:type="arc" xlink:arcrole="http://xbrl.org/arcrole/2008/element-label" xlink:from="loc_eba_a2" xlink:to="label_eba_a2_1" />
  </gen:link>
</link:linkbase>