﻿<?xml version="1.0" encoding="utf-8"?>
<?taxonomy-version 2.0.0?>
<!--(C) EBA-->
<link:linkbase xmlns:xsi="http://www.w3.org/2001/XMLSchema-instance" xmlns:xlink="http://www.w3.org/1999/xlink" xmlns:link="http://www.xbrl.org/2003/linkbase" xmlns:gen="http://xbrl.org/2008/generic" xmlns:label="http://xbrl.org/2008/label" xsi:schemaLocation="http://www.xbrl.org/2003/linkbase http://www.xbrl.org/2003/xbrl-linkbase-2003-12-31.xsd http://xbrl.org/2008/generic http://www.xbrl.org/2008/generic-link.xsd http://xbrl.org/2008/label http://www.xbrl.org/2008/generic-label.xsd">
  <link:arcroleRef arcroleURI="http://xbrl.org/arcrole/2008/element-label" xlink:type="simple" xlink:href="http://www.xbrl.org/2008/generic-label.xsd#element-label" />
  <link:roleRef roleURI="http://www.xbrl.org/2008/role/label" xlink:type="simple" xlink:href="http://www.xbrl.org/2008/generic-label.xsd#standard-label" />
  <link:roleRef roleURI="http://www.xbrl.org/2008/role/verboseLabel" xlink:type="simple" xlink:href="http://www.xbrl.org/2008/generic-label.xsd#verbose-label" />
  <gen:link xlink:type="extended" xlink:role="http://www.xbrl.org/2003/role/link">
    <link:loc xlink:type="locator" xlink:href="c_24.00-rend.xml#eba_tC_24.00" xlink:label="loc_eba_tC_24.00" />
    <label:label xlink:type="resource" xlink:label="label_eba_tC_24.00" xml:lang="en" xlink:role="http://www.xbrl.org/2008/role/label">C 24.00 (MKR IM 1)</label:label>
    <gen:arc xlink:type="arc" xlink:arcrole="http://xbrl.org/arcrole/2008/element-label" xlink:from="loc_eba_tC_24.00" xlink:to="label_eba_tC_24.00" />
    <label:label xlink:type="resource" xlink:label="label_eba_tC_24.00_1" xml:lang="en" xlink:role="http://www.xbrl.org/2008/role/verboseLabel">C 24.00 (MKR IM 1) Market risk: Internal models - Total</label:label>
    <gen:arc xlink:type="arc" xlink:arcrole="http://xbrl.org/arcrole/2008/element-label" xlink:from="loc_eba_tC_24.00" xlink:to="label_eba_tC_24.00_1" />
    <link:loc xlink:type="locator" xlink:href="c_24.00-rend.xml#eba_a1" xlink:label="loc_eba_a1" />
    <label:label xlink:type="resource" xlink:label="label_eba_a1" xml:lang="en" xlink:role="http://www.xbrl.org/2008/role/label">Columns</label:label>
    <gen:arc xlink:type="arc" xlink:arcrole="http://xbrl.org/arcrole/2008/element-label" xlink:from="loc_eba_a1" xlink:to="label_eba_a1" />
    <link:loc xlink:type="locator" xlink:href="c_24.00-rend.xml#eba_c20947" xlink:label="loc_eba_c20947" />
    <label:label xlink:type="resource" xlink:label="label_eba_c20947" xml:lang="en" xlink:role="http://www.xbrl.org/2008/role/label">VaR</label:label>
    <gen:arc xlink:type="arc" xlink:arcrole="http://xbrl.org/arcrole/2008/element-label" xlink:from="loc_eba_c20947" xlink:to="label_eba_c20947" />
    <link:loc xlink:type="locator" xlink:href="c_24.00-rend.xml#eba_c20948" xlink:label="loc_eba_c20948" />
    <label:label xlink:type="resource" xlink:label="label_eba_c20948" xml:lang="en" xlink:role="http://www.xbrl.org/2008/role/label">Multiplication factor (mc) x average of previous 60 working days (VaRavg)</label:label>
    <gen:arc xlink:type="arc" xlink:arcrole="http://xbrl.org/arcrole/2008/element-label" xlink:from="loc_eba_c20948" xlink:to="label_eba_c20948" />
    <link:loc xlink:type="locator" xlink:href="c_24.00-rend.xml#eba_c20949" xlink:label="loc_eba_c20949" />
    <label:label xlink:type="resource" xlink:label="label_eba_c20949" xml:lang="en" xlink:role="http://www.xbrl.org/2008/role/label">Previous day (VaRt-1)</label:label>
    <gen:arc xlink:type="arc" xlink:arcrole="http://xbrl.org/arcrole/2008/element-label" xlink:from="loc_eba_c20949" xlink:to="label_eba_c20949" />
    <link:loc xlink:type="locator" xlink:href="c_24.00-rend.xml#eba_c20950" xlink:label="loc_eba_c20950" />
    <label:label xlink:type="resource" xlink:label="label_eba_c20950" xml:lang="en" xlink:role="http://www.xbrl.org/2008/role/label">Stressed VaR</label:label>
    <gen:arc xlink:type="arc" xlink:arcrole="http://xbrl.org/arcrole/2008/element-label" xlink:from="loc_eba_c20950" xlink:to="label_eba_c20950" />
    <link:loc xlink:type="locator" xlink:href="c_24.00-rend.xml#eba_c20951" xlink:label="loc_eba_c20951" />
    <label:label xlink:type="resource" xlink:label="label_eba_c20951" xml:lang="en" xlink:role="http://www.xbrl.org/2008/role/label">Multiplication factor (ms) x average of previous 60 working days (SVaRavg)</label:label>
    <gen:arc xlink:type="arc" xlink:arcrole="http://xbrl.org/arcrole/2008/element-label" xlink:from="loc_eba_c20951" xlink:to="label_eba_c20951" />
    <link:loc xlink:type="locator" xlink:href="c_24.00-rend.xml#eba_c20952" xlink:label="loc_eba_c20952" />
    <label:label xlink:type="resource" xlink:label="label_eba_c20952" xml:lang="en" xlink:role="http://www.xbrl.org/2008/role/label">Latest available (SVaRt-1)</label:label>
    <gen:arc xlink:type="arc" xlink:arcrole="http://xbrl.org/arcrole/2008/element-label" xlink:from="loc_eba_c20952" xlink:to="label_eba_c20952" />
    <link:loc xlink:type="locator" xlink:href="c_24.00-rend.xml#eba_c20953" xlink:label="loc_eba_c20953" />
    <label:label xlink:type="resource" xlink:label="label_eba_c20953" xml:lang="en" xlink:role="http://www.xbrl.org/2008/role/label">Incremental default and migration risk capital charge</label:label>
    <gen:arc xlink:type="arc" xlink:arcrole="http://xbrl.org/arcrole/2008/element-label" xlink:from="loc_eba_c20953" xlink:to="label_eba_c20953" />
    <link:loc xlink:type="locator" xlink:href="c_24.00-rend.xml#eba_c20954" xlink:label="loc_eba_c20954" />
    <label:label xlink:type="resource" xlink:label="label_eba_c20954" xml:lang="en" xlink:role="http://www.xbrl.org/2008/role/label">12 weeks average measure</label:label>
    <gen:arc xlink:type="arc" xlink:arcrole="http://xbrl.org/arcrole/2008/element-label" xlink:from="loc_eba_c20954" xlink:to="label_eba_c20954" />
    <link:loc xlink:type="locator" xlink:href="c_24.00-rend.xml#eba_c20955" xlink:label="loc_eba_c20955" />
    <label:label xlink:type="resource" xlink:label="label_eba_c20955" xml:lang="en" xlink:role="http://www.xbrl.org/2008/role/label">Last measure</label:label>
    <gen:arc xlink:type="arc" xlink:arcrole="http://xbrl.org/arcrole/2008/element-label" xlink:from="loc_eba_c20955" xlink:to="label_eba_c20955" />
    <link:loc xlink:type="locator" xlink:href="c_24.00-rend.xml#eba_c20956" xlink:label="loc_eba_c20956" />
    <label:label xlink:type="resource" xlink:label="label_eba_c20956" xml:lang="en" xlink:role="http://www.xbrl.org/2008/role/label">All price risks capital charge for CTP</label:label>
    <gen:arc xlink:type="arc" xlink:arcrole="http://xbrl.org/arcrole/2008/element-label" xlink:from="loc_eba_c20956" xlink:to="label_eba_c20956" />
    <link:loc xlink:type="locator" xlink:href="c_24.00-rend.xml#eba_c20957" xlink:label="loc_eba_c20957" />
    <label:label xlink:type="resource" xlink:label="label_eba_c20957" xml:lang="en" xlink:role="http://www.xbrl.org/2008/role/label">Floor</label:label>
    <gen:arc xlink:type="arc" xlink:arcrole="http://xbrl.org/arcrole/2008/element-label" xlink:from="loc_eba_c20957" xlink:to="label_eba_c20957" />
    <link:loc xlink:type="locator" xlink:href="c_24.00-rend.xml#eba_c20958" xlink:label="loc_eba_c20958" />
    <label:label xlink:type="resource" xlink:label="label_eba_c20958" xml:lang="en" xlink:role="http://www.xbrl.org/2008/role/label">12 weeks average measure</label:label>
    <gen:arc xlink:type="arc" xlink:arcrole="http://xbrl.org/arcrole/2008/element-label" xlink:from="loc_eba_c20958" xlink:to="label_eba_c20958" />
    <link:loc xlink:type="locator" xlink:href="c_24.00-rend.xml#eba_c20959" xlink:label="loc_eba_c20959" />
    <label:label xlink:type="resource" xlink:label="label_eba_c20959" xml:lang="en" xlink:role="http://www.xbrl.org/2008/role/label">Last measure</label:label>
    <gen:arc xlink:type="arc" xlink:arcrole="http://xbrl.org/arcrole/2008/element-label" xlink:from="loc_eba_c20959" xlink:to="label_eba_c20959" />
    <link:loc xlink:type="locator" xlink:href="c_24.00-rend.xml#eba_c20960" xlink:label="loc_eba_c20960" />
    <label:label xlink:type="resource" xlink:label="label_eba_c20960" xml:lang="en" xlink:role="http://www.xbrl.org/2008/role/label">Own funds requirements</label:label>
    <gen:arc xlink:type="arc" xlink:arcrole="http://xbrl.org/arcrole/2008/element-label" xlink:from="loc_eba_c20960" xlink:to="label_eba_c20960" />
    <link:loc xlink:type="locator" xlink:href="c_24.00-rend.xml#eba_c20961" xlink:label="loc_eba_c20961" />
    <label:label xlink:type="resource" xlink:label="label_eba_c20961" xml:lang="en" xlink:role="http://www.xbrl.org/2008/role/label">Total risk exposure amount</label:label>
    <gen:arc xlink:type="arc" xlink:arcrole="http://xbrl.org/arcrole/2008/element-label" xlink:from="loc_eba_c20961" xlink:to="label_eba_c20961" />
    <link:loc xlink:type="locator" xlink:href="c_24.00-rend.xml#eba_c20962" xlink:label="loc_eba_c20962" />
    <label:label xlink:type="resource" xlink:label="label_eba_c20962" xml:lang="en" xlink:role="http://www.xbrl.org/2008/role/label">Number of overshootings</label:label>
    <gen:arc xlink:type="arc" xlink:arcrole="http://xbrl.org/arcrole/2008/element-label" xlink:from="loc_eba_c20962" xlink:to="label_eba_c20962" />
    <link:loc xlink:type="locator" xlink:href="c_24.00-rend.xml#eba_c20963" xlink:label="loc_eba_c20963" />
    <label:label xlink:type="resource" xlink:label="label_eba_c20963" xml:lang="en" xlink:role="http://www.xbrl.org/2008/role/label">VaR Multiplication Factor (mc)</label:label>
    <gen:arc xlink:type="arc" xlink:arcrole="http://xbrl.org/arcrole/2008/element-label" xlink:from="loc_eba_c20963" xlink:to="label_eba_c20963" />
    <link:loc xlink:type="locator" xlink:href="c_24.00-rend.xml#eba_c20964" xlink:label="loc_eba_c20964" />
    <label:label xlink:type="resource" xlink:label="label_eba_c20964" xml:lang="en" xlink:role="http://www.xbrl.org/2008/role/label">SVaR Multiplication Factor (ms)</label:label>
    <gen:arc xlink:type="arc" xlink:arcrole="http://xbrl.org/arcrole/2008/element-label" xlink:from="loc_eba_c20964" xlink:to="label_eba_c20964" />
    <link:loc xlink:type="locator" xlink:href="c_24.00-rend.xml#eba_c20965" xlink:label="loc_eba_c20965" />
    <label:label xlink:type="resource" xlink:label="label_eba_c20965" xml:lang="en" xlink:role="http://www.xbrl.org/2008/role/label">Assumed charge for CTP floor - weighted net long positions after cap</label:label>
    <gen:arc xlink:type="arc" xlink:arcrole="http://xbrl.org/arcrole/2008/element-label" xlink:from="loc_eba_c20965" xlink:to="label_eba_c20965" />
    <link:loc xlink:type="locator" xlink:href="c_24.00-rend.xml#eba_c20966" xlink:label="loc_eba_c20966" />
    <label:label xlink:type="resource" xlink:label="label_eba_c20966" xml:lang="en" xlink:role="http://www.xbrl.org/2008/role/label">Assumed charge for CTP floor - weighted net short positions after cap</label:label>
    <gen:arc xlink:type="arc" xlink:arcrole="http://xbrl.org/arcrole/2008/element-label" xlink:from="loc_eba_c20966" xlink:to="label_eba_c20966" />
    <link:loc xlink:type="locator" xlink:href="c_24.00-rend.xml#eba_a2" xlink:label="loc_eba_a2" />
    <label:label xlink:type="resource" xlink:label="label_eba_a2" xml:lang="en" xlink:role="http://www.xbrl.org/2008/role/label">Rows</label:label>
    <gen:arc xlink:type="arc" xlink:arcrole="http://xbrl.org/arcrole/2008/element-label" xlink:from="loc_eba_a2" xlink:to="label_eba_a2" />
    <link:loc xlink:type="locator" xlink:href="c_24.00-rend.xml#eba_c20967" xlink:label="loc_eba_c20967" />
    <label:label xlink:type="resource" xlink:label="label_eba_c20967" xml:lang="en" xlink:role="http://www.xbrl.org/2008/role/label">TOTAL POSITIONS</label:label>
    <gen:arc xlink:type="arc" xlink:arcrole="http://xbrl.org/arcrole/2008/element-label" xlink:from="loc_eba_c20967" xlink:to="label_eba_c20967" />
    <link:loc xlink:type="locator" xlink:href="c_24.00-rend.xml#eba_c20968" xlink:label="loc_eba_c20968" />
    <label:label xlink:type="resource" xlink:label="label_eba_c20968" xml:lang="en" xlink:role="http://www.xbrl.org/2008/role/label">Memorandum items: BREAKDOWN OF MARKET RISK</label:label>
    <gen:arc xlink:type="arc" xlink:arcrole="http://xbrl.org/arcrole/2008/element-label" xlink:from="loc_eba_c20968" xlink:to="label_eba_c20968" />
    <link:loc xlink:type="locator" xlink:href="c_24.00-rend.xml#eba_c20969" xlink:label="loc_eba_c20969" />
    <label:label xlink:type="resource" xlink:label="label_eba_c20969" xml:lang="en" xlink:role="http://www.xbrl.org/2008/role/label">Traded debt instruments</label:label>
    <gen:arc xlink:type="arc" xlink:arcrole="http://xbrl.org/arcrole/2008/element-label" xlink:from="loc_eba_c20969" xlink:to="label_eba_c20969" />
    <link:loc xlink:type="locator" xlink:href="c_24.00-rend.xml#eba_c20970" xlink:label="loc_eba_c20970" />
    <label:label xlink:type="resource" xlink:label="label_eba_c20970" xml:lang="en" xlink:role="http://www.xbrl.org/2008/role/label">TDI - General risk</label:label>
    <gen:arc xlink:type="arc" xlink:arcrole="http://xbrl.org/arcrole/2008/element-label" xlink:from="loc_eba_c20970" xlink:to="label_eba_c20970" />
    <link:loc xlink:type="locator" xlink:href="c_24.00-rend.xml#eba_c20971" xlink:label="loc_eba_c20971" />
    <label:label xlink:type="resource" xlink:label="label_eba_c20971" xml:lang="en" xlink:role="http://www.xbrl.org/2008/role/label">TDI - Specific Risk</label:label>
    <gen:arc xlink:type="arc" xlink:arcrole="http://xbrl.org/arcrole/2008/element-label" xlink:from="loc_eba_c20971" xlink:to="label_eba_c20971" />
    <link:loc xlink:type="locator" xlink:href="c_24.00-rend.xml#eba_c20972" xlink:label="loc_eba_c20972" />
    <label:label xlink:type="resource" xlink:label="label_eba_c20972" xml:lang="en" xlink:role="http://www.xbrl.org/2008/role/label">Equities</label:label>
    <gen:arc xlink:type="arc" xlink:arcrole="http://xbrl.org/arcrole/2008/element-label" xlink:from="loc_eba_c20972" xlink:to="label_eba_c20972" />
    <link:loc xlink:type="locator" xlink:href="c_24.00-rend.xml#eba_c20973" xlink:label="loc_eba_c20973" />
    <label:label xlink:type="resource" xlink:label="label_eba_c20973" xml:lang="en" xlink:role="http://www.xbrl.org/2008/role/label">Equities - General risk</label:label>
    <gen:arc xlink:type="arc" xlink:arcrole="http://xbrl.org/arcrole/2008/element-label" xlink:from="loc_eba_c20973" xlink:to="label_eba_c20973" />
    <link:loc xlink:type="locator" xlink:href="c_24.00-rend.xml#eba_c20974" xlink:label="loc_eba_c20974" />
    <label:label xlink:type="resource" xlink:label="label_eba_c20974" xml:lang="en" xlink:role="http://www.xbrl.org/2008/role/label">Equities - Specific Risk</label:label>
    <gen:arc xlink:type="arc" xlink:arcrole="http://xbrl.org/arcrole/2008/element-label" xlink:from="loc_eba_c20974" xlink:to="label_eba_c20974" />
    <link:loc xlink:type="locator" xlink:href="c_24.00-rend.xml#eba_c20975" xlink:label="loc_eba_c20975" />
    <label:label xlink:type="resource" xlink:label="label_eba_c20975" xml:lang="en" xlink:role="http://www.xbrl.org/2008/role/label">Foreign Exchange risk</label:label>
    <gen:arc xlink:type="arc" xlink:arcrole="http://xbrl.org/arcrole/2008/element-label" xlink:from="loc_eba_c20975" xlink:to="label_eba_c20975" />
    <link:loc xlink:type="locator" xlink:href="c_24.00-rend.xml#eba_c20976" xlink:label="loc_eba_c20976" />
    <label:label xlink:type="resource" xlink:label="label_eba_c20976" xml:lang="en" xlink:role="http://www.xbrl.org/2008/role/label">Commodities risk</label:label>
    <gen:arc xlink:type="arc" xlink:arcrole="http://xbrl.org/arcrole/2008/element-label" xlink:from="loc_eba_c20976" xlink:to="label_eba_c20976" />
    <link:loc xlink:type="locator" xlink:href="c_24.00-rend.xml#eba_c20977" xlink:label="loc_eba_c20977" />
    <label:label xlink:type="resource" xlink:label="label_eba_c20977" xml:lang="en" xlink:role="http://www.xbrl.org/2008/role/label">Total amount for general risk</label:label>
    <gen:arc xlink:type="arc" xlink:arcrole="http://xbrl.org/arcrole/2008/element-label" xlink:from="loc_eba_c20977" xlink:to="label_eba_c20977" />
    <link:loc xlink:type="locator" xlink:href="c_24.00-rend.xml#eba_c20978" xlink:label="loc_eba_c20978" />
    <label:label xlink:type="resource" xlink:label="label_eba_c20978" xml:lang="en" xlink:role="http://www.xbrl.org/2008/role/label">Total amount for specific risk</label:label>
    <gen:arc xlink:type="arc" xlink:arcrole="http://xbrl.org/arcrole/2008/element-label" xlink:from="loc_eba_c20978" xlink:to="label_eba_c20978" />
  </gen:link>
</link:linkbase>